path,locale,page_family,status_code,index_noindex,canonical,title,meta_description,h1,word_count,internal_inlinks,app_store_cta_present,answer_block_present,safety_block_present,screenshots_present,json_ld_present,hreflang_cluster_status,sitemap_included,recommendation
/free-lifetime/,root,home,200,index,https://www.glpzy.app/free-lifetime/,GLPzy Premium offer | GLPzy,See the current GLPzy Lifetime Premium offer status and download the private GLP-1 tracker for iPhone. No account required.,Lifetime Premium is free until 31 August 2026,460,0,yes,no,no,1,no,none,yes,index
/glp1-side-effect-symptom-tracker.html,root,commercial,200,index,https://www.glpzy.app/glp1-side-effect-symptom-tracker.html,GLP-1 side effect and symptom tracker app | GLPzy,"Track GLP-1 symptoms, side-effect notes, doses, weight, appetite, nutrition and progress photos privately on iPhone with GLPzy.",GLP-1 side effect and symptom tracker,684,19,yes,yes,yes,3,yes,none,yes,index
/weight-loss-injection-tracker.html,root,commercial,200,index,https://www.glpzy.app/weight-loss-injection-tracker.html,Weight loss injection tracker app for iPhone | GLPzy,"Track weight loss injection dates, dose notes, injection sites, reminders, weight, symptoms and progress photos privately on iPhone.","Track weight loss injections, weight and photos on iPhone",284,11,yes,no,yes,1,yes,none,yes,index
/glp1-progress-photo-tracker.html,root,commercial,200,index,https://www.glpzy.app/glp1-progress-photo-tracker.html,GLP-1 progress photo tracker app | GLPzy,"Track GLP-1 progress photos, weight, doses, symptoms and milestones privately on iPhone with GLPzy photo comparison tools.",GLP-1 progress photo tracker,647,19,yes,yes,yes,3,yes,none,yes,index
/glp1-weight-tracker.html,root,commercial,200,index,https://www.glpzy.app/glp1-weight-tracker.html,GLP-1 weight tracker app for iPhone | GLPzy,"Track GLP-1 weight history, dose records, symptoms, photos and optional read-only Apple Health context privately on iPhone.",GLP-1 weight tracker app for iPhone,678,23,yes,yes,yes,3,yes,none,yes,index
/glp1-dose-reminder-app.html,root,commercial,200,index,https://www.glpzy.app/glp1-dose-reminder-app.html,GLP-1 dose reminder app for iPhone | GLPzy,"Track GLP-1 dose dates, next dose reminders, last dose history, injection sites, weight, symptoms and notes privately on iPhone.",GLP-1 dose reminder app for iPhone,665,20,yes,yes,yes,3,yes,none,yes,index
/apple-health-weight-loss-injection-tracker.html,root,commercial,200,index,https://www.glpzy.app/apple-health-weight-loss-injection-tracker.html,Apple Health weight loss injection tracker | GLPzy,"Use GLPzy with optional read-only Apple Health context for weight, glucose, body, movement, workouts and nutrition beside injection tracking.",Use Apple Health context beside weight loss injection tracking,296,5,yes,no,yes,1,yes,none,yes,index
/apple-health-glp-tracker.html,root,commercial,200,index,https://www.glpzy.app/apple-health-glp-tracker.html,Apple Health GLP-1 tracker support | GLPzy,"Use GLPzy with optional read-only Apple Health data for weight, height, glucose, body, movement, workouts and nutrition context on iPhone.",Apple Health GLP-1 tracker support,916,31,yes,yes,yes,3,yes,54 alternates,yes,index
/data-rights.html,root,privacy,200,index,https://www.glpzy.app/data-rights.html,"GLPzy data rights, export and deletion choices","Read how GLPzy handles exports, deletion, Apple Health permissions, continuity backups, and user privacy choices on iPhone and iPad.",User Privacy Choices and Data Rights,812,43,no,no,no,0,no,54 alternates,yes,index
/glp1-weight-dose-symptom-tracker.html,root,commercial,200,index,https://www.glpzy.app/glp1-weight-dose-symptom-tracker.html,GLP-1 tracker app for iPhone | GLPzy,"Track GLP-1 doses, reminders, weight, symptoms, appetite, nutrition, photos and optional read-only Apple Health context privately on iPhone.",GLP-1 tracker app for iPhone,1076,29,yes,yes,yes,3,yes,54 alternates,yes,index
/index.html,root,home,200,index,https://www.glpzy.app/,"Private GLP-1 dose, weight and symptom tracker | GLPzy","Track GLP-1 doses, weight, symptoms, photos, reminders, imports, exports and optional read-only Apple Health context privately on iPhone. No account required.","Track GLP-1 doses, weight, symptoms, photos and Apple Health context privately.",2383,78,yes,no,yes,9,yes,54 alternates,yes,index
/local-first-private-glp-tracker.html,root,privacy,200,index,https://www.glpzy.app/local-first-private-glp-tracker.html,Private GLP-1 tracker with no account required | GLPzy,"Use GLPzy as a private local-first GLP-1 tracker with no mandatory in-app account, on-device records, exports, local backups and optional read-only Apple Health.",Private GLP-1 tracker with no account required,933,26,yes,yes,yes,3,yes,54 alternates,yes,index
/methodology.html,root,trust,200,index,https://www.glpzy.app/methodology.html,"GLPzy methodology, BMI references, and chart estimates","Read the GLPzy methodology for BMI, Estimated Exposure Trend, reminders, chart logic, and the assumptions behind personal tracking views.",Methodology and Limitations,1459,80,no,yes,yes,0,yes,54 alternates,yes,index
/mounjaro-tracker-iphone.html,root,medicine,200,index,https://www.glpzy.app/mounjaro-tracker-iphone.html,Mounjaro tracker app for iPhone | GLPzy,"Track Mounjaro doses, reminders, injection sites, weight, symptoms, photos and optional read-only Apple Health context privately on iPhone.",Mounjaro tracker app for iPhone,1056,21,yes,yes,yes,3,yes,54 alternates,yes,index
/overview.html,root,support,200,index,https://www.glpzy.app/overview.html,"GLPzy trust, privacy, safety, and medical references","Read GLPzy trust, privacy, support, medical safety, methodology, legal, and medical-reference pages before downloading the app.","Trust, privacy, and support",431,53,yes,no,yes,0,no,54 alternates,yes,index
/privacy.html,root,privacy,200,index,https://www.glpzy.app/privacy.html,GLPzy privacy policy for the iPhone and iPad app,"Read the GLPzy privacy policy covering local-first records, Apple Health permissions, nutrition context, support handling, exports, and continuity backups.",Privacy Policy,1630,90,no,no,no,0,no,54 alternates,yes,index
/semaglutide-tracker-iphone.html,root,medicine,200,index,https://www.glpzy.app/semaglutide-tracker-iphone.html,Semaglutide tracker app for iPhone | GLPzy,"Track semaglutide dose records, reminders, weight, symptoms, photos and optional read-only Apple Health context privately on iPhone.",Semaglutide tracker app for iPhone,996,20,yes,yes,yes,3,yes,54 alternates,yes,index
/support.html,root,support,200,index,https://www.glpzy.app/support.html,GLPzy support and contact information,"Find GLPzy support, privacy, Apple Health, accessibility, subscription, and continuity help contacts, plus guidance on what support can and cannot do.",Support,960,60,no,no,no,0,no,54 alternates,yes,index
/terms.html,root,support,200,index,https://www.glpzy.app/terms.html,GLPzy legal and trader information,"Read GLPzy legal and trader information, including the Apple standard EULA used for the iOS app and subscription, plus support contact details.",Legal and Trader Information,536,25,yes,no,yes,0,no,54 alternates,yes,index
/tirzepatide-tracker-iphone.html,root,medicine,200,index,https://www.glpzy.app/tirzepatide-tracker-iphone.html,Tirzepatide tracker app for iPhone | GLPzy,"Track tirzepatide dose records, reminders, weight, symptoms, photos and optional read-only Apple Health context privately on iPhone.",Tirzepatide tracker app for iPhone,984,20,yes,yes,yes,3,yes,54 alternates,yes,index
/wegovy-tracker-iphone.html,root,medicine,200,index,https://www.glpzy.app/wegovy-tracker-iphone.html,Wegovy tracker app for iPhone | GLPzy,"Track Wegovy doses, reminders, weight, symptoms, photos and optional read-only Apple Health context privately on iPhone.",Wegovy tracker app for iPhone,1039,23,yes,yes,yes,3,yes,54 alternates,yes,index
/zepbound-tracker-iphone.html,root,medicine,200,index,https://www.glpzy.app/zepbound-tracker-iphone.html,Zepbound tracker app for iPhone | GLPzy,"Track Zepbound doses, reminders, injection sites, weight, symptoms, photos and optional read-only Apple Health context privately on iPhone.",Zepbound tracker app for iPhone,1032,22,yes,yes,yes,3,yes,54 alternates,yes,index
/en/apple-health-glp-tracker.html,en,commercial,200,index,https://www.glpzy.app/en/apple-health-glp-tracker.html,Apple Health support for GLP-1 tracking | GLPzy,"Use GLPzy with Apple Health on iPhone and iPad for free read-only weight history, height, calories, protein, water, and broader recent context.",Optional Apple Health support for GLP-1 tracking,524,69,yes,no,yes,1,yes,54 alternates,yes,index
/en/data-rights.html,en,privacy,200,index,https://www.glpzy.app/en/data-rights.html,"GLPzy data rights, export and deletion choices","Read how GLPzy handles exports, deletion, Apple Health permissions, continuity backups, and user privacy choices on iPhone and iPad.",User Privacy Choices and Data Rights,812,89,no,no,no,0,no,54 alternates,yes,index
/en/glp1-weight-dose-symptom-tracker.html,en,commercial,200,index,https://www.glpzy.app/en/glp1-weight-dose-symptom-tracker.html,GLP-1 tracker for iPhone and iPad | GLPzy,"Track GLP-1 doses, weight, symptoms, photos, reminders, Apple Health context, and local-first review on iPhone and iPad with GLPzy.","A GLP-1 tracker built for the full routine, not just one log type",530,62,yes,no,yes,1,yes,54 alternates,yes,index
/en/,en,home,200,index,https://www.glpzy.app/en/index.html,Private GLP-1 tracker for iPhone and iPad | GLPzy,"Track GLP-1 doses, weight, symptoms, reminders, photos, and Apple Health context on iPhone and iPad with GLPzy. Private, local-first, with free core tracking.",Private GLP-1 tracking that stays clear,2016,118,yes,no,yes,9,yes,54 alternates,yes,index
/en/local-first-private-glp-tracker.html,en,privacy,200,index,https://www.glpzy.app/en/local-first-private-glp-tracker.html,Private local-first GLP-1 tracker | GLPzy,"Use GLPzy as a private local-first GLP-1 tracker on iPhone and iPad with no mandatory in-app account, on-device records, exports, and backup options.","A private, local-first GLP-1 tracker",524,67,yes,no,yes,1,yes,54 alternates,yes,index
/en/methodology.html,en,trust,200,index,https://www.glpzy.app/en/methodology.html,"GLPzy methodology, BMI references, and chart estimates","Read the GLPzy methodology for BMI, Estimated Exposure Trend, reminders, chart logic, and the assumptions behind personal tracking views.",Methodology and Limitations,1326,103,no,no,yes,0,no,54 alternates,yes,index
/en/mounjaro-tracker-iphone.html,en,medicine,200,index,https://www.glpzy.app/en/mounjaro-tracker-iphone.html,Mounjaro tracker for iPhone and iPad | GLPzy,"Track Mounjaro on iPhone and iPad with dose logs, reminders, weight review, photos, and local-first history in GLPzy.","Track Mounjaro with reminders, review history, and progress photos",537,56,yes,no,yes,1,yes,54 alternates,yes,index
/en/overview.html,en,support,200,index,https://www.glpzy.app/en/overview.html,"GLPzy trust, privacy, safety, and medical references","Read GLPzy trust, privacy, support, medical safety, methodology, legal, and medical-reference pages before downloading the app.","Trust, privacy, and support",431,99,yes,no,yes,0,no,54 alternates,yes,index
/en/privacy.html,en,privacy,200,index,https://www.glpzy.app/en/privacy.html,GLPzy privacy policy for the iPhone and iPad app,"Read the GLPzy privacy policy covering local-first records, Apple Health permissions, nutrition context, support handling, exports, and continuity backups.",Privacy Policy,1583,107,no,no,no,0,no,54 alternates,yes,index
/en/semaglutide-tracker-iphone.html,en,medicine,200,index,https://www.glpzy.app/en/semaglutide-tracker-iphone.html,Semaglutide tracker for iPhone and iPad | GLPzy,"Track semaglutide routines on iPhone and iPad with dose logs, weight review, reminders, Apple Health context, and local-first history in GLPzy.","Semaglutide tracking with one place for tablets, pens, and review history",530,59,yes,no,yes,1,yes,54 alternates,yes,index
/en/support.html,en,support,200,index,https://www.glpzy.app/en/support.html,GLPzy support and contact information,"Find GLPzy support, privacy, Apple Health, accessibility, subscription, and continuity help contacts, plus guidance on what support can and cannot do.",Support,960,105,no,no,no,0,no,54 alternates,yes,index
/en/terms.html,en,support,200,index,https://www.glpzy.app/en/terms.html,GLPzy legal and trader information,"Read GLPzy legal and trader information, including the Apple standard EULA used for the iOS app and subscription, plus support contact details.",Legal and Trader Information,536,71,yes,no,yes,0,no,54 alternates,yes,index
/en/tirzepatide-tracker-iphone.html,en,medicine,200,index,https://www.glpzy.app/en/tirzepatide-tracker-iphone.html,Tirzepatide tracker for iPhone and iPad | GLPzy,"Track tirzepatide routines on iPhone and iPad with reminders, review history, progress photos, and local-first history in GLPzy.","Track tirzepatide with one place for reminders, history, and review",510,58,yes,no,yes,1,yes,54 alternates,yes,index
/en/wegovy-tracker-iphone.html,en,medicine,200,index,https://www.glpzy.app/en/wegovy-tracker-iphone.html,Wegovy tracker for iPhone and iPad | GLPzy,"Track Wegovy on iPhone and iPad with dose logs, weight review, reminders, progress photos, and Apple Health context in GLPzy.","Track Wegovy with progress photos, reminders, and review history",549,58,yes,no,yes,1,yes,54 alternates,yes,index
/en/zepbound-tracker-iphone.html,en,medicine,200,index,https://www.glpzy.app/en/zepbound-tracker-iphone.html,Zepbound tracker for iPhone and iPad | GLPzy,"Track Zepbound on iPhone and iPad with dose logs, reminders, weight review, progress photos, and Apple Health context in GLPzy.","Track Zepbound with weekly logging, photos, and review history",537,56,yes,no,yes,1,yes,54 alternates,yes,index
/ar/apple-health-glp-tracker.html,ar,commercial,200,index,https://www.glpzy.app/ar/apple-health-glp-tracker.html,سياق القراءة فقط من Apple Health | GLPzy,الوصول إلى Apple Health اختياري ويقتصر على الأذونات التي تمنحها. GLPzy يستورد تاريخ وزن الجسم وطوله، ثم يقرأ ملخصات تكوين الجسم والنوم والحركة والتمرين والسعرات الحرارية والبروتين والماء في وضع القراءة فقط. لا شيء مكتوب مرة أخرى.,سياق القراءة فقط من Apple Health,514,54,yes,no,no,1,no,54 alternates,yes,index
/ar/compounded-glp-tracker-iphone.html,ar,commercial,200,index,https://www.glpzy.app/ar/compounded-glp-tracker-iphone.html,مركب — تسجيل سريع دون فوضى | GLPzy,مركب: تتبّع هذا الروتين مع سجل الجرعات والوزن والأعراض والشهية والصور والتذكيرات والتصديرات في تطبيق خاص واحد.,مركب,465,56,yes,no,no,1,no,51 alternates,yes,index
/ar/custom-medication-tracker-iphone.html,ar,commercial,200,index,https://www.glpzy.app/ar/custom-medication-tracker-iphone.html,مخصص — تسجيل سريع دون فوضى | GLPzy,مخصص: تتبّع هذا الروتين مع سجل الجرعات والوزن والأعراض والشهية والصور والتذكيرات والتصديرات في تطبيق خاص واحد.,مخصص,474,58,yes,no,no,1,no,51 alternates,yes,index
/ar/data-rights.html,ar,privacy,200,index,https://www.glpzy.app/ar/data-rights.html,تاريخ التصدير | GLPzy,سيقوم GLPzy أولاً بإنشاء نسخة احتياطية محلية للسلامة، ثم استبدال السجلات المحلية على هذا الجهاز.,تاريخ التصدير,392,77,yes,no,no,1,no,54 alternates,yes,index
/ar/foundayo-tracker-iphone.html,ar,commercial,200,index,https://www.glpzy.app/ar/foundayo-tracker-iphone.html,Foundayo — تسجيل سريع دون فوضى | GLPzy,Foundayo: تتبّع هذا الروتين مع سجل الجرعات والوزن والأعراض والشهية والصور والتذكيرات والتصديرات في تطبيق خاص واحد.,Foundayo,455,55,yes,no,no,1,no,51 alternates,yes,index
/ar/glp1-weight-dose-symptom-tracker.html,ar,commercial,200,index,https://www.glpzy.app/ar/glp1-weight-dose-symptom-tracker.html,روتين GLP-1 الخاص بك، منظّم بلا ازدحام | GLPzy,سجّل الجرعات والوزن والأعراض والشهية والصور والتذكيرات وسياق Apple Health في تطبيق خاص واحد للمراجعة الشخصية.,روتين GLP-1 الخاص بك، منظّم بلا ازدحام.,544,54,yes,no,no,1,no,54 alternates,yes,index
/ar/,ar,home,200,index,https://www.glpzy.app/ar/index.html,روتين GLP-1 الخاص بك، منظّم بلا ازدحام | GLPzy,سجّل الجرعات والوزن والأعراض والشهية والصور والتذكيرات وسياق Apple Health في تطبيق خاص واحد للمراجعة الشخصية.,روتين GLP-1 الخاص بك، منظّم بلا ازدحام.,788,137,yes,no,no,1,yes,54 alternates,yes,index
/ar/local-first-private-glp-tracker.html,ar,privacy,200,index,https://www.glpzy.app/ar/local-first-private-glp-tracker.html,خاص افتراضيًا. قابل للتصدير عندما تختار | GLPzy,لا يلزم وجود حساب لتتبع الجرعات أو الوزن أو الأعراض أو التذكيرات أو التذكيرات.,خاص افتراضيًا. قابل للتصدير عندما تختار.,469,54,yes,no,no,1,no,54 alternates,yes,index
/ar/medical-safety.html,ar,trust,200,index,https://www.glpzy.app/ar/medical-safety.html,السلامة الطبية | GLPzy,يساعدك GLPzy على الاحتفاظ بسجل أوضح لما حدث. لا يقوم بتشخيص أو وصف أو اختيار جرعتك.,السلامة الطبية,659,78,yes,no,no,1,no,51 alternates,yes,index
/ar/methodology.html,ar,trust,200,index,https://www.glpzy.app/ar/methodology.html,المنهجية | GLPzy,يستخدم اتجاه التعرض المقدر توقيت الجرعة المسجلة بالإضافة إلى نموذج مبسط للامتصاص والتخلص من أجل التتبع الشخصي فقط.,المنهجية,686,77,yes,no,no,1,no,54 alternates,yes,index
/ar/mounjaro-tracker-iphone.html,ar,medicine,200,index,https://www.glpzy.app/ar/mounjaro-tracker-iphone.html,Mounjaro — تسجيل سريع دون فوضى | GLPzy,Mounjaro: تتبّع هذا الروتين مع سجل الجرعات والوزن والأعراض والشهية والصور والتذكيرات والتصديرات في تطبيق خاص واحد.,Mounjaro,467,57,yes,no,no,1,no,54 alternates,yes,index
/ar/overview.html,ar,support,200,index,https://www.glpzy.app/ar/overview.html,GLPzy — سياسة الخصوصية · السلامة الطبية · الدعم,قم بمراجعة نطاق الدعم وجهات اتصال الخصوصية والإرشادات غير الطارئة.,GLPzy,406,54,yes,no,no,1,no,54 alternates,yes,index
/ar/ozempic-tracker-iphone.html,ar,commercial,200,index,https://www.glpzy.app/ar/ozempic-tracker-iphone.html,Ozempic — تسجيل سريع دون فوضى | GLPzy,Ozempic: تتبّع هذا الروتين مع سجل الجرعات والوزن والأعراض والشهية والصور والتذكيرات والتصديرات في تطبيق خاص واحد.,Ozempic,463,58,yes,no,no,1,no,51 alternates,yes,index
/ar/privacy.html,ar,privacy,200,index,https://www.glpzy.app/ar/privacy.html,خاص افتراضيًا. قابل للتصدير عندما تختار | GLPzy,لا يلزم وجود حساب لتتبع الجرعات أو الوزن أو الأعراض أو التذكيرات أو التذكيرات.,خاص افتراضيًا. قابل للتصدير عندما تختار.,469,113,yes,no,no,1,no,54 alternates,yes,index
/ar/rybelsus-tracker-iphone.html,ar,commercial,200,index,https://www.glpzy.app/ar/rybelsus-tracker-iphone.html,Rybelsus — تسجيل سريع دون فوضى | GLPzy,Rybelsus: تتبّع هذا الروتين مع سجل الجرعات والوزن والأعراض والشهية والصور والتذكيرات والتصديرات في تطبيق خاص واحد.,Rybelsus,457,58,yes,no,no,1,no,51 alternates,yes,index
/ar/saxenda-tracker-iphone.html,ar,commercial,200,index,https://www.glpzy.app/ar/saxenda-tracker-iphone.html,Saxenda — تسجيل سريع دون فوضى | GLPzy,Saxenda: تتبّع هذا الروتين مع سجل الجرعات والوزن والأعراض والشهية والصور والتذكيرات والتصديرات في تطبيق خاص واحد.,Saxenda,456,56,yes,no,no,1,no,51 alternates,yes,index
/ar/semaglutide-tracker-iphone.html,ar,medicine,200,index,https://www.glpzy.app/ar/semaglutide-tracker-iphone.html,Semaglutide — تسجيل سريع دون فوضى | GLPzy,Semaglutide: تتبّع هذا الروتين مع سجل الجرعات والوزن والأعراض والشهية والصور والتذكيرات والتصديرات في تطبيق خاص واحد.,Semaglutide,467,60,yes,no,no,1,no,54 alternates,yes,index
/ar/support.html,ar,support,200,index,https://www.glpzy.app/ar/support.html,الدعم | GLPzy,قم بمراجعة نطاق الدعم وجهات اتصال الخصوصية والإرشادات غير الطارئة.,الدعم,436,100,yes,no,no,1,no,54 alternates,yes,index
/ar/terms.html,ar,support,200,index,https://www.glpzy.app/ar/terms.html,شروط الاستخدام | GLPzy,يتم عرض الأسعار وفترة الفوترة وأي تفاصيل عرض تمهيدي من حساب App Store الخاص بك قبل الشراء. قم بالإدارة أو الإلغاء في إعدادات App Store.,شروط الاستخدام,489,77,yes,no,no,1,no,54 alternates,yes,index
/ar/tirzepatide-tracker-iphone.html,ar,medicine,200,index,https://www.glpzy.app/ar/tirzepatide-tracker-iphone.html,Tirzepatide — تسجيل سريع دون فوضى | GLPzy,Tirzepatide: تتبّع هذا الروتين مع سجل الجرعات والوزن والأعراض والشهية والصور والتذكيرات والتصديرات في تطبيق خاص واحد.,Tirzepatide,472,59,yes,no,no,1,no,54 alternates,yes,index
/ar/trulicity-tracker-iphone.html,ar,commercial,200,index,https://www.glpzy.app/ar/trulicity-tracker-iphone.html,Trulicity — تسجيل سريع دون فوضى | GLPzy,Trulicity: تتبّع هذا الروتين مع سجل الجرعات والوزن والأعراض والشهية والصور والتذكيرات والتصديرات في تطبيق خاص واحد.,Trulicity,456,55,yes,no,no,1,no,51 alternates,yes,index
/ar/victoza-tracker-iphone.html,ar,commercial,200,index,https://www.glpzy.app/ar/victoza-tracker-iphone.html,Victoza — تسجيل سريع دون فوضى | GLPzy,Victoza: تتبّع هذا الروتين مع سجل الجرعات والوزن والأعراض والشهية والصور والتذكيرات والتصديرات في تطبيق خاص واحد.,Victoza,456,56,yes,no,no,1,no,51 alternates,yes,index
/ar/wegovy-tracker-iphone.html,ar,medicine,200,index,https://www.glpzy.app/ar/wegovy-tracker-iphone.html,Wegovy — تسجيل سريع دون فوضى | GLPzy,Wegovy: تتبّع هذا الروتين مع سجل الجرعات والوزن والأعراض والشهية والصور والتذكيرات والتصديرات في تطبيق خاص واحد.,Wegovy,467,58,yes,no,no,1,no,54 alternates,yes,index
/ar/zepbound-tracker-iphone.html,ar,medicine,200,index,https://www.glpzy.app/ar/zepbound-tracker-iphone.html,Zepbound — تسجيل سريع دون فوضى | GLPzy,Zepbound: تتبّع هذا الروتين مع سجل الجرعات والوزن والأعراض والشهية والصور والتذكيرات والتصديرات في تطبيق خاص واحد.,Zepbound,478,57,yes,no,no,1,no,54 alternates,yes,index
/bg/apple-health-glp-tracker.html,bg,commercial,200,index,https://www.glpzy.app/bg/apple-health-glp-tracker.html,Контекст само за четене от Apple Health | GLPzy,"Достъпът до Apple Health не е задължителен и е ограничен до предоставените от вас разрешения. GLPzy импортира хронология на телесното тегло и височина, след което чете обобщения за състава на тялото, съня, движението, тренировката, калориите, протеина и водата в режим само за четене. Нищо не е написано обратно.",Контекст само за четене от Apple Health,548,54,yes,no,no,1,no,54 alternates,yes,index
/bg/compounded-glp-tracker-iphone.html,bg,commercial,200,index,https://www.glpzy.app/bg/compounded-glp-tracker-iphone.html,Съставен — Бързо регистриране без бъркотия | GLPzy,"Съставен: Проследявайте тази рутина с история на дозите, тегло, симптоми, апетит, снимки, напомняния и експорти в едно лично приложение.",Съставен,496,56,yes,no,no,1,no,51 alternates,yes,index
/bg/custom-medication-tracker-iphone.html,bg,commercial,200,index,https://www.glpzy.app/bg/custom-medication-tracker-iphone.html,По поръчка — Бързо регистриране без бъркотия | GLPzy,"По поръчка: Проследявайте тази рутина с история на дозите, тегло, симптоми, апетит, снимки, напомняния и експорти в едно лично приложение.",По поръчка,511,58,yes,no,no,1,no,51 alternates,yes,index
/bg/data-rights.html,bg,privacy,200,index,https://www.glpzy.app/bg/data-rights.html,История на износа | GLPzy,"GLPzy първо ще създаде локално резервно копие за безопасност, след което ще замени локалните записи на това устройство.",История на износа,433,77,yes,no,no,1,no,54 alternates,yes,index
/bg/foundayo-tracker-iphone.html,bg,commercial,200,index,https://www.glpzy.app/bg/foundayo-tracker-iphone.html,Foundayo — Бързо регистриране без бъркотия | GLPzy,"Foundayo: Проследявайте тази рутина с история на дозите, тегло, симптоми, апетит, снимки, напомняния и експорти в едно лично приложение.",Foundayo,485,55,yes,no,no,1,no,51 alternates,yes,index
/bg/glp1-weight-dose-symptom-tracker.html,bg,commercial,200,index,https://www.glpzy.app/bg/glp1-weight-dose-symptom-tracker.html,"Вашата GLP-1 рутина, организирана без претрупване | GLPzy","Записвайте дози, тегло, симптоми, апетит, снимки, напомняния и контекст от Apple Health в едно лично приложение за личен преглед.","Вашата GLP-1 рутина, организирана без претрупване.",584,54,yes,no,no,1,no,54 alternates,yes,index
/bg/,bg,home,200,index,https://www.glpzy.app/bg/index.html,"Вашата GLP-1 рутина, организирана без претрупване | GLPzy","Записвайте дози, тегло, симптоми, апетит, снимки, напомняния и контекст от Apple Health в едно лично приложение за личен преглед.","Вашата GLP-1 рутина, организирана без претрупване.",852,137,yes,no,no,1,yes,54 alternates,yes,index
/bg/local-first-private-glp-tracker.html,bg,privacy,200,index,https://www.glpzy.app/bg/local-first-private-glp-tracker.html,"Лично по подразбиране. Експортируемо, когато решите | GLPzy","Не е необходим акаунт за проследяване на дози, тегло, симптоми, напомняния или поръчки.","Лично по подразбиране. Експортируемо, когато решите.",501,54,yes,no,no,1,no,54 alternates,yes,index
/bg/medical-safety.html,bg,trust,200,index,https://www.glpzy.app/bg/medical-safety.html,Медицинска безопасност | GLPzy,"GLPzy ви помага да поддържате по-ясен запис на случилото се. Той не диагностицира, предписва или избира вашата доза.",Медицинска безопасност,741,78,yes,no,no,1,no,51 alternates,yes,index
/bg/methodology.html,bg,trust,200,index,https://www.glpzy.app/bg/methodology.html,Методика | GLPzy,Прогнозната тенденция на експозиция използва регистрирано време на дозиране плюс опростен модел на абсорбция и елиминиране само за лично проследяване.,Методика,773,77,yes,no,no,1,no,54 alternates,yes,index
/bg/mounjaro-tracker-iphone.html,bg,medicine,200,index,https://www.glpzy.app/bg/mounjaro-tracker-iphone.html,Mounjaro — Бързо регистриране без бъркотия | GLPzy,"Mounjaro: Проследявайте тази рутина с история на дозите, тегло, симптоми, апетит, снимки, напомняния и експорти в едно лично приложение.",Mounjaro,494,57,yes,no,no,1,no,54 alternates,yes,index
/bg/overview.html,bg,support,200,index,https://www.glpzy.app/bg/overview.html,GLPzy — Политика за поверителност · Медицинска безопасност · поддръжка,"Прегледайте обхвата на поддръжката, контактите за поверителност и указанията за неспешни случаи.",GLPzy,444,54,yes,no,no,1,no,54 alternates,yes,index
/bg/ozempic-tracker-iphone.html,bg,commercial,200,index,https://www.glpzy.app/bg/ozempic-tracker-iphone.html,Ozempic — Бързо регистриране без бъркотия | GLPzy,"Ozempic: Проследявайте тази рутина с история на дозите, тегло, симптоми, апетит, снимки, напомняния и експорти в едно лично приложение.",Ozempic,491,58,yes,no,no,1,no,51 alternates,yes,index
/bg/privacy.html,bg,privacy,200,index,https://www.glpzy.app/bg/privacy.html,"Лично по подразбиране. Експортируемо, когато решите | GLPzy","Не е необходим акаунт за проследяване на дози, тегло, симптоми, напомняния или поръчки.","Лично по подразбиране. Експортируемо, когато решите.",501,113,yes,no,no,1,no,54 alternates,yes,index
/bg/rybelsus-tracker-iphone.html,bg,commercial,200,index,https://www.glpzy.app/bg/rybelsus-tracker-iphone.html,Rybelsus — Бързо регистриране без бъркотия | GLPzy,"Rybelsus: Проследявайте тази рутина с история на дозите, тегло, симптоми, апетит, снимки, напомняния и експорти в едно лично приложение.",Rybelsus,486,58,yes,no,no,1,no,51 alternates,yes,index
/bg/saxenda-tracker-iphone.html,bg,commercial,200,index,https://www.glpzy.app/bg/saxenda-tracker-iphone.html,Saxenda — Бързо регистриране без бъркотия | GLPzy,"Saxenda: Проследявайте тази рутина с история на дозите, тегло, симптоми, апетит, снимки, напомняния и експорти в едно лично приложение.",Saxenda,485,56,yes,no,no,1,no,51 alternates,yes,index
/bg/semaglutide-tracker-iphone.html,bg,medicine,200,index,https://www.glpzy.app/bg/semaglutide-tracker-iphone.html,Semaglutide — Бързо регистриране без бъркотия | GLPzy,"Semaglutide: Проследявайте тази рутина с история на дозите, тегло, симптоми, апетит, снимки, напомняния и експорти в едно лично приложение.",Semaglutide,494,60,yes,no,no,1,no,54 alternates,yes,index
/bg/support.html,bg,support,200,index,https://www.glpzy.app/bg/support.html,поддръжка | GLPzy,"Прегледайте обхвата на поддръжката, контактите за поверителност и указанията за неспешни случаи.",поддръжка,480,100,yes,no,no,1,no,54 alternates,yes,index
/bg/terms.html,bg,support,200,index,https://www.glpzy.app/bg/terms.html,Условия за ползване | GLPzy,"Ценообразуването, периодът на фактуриране и всички подробности за въвеждащата оферта се показват от вашия акаунт App Store преди покупката. Управлявайте или анулирайте в настройките на App Store.",Условия за ползване,537,77,yes,no,no,1,no,54 alternates,yes,index
/bg/tirzepatide-tracker-iphone.html,bg,medicine,200,index,https://www.glpzy.app/bg/tirzepatide-tracker-iphone.html,Tirzepatide — Бързо регистриране без бъркотия | GLPzy,"Tirzepatide: Проследявайте тази рутина с история на дозите, тегло, симптоми, апетит, снимки, напомняния и експорти в едно лично приложение.",Tirzepatide,498,59,yes,no,no,1,no,54 alternates,yes,index
/bg/trulicity-tracker-iphone.html,bg,commercial,200,index,https://www.glpzy.app/bg/trulicity-tracker-iphone.html,Trulicity — Бързо регистриране без бъркотия | GLPzy,"Trulicity: Проследявайте тази рутина с история на дозите, тегло, симптоми, апетит, снимки, напомняния и експорти в едно лично приложение.",Trulicity,486,55,yes,no,no,1,no,51 alternates,yes,index
/bg/victoza-tracker-iphone.html,bg,commercial,200,index,https://www.glpzy.app/bg/victoza-tracker-iphone.html,Victoza — Бързо регистриране без бъркотия | GLPzy,"Victoza: Проследявайте тази рутина с история на дозите, тегло, симптоми, апетит, снимки, напомняния и експорти в едно лично приложение.",Victoza,485,56,yes,no,no,1,no,51 alternates,yes,index
/bg/wegovy-tracker-iphone.html,bg,medicine,200,index,https://www.glpzy.app/bg/wegovy-tracker-iphone.html,Wegovy — Бързо регистриране без бъркотия | GLPzy,"Wegovy: Проследявайте тази рутина с история на дозите, тегло, симптоми, апетит, снимки, напомняния и експорти в едно лично приложение.",Wegovy,494,58,yes,no,no,1,no,54 alternates,yes,index
/bg/zepbound-tracker-iphone.html,bg,medicine,200,index,https://www.glpzy.app/bg/zepbound-tracker-iphone.html,Zepbound — Бързо регистриране без бъркотия | GLPzy,"Zepbound: Проследявайте тази рутина с история на дозите, тегло, симптоми, апетит, снимки, напомняния и експорти в едно лично приложение.",Zepbound,504,57,yes,no,no,1,no,54 alternates,yes,index
/bn/apple-health-glp-tracker.html,bn,commercial,200,index,https://www.glpzy.app/bn/apple-health-glp-tracker.html,Apple Health থেকে শুধুমাত্র পঠনযোগ্য প্রসঙ্গ | GLPzy,"Apple Health অ্যাক্সেস ঐচ্ছিক এবং আপনার দেওয়া অনুমতিগুলির মধ্যে সীমাবদ্ধ৷ GLPzy শরীরের ওজনের ইতিহাস এবং উচ্চতা আমদানি করে, তারপরে শরীরের গঠন, ঘুম, নড়াচড়া, ওয়ার্কআউট, ক্যালোরি, প্রোটিন, এবং জলের সংক্ষিপ্তসারগুলি শুধুমাত্র-পঠন মোডে পড়ে৷ ফিরে কিছুই লেখা হয় না।",Apple Health থেকে শুধুমাত্র পঠনযোগ্য প্রসঙ্গ,811,54,yes,no,no,1,no,54 alternates,yes,index
/bn/compounded-glp-tracker-iphone.html,bn,commercial,200,index,https://www.glpzy.app/bn/compounded-glp-tracker-iphone.html,যৌগিক — বিশৃঙ্খলা ছাড়াই দ্রুত লগিং। | GLPzy,"যৌগিক: একটি ব্যক্তিগত অ্যাপে ডোজ ইতিহাস, ওজন, উপসর্গ, ক্ষুধা, ছবি, রিমাইন্ডার এবং এক্সপোর্টসহ এই রুটিন ট্র্যাক করুন।",যৌগিক,788,56,yes,no,no,1,no,51 alternates,yes,index
/bn/custom-medication-tracker-iphone.html,bn,commercial,200,index,https://www.glpzy.app/bn/custom-medication-tracker-iphone.html,কাস্টম — বিশৃঙ্খলা ছাড়াই দ্রুত লগিং। | GLPzy,"কাস্টম: একটি ব্যক্তিগত অ্যাপে ডোজ ইতিহাস, ওজন, উপসর্গ, ক্ষুধা, ছবি, রিমাইন্ডার এবং এক্সপোর্টসহ এই রুটিন ট্র্যাক করুন।",কাস্টম,806,58,yes,no,no,1,no,51 alternates,yes,index
/bn/data-rights.html,bn,privacy,200,index,https://www.glpzy.app/bn/data-rights.html,রপ্তানির ইতিহাস | GLPzy,"GLPzy প্রথমে একটি স্থানীয় নিরাপত্তা ব্যাকআপ তৈরি করবে, তারপর এই ডিভাইসে স্থানীয় রেকর্ড প্রতিস্থাপন করবে।",রপ্তানির ইতিহাস,670,77,yes,no,no,1,no,54 alternates,yes,index
/bn/foundayo-tracker-iphone.html,bn,commercial,200,index,https://www.glpzy.app/bn/foundayo-tracker-iphone.html,Foundayo — বিশৃঙ্খলা ছাড়াই দ্রুত লগিং। | GLPzy,"Foundayo: একটি ব্যক্তিগত অ্যাপে ডোজ ইতিহাস, ওজন, উপসর্গ, ক্ষুধা, ছবি, রিমাইন্ডার এবং এক্সপোর্টসহ এই রুটিন ট্র্যাক করুন।",Foundayo,763,55,yes,no,no,1,no,51 alternates,yes,index
/bn/glp1-weight-dose-symptom-tracker.html,bn,commercial,200,index,https://www.glpzy.app/bn/glp1-weight-dose-symptom-tracker.html,"আপনার GLP-1 রুটিন, অগোছালোতা ছাড়া সাজানো। | GLPzy","ব্যক্তিগত পর্যালোচনার জন্য একটি ব্যক্তিগত অ্যাপে ডোজ, ওজন, উপসর্গ, ক্ষুধা, ছবি, রিমাইন্ডার এবং Apple Health প্রসঙ্গ রেকর্ড করুন।","আপনার GLP-1 রুটিন, অগোছালোতা ছাড়া সাজানো।",966,54,yes,no,no,1,no,54 alternates,yes,index
/bn/,bn,home,200,index,https://www.glpzy.app/bn/index.html,"আপনার GLP-1 রুটিন, অগোছালোতা ছাড়া সাজানো। | GLPzy","ব্যক্তিগত পর্যালোচনার জন্য একটি ব্যক্তিগত অ্যাপে ডোজ, ওজন, উপসর্গ, ক্ষুধা, ছবি, রিমাইন্ডার এবং Apple Health প্রসঙ্গ রেকর্ড করুন।","আপনার GLP-1 রুটিন, অগোছালোতা ছাড়া সাজানো।",1519,137,yes,no,no,1,yes,54 alternates,yes,index
/bn/local-first-private-glp-tracker.html,bn,privacy,200,index,https://www.glpzy.app/bn/local-first-private-glp-tracker.html,ডিফল্টভাবে ব্যক্তিগত। আপনি চাইলে রপ্তানিযোগ্য। | GLPzy,"ডোজ, ওজন, উপসর্গ, অনুস্মারক বা আদেশ ট্র্যাক করার জন্য কোন অ্যাকাউন্টের প্রয়োজন নেই।",ডিফল্টভাবে ব্যক্তিগত। আপনি চাইলে রপ্তানিযোগ্য।,782,54,yes,no,no,1,no,54 alternates,yes,index
/bn/medical-safety.html,bn,trust,200,index,https://www.glpzy.app/bn/medical-safety.html,চিকিৎসা নিরাপত্তা | GLPzy,"GLPzy আপনাকে কী ঘটেছে তার একটি পরিষ্কার রেকর্ড রাখতে সাহায্য করে৷ এটি নির্ণয়, প্রেসক্রাইব বা আপনার ডোজ নির্বাচন করে না।",চিকিৎসা নিরাপত্তা,1358,78,yes,no,no,1,no,51 alternates,yes,index
/bn/methodology.html,bn,trust,200,index,https://www.glpzy.app/bn/methodology.html,পদ্ধতি | GLPzy,আনুমানিক এক্সপোজার ট্রেন্ড লগড ডোজ টাইমিং এবং শুধুমাত্র ব্যক্তিগত ট্র্যাকিংয়ের জন্য একটি সরলীকৃত শোষণ-এবং-বর্জন মডেল ব্যবহার করে।,পদ্ধতি,1399,77,yes,no,no,1,no,54 alternates,yes,index
/bn/mounjaro-tracker-iphone.html,bn,medicine,200,index,https://www.glpzy.app/bn/mounjaro-tracker-iphone.html,Mounjaro — বিশৃঙ্খলা ছাড়াই দ্রুত লগিং। | GLPzy,"Mounjaro: একটি ব্যক্তিগত অ্যাপে ডোজ ইতিহাস, ওজন, উপসর্গ, ক্ষুধা, ছবি, রিমাইন্ডার এবং এক্সপোর্টসহ এই রুটিন ট্র্যাক করুন।",Mounjaro,789,57,yes,no,no,1,no,54 alternates,yes,index
/bn/overview.html,bn,support,200,index,https://www.glpzy.app/bn/overview.html,GLPzy — গোপনীয়তা নীতি · চিকিৎসা নিরাপত্তা · সমর্থন,"সমর্থন সুযোগ, গোপনীয়তা পরিচিতি, এবং অ-জরুরী নির্দেশিকা পর্যালোচনা করুন।",GLPzy,703,54,yes,no,no,1,no,54 alternates,yes,index
/bn/ozempic-tracker-iphone.html,bn,commercial,200,index,https://www.glpzy.app/bn/ozempic-tracker-iphone.html,Ozempic — বিশৃঙ্খলা ছাড়াই দ্রুত লগিং। | GLPzy,"Ozempic: একটি ব্যক্তিগত অ্যাপে ডোজ ইতিহাস, ওজন, উপসর্গ, ক্ষুধা, ছবি, রিমাইন্ডার এবং এক্সপোর্টসহ এই রুটিন ট্র্যাক করুন।",Ozempic,778,58,yes,no,no,1,no,51 alternates,yes,index
/bn/privacy.html,bn,privacy,200,index,https://www.glpzy.app/bn/privacy.html,ডিফল্টভাবে ব্যক্তিগত। আপনি চাইলে রপ্তানিযোগ্য। | GLPzy,"ডোজ, ওজন, উপসর্গ, অনুস্মারক বা আদেশ ট্র্যাক করার জন্য কোন অ্যাকাউন্টের প্রয়োজন নেই।",ডিফল্টভাবে ব্যক্তিগত। আপনি চাইলে রপ্তানিযোগ্য।,782,113,yes,no,no,1,no,54 alternates,yes,index
/bn/rybelsus-tracker-iphone.html,bn,commercial,200,index,https://www.glpzy.app/bn/rybelsus-tracker-iphone.html,Rybelsus — বিশৃঙ্খলা ছাড়াই দ্রুত লগিং। | GLPzy,"Rybelsus: একটি ব্যক্তিগত অ্যাপে ডোজ ইতিহাস, ওজন, উপসর্গ, ক্ষুধা, ছবি, রিমাইন্ডার এবং এক্সপোর্টসহ এই রুটিন ট্র্যাক করুন।",Rybelsus,763,58,yes,no,no,1,no,51 alternates,yes,index
/bn/saxenda-tracker-iphone.html,bn,commercial,200,index,https://www.glpzy.app/bn/saxenda-tracker-iphone.html,Saxenda — বিশৃঙ্খলা ছাড়াই দ্রুত লগিং। | GLPzy,"Saxenda: একটি ব্যক্তিগত অ্যাপে ডোজ ইতিহাস, ওজন, উপসর্গ, ক্ষুধা, ছবি, রিমাইন্ডার এবং এক্সপোর্টসহ এই রুটিন ট্র্যাক করুন।",Saxenda,763,56,yes,no,no,1,no,51 alternates,yes,index
/bn/semaglutide-tracker-iphone.html,bn,medicine,200,index,https://www.glpzy.app/bn/semaglutide-tracker-iphone.html,Semaglutide — বিশৃঙ্খলা ছাড়াই দ্রুত লগিং। | GLPzy,"Semaglutide: একটি ব্যক্তিগত অ্যাপে ডোজ ইতিহাস, ওজন, উপসর্গ, ক্ষুধা, ছবি, রিমাইন্ডার এবং এক্সপোর্টসহ এই রুটিন ট্র্যাক করুন।",Semaglutide,787,60,yes,no,no,1,no,54 alternates,yes,index
/bn/support.html,bn,support,200,index,https://www.glpzy.app/bn/support.html,সমর্থন | GLPzy,"সমর্থন সুযোগ, গোপনীয়তা পরিচিতি, এবং অ-জরুরী নির্দেশিকা পর্যালোচনা করুন।",সমর্থন,827,100,yes,no,no,1,no,54 alternates,yes,index
/bn/terms.html,bn,support,200,index,https://www.glpzy.app/bn/terms.html,ব্যবহারের শর্তাবলী | GLPzy,"মূল্য নির্ধারণ, বিলিং সময়কাল, এবং যেকোনো প্রারম্ভিক অফারের বিবরণ কেনার আগে আপনার App Store অ্যাকাউন্ট থেকে দেখানো হয়। App Store সেটিংসে পরিচালনা বা বাতিল করুন৷",ব্যবহারের শর্তাবলী,950,77,yes,no,no,1,no,54 alternates,yes,index
/bn/tirzepatide-tracker-iphone.html,bn,medicine,200,index,https://www.glpzy.app/bn/tirzepatide-tracker-iphone.html,Tirzepatide — বিশৃঙ্খলা ছাড়াই দ্রুত লগিং। | GLPzy,"Tirzepatide: একটি ব্যক্তিগত অ্যাপে ডোজ ইতিহাস, ওজন, উপসর্গ, ক্ষুধা, ছবি, রিমাইন্ডার এবং এক্সপোর্টসহ এই রুটিন ট্র্যাক করুন।",Tirzepatide,803,59,yes,no,no,1,no,54 alternates,yes,index
/bn/trulicity-tracker-iphone.html,bn,commercial,200,index,https://www.glpzy.app/bn/trulicity-tracker-iphone.html,Trulicity — বিশৃঙ্খলা ছাড়াই দ্রুত লগিং। | GLPzy,"Trulicity: একটি ব্যক্তিগত অ্যাপে ডোজ ইতিহাস, ওজন, উপসর্গ, ক্ষুধা, ছবি, রিমাইন্ডার এবং এক্সপোর্টসহ এই রুটিন ট্র্যাক করুন।",Trulicity,765,55,yes,no,no,1,no,51 alternates,yes,index
/bn/victoza-tracker-iphone.html,bn,commercial,200,index,https://www.glpzy.app/bn/victoza-tracker-iphone.html,Victoza — বিশৃঙ্খলা ছাড়াই দ্রুত লগিং। | GLPzy,"Victoza: একটি ব্যক্তিগত অ্যাপে ডোজ ইতিহাস, ওজন, উপসর্গ, ক্ষুধা, ছবি, রিমাইন্ডার এবং এক্সপোর্টসহ এই রুটিন ট্র্যাক করুন।",Victoza,763,56,yes,no,no,1,no,51 alternates,yes,index
/bn/wegovy-tracker-iphone.html,bn,medicine,200,index,https://www.glpzy.app/bn/wegovy-tracker-iphone.html,Wegovy — বিশৃঙ্খলা ছাড়াই দ্রুত লগিং। | GLPzy,"Wegovy: একটি ব্যক্তিগত অ্যাপে ডোজ ইতিহাস, ওজন, উপসর্গ, ক্ষুধা, ছবি, রিমাইন্ডার এবং এক্সপোর্টসহ এই রুটিন ট্র্যাক করুন।",Wegovy,787,58,yes,no,no,1,no,54 alternates,yes,index
/bn/zepbound-tracker-iphone.html,bn,medicine,200,index,https://www.glpzy.app/bn/zepbound-tracker-iphone.html,Zepbound — বিশৃঙ্খলা ছাড়াই দ্রুত লগিং। | GLPzy,"Zepbound: একটি ব্যক্তিগত অ্যাপে ডোজ ইতিহাস, ওজন, উপসর্গ, ক্ষুধা, ছবি, রিমাইন্ডার এবং এক্সপোর্টসহ এই রুটিন ট্র্যাক করুন।",Zepbound,817,57,yes,no,no,1,no,54 alternates,yes,index
/cs/apple-health-glp-tracker.html,cs,commercial,200,index,https://www.glpzy.app/cs/apple-health-glp-tracker.html,Kontext pouze pro čtení z Apple Health | GLPzy,"Přístup Apple Health je volitelný a omezený na oprávnění, která udělíte. GLPzy importuje historii tělesné hmotnosti a výšku a poté čte tělesné složení, spánek, pohyb, cvičení, kalorie, bílkoviny a souhrny vody v režimu pouze pro čtení. Nic se neodepisuje.",Kontext pouze pro čtení z Apple Health,522,54,yes,no,no,1,no,54 alternates,yes,index
/cs/compounded-glp-tracker-iphone.html,cs,commercial,200,index,https://www.glpzy.app/cs/compounded-glp-tracker-iphone.html,Složené — Rychlé zaznamenávání dávek bez nepořádku | GLPzy,"Složené: Sledujte tuto rutinu v jedné soukromé aplikaci s historií dávek, hmotností, příznaky, chutí k jídlu, fotografiemi, připomínkami a exporty.",Složené,479,56,yes,no,no,1,no,51 alternates,yes,index
/cs/custom-medication-tracker-iphone.html,cs,commercial,200,index,https://www.glpzy.app/cs/custom-medication-tracker-iphone.html,Vlastní — Rychlé zaznamenávání dávek bez nepořádku | GLPzy,"Vlastní: Sledujte tuto rutinu v jedné soukromé aplikaci s historií dávek, hmotností, příznaky, chutí k jídlu, fotografiemi, připomínkami a exporty.",Vlastní,488,58,yes,no,no,1,no,51 alternates,yes,index
/cs/data-rights.html,cs,privacy,200,index,https://www.glpzy.app/cs/data-rights.html,Historie exportu | GLPzy,GLPzy nejprve vytvoří místní bezpečnostní zálohu a poté nahradí místní záznamy na tomto zařízení.,Historie exportu,402,77,yes,no,no,1,no,54 alternates,yes,index
/cs/foundayo-tracker-iphone.html,cs,commercial,200,index,https://www.glpzy.app/cs/foundayo-tracker-iphone.html,Foundayo — Rychlé zaznamenávání dávek bez nepořádku | GLPzy,"Foundayo: Sledujte tuto rutinu v jedné soukromé aplikaci s historií dávek, hmotností, příznaky, chutí k jídlu, fotografiemi, připomínkami a exporty.",Foundayo,469,55,yes,no,no,1,no,51 alternates,yes,index
/cs/glp1-weight-dose-symptom-tracker.html,cs,commercial,200,index,https://www.glpzy.app/cs/glp1-weight-dose-symptom-tracker.html,"Vaše rutina GLP-1, uspořádaná bez zbytečného zahlcení | GLPzy","Zaznamenávejte dávky, hmotnost, příznaky, chuť k jídlu, fotografie, připomínky a kontext Apple Health v jedné soukromé aplikaci pro osobní přehled.","Vaše rutina GLP-1, uspořádaná bez zbytečného zahlcení.",555,54,yes,no,no,1,no,54 alternates,yes,index
/cs/,cs,home,200,index,https://www.glpzy.app/cs/index.html,"Vaše rutina GLP-1, uspořádaná bez zbytečného zahlcení | GLPzy","Zaznamenávejte dávky, hmotnost, příznaky, chuť k jídlu, fotografie, připomínky a kontext Apple Health v jedné soukromé aplikaci pro osobní přehled.","Vaše rutina GLP-1, uspořádaná bez zbytečného zahlcení.",807,137,yes,no,no,1,yes,54 alternates,yes,index
/cs/local-first-private-glp-tracker.html,cs,privacy,200,index,https://www.glpzy.app/cs/local-first-private-glp-tracker.html,"Soukromé ve výchozím nastavení. Exportovatelné, když se rozhodnete | GLPzy","Ke sledování dávek, hmotnosti, příznaků, upomínek nebo objednávek není nutný žádný účet.","Soukromé ve výchozím nastavení. Exportovatelné, když se rozhodnete.",477,54,yes,no,no,1,no,54 alternates,yes,index
/cs/medical-safety.html,cs,trust,200,index,https://www.glpzy.app/cs/medical-safety.html,Lékařská bezpečnost | GLPzy,"GLPzy vám pomůže udržet si jasnější záznamy o tom, co se stalo. Nediagnostikuje, nepředepisuje ani nevybírá vaši dávku.",Lékařská bezpečnost,700,78,yes,no,no,1,no,51 alternates,yes,index
/cs/methodology.html,cs,trust,200,index,https://www.glpzy.app/cs/methodology.html,Metodologie | GLPzy,Odhadovaný trend expozice používá protokolované časování dávky plus zjednodušený model absorpce a eliminace pouze pro osobní sledování.,Metodologie,721,77,yes,no,no,1,no,54 alternates,yes,index
/cs/mounjaro-tracker-iphone.html,cs,medicine,200,index,https://www.glpzy.app/cs/mounjaro-tracker-iphone.html,Mounjaro — Rychlé zaznamenávání dávek bez nepořádku | GLPzy,"Mounjaro: Sledujte tuto rutinu v jedné soukromé aplikaci s historií dávek, hmotností, příznaky, chutí k jídlu, fotografiemi, připomínkami a exporty.",Mounjaro,479,57,yes,no,no,1,no,54 alternates,yes,index
/cs/overview.html,cs,support,200,index,https://www.glpzy.app/cs/overview.html,GLPzy — Zásady ochrany osobních údajů · Lékařská bezpečnost · Podpora,"Prohlédněte si rozsah podpory, kontakty na ochranu soukromí a pokyny pro jiné než nouzové situace.",GLPzy,423,54,yes,no,no,1,no,54 alternates,yes,index
/cs/ozempic-tracker-iphone.html,cs,commercial,200,index,https://www.glpzy.app/cs/ozempic-tracker-iphone.html,Ozempic — Rychlé zaznamenávání dávek bez nepořádku | GLPzy,"Ozempic: Sledujte tuto rutinu v jedné soukromé aplikaci s historií dávek, hmotností, příznaky, chutí k jídlu, fotografiemi, připomínkami a exporty.",Ozempic,475,58,yes,no,no,1,no,51 alternates,yes,index
/cs/privacy.html,cs,privacy,200,index,https://www.glpzy.app/cs/privacy.html,"Soukromé ve výchozím nastavení. Exportovatelné, když se rozhodnete | GLPzy","Ke sledování dávek, hmotnosti, příznaků, upomínek nebo objednávek není nutný žádný účet.","Soukromé ve výchozím nastavení. Exportovatelné, když se rozhodnete.",477,113,yes,no,no,1,no,54 alternates,yes,index
/cs/rybelsus-tracker-iphone.html,cs,commercial,200,index,https://www.glpzy.app/cs/rybelsus-tracker-iphone.html,Rybelsus — Rychlé zaznamenávání dávek bez nepořádku | GLPzy,"Rybelsus: Sledujte tuto rutinu v jedné soukromé aplikaci s historií dávek, hmotností, příznaky, chutí k jídlu, fotografiemi, připomínkami a exporty.",Rybelsus,471,58,yes,no,no,1,no,51 alternates,yes,index
/cs/saxenda-tracker-iphone.html,cs,commercial,200,index,https://www.glpzy.app/cs/saxenda-tracker-iphone.html,Saxenda — Rychlé zaznamenávání dávek bez nepořádku | GLPzy,"Saxenda: Sledujte tuto rutinu v jedné soukromé aplikaci s historií dávek, hmotností, příznaky, chutí k jídlu, fotografiemi, připomínkami a exporty.",Saxenda,469,56,yes,no,no,1,no,51 alternates,yes,index
/cs/semaglutide-tracker-iphone.html,cs,medicine,200,index,https://www.glpzy.app/cs/semaglutide-tracker-iphone.html,Semaglutide — Rychlé zaznamenávání dávek bez nepořádku | GLPzy,"Semaglutide: Sledujte tuto rutinu v jedné soukromé aplikaci s historií dávek, hmotností, příznaky, chutí k jídlu, fotografiemi, připomínkami a exporty.",Semaglutide,479,60,yes,no,no,1,no,54 alternates,yes,index
/cs/support.html,cs,support,200,index,https://www.glpzy.app/cs/support.html,Podpora | GLPzy,"Prohlédněte si rozsah podpory, kontakty na ochranu soukromí a pokyny pro jiné než nouzové situace.",Podpora,456,100,yes,no,no,1,no,54 alternates,yes,index
/cs/terms.html,cs,support,200,index,https://www.glpzy.app/cs/terms.html,Podmínky použití | GLPzy,"Ceny, fakturační období a veškeré podrobnosti o úvodní nabídce se před nákupem zobrazí z vašeho účtu App Store. Spravujte nebo zrušte v nastavení App Store.",Podmínky použití,503,77,yes,no,no,1,no,54 alternates,yes,index
/cs/tirzepatide-tracker-iphone.html,cs,medicine,200,index,https://www.glpzy.app/cs/tirzepatide-tracker-iphone.html,Tirzepatide — Rychlé zaznamenávání dávek bez nepořádku | GLPzy,"Tirzepatide: Sledujte tuto rutinu v jedné soukromé aplikaci s historií dávek, hmotností, příznaky, chutí k jídlu, fotografiemi, připomínkami a exporty.",Tirzepatide,483,59,yes,no,no,1,no,54 alternates,yes,index
/cs/trulicity-tracker-iphone.html,cs,commercial,200,index,https://www.glpzy.app/cs/trulicity-tracker-iphone.html,Trulicity — Rychlé zaznamenávání dávek bez nepořádku | GLPzy,"Trulicity: Sledujte tuto rutinu v jedné soukromé aplikaci s historií dávek, hmotností, příznaky, chutí k jídlu, fotografiemi, připomínkami a exporty.",Trulicity,469,55,yes,no,no,1,no,51 alternates,yes,index
/cs/victoza-tracker-iphone.html,cs,commercial,200,index,https://www.glpzy.app/cs/victoza-tracker-iphone.html,Victoza — Rychlé zaznamenávání dávek bez nepořádku | GLPzy,"Victoza: Sledujte tuto rutinu v jedné soukromé aplikaci s historií dávek, hmotností, příznaky, chutí k jídlu, fotografiemi, připomínkami a exporty.",Victoza,469,56,yes,no,no,1,no,51 alternates,yes,index
/cs/wegovy-tracker-iphone.html,cs,medicine,200,index,https://www.glpzy.app/cs/wegovy-tracker-iphone.html,Wegovy — Rychlé zaznamenávání dávek bez nepořádku | GLPzy,"Wegovy: Sledujte tuto rutinu v jedné soukromé aplikaci s historií dávek, hmotností, příznaky, chutí k jídlu, fotografiemi, připomínkami a exporty.",Wegovy,479,58,yes,no,no,1,no,54 alternates,yes,index
/cs/zepbound-tracker-iphone.html,cs,medicine,200,index,https://www.glpzy.app/cs/zepbound-tracker-iphone.html,Zepbound — Rychlé zaznamenávání dávek bez nepořádku | GLPzy,"Zepbound: Sledujte tuto rutinu v jedné soukromé aplikaci s historií dávek, hmotností, příznaky, chutí k jídlu, fotografiemi, připomínkami a exporty.",Zepbound,489,57,yes,no,no,1,no,54 alternates,yes,index
/da/apple-health-glp-tracker.html,da,commercial,200,index,https://www.glpzy.app/da/apple-health-glp-tracker.html,Skrivebeskyttet kontekst fra Apple Health | GLPzy,"Apple Health adgang er valgfri og begrænset til de tilladelser, du giver. GLPzy importerer kropsvægthistorie og højde og læser derefter kropssammensætning, bevægelse, træning, kalorier, protein og vand i skrivebeskyttet tilstand. Intet er skrevet tilbage.",Skrivebeskyttet kontekst fra Apple Health,512,54,yes,no,no,1,no,54 alternates,yes,index
/da/compounded-glp-tracker-iphone.html,da,commercial,200,index,https://www.glpzy.app/da/compounded-glp-tracker-iphone.html,Compounded​ — Hurtig logning uden rod | GLPzy,"Compounded​: Spor denne rutine med dosishistorik, vægt, symptomer, appetit, billeder, påmindelser og eksport i én privat app.",Compounded​,468,56,yes,no,no,1,no,51 alternates,yes,index
/da/custom-medication-tracker-iphone.html,da,commercial,200,index,https://www.glpzy.app/da/custom-medication-tracker-iphone.html,Tilpasset — Hurtig logning uden rod | GLPzy,"Tilpasset: Spor denne rutine med dosishistorik, vægt, symptomer, appetit, billeder, påmindelser og eksport i én privat app.",Tilpasset,477,58,yes,no,no,1,no,51 alternates,yes,index
/da/data-rights.html,da,privacy,200,index,https://www.glpzy.app/da/data-rights.html,Eksporter historie | GLPzy,GLPzy vil først oprette en lokal sikkerhedsbackup og derefter erstatte lokale poster på denne enhed.,Eksporter historie,404,77,yes,no,no,1,no,54 alternates,yes,index
/da/foundayo-tracker-iphone.html,da,commercial,200,index,https://www.glpzy.app/da/foundayo-tracker-iphone.html,Foundayo — Hurtig logning uden rod | GLPzy,"Foundayo: Spor denne rutine med dosishistorik, vægt, symptomer, appetit, billeder, påmindelser og eksport i én privat app.",Foundayo,458,55,yes,no,no,1,no,51 alternates,yes,index
/da/glp1-weight-dose-symptom-tracker.html,da,commercial,200,index,https://www.glpzy.app/da/glp1-weight-dose-symptom-tracker.html,"Din GLP-1-rutine, organiseret uden rod | GLPzy","Log doser, vægt, symptomer, appetit, billeder, påmindelser og Apple Health-kontekst i én privat app til personlig gennemgang.","Din GLP-1-rutine, organiseret uden rod.",544,54,yes,no,no,1,no,54 alternates,yes,index
/da/,da,home,200,index,https://www.glpzy.app/da/index.html,"Din GLP-1-rutine, organiseret uden rod | GLPzy","Log doser, vægt, symptomer, appetit, billeder, påmindelser og Apple Health-kontekst i én privat app til personlig gennemgang.","Din GLP-1-rutine, organiseret uden rod.",772,137,yes,no,no,1,yes,54 alternates,yes,index
/da/local-first-private-glp-tracker.html,da,privacy,200,index,https://www.glpzy.app/da/local-first-private-glp-tracker.html,"Privat som standard. Kan eksporteres, når du vælger det | GLPzy","Der kræves ingen konto i appen for at registrere doser, vægt, symptomer eller påmindelser.","Privat som standard. Kan eksporteres, når du vælger det.",474,54,yes,no,no,1,no,54 alternates,yes,index
/da/medical-safety.html,da,trust,200,index,https://www.glpzy.app/da/medical-safety.html,Medicinsk sikkerhed | GLPzy,"GLPzy hjælper dig med at holde en klarere fortegnelse over, hvad der skete. Det diagnosticerer, ordinerer eller vælger ikke din dosis.",Medicinsk sikkerhed,677,78,yes,no,no,1,no,51 alternates,yes,index
/da/methodology.html,da,trust,200,index,https://www.glpzy.app/da/methodology.html,Metodik | GLPzy,Estimeret eksponeringstrend bruger loggede dosetidspunkter sammen med en forenklet absorptions- og eliminationsmodel kun til personlig sporing.,Metodik,683,77,yes,no,no,1,no,54 alternates,yes,index
/da/mounjaro-tracker-iphone.html,da,medicine,200,index,https://www.glpzy.app/da/mounjaro-tracker-iphone.html,Mounjaro — Hurtig logning uden rod | GLPzy,"Mounjaro: Spor denne rutine med dosishistorik, vægt, symptomer, appetit, billeder, påmindelser og eksport i én privat app.",Mounjaro,467,57,yes,no,no,1,no,54 alternates,yes,index
/da/overview.html,da,support,200,index,https://www.glpzy.app/da/overview.html,GLPzy — Privatlivspolitik · Medicinsk sikkerhed · Støtte,"Gennemgå supportomfang, privatlivskontakter og ikke-nødsituationsvejledning.",GLPzy,407,54,yes,no,no,1,no,54 alternates,yes,index
/da/ozempic-tracker-iphone.html,da,commercial,200,index,https://www.glpzy.app/da/ozempic-tracker-iphone.html,Ozempic — Hurtig logning uden rod | GLPzy,"Ozempic: Spor denne rutine med dosishistorik, vægt, symptomer, appetit, billeder, påmindelser og eksport i én privat app.",Ozempic,464,58,yes,no,no,1,no,51 alternates,yes,index
/da/privacy.html,da,privacy,200,index,https://www.glpzy.app/da/privacy.html,"Privat som standard. Kan eksporteres, når du vælger det | GLPzy","Der kræves ingen konto i appen for at registrere doser, vægt, symptomer eller påmindelser.","Privat som standard. Kan eksporteres, når du vælger det.",474,113,yes,no,no,1,no,54 alternates,yes,index
/da/rybelsus-tracker-iphone.html,da,commercial,200,index,https://www.glpzy.app/da/rybelsus-tracker-iphone.html,Rybelsus — Hurtig logning uden rod | GLPzy,"Rybelsus: Spor denne rutine med dosishistorik, vægt, symptomer, appetit, billeder, påmindelser og eksport i én privat app.",Rybelsus,460,58,yes,no,no,1,no,51 alternates,yes,index
/da/saxenda-tracker-iphone.html,da,commercial,200,index,https://www.glpzy.app/da/saxenda-tracker-iphone.html,Saxenda — Hurtig logning uden rod | GLPzy,"Saxenda: Spor denne rutine med dosishistorik, vægt, symptomer, appetit, billeder, påmindelser og eksport i én privat app.",Saxenda,458,56,yes,no,no,1,no,51 alternates,yes,index
/da/semaglutide-tracker-iphone.html,da,medicine,200,index,https://www.glpzy.app/da/semaglutide-tracker-iphone.html,Semaglutide — Hurtig logning uden rod | GLPzy,"Semaglutide: Spor denne rutine med dosishistorik, vægt, symptomer, appetit, billeder, påmindelser og eksport i én privat app.",Semaglutide,468,60,yes,no,no,1,no,54 alternates,yes,index
/da/support.html,da,support,200,index,https://www.glpzy.app/da/support.html,Støtte | GLPzy,"Gennemgå supportomfang, privatlivskontakter og ikke-nødsituationsvejledning.",Støtte,438,100,yes,no,no,1,no,54 alternates,yes,index
/da/terms.html,da,support,200,index,https://www.glpzy.app/da/terms.html,Vilkår for brug | GLPzy,"Priser, faktureringsperiode og eventuelle introduktionstilbud vises fra din App Store konto før køb. Administrer eller annuller i indstillingerne for App Store.",Vilkår for brug,490,77,yes,no,no,1,no,54 alternates,yes,index
/da/tirzepatide-tracker-iphone.html,da,medicine,200,index,https://www.glpzy.app/da/tirzepatide-tracker-iphone.html,Tirzepatide — Hurtig logning uden rod | GLPzy,"Tirzepatide: Spor denne rutine med dosishistorik, vægt, symptomer, appetit, billeder, påmindelser og eksport i én privat app.",Tirzepatide,471,59,yes,no,no,1,no,54 alternates,yes,index
/da/trulicity-tracker-iphone.html,da,commercial,200,index,https://www.glpzy.app/da/trulicity-tracker-iphone.html,Trulicity — Hurtig logning uden rod | GLPzy,"Trulicity: Spor denne rutine med dosishistorik, vægt, symptomer, appetit, billeder, påmindelser og eksport i én privat app.",Trulicity,458,55,yes,no,no,1,no,51 alternates,yes,index
/da/victoza-tracker-iphone.html,da,commercial,200,index,https://www.glpzy.app/da/victoza-tracker-iphone.html,Victoza — Hurtig logning uden rod | GLPzy,"Victoza: Spor denne rutine med dosishistorik, vægt, symptomer, appetit, billeder, påmindelser og eksport i én privat app.",Victoza,458,56,yes,no,no,1,no,51 alternates,yes,index
/da/wegovy-tracker-iphone.html,da,medicine,200,index,https://www.glpzy.app/da/wegovy-tracker-iphone.html,Wegovy — Hurtig logning uden rod | GLPzy,"Wegovy: Spor denne rutine med dosishistorik, vægt, symptomer, appetit, billeder, påmindelser og eksport i én privat app.",Wegovy,468,58,yes,no,no,1,no,54 alternates,yes,index
/da/zepbound-tracker-iphone.html,da,medicine,200,index,https://www.glpzy.app/da/zepbound-tracker-iphone.html,Zepbound — Hurtig logning uden rod | GLPzy,"Zepbound: Spor denne rutine med dosishistorik, vægt, symptomer, appetit, billeder, påmindelser og eksport i én privat app.",Zepbound,476,57,yes,no,no,1,no,54 alternates,yes,index
/de/apple-health-glp-tracker.html,de,commercial,200,index,https://www.glpzy.app/de/apple-health-glp-tracker.html,Schreibgeschützter Kontext aus Apple Health | GLPzy,"Der Apple Health-Zugriff ist optional und auf die von Ihnen gewährten Berechtigungen beschränkt. GLPzy importiert den Verlauf des Körpergewichts und der Körpergröße und liest dann Zusammenfassungen zu Körperzusammensetzung, Bewegung, Training, Kalorien, Protein und Wasser im schreibgeschützten Modus. Es wird nichts zurückgeschrieben.",Schreibgeschützter Kontext aus Apple Health,516,54,yes,no,no,1,no,54 alternates,yes,index
/de/compounded-glp-tracker-iphone.html,de,commercial,200,index,https://www.glpzy.app/de/compounded-glp-tracker-iphone.html,Compounded​ — Schnelle Protokollierung ohne Unordnung | GLPzy,"Compounded​: Verfolgen Sie diese Routine mit Dosishistorie, Gewicht, Symptomen, Appetit, Fotos, Erinnerungen und Exporten in einer privaten App.",Compounded​,479,56,yes,no,no,1,no,51 alternates,yes,index
/de/custom-medication-tracker-iphone.html,de,commercial,200,index,https://www.glpzy.app/de/custom-medication-tracker-iphone.html,Brauch — Schnelle Protokollierung ohne Unordnung | GLPzy,"Brauch: Verfolgen Sie diese Routine mit Dosishistorie, Gewicht, Symptomen, Appetit, Fotos, Erinnerungen und Exporten in einer privaten App.",Brauch,488,58,yes,no,no,1,no,51 alternates,yes,index
/de/data-rights.html,de,privacy,200,index,https://www.glpzy.app/de/data-rights.html,Verlauf exportieren | GLPzy,GLPzy erstellt zunächst ein lokales Sicherheits-Backup und ersetzt dann lokale Datensätze auf diesem Gerät.,Verlauf exportieren,410,77,yes,no,no,1,no,54 alternates,yes,index
/de/foundayo-tracker-iphone.html,de,commercial,200,index,https://www.glpzy.app/de/foundayo-tracker-iphone.html,Foundayo — Schnelle Protokollierung ohne Unordnung | GLPzy,"Foundayo: Verfolgen Sie diese Routine mit Dosishistorie, Gewicht, Symptomen, Appetit, Fotos, Erinnerungen und Exporten in einer privaten App.",Foundayo,469,55,yes,no,no,1,no,51 alternates,yes,index
/de/glp1-weight-dose-symptom-tracker.html,de,commercial,200,index,https://www.glpzy.app/de/glp1-weight-dose-symptom-tracker.html,"Ihre GLP-1-Routine, übersichtlich und ohne Ballast | GLPzy","Protokollieren Sie Dosen, Gewicht, Symptome, Appetit, Fotos, Erinnerungen und Apple Health-Kontext in einer privaten App für Ihre persönliche Übersicht.","Ihre GLP-1-Routine, übersichtlich und ohne Ballast.",556,54,yes,no,no,1,no,54 alternates,yes,index
/de/,de,home,200,index,https://www.glpzy.app/de/index.html,"Ihre GLP-1-Routine, übersichtlich und ohne Ballast | GLPzy","Protokollieren Sie Dosen, Gewicht, Symptome, Appetit, Fotos, Erinnerungen und Apple Health-Kontext in einer privaten App für Ihre persönliche Übersicht.","Ihre GLP-1-Routine, übersichtlich und ohne Ballast.",817,137,yes,no,no,1,yes,54 alternates,yes,index
/de/local-first-private-glp-tracker.html,de,privacy,200,index,https://www.glpzy.app/de/local-first-private-glp-tracker.html,"Standardmäßig privat. Exportierbar, wenn Sie es möchten | GLPzy","Zum Verfolgen von Dosen, Gewicht, Symptomen, Erinnerungen oder Bestellungen ist kein Konto erforderlich.","Standardmäßig privat. Exportierbar, wenn Sie es möchten.",481,54,yes,no,no,1,no,54 alternates,yes,index
/de/medical-safety.html,de,trust,200,index,https://www.glpzy.app/de/medical-safety.html,Medizinische Sicherheit | GLPzy,"GLPzy hilft Ihnen, eine klarere Aufzeichnung darüber zu führen, was passiert ist. Es erfolgt keine Diagnose, keine Verschreibung oder Auswahl Ihrer Dosis.",Medizinische Sicherheit,725,78,yes,no,no,1,no,51 alternates,yes,index
/de/methodology.html,de,trust,200,index,https://www.glpzy.app/de/methodology.html,Methodik | GLPzy,Der geschätzte Expositionsverlauf verwendet protokollierte Dosiszeitpunkte zusammen mit einem vereinfachten Absorptions- und Eliminationsmodell nur für die persönliche Nachverfolgung.,Methodik,740,77,yes,no,no,1,no,54 alternates,yes,index
/de/mounjaro-tracker-iphone.html,de,medicine,200,index,https://www.glpzy.app/de/mounjaro-tracker-iphone.html,Mounjaro — Schnelle Protokollierung ohne Unordnung | GLPzy,"Mounjaro: Verfolgen Sie diese Routine mit Dosishistorie, Gewicht, Symptomen, Appetit, Fotos, Erinnerungen und Exporten in einer privaten App.",Mounjaro,475,57,yes,no,no,1,no,54 alternates,yes,index
/de/overview.html,de,support,200,index,https://www.glpzy.app/de/overview.html,GLPzy — Datenschutzrichtlinie · Medizinische Sicherheit · Unterstützung,"Überprüfen Sie den Supportumfang, die Datenschutzkontakte und die Anleitung, die nicht für Notfälle gilt.",GLPzy,426,54,yes,no,no,1,no,54 alternates,yes,index
/de/ozempic-tracker-iphone.html,de,commercial,200,index,https://www.glpzy.app/de/ozempic-tracker-iphone.html,Ozempic — Schnelle Protokollierung ohne Unordnung | GLPzy,"Ozempic: Verfolgen Sie diese Routine mit Dosishistorie, Gewicht, Symptomen, Appetit, Fotos, Erinnerungen und Exporten in einer privaten App.",Ozempic,473,58,yes,no,no,1,no,51 alternates,yes,index
/de/privacy.html,de,privacy,200,index,https://www.glpzy.app/de/privacy.html,"Standardmäßig privat. Exportierbar, wenn Sie es möchten | GLPzy","Zum Verfolgen von Dosen, Gewicht, Symptomen, Erinnerungen oder Bestellungen ist kein Konto erforderlich.","Standardmäßig privat. Exportierbar, wenn Sie es möchten.",481,113,yes,no,no,1,no,54 alternates,yes,index
/de/rybelsus-tracker-iphone.html,de,commercial,200,index,https://www.glpzy.app/de/rybelsus-tracker-iphone.html,Rybelsus — Schnelle Protokollierung ohne Unordnung | GLPzy,"Rybelsus: Verfolgen Sie diese Routine mit Dosishistorie, Gewicht, Symptomen, Appetit, Fotos, Erinnerungen und Exporten in einer privaten App.",Rybelsus,471,58,yes,no,no,1,no,51 alternates,yes,index
/de/saxenda-tracker-iphone.html,de,commercial,200,index,https://www.glpzy.app/de/saxenda-tracker-iphone.html,Saxenda — Schnelle Protokollierung ohne Unordnung | GLPzy,"Saxenda: Verfolgen Sie diese Routine mit Dosishistorie, Gewicht, Symptomen, Appetit, Fotos, Erinnerungen und Exporten in einer privaten App.",Saxenda,468,56,yes,no,no,1,no,51 alternates,yes,index
/de/semaglutide-tracker-iphone.html,de,medicine,200,index,https://www.glpzy.app/de/semaglutide-tracker-iphone.html,Semaglutide — Schnelle Protokollierung ohne Unordnung | GLPzy,"Semaglutide: Verfolgen Sie diese Routine mit Dosishistorie, Gewicht, Symptomen, Appetit, Fotos, Erinnerungen und Exporten in einer privaten App.",Semaglutide,477,60,yes,no,no,1,no,54 alternates,yes,index
/de/support.html,de,support,200,index,https://www.glpzy.app/de/support.html,Unterstützung | GLPzy,"Überprüfen Sie den Supportumfang, die Datenschutzkontakte und die Anleitung, die nicht für Notfälle gilt.",Unterstützung,463,100,yes,no,no,1,no,54 alternates,yes,index
/de/terms.html,de,support,200,index,https://www.glpzy.app/de/terms.html,Nutzungsbedingungen | GLPzy,"Preise, Abrechnungszeitraum und etwaige Einführungsangebotsdetails werden vor dem Kauf in Ihrem App Store-Konto angezeigt. Verwalten oder stornieren Sie in den App Store-Einstellungen.",Nutzungsbedingungen,499,77,yes,no,no,1,no,54 alternates,yes,index
/de/tirzepatide-tracker-iphone.html,de,medicine,200,index,https://www.glpzy.app/de/tirzepatide-tracker-iphone.html,Tirzepatide — Schnelle Protokollierung ohne Unordnung | GLPzy,"Tirzepatide: Verfolgen Sie diese Routine mit Dosishistorie, Gewicht, Symptomen, Appetit, Fotos, Erinnerungen und Exporten in einer privaten App.",Tirzepatide,478,59,yes,no,no,1,no,54 alternates,yes,index
/de/trulicity-tracker-iphone.html,de,commercial,200,index,https://www.glpzy.app/de/trulicity-tracker-iphone.html,Trulicity — Schnelle Protokollierung ohne Unordnung | GLPzy,"Trulicity: Verfolgen Sie diese Routine mit Dosishistorie, Gewicht, Symptomen, Appetit, Fotos, Erinnerungen und Exporten in einer privaten App.",Trulicity,468,55,yes,no,no,1,no,51 alternates,yes,index
/de/victoza-tracker-iphone.html,de,commercial,200,index,https://www.glpzy.app/de/victoza-tracker-iphone.html,Victoza — Schnelle Protokollierung ohne Unordnung | GLPzy,"Victoza: Verfolgen Sie diese Routine mit Dosishistorie, Gewicht, Symptomen, Appetit, Fotos, Erinnerungen und Exporten in einer privaten App.",Victoza,468,56,yes,no,no,1,no,51 alternates,yes,index
/de/wegovy-tracker-iphone.html,de,medicine,200,index,https://www.glpzy.app/de/wegovy-tracker-iphone.html,Wegovy — Schnelle Protokollierung ohne Unordnung | GLPzy,"Wegovy: Verfolgen Sie diese Routine mit Dosishistorie, Gewicht, Symptomen, Appetit, Fotos, Erinnerungen und Exporten in einer privaten App.",Wegovy,477,58,yes,no,no,1,no,54 alternates,yes,index
/de/zepbound-tracker-iphone.html,de,medicine,200,index,https://www.glpzy.app/de/zepbound-tracker-iphone.html,Zepbound — Schnelle Protokollierung ohne Unordnung | GLPzy,"Zepbound: Verfolgen Sie diese Routine mit Dosishistorie, Gewicht, Symptomen, Appetit, Fotos, Erinnerungen und Exporten in einer privaten App.",Zepbound,487,57,yes,no,no,1,no,54 alternates,yes,index
/el/apple-health-glp-tracker.html,el,commercial,200,index,https://www.glpzy.app/el/apple-health-glp-tracker.html,Περιεχόμενο μόνο για ανάγνωση από Apple Health | GLPzy,"Η πρόσβαση Apple Health είναι προαιρετική και περιορίζεται στα δικαιώματα που εκχωρείτε. Το GLPzy εισάγει το ιστορικό βάρους και το ύψος του σώματος και, στη συνέχεια, διαβάζει τη σύνθεση του σώματος, τον ύπνο, την κίνηση, την προπόνηση, τις θερμίδες, τις πρωτεΐνες και το νερό σε λειτουργία μόνο για ανάγνωση. Δεν γράφεται τίποτα πίσω.",Περιεχόμενο μόνο για ανάγνωση από Apple Health,558,54,yes,no,no,1,no,54 alternates,yes,index
/el/compounded-glp-tracker-iphone.html,el,commercial,200,index,https://www.glpzy.app/el/compounded-glp-tracker-iphone.html,Σύνθετο — Γρήγορη καταγραφή χωρίς ακαταστασία | GLPzy,"Σύνθετο: Παρακολουθήστε αυτή τη ρουτίνα με ιστορικό δόσεων, βάρος, συμπτώματα, όρεξη, φωτογραφίες, υπενθυμίσεις και εξαγωγές σε μία ιδιωτική εφαρμογή.",Σύνθετο,500,56,yes,no,no,1,no,51 alternates,yes,index
/el/custom-medication-tracker-iphone.html,el,commercial,200,index,https://www.glpzy.app/el/custom-medication-tracker-iphone.html,Προσαρμοσμένο — Γρήγορη καταγραφή χωρίς ακαταστασία | GLPzy,"Προσαρμοσμένο: Παρακολουθήστε αυτή τη ρουτίνα με ιστορικό δόσεων, βάρος, συμπτώματα, όρεξη, φωτογραφίες, υπενθυμίσεις και εξαγωγές σε μία ιδιωτική εφαρμογή.",Προσαρμοσμένο,511,58,yes,no,no,1,no,51 alternates,yes,index
/el/data-rights.html,el,privacy,200,index,https://www.glpzy.app/el/data-rights.html,Ιστορικό εξαγωγών | GLPzy,"Το GLPzy θα δημιουργήσει πρώτα ένα τοπικό αντίγραφο ασφαλείας και, στη συνέχεια, θα αντικαταστήσει τις τοπικές εγγραφές σε αυτήν τη συσκευή.",Ιστορικό εξαγωγών,441,77,yes,no,no,1,no,54 alternates,yes,index
/el/foundayo-tracker-iphone.html,el,commercial,200,index,https://www.glpzy.app/el/foundayo-tracker-iphone.html,Foundayo — Γρήγορη καταγραφή χωρίς ακαταστασία | GLPzy,"Foundayo: Παρακολουθήστε αυτή τη ρουτίνα με ιστορικό δόσεων, βάρος, συμπτώματα, όρεξη, φωτογραφίες, υπενθυμίσεις και εξαγωγές σε μία ιδιωτική εφαρμογή.",Foundayo,490,55,yes,no,no,1,no,51 alternates,yes,index
/el/glp1-weight-dose-symptom-tracker.html,el,commercial,200,index,https://www.glpzy.app/el/glp1-weight-dose-symptom-tracker.html,"Η ρουτίνα GLP-1 σας, οργανωμένη χωρίς περιττή σύγχυση | GLPzy","Καταγράψτε δόσεις, βάρος, συμπτώματα, όρεξη, φωτογραφίες, υπενθυμίσεις και πλαίσιο Apple Health σε μία ιδιωτική εφαρμογή για προσωπική ανασκόπηση.","Η ρουτίνα GLP-1 σας, οργανωμένη χωρίς περιττή σύγχυση.",598,54,yes,no,no,1,no,54 alternates,yes,index
/el/,el,home,200,index,https://www.glpzy.app/el/index.html,"Η ρουτίνα GLP-1 σας, οργανωμένη χωρίς περιττή σύγχυση | GLPzy","Καταγράψτε δόσεις, βάρος, συμπτώματα, όρεξη, φωτογραφίες, υπενθυμίσεις και πλαίσιο Apple Health σε μία ιδιωτική εφαρμογή για προσωπική ανασκόπηση.","Η ρουτίνα GLP-1 σας, οργανωμένη χωρίς περιττή σύγχυση.",883,137,yes,no,no,1,yes,54 alternates,yes,index
/el/local-first-private-glp-tracker.html,el,privacy,200,index,https://www.glpzy.app/el/local-first-private-glp-tracker.html,Ιδιωτικό από προεπιλογή. Εξαγώγιμο όταν το επιλέξετε | GLPzy,"Δεν απαιτείται λογαριασμός για την παρακολούθηση δόσεων, βάρους, συμπτωμάτων, υπενθυμίσεων ή παραγγελιών.",Ιδιωτικό από προεπιλογή. Εξαγώγιμο όταν το επιλέξετε.,517,54,yes,no,no,1,no,54 alternates,yes,index
/el/medical-safety.html,el,trust,200,index,https://www.glpzy.app/el/medical-safety.html,Ιατρική ασφάλεια | GLPzy,"Το GLPzy σάς βοηθά να διατηρείτε ένα σαφέστερο αρχείο του τι συνέβη. Δεν διαγιγνώσκει, δεν συνταγογραφεί ή επιλέγει τη δόση σας.",Ιατρική ασφάλεια,767,78,yes,no,no,1,no,51 alternates,yes,index
/el/methodology.html,el,trust,200,index,https://www.glpzy.app/el/methodology.html,Μεθοδολογία | GLPzy,Η εκτιμώμενη τάση έκθεσης χρησιμοποιεί καταγεγραμμένο χρονισμό δόσης συν ένα απλοποιημένο μοντέλο απορρόφησης και αποβολής μόνο για προσωπική παρακολούθηση.,Μεθοδολογία,787,77,yes,no,no,1,no,54 alternates,yes,index
/el/mounjaro-tracker-iphone.html,el,medicine,200,index,https://www.glpzy.app/el/mounjaro-tracker-iphone.html,Mounjaro — Γρήγορη καταγραφή χωρίς ακαταστασία | GLPzy,"Mounjaro: Παρακολουθήστε αυτή τη ρουτίνα με ιστορικό δόσεων, βάρος, συμπτώματα, όρεξη, φωτογραφίες, υπενθυμίσεις και εξαγωγές σε μία ιδιωτική εφαρμογή.",Mounjaro,500,57,yes,no,no,1,no,54 alternates,yes,index
/el/overview.html,el,support,200,index,https://www.glpzy.app/el/overview.html,GLPzy — Πολιτική απορρήτου · Ιατρική ασφάλεια · Υποστήριξη,"Ελέγξτε το εύρος της υποστήριξης, τις επαφές απορρήτου και την καθοδήγηση μη έκτακτης ανάγκης.",GLPzy,446,54,yes,no,no,1,no,54 alternates,yes,index
/el/ozempic-tracker-iphone.html,el,commercial,200,index,https://www.glpzy.app/el/ozempic-tracker-iphone.html,Ozempic — Γρήγορη καταγραφή χωρίς ακαταστασία | GLPzy,"Ozempic: Παρακολουθήστε αυτή τη ρουτίνα με ιστορικό δόσεων, βάρος, συμπτώματα, όρεξη, φωτογραφίες, υπενθυμίσεις και εξαγωγές σε μία ιδιωτική εφαρμογή.",Ozempic,496,58,yes,no,no,1,no,51 alternates,yes,index
/el/privacy.html,el,privacy,200,index,https://www.glpzy.app/el/privacy.html,Ιδιωτικό από προεπιλογή. Εξαγώγιμο όταν το επιλέξετε | GLPzy,"Δεν απαιτείται λογαριασμός για την παρακολούθηση δόσεων, βάρους, συμπτωμάτων, υπενθυμίσεων ή παραγγελιών.",Ιδιωτικό από προεπιλογή. Εξαγώγιμο όταν το επιλέξετε.,517,113,yes,no,no,1,no,54 alternates,yes,index
/el/rybelsus-tracker-iphone.html,el,commercial,200,index,https://www.glpzy.app/el/rybelsus-tracker-iphone.html,Rybelsus — Γρήγορη καταγραφή χωρίς ακαταστασία | GLPzy,"Rybelsus: Παρακολουθήστε αυτή τη ρουτίνα με ιστορικό δόσεων, βάρος, συμπτώματα, όρεξη, φωτογραφίες, υπενθυμίσεις και εξαγωγές σε μία ιδιωτική εφαρμογή.",Rybelsus,492,58,yes,no,no,1,no,51 alternates,yes,index
/el/saxenda-tracker-iphone.html,el,commercial,200,index,https://www.glpzy.app/el/saxenda-tracker-iphone.html,Saxenda — Γρήγορη καταγραφή χωρίς ακαταστασία | GLPzy,"Saxenda: Παρακολουθήστε αυτή τη ρουτίνα με ιστορικό δόσεων, βάρος, συμπτώματα, όρεξη, φωτογραφίες, υπενθυμίσεις και εξαγωγές σε μία ιδιωτική εφαρμογή.",Saxenda,489,56,yes,no,no,1,no,51 alternates,yes,index
/el/semaglutide-tracker-iphone.html,el,medicine,200,index,https://www.glpzy.app/el/semaglutide-tracker-iphone.html,Semaglutide — Γρήγορη καταγραφή χωρίς ακαταστασία | GLPzy,"Semaglutide: Παρακολουθήστε αυτή τη ρουτίνα με ιστορικό δόσεων, βάρος, συμπτώματα, όρεξη, φωτογραφίες, υπενθυμίσεις και εξαγωγές σε μία ιδιωτική εφαρμογή.",Semaglutide,502,60,yes,no,no,1,no,54 alternates,yes,index
/el/support.html,el,support,200,index,https://www.glpzy.app/el/support.html,Υποστήριξη | GLPzy,"Ελέγξτε το εύρος της υποστήριξης, τις επαφές απορρήτου και την καθοδήγηση μη έκτακτης ανάγκης.",Υποστήριξη,488,100,yes,no,no,1,no,54 alternates,yes,index
/el/terms.html,el,support,200,index,https://www.glpzy.app/el/terms.html,Όροι χρήσης | GLPzy,"Η τιμολόγηση, η περίοδος χρέωσης και τυχόν λεπτομέρειες της προσφοράς γνωριμίας εμφανίζονται από τον λογαριασμό App Store σας πριν από την αγορά. Διαχείριση ή ακύρωση στις ρυθμίσεις App Store.",Όροι χρήσης,543,77,yes,no,no,1,no,54 alternates,yes,index
/el/tirzepatide-tracker-iphone.html,el,medicine,200,index,https://www.glpzy.app/el/tirzepatide-tracker-iphone.html,Tirzepatide — Γρήγορη καταγραφή χωρίς ακαταστασία | GLPzy,"Tirzepatide: Παρακολουθήστε αυτή τη ρουτίνα με ιστορικό δόσεων, βάρος, συμπτώματα, όρεξη, φωτογραφίες, υπενθυμίσεις και εξαγωγές σε μία ιδιωτική εφαρμογή.",Tirzepatide,505,59,yes,no,no,1,no,54 alternates,yes,index
/el/trulicity-tracker-iphone.html,el,commercial,200,index,https://www.glpzy.app/el/trulicity-tracker-iphone.html,Trulicity — Γρήγορη καταγραφή χωρίς ακαταστασία | GLPzy,"Trulicity: Παρακολουθήστε αυτή τη ρουτίνα με ιστορικό δόσεων, βάρος, συμπτώματα, όρεξη, φωτογραφίες, υπενθυμίσεις και εξαγωγές σε μία ιδιωτική εφαρμογή.",Trulicity,489,55,yes,no,no,1,no,51 alternates,yes,index
/el/victoza-tracker-iphone.html,el,commercial,200,index,https://www.glpzy.app/el/victoza-tracker-iphone.html,Victoza — Γρήγορη καταγραφή χωρίς ακαταστασία | GLPzy,"Victoza: Παρακολουθήστε αυτή τη ρουτίνα με ιστορικό δόσεων, βάρος, συμπτώματα, όρεξη, φωτογραφίες, υπενθυμίσεις και εξαγωγές σε μία ιδιωτική εφαρμογή.",Victoza,489,56,yes,no,no,1,no,51 alternates,yes,index
/el/wegovy-tracker-iphone.html,el,medicine,200,index,https://www.glpzy.app/el/wegovy-tracker-iphone.html,Wegovy — Γρήγορη καταγραφή χωρίς ακαταστασία | GLPzy,"Wegovy: Παρακολουθήστε αυτή τη ρουτίνα με ιστορικό δόσεων, βάρος, συμπτώματα, όρεξη, φωτογραφίες, υπενθυμίσεις και εξαγωγές σε μία ιδιωτική εφαρμογή.",Wegovy,502,58,yes,no,no,1,no,54 alternates,yes,index
/el/zepbound-tracker-iphone.html,el,medicine,200,index,https://www.glpzy.app/el/zepbound-tracker-iphone.html,Zepbound — Γρήγορη καταγραφή χωρίς ακαταστασία | GLPzy,"Zepbound: Παρακολουθήστε αυτή τη ρουτίνα με ιστορικό δόσεων, βάρος, συμπτώματα, όρεξη, φωτογραφίες, υπενθυμίσεις και εξαγωγές σε μία ιδιωτική εφαρμογή.",Zepbound,510,57,yes,no,no,1,no,54 alternates,yes,index
/en-gb/apple-health-glp-tracker.html,en-gb,commercial,200,index,https://www.glpzy.app/en/apple-health-glp-tracker.html,Apple Health support for GLP-1 tracking | GLPzy,"Use GLPzy with Apple Health on iPhone and iPad for free read-only weight history, height, calories, protein, water, and broader recent context.",Optional Apple Health support for GLP-1 tracking,524,69,yes,no,yes,1,yes,54 alternates,yes,index
/en-gb/data-rights.html,en-gb,privacy,200,index,https://www.glpzy.app/en/data-rights.html,"GLPzy data rights, export and deletion choices","Read how GLPzy handles exports, deletion, Apple Health permissions, continuity backups, and user privacy choices on iPhone and iPad.",User Privacy Choices and Data Rights,812,89,no,no,no,0,no,54 alternates,yes,index
/en-gb/glp1-weight-dose-symptom-tracker.html,en-gb,commercial,200,index,https://www.glpzy.app/en/glp1-weight-dose-symptom-tracker.html,GLP-1 tracker for iPhone and iPad | GLPzy,"Track GLP-1 doses, weight, symptoms, photos, reminders, Apple Health context, and local-first review on iPhone and iPad with GLPzy.","A GLP-1 tracker built for the full routine, not just one log type",530,62,yes,no,yes,1,yes,54 alternates,yes,index
/en-gb/,en-gb,home,200,index,https://www.glpzy.app/en/index.html,Private GLP-1 tracker for iPhone and iPad | GLPzy,"Track GLP-1 doses, weight, symptoms, reminders, photos, and Apple Health context on iPhone and iPad with GLPzy. Private, local-first, with free core tracking.",Private GLP-1 tracking that stays clear,2016,118,yes,no,yes,9,yes,54 alternates,yes,index
/en-gb/local-first-private-glp-tracker.html,en-gb,privacy,200,index,https://www.glpzy.app/en/local-first-private-glp-tracker.html,Private local-first GLP-1 tracker | GLPzy,"Use GLPzy as a private local-first GLP-1 tracker on iPhone and iPad with no mandatory in-app account, on-device records, exports, and backup options.","A private, local-first GLP-1 tracker",524,67,yes,no,yes,1,yes,54 alternates,yes,index
/en-gb/methodology.html,en-gb,trust,200,index,https://www.glpzy.app/en/methodology.html,"GLPzy methodology, BMI references, and chart estimates","Read the GLPzy methodology for BMI, Estimated Exposure Trend, reminders, chart logic, and the assumptions behind personal tracking views.",Methodology and Limitations,1326,103,no,no,yes,0,no,54 alternates,yes,index
/en-gb/mounjaro-tracker-iphone.html,en-gb,medicine,200,index,https://www.glpzy.app/en/mounjaro-tracker-iphone.html,Mounjaro tracker for iPhone and iPad | GLPzy,"Track Mounjaro on iPhone and iPad with dose logs, reminders, weight review, photos, and local-first history in GLPzy.","Track Mounjaro with reminders, review history, and progress photos",537,56,yes,no,yes,1,yes,54 alternates,yes,index
/en-gb/overview.html,en-gb,support,200,index,https://www.glpzy.app/en/overview.html,"GLPzy trust, privacy, safety, and medical references","Read GLPzy trust, privacy, support, medical safety, methodology, legal, and medical-reference pages before downloading the app.","Trust, privacy, and support",431,99,yes,no,yes,0,no,54 alternates,yes,index
/en-gb/privacy.html,en-gb,privacy,200,index,https://www.glpzy.app/en/privacy.html,GLPzy privacy policy for the iPhone and iPad app,"Read the GLPzy privacy policy covering local-first records, Apple Health permissions, nutrition context, support handling, exports, and continuity backups.",Privacy Policy,1583,107,no,no,no,0,no,54 alternates,yes,index
/en-gb/semaglutide-tracker-iphone.html,en-gb,medicine,200,index,https://www.glpzy.app/en/semaglutide-tracker-iphone.html,Semaglutide tracker for iPhone and iPad | GLPzy,"Track semaglutide routines on iPhone and iPad with dose logs, weight review, reminders, Apple Health context, and local-first history in GLPzy.","Semaglutide tracking with one place for tablets, pens, and review history",530,59,yes,no,yes,1,yes,54 alternates,yes,index
/en-gb/support.html,en-gb,support,200,index,https://www.glpzy.app/en/support.html,GLPzy support and contact information,"Find GLPzy support, privacy, Apple Health, accessibility, subscription, and continuity help contacts, plus guidance on what support can and cannot do.",Support,960,105,no,no,no,0,no,54 alternates,yes,index
/en-gb/terms.html,en-gb,support,200,index,https://www.glpzy.app/en/terms.html,GLPzy legal and trader information,"Read GLPzy legal and trader information, including the Apple standard EULA used for the iOS app and subscription, plus support contact details.",Legal and Trader Information,536,71,yes,no,yes,0,no,54 alternates,yes,index
/en-gb/tirzepatide-tracker-iphone.html,en-gb,medicine,200,index,https://www.glpzy.app/en/tirzepatide-tracker-iphone.html,Tirzepatide tracker for iPhone and iPad | GLPzy,"Track tirzepatide routines on iPhone and iPad with reminders, review history, progress photos, and local-first history in GLPzy.","Track tirzepatide with one place for reminders, history, and review",510,58,yes,no,yes,1,yes,54 alternates,yes,index
/en-gb/wegovy-tracker-iphone.html,en-gb,medicine,200,index,https://www.glpzy.app/en/wegovy-tracker-iphone.html,Wegovy tracker for iPhone and iPad | GLPzy,"Track Wegovy on iPhone and iPad with dose logs, weight review, reminders, progress photos, and Apple Health context in GLPzy.","Track Wegovy with progress photos, reminders, and review history",549,58,yes,no,yes,1,yes,54 alternates,yes,index
/en-gb/zepbound-tracker-iphone.html,en-gb,medicine,200,index,https://www.glpzy.app/en/zepbound-tracker-iphone.html,Zepbound tracker for iPhone and iPad | GLPzy,"Track Zepbound on iPhone and iPad with dose logs, reminders, weight review, progress photos, and Apple Health context in GLPzy.","Track Zepbound with weekly logging, photos, and review history",537,56,yes,no,yes,1,yes,54 alternates,yes,index
/es-es/apple-health-glp-tracker.html,es-es,commercial,200,index,https://www.glpzy.app/es-es/apple-health-glp-tracker.html,Contexto de solo lectura de Apple Health | GLPzy,"El acceso a Apple Health es opcional y está limitado a los permisos que usted otorgue. GLPzy importa el historial de peso corporal y la altura, luego lee resúmenes de composición corporal, sueño, movimiento, entrenamiento, calorías, proteínas y agua en modo de solo lectura. No se escribe nada.",Contexto de solo lectura de Apple Health,562,54,yes,no,no,1,no,54 alternates,yes,index
/es-es/compounded-glp-tracker-iphone.html,es-es,commercial,200,index,https://www.glpzy.app/es-es/compounded-glp-tracker-iphone.html,Compounded​ — Registro rápido y sin desorden | GLPzy,"Compounded​: Sigue esta rutina con historial de dosis, peso, síntomas, apetito, fotos, recordatorios y exportaciones en una app privada.",Compounded​,516,56,yes,no,no,1,no,51 alternates,yes,index
/es-es/custom-medication-tracker-iphone.html,es-es,commercial,200,index,https://www.glpzy.app/es-es/custom-medication-tracker-iphone.html,Personalizado — Registro rápido y sin desorden | GLPzy,"Personalizado: Sigue esta rutina con historial de dosis, peso, síntomas, apetito, fotos, recordatorios y exportaciones en una app privada.",Personalizado,526,58,yes,no,no,1,no,51 alternates,yes,index
/es-es/data-rights.html,es-es,privacy,200,index,https://www.glpzy.app/es-es/data-rights.html,Historial de exportación | GLPzy,GLPzy primero creará una copia de seguridad local y luego reemplazará los registros locales en este dispositivo.,Historial de exportación,438,77,yes,no,no,1,no,54 alternates,yes,index
/es-es/foundayo-tracker-iphone.html,es-es,commercial,200,index,https://www.glpzy.app/es-es/foundayo-tracker-iphone.html,Foundayo — Registro rápido y sin desorden | GLPzy,"Foundayo: Sigue esta rutina con historial de dosis, peso, síntomas, apetito, fotos, recordatorios y exportaciones en una app privada.",Foundayo,506,55,yes,no,no,1,no,51 alternates,yes,index
/es-es/glp1-weight-dose-symptom-tracker.html,es-es,commercial,200,index,https://www.glpzy.app/es-es/glp1-weight-dose-symptom-tracker.html,"Tu rutina GLP-1, organizada sin ruido | GLPzy","Registra dosis, peso, síntomas, apetito, fotos, recordatorios y contexto de Apple Health en una app privada para revisión personal.","Tu rutina GLP-1, organizada sin ruido.",611,54,yes,no,no,1,no,54 alternates,yes,index
/es-es/,es-es,home,200,index,https://www.glpzy.app/es-es/index.html,"Tu rutina GLP-1, organizada sin ruido | GLPzy","Registra dosis, peso, síntomas, apetito, fotos, recordatorios y contexto de Apple Health en una app privada para revisión personal.","Tu rutina GLP-1, organizada sin ruido.",904,137,yes,no,no,1,yes,54 alternates,yes,index
/es-es/local-first-private-glp-tracker.html,es-es,privacy,200,index,https://www.glpzy.app/es-es/local-first-private-glp-tracker.html,Privada por defecto. Exportable cuando tú decidas | GLPzy,"No se requiere una cuenta para realizar un seguimiento de las dosis, el peso, los síntomas, los recordatorios ni los lembretes.",Privada por defecto. Exportable cuando tú decidas.,519,54,yes,no,no,1,no,54 alternates,yes,index
/es-es/medical-safety.html,es-es,trust,200,index,https://www.glpzy.app/es-es/medical-safety.html,Seguridad médica | GLPzy,"GLPzy te ayuda a mantener un registro más claro de lo sucedido. No diagnostica, prescribe ni elige la dosis.",Seguridad médica,826,78,yes,no,no,1,no,51 alternates,yes,index
/es-es/methodology.html,es-es,trust,200,index,https://www.glpzy.app/es-es/methodology.html,Metodología | GLPzy,La tendencia de exposición estimada usa la hora registrada de las dosis junto con un modelo simplificado de absorción y eliminación solo para seguimiento personal.,Metodología,860,77,yes,no,no,1,no,54 alternates,yes,index
/es-es/mounjaro-tracker-iphone.html,es-es,medicine,200,index,https://www.glpzy.app/es-es/mounjaro-tracker-iphone.html,Mounjaro — Registro rápido y sin desorden | GLPzy,"Mounjaro: Sigue esta rutina con historial de dosis, peso, síntomas, apetito, fotos, recordatorios y exportaciones en una app privada.",Mounjaro,514,57,yes,no,no,1,no,54 alternates,yes,index
/es-es/overview.html,es-es,support,200,index,https://www.glpzy.app/es-es/overview.html,GLPzy — Política de privacidad · Seguridad médica · Apoyo,"Revise el alcance del soporte, los contactos de privacidad y la orientación que no es de emergencia.",GLPzy,465,54,yes,no,no,1,no,54 alternates,yes,index
/es-es/ozempic-tracker-iphone.html,es-es,commercial,200,index,https://www.glpzy.app/es-es/ozempic-tracker-iphone.html,Ozempic — Registro rápido y sin desorden | GLPzy,"Ozempic: Sigue esta rutina con historial de dosis, peso, síntomas, apetito, fotos, recordatorios y exportaciones en una app privada.",Ozempic,511,58,yes,no,no,1,no,51 alternates,yes,index
/es-es/privacy.html,es-es,privacy,200,index,https://www.glpzy.app/es-es/privacy.html,Privada por defecto. Exportable cuando tú decidas | GLPzy,"No se requiere una cuenta para realizar un seguimiento de las dosis, el peso, los síntomas, los recordatorios ni los lembretes.",Privada por defecto. Exportable cuando tú decidas.,519,113,yes,no,no,1,no,54 alternates,yes,index
/es-es/rybelsus-tracker-iphone.html,es-es,commercial,200,index,https://www.glpzy.app/es-es/rybelsus-tracker-iphone.html,Rybelsus — Registro rápido y sin desorden | GLPzy,"Rybelsus: Sigue esta rutina con historial de dosis, peso, síntomas, apetito, fotos, recordatorios y exportaciones en una app privada.",Rybelsus,508,58,yes,no,no,1,no,51 alternates,yes,index
/es-es/saxenda-tracker-iphone.html,es-es,commercial,200,index,https://www.glpzy.app/es-es/saxenda-tracker-iphone.html,Saxenda — Registro rápido y sin desorden | GLPzy,"Saxenda: Sigue esta rutina con historial de dosis, peso, síntomas, apetito, fotos, recordatorios y exportaciones en una app privada.",Saxenda,506,56,yes,no,no,1,no,51 alternates,yes,index
/es-es/semaglutide-tracker-iphone.html,es-es,medicine,200,index,https://www.glpzy.app/es-es/semaglutide-tracker-iphone.html,Semaglutide — Registro rápido y sin desorden | GLPzy,"Semaglutide: Sigue esta rutina con historial de dosis, peso, síntomas, apetito, fotos, recordatorios y exportaciones en una app privada.",Semaglutide,516,60,yes,no,no,1,no,54 alternates,yes,index
/es-es/support.html,es-es,support,200,index,https://www.glpzy.app/es-es/support.html,Apoyo | GLPzy,"Revise el alcance del soporte, los contactos de privacidad y la orientación que no es de emergencia.",Apoyo,502,100,yes,no,no,1,no,54 alternates,yes,index
/es-es/terms.html,es-es,support,200,index,https://www.glpzy.app/es-es/terms.html,Condiciones de uso | GLPzy,"El precio, el período de facturación y los detalles de la oferta introductoria se muestran en su cuenta App Store antes de la compra. Administrar o cancelar en la configuración App Store.",Condiciones de uso,564,77,yes,no,no,1,no,54 alternates,yes,index
/es-es/tirzepatide-tracker-iphone.html,es-es,medicine,200,index,https://www.glpzy.app/es-es/tirzepatide-tracker-iphone.html,Tirzepatide — Registro rápido y sin desorden | GLPzy,"Tirzepatide: Sigue esta rutina con historial de dosis, peso, síntomas, apetito, fotos, recordatorios y exportaciones en una app privada.",Tirzepatide,518,59,yes,no,no,1,no,54 alternates,yes,index
/es-es/trulicity-tracker-iphone.html,es-es,commercial,200,index,https://www.glpzy.app/es-es/trulicity-tracker-iphone.html,Trulicity — Registro rápido y sin desorden | GLPzy,"Trulicity: Sigue esta rutina con historial de dosis, peso, síntomas, apetito, fotos, recordatorios y exportaciones en una app privada.",Trulicity,505,55,yes,no,no,1,no,51 alternates,yes,index
/es-es/victoza-tracker-iphone.html,es-es,commercial,200,index,https://www.glpzy.app/es-es/victoza-tracker-iphone.html,Victoza — Registro rápido y sin desorden | GLPzy,"Victoza: Sigue esta rutina con historial de dosis, peso, síntomas, apetito, fotos, recordatorios y exportaciones en una app privada.",Victoza,506,56,yes,no,no,1,no,51 alternates,yes,index
/es-es/wegovy-tracker-iphone.html,es-es,medicine,200,index,https://www.glpzy.app/es-es/wegovy-tracker-iphone.html,Wegovy — Registro rápido y sin desorden | GLPzy,"Wegovy: Sigue esta rutina con historial de dosis, peso, síntomas, apetito, fotos, recordatorios y exportaciones en una app privada.",Wegovy,516,58,yes,no,no,1,no,54 alternates,yes,index
/es-es/zepbound-tracker-iphone.html,es-es,medicine,200,index,https://www.glpzy.app/es-es/zepbound-tracker-iphone.html,Zepbound — Registro rápido y sin desorden | GLPzy,"Zepbound: Sigue esta rutina con historial de dosis, peso, síntomas, apetito, fotos, recordatorios y exportaciones en una app privada.",Zepbound,527,57,yes,no,no,1,no,54 alternates,yes,index
/es-mx/apple-health-glp-tracker.html,es-mx,commercial,200,index,https://www.glpzy.app/es-mx/apple-health-glp-tracker.html,Contexto de solo lectura de Apple Health | GLPzy,"El acceso a Apple Health es opcional y está limitado a los permisos que usted otorgue. GLPzy importa el historial de peso corporal y la altura, luego lee resúmenes de composición corporal, sueño, movimiento, entrenamiento, calorías, proteínas y agua en modo de solo lectura. No se escribe nada.",Contexto de solo lectura de Apple Health,562,54,yes,no,no,1,no,54 alternates,yes,index
/es-mx/compounded-glp-tracker-iphone.html,es-mx,commercial,200,index,https://www.glpzy.app/es-mx/compounded-glp-tracker-iphone.html,Compounded​ — Registro rápido y sin desorden | GLPzy,"Compounded​: Da seguimiento a esta rutina con historial de dosis, peso, síntomas, apetito, fotos, recordatorios y exportaciones en una app privada.",Compounded​,520,56,yes,no,no,1,no,51 alternates,yes,index
/es-mx/custom-medication-tracker-iphone.html,es-mx,commercial,200,index,https://www.glpzy.app/es-mx/custom-medication-tracker-iphone.html,Personalizado — Registro rápido y sin desorden | GLPzy,"Personalizado: Da seguimiento a esta rutina con historial de dosis, peso, síntomas, apetito, fotos, recordatorios y exportaciones en una app privada.",Personalizado,530,58,yes,no,no,1,no,51 alternates,yes,index
/es-mx/data-rights.html,es-mx,privacy,200,index,https://www.glpzy.app/es-mx/data-rights.html,Historial de exportación | GLPzy,GLPzy primero creará una copia de seguridad local y luego reemplazará los registros locales en este dispositivo.,Historial de exportación,438,77,yes,no,no,1,no,54 alternates,yes,index
/es-mx/foundayo-tracker-iphone.html,es-mx,commercial,200,index,https://www.glpzy.app/es-mx/foundayo-tracker-iphone.html,Foundayo — Registro rápido y sin desorden | GLPzy,"Foundayo: Da seguimiento a esta rutina con historial de dosis, peso, síntomas, apetito, fotos, recordatorios y exportaciones en una app privada.",Foundayo,510,55,yes,no,no,1,no,51 alternates,yes,index
/es-mx/glp1-weight-dose-symptom-tracker.html,es-mx,commercial,200,index,https://www.glpzy.app/es-mx/glp1-weight-dose-symptom-tracker.html,"Tu rutina GLP-1, organizada sin ruido | GLPzy","Registra dosis, peso, síntomas, apetito, fotos, recordatorios y contexto de Apple Health en una app privada para revisión personal.","Tu rutina GLP-1, organizada sin ruido.",612,54,yes,no,no,1,no,54 alternates,yes,index
/es-mx/,es-mx,home,200,index,https://www.glpzy.app/es-mx/index.html,"Tu rutina GLP-1, organizada sin ruido | GLPzy","Registra dosis, peso, síntomas, apetito, fotos, recordatorios y contexto de Apple Health en una app privada para revisión personal.","Tu rutina GLP-1, organizada sin ruido.",906,137,yes,no,no,1,yes,54 alternates,yes,index
/es-mx/local-first-private-glp-tracker.html,es-mx,privacy,200,index,https://www.glpzy.app/es-mx/local-first-private-glp-tracker.html,Privada de forma predeterminada. Exportable cuando tú decidas | GLPzy,"No se requiere una cuenta para realizar un seguimiento de las dosis, el peso, los síntomas, los recordatorios ni los lembretes.",Privada de forma predeterminada. Exportable cuando tú decidas.,521,54,yes,no,no,1,no,108 alternates,yes,index
/es-mx/medical-safety.html,es-mx,trust,200,index,https://www.glpzy.app/es-mx/medical-safety.html,Seguridad médica | GLPzy,"GLPzy te ayuda a mantener un registro más claro de lo sucedido. No diagnostica, prescribe ni elige la dosis.",Seguridad médica,826,78,yes,no,no,1,no,105 alternates,yes,index
/es-mx/methodology.html,es-mx,trust,200,index,https://www.glpzy.app/es-mx/methodology.html,Metodología | GLPzy,La tendencia de exposición estimada usa la hora registrada de las dosis junto con un modelo simplificado de absorción y eliminación solo para seguimiento personal.,Metodología,860,77,yes,no,no,1,no,108 alternates,yes,index
/es-mx/mounjaro-tracker-iphone.html,es-mx,medicine,200,index,https://www.glpzy.app/es-mx/mounjaro-tracker-iphone.html,Mounjaro — Registro rápido y sin desorden | GLPzy,"Mounjaro: Da seguimiento a esta rutina con historial de dosis, peso, síntomas, apetito, fotos, recordatorios y exportaciones en una app privada.",Mounjaro,518,57,yes,no,no,1,no,108 alternates,yes,index
/es-mx/overview.html,es-mx,support,200,index,https://www.glpzy.app/es-mx/overview.html,GLPzy — Política de privacidad · Seguridad médica · Apoyo,"Revise el alcance del soporte, los contactos de privacidad y la orientación que no es de emergencia.",GLPzy,465,54,yes,no,no,1,no,108 alternates,yes,index
/es-mx/ozempic-tracker-iphone.html,es-mx,commercial,200,index,https://www.glpzy.app/es-mx/ozempic-tracker-iphone.html,Ozempic — Registro rápido y sin desorden | GLPzy,"Ozempic: Da seguimiento a esta rutina con historial de dosis, peso, síntomas, apetito, fotos, recordatorios y exportaciones en una app privada.",Ozempic,515,58,yes,no,no,1,no,105 alternates,yes,index
/es-mx/privacy.html,es-mx,privacy,200,index,https://www.glpzy.app/es-mx/privacy.html,Privada de forma predeterminada. Exportable cuando tú decidas | GLPzy,"No se requiere una cuenta para realizar un seguimiento de las dosis, el peso, los síntomas, los recordatorios ni los lembretes.",Privada de forma predeterminada. Exportable cuando tú decidas.,521,113,yes,no,no,1,no,108 alternates,yes,index
/es-mx/rybelsus-tracker-iphone.html,es-mx,commercial,200,index,https://www.glpzy.app/es-mx/rybelsus-tracker-iphone.html,Rybelsus — Registro rápido y sin desorden | GLPzy,"Rybelsus: Da seguimiento a esta rutina con historial de dosis, peso, síntomas, apetito, fotos, recordatorios y exportaciones en una app privada.",Rybelsus,512,58,yes,no,no,1,no,105 alternates,yes,index
/es-mx/saxenda-tracker-iphone.html,es-mx,commercial,200,index,https://www.glpzy.app/es-mx/saxenda-tracker-iphone.html,Saxenda — Registro rápido y sin desorden | GLPzy,"Saxenda: Da seguimiento a esta rutina con historial de dosis, peso, síntomas, apetito, fotos, recordatorios y exportaciones en una app privada.",Saxenda,510,56,yes,no,no,1,no,105 alternates,yes,index
/es-mx/semaglutide-tracker-iphone.html,es-mx,medicine,200,index,https://www.glpzy.app/es-mx/semaglutide-tracker-iphone.html,Semaglutide — Registro rápido y sin desorden | GLPzy,"Semaglutide: Da seguimiento a esta rutina con historial de dosis, peso, síntomas, apetito, fotos, recordatorios y exportaciones en una app privada.",Semaglutide,520,60,yes,no,no,1,no,108 alternates,yes,index
/es-mx/support.html,es-mx,support,200,index,https://www.glpzy.app/es-mx/support.html,Apoyo | GLPzy,"Revise el alcance del soporte, los contactos de privacidad y la orientación que no es de emergencia.",Apoyo,502,100,yes,no,no,1,no,108 alternates,yes,index
/es-mx/terms.html,es-mx,support,200,index,https://www.glpzy.app/es-mx/terms.html,Condiciones de uso | GLPzy,"El precio, el período de facturación y los detalles de la oferta introductoria se muestran en su cuenta App Store antes de la compra. Administrar o cancelar en la configuración App Store.",Condiciones de uso,564,77,yes,no,no,1,no,108 alternates,yes,index
/es-mx/tirzepatide-tracker-iphone.html,es-mx,medicine,200,index,https://www.glpzy.app/es-mx/tirzepatide-tracker-iphone.html,Tirzepatide — Registro rápido y sin desorden | GLPzy,"Tirzepatide: Da seguimiento a esta rutina con historial de dosis, peso, síntomas, apetito, fotos, recordatorios y exportaciones en una app privada.",Tirzepatide,522,59,yes,no,no,1,no,108 alternates,yes,index
/es-mx/trulicity-tracker-iphone.html,es-mx,commercial,200,index,https://www.glpzy.app/es-mx/trulicity-tracker-iphone.html,Trulicity — Registro rápido y sin desorden | GLPzy,"Trulicity: Da seguimiento a esta rutina con historial de dosis, peso, síntomas, apetito, fotos, recordatorios y exportaciones en una app privada.",Trulicity,509,55,yes,no,no,1,no,105 alternates,yes,index
/es-mx/victoza-tracker-iphone.html,es-mx,commercial,200,index,https://www.glpzy.app/es-mx/victoza-tracker-iphone.html,Victoza — Registro rápido y sin desorden | GLPzy,"Victoza: Da seguimiento a esta rutina con historial de dosis, peso, síntomas, apetito, fotos, recordatorios y exportaciones en una app privada.",Victoza,510,56,yes,no,no,1,no,105 alternates,yes,index
/es-mx/wegovy-tracker-iphone.html,es-mx,medicine,200,index,https://www.glpzy.app/es-mx/wegovy-tracker-iphone.html,Wegovy — Registro rápido y sin desorden | GLPzy,"Wegovy: Da seguimiento a esta rutina con historial de dosis, peso, síntomas, apetito, fotos, recordatorios y exportaciones en una app privada.",Wegovy,520,58,yes,no,no,1,no,108 alternates,yes,index
/es-mx/zepbound-tracker-iphone.html,es-mx,medicine,200,index,https://www.glpzy.app/es-mx/zepbound-tracker-iphone.html,Zepbound — Registro rápido y sin desorden | GLPzy,"Zepbound: Da seguimiento a esta rutina con historial de dosis, peso, síntomas, apetito, fotos, recordatorios y exportaciones en una app privada.",Zepbound,531,57,yes,no,no,1,no,108 alternates,yes,index
/et/apple-health-glp-tracker.html,et,commercial,200,index,https://www.glpzy.app/et/apple-health-glp-tracker.html,Kirjutuskaitstud kontekst teenusest Apple Health | GLPzy,"Apple Health juurdepääs on valikuline ja piiratud teie antud lubadega. GLPzy impordib kehakaalu ajaloo ja pikkuse ning loeb seejärel kirjutuskaitstud režiimis keha koostise, une, liikumise, treeningu, kalorite, valkude ja vee kokkuvõtteid. Midagi ei kirjutata tagasi.",Kirjutuskaitstud kontekst teenusest Apple Health,493,54,yes,no,no,1,no,108 alternates,yes,index
/et/compounded-glp-tracker-iphone.html,et,commercial,200,index,https://www.glpzy.app/et/compounded-glp-tracker-iphone.html,Apteegis valmistatud — Kiire annuste märkimine ilma segaduseta | GLPzy,"Apteegis valmistatud: Jälgi seda rutiini annuse ajaloo, kaalu, sümptomite, söögiisu, fotode, meeldetuletuste ja ekspordiga ühes privaatses rakenduses.",Apteegis valmistatud,452,56,yes,no,no,1,no,105 alternates,yes,index
/et/custom-medication-tracker-iphone.html,et,commercial,200,index,https://www.glpzy.app/et/custom-medication-tracker-iphone.html,Kohandatud — Kiire annuste märkimine ilma segaduseta | GLPzy,"Kohandatud: Jälgi seda rutiini annuse ajaloo, kaalu, sümptomite, söögiisu, fotode, meeldetuletuste ja ekspordiga ühes privaatses rakenduses.",Kohandatud,458,58,yes,no,no,1,no,105 alternates,yes,index
/et/data-rights.html,et,privacy,200,index,https://www.glpzy.app/et/data-rights.html,Ekspordi ajalugu | GLPzy,"GLPzy loob esmalt kohaliku turvavarukoopia, seejärel asendab selle seadme kohalikud kirjed.",Ekspordi ajalugu,379,77,yes,no,no,1,no,108 alternates,yes,index
/et/foundayo-tracker-iphone.html,et,commercial,200,index,https://www.glpzy.app/et/foundayo-tracker-iphone.html,Foundayo — Kiire annuste märkimine ilma segaduseta | GLPzy,"Foundayo: Jälgi seda rutiini annuse ajaloo, kaalu, sümptomite, söögiisu, fotode, meeldetuletuste ja ekspordiga ühes privaatses rakenduses.",Foundayo,436,55,yes,no,no,1,no,105 alternates,yes,index
/et/glp1-weight-dose-symptom-tracker.html,et,commercial,200,index,https://www.glpzy.app/et/glp1-weight-dose-symptom-tracker.html,"Sinu GLP-1 rutiin, korrastatud ilma segaduseta | GLPzy","Logi annused, kaal, sümptomid, söögiisu, fotod, meeldetuletused ja Apple Healthi kontekst ühes privaatses rakenduses isiklikuks ülevaatuseks.","Sinu GLP-1 rutiin, korrastatud ilma segaduseta.",516,54,yes,no,no,1,no,108 alternates,yes,index
/et/,et,home,200,index,https://www.glpzy.app/et/index.html,"Sinu GLP-1 rutiin, korrastatud ilma segaduseta | GLPzy","Logi annused, kaal, sümptomid, söögiisu, fotod, meeldetuletused ja Apple Healthi kontekst ühes privaatses rakenduses isiklikuks ülevaatuseks.","Sinu GLP-1 rutiin, korrastatud ilma segaduseta.",739,137,yes,no,no,1,yes,108 alternates,yes,index
/et/local-first-private-glp-tracker.html,et,privacy,200,index,https://www.glpzy.app/et/local-first-private-glp-tracker.html,"Vaikimisi privaatne. Eksporditav, kui sina valid | GLPzy","Annuste, kaalu, sümptomite, meeldetuletuste või tellimuste jälgimiseks pole kontot vaja.","Vaikimisi privaatne. Eksporditav, kui sina valid.",448,54,yes,no,no,1,no,108 alternates,yes,index
/et/medical-safety.html,et,trust,200,index,https://www.glpzy.app/et/medical-safety.html,Meditsiiniline ohutus | GLPzy,"GLPzy aitab teil juhtunu kohta selgemat arvestust pidada. See ei diagnoosi, ei määra ega vali annust.",Meditsiiniline ohutus,629,78,yes,no,no,1,no,105 alternates,yes,index
/et/methodology.html,et,trust,200,index,https://www.glpzy.app/et/methodology.html,Metoodika | GLPzy,Hinnanguline kokkupuutetrend kasutab ainult isiklikuks jälgimiseks logitud annuse ajastust ning lihtsustatud imendumise ja elimineerimise mudelit.,Metoodika,643,77,yes,no,no,1,no,108 alternates,yes,index
/et/mounjaro-tracker-iphone.html,et,medicine,200,index,https://www.glpzy.app/et/mounjaro-tracker-iphone.html,Mounjaro — Kiire annuste märkimine ilma segaduseta | GLPzy,"Mounjaro: Jälgi seda rutiini annuse ajaloo, kaalu, sümptomite, söögiisu, fotode, meeldetuletuste ja ekspordiga ühes privaatses rakenduses.",Mounjaro,445,57,yes,no,no,1,no,108 alternates,yes,index
/et/overview.html,et,support,200,index,https://www.glpzy.app/et/overview.html,GLPzy — Privaatsuspoliitika · Meditsiiniline ohutus · Toetus,"Vaadake üle toe ulatus, privaatsuskontaktid ja mittehädaolukorra juhised.",GLPzy,388,54,yes,no,no,1,no,108 alternates,yes,index
/et/ozempic-tracker-iphone.html,et,commercial,200,index,https://www.glpzy.app/et/ozempic-tracker-iphone.html,Ozempic — Kiire annuste märkimine ilma segaduseta | GLPzy,"Ozempic: Jälgi seda rutiini annuse ajaloo, kaalu, sümptomite, söögiisu, fotode, meeldetuletuste ja ekspordiga ühes privaatses rakenduses.",Ozempic,442,58,yes,no,no,1,no,105 alternates,yes,index
/et/privacy.html,et,privacy,200,index,https://www.glpzy.app/et/privacy.html,"Vaikimisi privaatne. Eksporditav, kui sina valid | GLPzy","Annuste, kaalu, sümptomite, meeldetuletuste või tellimuste jälgimiseks pole kontot vaja.","Vaikimisi privaatne. Eksporditav, kui sina valid.",448,113,yes,no,no,1,no,108 alternates,yes,index
/et/rybelsus-tracker-iphone.html,et,commercial,200,index,https://www.glpzy.app/et/rybelsus-tracker-iphone.html,Rybelsus — Kiire annuste märkimine ilma segaduseta | GLPzy,"Rybelsus: Jälgi seda rutiini annuse ajaloo, kaalu, sümptomite, söögiisu, fotode, meeldetuletuste ja ekspordiga ühes privaatses rakenduses.",Rybelsus,438,58,yes,no,no,1,no,105 alternates,yes,index
/et/saxenda-tracker-iphone.html,et,commercial,200,index,https://www.glpzy.app/et/saxenda-tracker-iphone.html,Saxenda — Kiire annuste märkimine ilma segaduseta | GLPzy,"Saxenda: Jälgi seda rutiini annuse ajaloo, kaalu, sümptomite, söögiisu, fotode, meeldetuletuste ja ekspordiga ühes privaatses rakenduses.",Saxenda,436,56,yes,no,no,1,no,105 alternates,yes,index
/et/semaglutide-tracker-iphone.html,et,medicine,200,index,https://www.glpzy.app/et/semaglutide-tracker-iphone.html,Semaglutide — Kiire annuste märkimine ilma segaduseta | GLPzy,"Semaglutide: Jälgi seda rutiini annuse ajaloo, kaalu, sümptomite, söögiisu, fotode, meeldetuletuste ja ekspordiga ühes privaatses rakenduses.",Semaglutide,446,60,yes,no,no,1,no,108 alternates,yes,index
/et/support.html,et,support,200,index,https://www.glpzy.app/et/support.html,Toetus | GLPzy,"Vaadake üle toe ulatus, privaatsuskontaktid ja mittehädaolukorra juhised.",Toetus,412,100,yes,no,no,1,no,108 alternates,yes,index
/et/terms.html,et,support,200,index,https://www.glpzy.app/et/terms.html,Kasutustingimused | GLPzy,"Hinnakujundus, arveldusperiood ja mis tahes tutvustuspakkumise üksikasjad kuvatakse teie App Store kontol enne ostmist. Hallake või tühistage App Store seadetes.",Kasutustingimused,453,77,yes,no,no,1,no,108 alternates,yes,index
/et/tirzepatide-tracker-iphone.html,et,medicine,200,index,https://www.glpzy.app/et/tirzepatide-tracker-iphone.html,Tirzepatide — Kiire annuste märkimine ilma segaduseta | GLPzy,"Tirzepatide: Jälgi seda rutiini annuse ajaloo, kaalu, sümptomite, söögiisu, fotode, meeldetuletuste ja ekspordiga ühes privaatses rakenduses.",Tirzepatide,449,59,yes,no,no,1,no,108 alternates,yes,index
/et/trulicity-tracker-iphone.html,et,commercial,200,index,https://www.glpzy.app/et/trulicity-tracker-iphone.html,Trulicity — Kiire annuste märkimine ilma segaduseta | GLPzy,"Trulicity: Jälgi seda rutiini annuse ajaloo, kaalu, sümptomite, söögiisu, fotode, meeldetuletuste ja ekspordiga ühes privaatses rakenduses.",Trulicity,436,55,yes,no,no,1,no,105 alternates,yes,index
/et/victoza-tracker-iphone.html,et,commercial,200,index,https://www.glpzy.app/et/victoza-tracker-iphone.html,Victoza — Kiire annuste märkimine ilma segaduseta | GLPzy,"Victoza: Jälgi seda rutiini annuse ajaloo, kaalu, sümptomite, söögiisu, fotode, meeldetuletuste ja ekspordiga ühes privaatses rakenduses.",Victoza,436,56,yes,no,no,1,no,105 alternates,yes,index
/et/wegovy-tracker-iphone.html,et,medicine,200,index,https://www.glpzy.app/et/wegovy-tracker-iphone.html,Wegovy — Kiire annuste märkimine ilma segaduseta | GLPzy,"Wegovy: Jälgi seda rutiini annuse ajaloo, kaalu, sümptomite, söögiisu, fotode, meeldetuletuste ja ekspordiga ühes privaatses rakenduses.",Wegovy,446,58,yes,no,no,1,no,108 alternates,yes,index
/et/zepbound-tracker-iphone.html,et,medicine,200,index,https://www.glpzy.app/et/zepbound-tracker-iphone.html,Zepbound — Kiire annuste märkimine ilma segaduseta | GLPzy,"Zepbound: Jälgi seda rutiini annuse ajaloo, kaalu, sümptomite, söögiisu, fotode, meeldetuletuste ja ekspordiga ühes privaatses rakenduses.",Zepbound,456,57,yes,no,no,1,no,108 alternates,yes,index
/fi/apple-health-glp-tracker.html,fi,commercial,200,index,https://www.glpzy.app/fi/apple-health-glp-tracker.html,Vain luku -konteksti Apple Healthista | GLPzy,"Apple Health käyttöoikeus on valinnainen ja rajoitettu myöntämiisi käyttöoikeuksiin. GLPzy tuo kehon painohistorian ja pituuden ja lukee sitten kehon koostumuksen, liikkeen, harjoituksen, kalorien, proteiinien ja veden yhteenvedot vain luku -tilassa. Mitään ei kirjoiteta takaisin.",Vain luku -konteksti Apple Healthista,480,54,yes,no,no,1,no,108 alternates,yes,index
/fi/compounded-glp-tracker-iphone.html,fi,commercial,200,index,https://www.glpzy.app/fi/compounded-glp-tracker-iphone.html,Compounded​ — Nopea kirjaus ilman sotkua | GLPzy,"Compounded​: Seuraa tätä rutiinia annoshistorian, painon, oireiden, ruokahalun, kuvien, muistutusten ja vientien kanssa yhdessä yksityisessä sovelluksessa.",Compounded​,438,56,yes,no,no,1,no,105 alternates,yes,index
/fi/custom-medication-tracker-iphone.html,fi,commercial,200,index,https://www.glpzy.app/fi/custom-medication-tracker-iphone.html,Mukautettu — Nopea kirjaus ilman sotkua | GLPzy,"Mukautettu: Seuraa tätä rutiinia annoshistorian, painon, oireiden, ruokahalun, kuvien, muistutusten ja vientien kanssa yhdessä yksityisessä sovelluksessa.",Mukautettu,446,58,yes,no,no,1,no,105 alternates,yes,index
/fi/data-rights.html,fi,privacy,200,index,https://www.glpzy.app/fi/data-rights.html,Vie historiaa | GLPzy,GLPzy luo ensin paikallisen turvallisuusvarmuuskopion ja korvaa sitten tämän laitteen paikalliset tietueet.,Vie historiaa,369,77,yes,no,no,1,no,108 alternates,yes,index
/fi/foundayo-tracker-iphone.html,fi,commercial,200,index,https://www.glpzy.app/fi/foundayo-tracker-iphone.html,Foundayo — Nopea kirjaus ilman sotkua | GLPzy,"Foundayo: Seuraa tätä rutiinia annoshistorian, painon, oireiden, ruokahalun, kuvien, muistutusten ja vientien kanssa yhdessä yksityisessä sovelluksessa.",Foundayo,428,55,yes,no,no,1,no,105 alternates,yes,index
/fi/glp1-weight-dose-symptom-tracker.html,fi,commercial,200,index,https://www.glpzy.app/fi/glp1-weight-dose-symptom-tracker.html,GLP-1-rutiinisi järjestyksessä ilman turhaa sekavuutta | GLPzy,"Kirjaa annokset, paino, oireet, ruokahalu, kuvat, muistutukset ja Apple Health -konteksti yhteen yksityiseen sovellukseen omaa tarkastelua varten.",GLP-1-rutiinisi järjestyksessä ilman turhaa sekavuutta.,499,54,yes,no,no,1,no,108 alternates,yes,index
/fi/,fi,home,200,index,https://www.glpzy.app/fi/index.html,GLP-1-rutiinisi järjestyksessä ilman turhaa sekavuutta | GLPzy,"Kirjaa annokset, paino, oireet, ruokahalu, kuvat, muistutukset ja Apple Health -konteksti yhteen yksityiseen sovellukseen omaa tarkastelua varten.",GLP-1-rutiinisi järjestyksessä ilman turhaa sekavuutta.,713,137,yes,no,no,1,yes,108 alternates,yes,index
/fi/local-first-private-glp-tracker.html,fi,privacy,200,index,https://www.glpzy.app/fi/local-first-private-glp-tracker.html,"Oletuksena yksityinen. Vietävissä, kun valitset | GLPzy","Tiliä ei tarvita annosten, painon, oireiden tai muistutusten kirjaamiseen.","Oletuksena yksityinen. Vietävissä, kun valitset.",428,54,yes,no,no,1,no,108 alternates,yes,index
/fi/medical-safety.html,fi,trust,200,index,https://www.glpzy.app/fi/medical-safety.html,Lääketieteellinen turvallisuus | GLPzy,"GLPzy auttaa pitämään selkeämmän kirjaa tapahtuneesta. Se ei tee diagnoosia, määrää tai valitse annostasi.",Lääketieteellinen turvallisuus,617,78,yes,no,no,1,no,105 alternates,yes,index
/fi/methodology.html,fi,trust,200,index,https://www.glpzy.app/fi/methodology.html,Metodologia | GLPzy,Arvioitu altistustrendi käyttää kirjattuja annosaikoja ja yksinkertaistettua imeytymis- ja eliminaatiomallia vain henkilökohtaiseen seurantaan.,Metodologia,624,77,yes,no,no,1,no,108 alternates,yes,index
/fi/mounjaro-tracker-iphone.html,fi,medicine,200,index,https://www.glpzy.app/fi/mounjaro-tracker-iphone.html,Mounjaro — Nopea kirjaus ilman sotkua | GLPzy,"Mounjaro: Seuraa tätä rutiinia annoshistorian, painon, oireiden, ruokahalun, kuvien, muistutusten ja vientien kanssa yhdessä yksityisessä sovelluksessa.",Mounjaro,439,57,yes,no,no,1,no,108 alternates,yes,index
/fi/overview.html,fi,support,200,index,https://www.glpzy.app/fi/overview.html,GLPzy — Tietosuojakäytäntö · Lääketieteellinen turvallisuus · Tukea,"Tarkista tuen laajuus, tietosuojayhteystiedot ja ei-hätätilanneohjeet.",GLPzy,375,54,yes,no,no,1,no,108 alternates,yes,index
/fi/ozempic-tracker-iphone.html,fi,commercial,200,index,https://www.glpzy.app/fi/ozempic-tracker-iphone.html,Ozempic — Nopea kirjaus ilman sotkua | GLPzy,"Ozempic: Seuraa tätä rutiinia annoshistorian, painon, oireiden, ruokahalun, kuvien, muistutusten ja vientien kanssa yhdessä yksityisessä sovelluksessa.",Ozempic,435,58,yes,no,no,1,no,105 alternates,yes,index
/fi/privacy.html,fi,privacy,200,index,https://www.glpzy.app/fi/privacy.html,"Oletuksena yksityinen. Vietävissä, kun valitset | GLPzy","Tiliä ei tarvita annosten, painon, oireiden tai muistutusten kirjaamiseen.","Oletuksena yksityinen. Vietävissä, kun valitset.",428,113,yes,no,no,1,no,108 alternates,yes,index
/fi/rybelsus-tracker-iphone.html,fi,commercial,200,index,https://www.glpzy.app/fi/rybelsus-tracker-iphone.html,Rybelsus — Nopea kirjaus ilman sotkua | GLPzy,"Rybelsus: Seuraa tätä rutiinia annoshistorian, painon, oireiden, ruokahalun, kuvien, muistutusten ja vientien kanssa yhdessä yksityisessä sovelluksessa.",Rybelsus,430,58,yes,no,no,1,no,105 alternates,yes,index
/fi/saxenda-tracker-iphone.html,fi,commercial,200,index,https://www.glpzy.app/fi/saxenda-tracker-iphone.html,Saxenda — Nopea kirjaus ilman sotkua | GLPzy,"Saxenda: Seuraa tätä rutiinia annoshistorian, painon, oireiden, ruokahalun, kuvien, muistutusten ja vientien kanssa yhdessä yksityisessä sovelluksessa.",Saxenda,428,56,yes,no,no,1,no,105 alternates,yes,index
/fi/semaglutide-tracker-iphone.html,fi,medicine,200,index,https://www.glpzy.app/fi/semaglutide-tracker-iphone.html,Semaglutide — Nopea kirjaus ilman sotkua | GLPzy,"Semaglutide: Seuraa tätä rutiinia annoshistorian, painon, oireiden, ruokahalun, kuvien, muistutusten ja vientien kanssa yhdessä yksityisessä sovelluksessa.",Semaglutide,438,60,yes,no,no,1,no,108 alternates,yes,index
/fi/support.html,fi,support,200,index,https://www.glpzy.app/fi/support.html,Tukea | GLPzy,"Tarkista tuen laajuus, tietosuojayhteystiedot ja ei-hätätilanneohjeet.",Tukea,397,100,yes,no,no,1,no,108 alternates,yes,index
/fi/terms.html,fi,support,200,index,https://www.glpzy.app/fi/terms.html,Käyttöehdot | GLPzy,"Hinnoittelu, laskutuskausi ja kaikki johdantotarjouksen tiedot näkyvät App Store-tililläsi ennen ostoa. Hallinnoi tai peruuta App Store-asetuksissa.",Käyttöehdot,424,77,yes,no,no,1,no,108 alternates,yes,index
/fi/tirzepatide-tracker-iphone.html,fi,medicine,200,index,https://www.glpzy.app/fi/tirzepatide-tracker-iphone.html,Tirzepatide — Nopea kirjaus ilman sotkua | GLPzy,"Tirzepatide: Seuraa tätä rutiinia annoshistorian, painon, oireiden, ruokahalun, kuvien, muistutusten ja vientien kanssa yhdessä yksityisessä sovelluksessa.",Tirzepatide,444,59,yes,no,no,1,no,108 alternates,yes,index
/fi/trulicity-tracker-iphone.html,fi,commercial,200,index,https://www.glpzy.app/fi/trulicity-tracker-iphone.html,Trulicity — Nopea kirjaus ilman sotkua | GLPzy,"Trulicity: Seuraa tätä rutiinia annoshistorian, painon, oireiden, ruokahalun, kuvien, muistutusten ja vientien kanssa yhdessä yksityisessä sovelluksessa.",Trulicity,430,55,yes,no,no,1,no,105 alternates,yes,index
/fi/victoza-tracker-iphone.html,fi,commercial,200,index,https://www.glpzy.app/fi/victoza-tracker-iphone.html,Victoza — Nopea kirjaus ilman sotkua | GLPzy,"Victoza: Seuraa tätä rutiinia annoshistorian, painon, oireiden, ruokahalun, kuvien, muistutusten ja vientien kanssa yhdessä yksityisessä sovelluksessa.",Victoza,428,56,yes,no,no,1,no,105 alternates,yes,index
/fi/wegovy-tracker-iphone.html,fi,medicine,200,index,https://www.glpzy.app/fi/wegovy-tracker-iphone.html,Wegovy — Nopea kirjaus ilman sotkua | GLPzy,"Wegovy: Seuraa tätä rutiinia annoshistorian, painon, oireiden, ruokahalun, kuvien, muistutusten ja vientien kanssa yhdessä yksityisessä sovelluksessa.",Wegovy,438,58,yes,no,no,1,no,108 alternates,yes,index
/fi/zepbound-tracker-iphone.html,fi,medicine,200,index,https://www.glpzy.app/fi/zepbound-tracker-iphone.html,Zepbound — Nopea kirjaus ilman sotkua | GLPzy,"Zepbound: Seuraa tätä rutiinia annoshistorian, painon, oireiden, ruokahalun, kuvien, muistutusten ja vientien kanssa yhdessä yksityisessä sovelluksessa.",Zepbound,449,57,yes,no,no,1,no,108 alternates,yes,index
/fil/apple-health-glp-tracker.html,fil,commercial,200,index,https://www.glpzy.app/fil/apple-health-glp-tracker.html,Read-only na konteksto mula sa Apple Health | GLPzy,"Ang Apple Health na pag-access ay opsyonal at limitado sa mga pahintulot na ibinibigay mo. Ang GLPzy ay nag-import ng kasaysayan ng timbang at taas ng katawan, pagkatapos ay nagbabasa ng komposisyon ng katawan, pagtulog, paggalaw, pag-eehersisyo, mga calorie, protina, at mga buod ng tubig sa read-only na mode. Walang nakasulat pabalik.",Read-only na konteksto mula sa Apple Health,598,54,yes,no,no,1,no,108 alternates,yes,index
/fil/compounded-glp-tracker-iphone.html,fil,commercial,200,index,https://www.glpzy.app/fil/compounded-glp-tracker-iphone.html,compounded na gamot — Mabilis na pag-log nang walang kalat | GLPzy,"compounded na gamot: Subaybayan ang routine na ito kasama ang dose history, timbang, sintomas, gana, larawan, paalala, at export sa isang pribadong app.",compounded na gamot,565,56,yes,no,no,1,no,105 alternates,yes,index
/fil/custom-medication-tracker-iphone.html,fil,commercial,200,index,https://www.glpzy.app/fil/custom-medication-tracker-iphone.html,Pasadya — Mabilis na pag-log nang walang kalat | GLPzy,"Pasadya: Subaybayan ang routine na ito kasama ang dose history, timbang, sintomas, gana, larawan, paalala, at export sa isang pribadong app.",Pasadya,567,58,yes,no,no,1,no,105 alternates,yes,index
/fil/data-rights.html,fil,privacy,200,index,https://www.glpzy.app/fil/data-rights.html,I-export ang kasaysayan | GLPzy,"Gagawa muna ang GLPzy ng lokal na backup ng kaligtasan, pagkatapos ay papalitan ang mga lokal na tala sa device na ito.",I-export ang kasaysayan,483,77,yes,no,no,1,no,108 alternates,yes,index
/fil/foundayo-tracker-iphone.html,fil,commercial,200,index,https://www.glpzy.app/fil/foundayo-tracker-iphone.html,Foundayo — Mabilis na pag-log nang walang kalat | GLPzy,"Foundayo: Subaybayan ang routine na ito kasama ang dose history, timbang, sintomas, gana, larawan, paalala, at export sa isang pribadong app.",Foundayo,545,55,yes,no,no,1,no,105 alternates,yes,index
/fil/glp1-weight-dose-symptom-tracker.html,fil,commercial,200,index,https://www.glpzy.app/fil/glp1-weight-dose-symptom-tracker.html,"Ang iyong GLP-1 routine, organisado nang walang kalat | GLPzy","I-log ang mga dose, timbang, sintomas, gana, larawan, paalala, at konteksto ng Apple Health sa isang pribadong app para sa personal na pagsusuri.","Ang iyong GLP-1 routine, organisado nang walang kalat.",666,54,yes,no,no,1,no,108 alternates,yes,index
/fil/,fil,home,200,index,https://www.glpzy.app/fil/index.html,"Ang iyong GLP-1 routine, organisado nang walang kalat | GLPzy","I-log ang mga dose, timbang, sintomas, gana, larawan, paalala, at konteksto ng Apple Health sa isang pribadong app para sa personal na pagsusuri.","Ang iyong GLP-1 routine, organisado nang walang kalat.",998,137,yes,no,no,1,yes,108 alternates,yes,index
/fil/local-first-private-glp-tracker.html,fil,privacy,200,index,https://www.glpzy.app/fil/local-first-private-glp-tracker.html,Pribado bilang default. Na-e-export kapag pinili mo | GLPzy,"Walang account ang kinakailangan upang subaybayan ang mga dosis, timbang, sintomas, paalala, o mga order.",Pribado bilang default. Na-e-export kapag pinili mo.,558,54,yes,no,no,1,no,108 alternates,yes,index
/fil/medical-safety.html,fil,trust,200,index,https://www.glpzy.app/fil/medical-safety.html,Kaligtasan sa medikal | GLPzy,"Tinutulungan ka ng GLPzy na panatilihin ang isang mas malinaw na talaan ng nangyari. Hindi nito sinusuri, inireseta, o pinipili ang iyong dosis.",Kaligtasan sa medikal,872,78,yes,no,no,1,no,105 alternates,yes,index
/fil/methodology.html,fil,trust,200,index,https://www.glpzy.app/fil/methodology.html,Pamamaraan | GLPzy,Ang Tinantyang Trend ng Exposure ay gumagamit ng naka-log na timing ng dosis kasama ang isang pinasimpleng modelo ng pagsipsip at pag-aalis para sa personal na pagsubaybay lamang.,Pamamaraan,903,77,yes,no,no,1,no,108 alternates,yes,index
/fil/mounjaro-tracker-iphone.html,fil,medicine,200,index,https://www.glpzy.app/fil/mounjaro-tracker-iphone.html,Mounjaro — Mabilis na pag-log nang walang kalat | GLPzy,"Mounjaro: Subaybayan ang routine na ito kasama ang dose history, timbang, sintomas, gana, larawan, paalala, at export sa isang pribadong app.",Mounjaro,559,57,yes,no,no,1,no,108 alternates,yes,index
/fil/overview.html,fil,support,200,index,https://www.glpzy.app/fil/overview.html,GLPzy — Patakaran sa privacy · Kaligtasan sa medikal · Suporta,"Suriin ang saklaw ng suporta, mga contact sa privacy, at gabay na hindi pang-emergency.",GLPzy,505,54,yes,no,no,1,no,108 alternates,yes,index
/fil/ozempic-tracker-iphone.html,fil,commercial,200,index,https://www.glpzy.app/fil/ozempic-tracker-iphone.html,Ozempic — Mabilis na pag-log nang walang kalat | GLPzy,"Ozempic: Subaybayan ang routine na ito kasama ang dose history, timbang, sintomas, gana, larawan, paalala, at export sa isang pribadong app.",Ozempic,552,58,yes,no,no,1,no,105 alternates,yes,index
/fil/privacy.html,fil,privacy,200,index,https://www.glpzy.app/fil/privacy.html,Pribado bilang default. Na-e-export kapag pinili mo | GLPzy,"Walang account ang kinakailangan upang subaybayan ang mga dosis, timbang, sintomas, paalala, o mga order.",Pribado bilang default. Na-e-export kapag pinili mo.,558,113,yes,no,no,1,no,108 alternates,yes,index
/fil/rybelsus-tracker-iphone.html,fil,commercial,200,index,https://www.glpzy.app/fil/rybelsus-tracker-iphone.html,Rybelsus — Mabilis na pag-log nang walang kalat | GLPzy,"Rybelsus: Subaybayan ang routine na ito kasama ang dose history, timbang, sintomas, gana, larawan, paalala, at export sa isang pribadong app.",Rybelsus,547,58,yes,no,no,1,no,105 alternates,yes,index
/fil/saxenda-tracker-iphone.html,fil,commercial,200,index,https://www.glpzy.app/fil/saxenda-tracker-iphone.html,Saxenda — Mabilis na pag-log nang walang kalat | GLPzy,"Saxenda: Subaybayan ang routine na ito kasama ang dose history, timbang, sintomas, gana, larawan, paalala, at export sa isang pribadong app.",Saxenda,545,56,yes,no,no,1,no,105 alternates,yes,index
/fil/semaglutide-tracker-iphone.html,fil,medicine,200,index,https://www.glpzy.app/fil/semaglutide-tracker-iphone.html,Semaglutide — Mabilis na pag-log nang walang kalat | GLPzy,"Semaglutide: Subaybayan ang routine na ito kasama ang dose history, timbang, sintomas, gana, larawan, paalala, at export sa isang pribadong app.",Semaglutide,557,60,yes,no,no,1,no,108 alternates,yes,index
/fil/support.html,fil,support,200,index,https://www.glpzy.app/fil/support.html,Suporta | GLPzy,"Suriin ang saklaw ng suporta, mga contact sa privacy, at gabay na hindi pang-emergency.",Suporta,541,100,yes,no,no,1,no,108 alternates,yes,index
/fil/terms.html,fil,support,200,index,https://www.glpzy.app/fil/terms.html,Mga tuntunin sa paggamit | GLPzy,"Ang pagpepresyo, panahon ng pagsingil, at anumang mga detalye ng panimulang alok ay ipinapakita mula sa iyong App Store account bago bumili. Pamahalaan o kanselahin sa mga setting ng App Store.",Mga tuntunin sa paggamit,610,77,yes,no,no,1,no,108 alternates,yes,index
/fil/tirzepatide-tracker-iphone.html,fil,medicine,200,index,https://www.glpzy.app/fil/tirzepatide-tracker-iphone.html,Tirzepatide — Mabilis na pag-log nang walang kalat | GLPzy,"Tirzepatide: Subaybayan ang routine na ito kasama ang dose history, timbang, sintomas, gana, larawan, paalala, at export sa isang pribadong app.",Tirzepatide,564,59,yes,no,no,1,no,108 alternates,yes,index
/fil/trulicity-tracker-iphone.html,fil,commercial,200,index,https://www.glpzy.app/fil/trulicity-tracker-iphone.html,Trulicity — Mabilis na pag-log nang walang kalat | GLPzy,"Trulicity: Subaybayan ang routine na ito kasama ang dose history, timbang, sintomas, gana, larawan, paalala, at export sa isang pribadong app.",Trulicity,545,55,yes,no,no,1,no,105 alternates,yes,index
/fil/victoza-tracker-iphone.html,fil,commercial,200,index,https://www.glpzy.app/fil/victoza-tracker-iphone.html,Victoza — Mabilis na pag-log nang walang kalat | GLPzy,"Victoza: Subaybayan ang routine na ito kasama ang dose history, timbang, sintomas, gana, larawan, paalala, at export sa isang pribadong app.",Victoza,545,56,yes,no,no,1,no,105 alternates,yes,index
/fil/wegovy-tracker-iphone.html,fil,medicine,200,index,https://www.glpzy.app/fil/wegovy-tracker-iphone.html,Wegovy — Mabilis na pag-log nang walang kalat | GLPzy,"Wegovy: Subaybayan ang routine na ito kasama ang dose history, timbang, sintomas, gana, larawan, paalala, at export sa isang pribadong app.",Wegovy,557,58,yes,no,no,1,no,108 alternates,yes,index
/fil/zepbound-tracker-iphone.html,fil,medicine,200,index,https://www.glpzy.app/fil/zepbound-tracker-iphone.html,Zepbound — Mabilis na pag-log nang walang kalat | GLPzy,"Zepbound: Subaybayan ang routine na ito kasama ang dose history, timbang, sintomas, gana, larawan, paalala, at export sa isang pribadong app.",Zepbound,572,57,yes,no,no,1,no,108 alternates,yes,index
/fr/apple-health-glp-tracker.html,fr,commercial,200,index,https://www.glpzy.app/fr/apple-health-glp-tracker.html,Contexte en lecture seule de Apple Health | GLPzy,"L'accès à Apple Health est facultatif et limité aux autorisations que vous accordez. GLPzy importe l'historique du poids corporel et de la taille, puis lit les résumés de la composition corporelle, des mouvements, de l'entraînement, des calories, des protéines et de l'eau en mode lecture seule. Rien n'est réécrit.",Contexte en lecture seule de Apple Health,578,54,yes,no,no,1,no,108 alternates,yes,index
/fr/compounded-glp-tracker-iphone.html,fr,commercial,200,index,https://www.glpzy.app/fr/compounded-glp-tracker-iphone.html,Compounded​ — Enregistrement rapide sans encombrement | GLPzy,"Compounded​: Suivez cette routine avec historique des doses, poids, symptômes, appétit, photos, rappels et exports dans une seule app privée.",Compounded​,542,56,yes,no,no,1,no,105 alternates,yes,index
/fr/custom-medication-tracker-iphone.html,fr,commercial,200,index,https://www.glpzy.app/fr/custom-medication-tracker-iphone.html,Personnalisé — Enregistrement rapide sans encombrement | GLPzy,"Personnalisé: Suivez cette routine avec historique des doses, poids, symptômes, appétit, photos, rappels et exports dans une seule app privée.",Personnalisé,556,58,yes,no,no,1,no,105 alternates,yes,index
/fr/data-rights.html,fr,privacy,200,index,https://www.glpzy.app/fr/data-rights.html,Historique des exportations | GLPzy,"GLPzy créera d'abord une sauvegarde de sécurité locale, puis remplacera les enregistrements locaux sur cet appareil.",Historique des exportations,454,77,yes,no,no,1,no,108 alternates,yes,index
/fr/foundayo-tracker-iphone.html,fr,commercial,200,index,https://www.glpzy.app/fr/foundayo-tracker-iphone.html,Foundayo — Enregistrement rapide sans encombrement | GLPzy,"Foundayo: Suivez cette routine avec historique des doses, poids, symptômes, appétit, photos, rappels et exports dans une seule app privée.",Foundayo,531,55,yes,no,no,1,no,105 alternates,yes,index
/fr/glp1-weight-dose-symptom-tracker.html,fr,commercial,200,index,https://www.glpzy.app/fr/glp1-weight-dose-symptom-tracker.html,"Votre routine GLP-1, organisée sans encombrement | GLPzy","Consignez doses, poids, symptômes, appétit, photos, rappels et contexte Apple Health dans une seule app privée pour votre suivi personnel.","Votre routine GLP-1, organisée sans encombrement.",637,54,yes,no,no,1,no,108 alternates,yes,index
/fr/,fr,home,200,index,https://www.glpzy.app/fr/index.html,"Votre routine GLP-1, organisée sans encombrement | GLPzy","Consignez doses, poids, symptômes, appétit, photos, rappels et contexte Apple Health dans une seule app privée pour votre suivi personnel.","Votre routine GLP-1, organisée sans encombrement.",940,137,yes,no,no,1,yes,108 alternates,yes,index
/fr/local-first-private-glp-tracker.html,fr,privacy,200,index,https://www.glpzy.app/fr/local-first-private-glp-tracker.html,Privé par défaut. Exportable quand vous le choisissez | GLPzy,"Aucun compte n'est requis pour suivre les doses, le poids, les symptômes, les rappels ou les commandes.",Privé par défaut. Exportable quand vous le choisissez.,542,54,yes,no,no,1,no,108 alternates,yes,index
/fr/medical-safety.html,fr,trust,200,index,https://www.glpzy.app/fr/medical-safety.html,Sécurité médicale | GLPzy,"GLPzy vous aide à garder une trace plus claire de ce qui s'est passé. Il ne diagnostique pas, ne prescrit pas et ne choisit pas votre dose.",Sécurité médicale,880,78,yes,no,no,1,no,105 alternates,yes,index
/fr/methodology.html,fr,trust,200,index,https://www.glpzy.app/fr/methodology.html,Méthodologie | GLPzy,La tendance d’exposition estimée utilise l’heure des doses enregistrées ainsi qu’un modèle simplifié d’absorption et d’élimination uniquement pour le suivi personnel.,Méthodologie,895,77,yes,no,no,1,no,108 alternates,yes,index
/fr/mounjaro-tracker-iphone.html,fr,medicine,200,index,https://www.glpzy.app/fr/mounjaro-tracker-iphone.html,Mounjaro — Enregistrement rapide sans encombrement | GLPzy,"Mounjaro: Suivez cette routine avec historique des doses, poids, symptômes, appétit, photos, rappels et exports dans une seule app privée.",Mounjaro,536,57,yes,no,no,1,no,108 alternates,yes,index
/fr/overview.html,fr,support,200,index,https://www.glpzy.app/fr/overview.html,GLPzy — Politique de confidentialité · Sécurité médicale · Soutien,"Passez en revue la portée de l’assistance, les contacts en matière de confidentialité et les conseils non urgents.",GLPzy,488,54,yes,no,no,1,no,108 alternates,yes,index
/fr/ozempic-tracker-iphone.html,fr,commercial,200,index,https://www.glpzy.app/fr/ozempic-tracker-iphone.html,Ozempic — Enregistrement rapide sans encombrement | GLPzy,"Ozempic: Suivez cette routine avec historique des doses, poids, symptômes, appétit, photos, rappels et exports dans une seule app privée.",Ozempic,533,58,yes,no,no,1,no,105 alternates,yes,index
/fr/privacy.html,fr,privacy,200,index,https://www.glpzy.app/fr/privacy.html,Privé par défaut. Exportable quand vous le choisissez | GLPzy,"Aucun compte n'est requis pour suivre les doses, le poids, les symptômes, les rappels ou les commandes.",Privé par défaut. Exportable quand vous le choisissez.,542,113,yes,no,no,1,no,108 alternates,yes,index
/fr/rybelsus-tracker-iphone.html,fr,commercial,200,index,https://www.glpzy.app/fr/rybelsus-tracker-iphone.html,Rybelsus — Enregistrement rapide sans encombrement | GLPzy,"Rybelsus: Suivez cette routine avec historique des doses, poids, symptômes, appétit, photos, rappels et exports dans une seule app privée.",Rybelsus,533,58,yes,no,no,1,no,105 alternates,yes,index
/fr/saxenda-tracker-iphone.html,fr,commercial,200,index,https://www.glpzy.app/fr/saxenda-tracker-iphone.html,Saxenda — Enregistrement rapide sans encombrement | GLPzy,"Saxenda: Suivez cette routine avec historique des doses, poids, symptômes, appétit, photos, rappels et exports dans une seule app privée.",Saxenda,529,56,yes,no,no,1,no,105 alternates,yes,index
/fr/semaglutide-tracker-iphone.html,fr,medicine,200,index,https://www.glpzy.app/fr/semaglutide-tracker-iphone.html,Semaglutide — Enregistrement rapide sans encombrement | GLPzy,"Semaglutide: Suivez cette routine avec historique des doses, poids, symptômes, appétit, photos, rappels et exports dans une seule app privée.",Semaglutide,541,60,yes,no,no,1,no,108 alternates,yes,index
/fr/support.html,fr,support,200,index,https://www.glpzy.app/fr/support.html,Soutien | GLPzy,"Passez en revue la portée de l’assistance, les contacts en matière de confidentialité et les conseils non urgents.",Soutien,529,100,yes,no,no,1,no,108 alternates,yes,index
/fr/terms.html,fr,support,200,index,https://www.glpzy.app/fr/terms.html,Conditions d'utilisation | GLPzy,"Les prix, la période de facturation et tous les détails de l'offre de lancement sont affichés sur votre compte App Store avant l'achat. Gérez ou annulez dans les paramètres App Store.",Conditions d'utilisation,582,77,yes,no,no,1,no,108 alternates,yes,index
/fr/tirzepatide-tracker-iphone.html,fr,medicine,200,index,https://www.glpzy.app/fr/tirzepatide-tracker-iphone.html,Tirzepatide — Enregistrement rapide sans encombrement | GLPzy,"Tirzepatide: Suivez cette routine avec historique des doses, poids, symptômes, appétit, photos, rappels et exports dans une seule app privée.",Tirzepatide,540,59,yes,no,no,1,no,108 alternates,yes,index
/fr/trulicity-tracker-iphone.html,fr,commercial,200,index,https://www.glpzy.app/fr/trulicity-tracker-iphone.html,Trulicity — Enregistrement rapide sans encombrement | GLPzy,"Trulicity: Suivez cette routine avec historique des doses, poids, symptômes, appétit, photos, rappels et exports dans une seule app privée.",Trulicity,527,55,yes,no,no,1,no,105 alternates,yes,index
/fr/victoza-tracker-iphone.html,fr,commercial,200,index,https://www.glpzy.app/fr/victoza-tracker-iphone.html,Victoza — Enregistrement rapide sans encombrement | GLPzy,"Victoza: Suivez cette routine avec historique des doses, poids, symptômes, appétit, photos, rappels et exports dans une seule app privée.",Victoza,529,56,yes,no,no,1,no,105 alternates,yes,index
/fr/wegovy-tracker-iphone.html,fr,medicine,200,index,https://www.glpzy.app/fr/wegovy-tracker-iphone.html,Wegovy — Enregistrement rapide sans encombrement | GLPzy,"Wegovy: Suivez cette routine avec historique des doses, poids, symptômes, appétit, photos, rappels et exports dans une seule app privée.",Wegovy,541,58,yes,no,no,1,no,108 alternates,yes,index
/fr/zepbound-tracker-iphone.html,fr,medicine,200,index,https://www.glpzy.app/fr/zepbound-tracker-iphone.html,Zepbound — Enregistrement rapide sans encombrement | GLPzy,"Zepbound: Suivez cette routine avec historique des doses, poids, symptômes, appétit, photos, rappels et exports dans une seule app privée.",Zepbound,546,57,yes,no,no,1,no,108 alternates,yes,index
/fr-ca/apple-health-glp-tracker.html,fr-ca,commercial,200,index,https://www.glpzy.app/fr-ca/apple-health-glp-tracker.html,Contexte en lecture seule de Apple Health | GLPzy,"L'accès à Apple Health est facultatif et limité aux autorisations que vous accordez. GLPzy importe l'historique du poids corporel et de la taille, puis lit les résumés de la composition corporelle, des mouvements, de l'entraînement, des calories, des protéines et de l'eau en mode lecture seule. Rien n'est réécrit.",Contexte en lecture seule de Apple Health,578,54,yes,no,no,1,no,108 alternates,yes,index
/fr-ca/compounded-glp-tracker-iphone.html,fr-ca,commercial,200,index,https://www.glpzy.app/fr-ca/compounded-glp-tracker-iphone.html,Compounded​ — Enregistrement rapide sans encombrement | GLPzy,"Compounded​: Suivez cette routine avec historique des doses, poids, symptômes, appétit, photos, rappels et exportations dans une seule app privée.",Compounded​,542,56,yes,no,no,1,no,105 alternates,yes,index
/fr-ca/custom-medication-tracker-iphone.html,fr-ca,commercial,200,index,https://www.glpzy.app/fr-ca/custom-medication-tracker-iphone.html,Personnalisé — Enregistrement rapide sans encombrement | GLPzy,"Personnalisé: Suivez cette routine avec historique des doses, poids, symptômes, appétit, photos, rappels et exportations dans une seule app privée.",Personnalisé,556,58,yes,no,no,1,no,105 alternates,yes,index
/fr-ca/data-rights.html,fr-ca,privacy,200,index,https://www.glpzy.app/fr-ca/data-rights.html,Historique des exportations | GLPzy,"GLPzy créera d'abord une sauvegarde de sécurité locale, puis remplacera les enregistrements locaux sur cet appareil.",Historique des exportations,454,77,yes,no,no,1,no,108 alternates,yes,index
/fr-ca/foundayo-tracker-iphone.html,fr-ca,commercial,200,index,https://www.glpzy.app/fr-ca/foundayo-tracker-iphone.html,Foundayo — Enregistrement rapide sans encombrement | GLPzy,"Foundayo: Suivez cette routine avec historique des doses, poids, symptômes, appétit, photos, rappels et exportations dans une seule app privée.",Foundayo,531,55,yes,no,no,1,no,105 alternates,yes,index
/fr-ca/glp1-weight-dose-symptom-tracker.html,fr-ca,commercial,200,index,https://www.glpzy.app/fr-ca/glp1-weight-dose-symptom-tracker.html,"Votre routine GLP-1, organisée sans encombrement | GLPzy","Consignez doses, poids, symptômes, appétit, photos, rappels et contexte Apple Health dans une seule app privée pour votre suivi personnel.","Votre routine GLP-1, organisée sans encombrement.",637,54,yes,no,no,1,no,108 alternates,yes,index
/fr-ca/,fr-ca,home,200,index,https://www.glpzy.app/fr-ca/index.html,"Votre routine GLP-1, organisée sans encombrement | GLPzy","Consignez doses, poids, symptômes, appétit, photos, rappels et contexte Apple Health dans une seule app privée pour votre suivi personnel.","Votre routine GLP-1, organisée sans encombrement.",942,137,yes,no,no,1,yes,108 alternates,yes,index
/fr-ca/local-first-private-glp-tracker.html,fr-ca,privacy,200,index,https://www.glpzy.app/fr-ca/local-first-private-glp-tracker.html,Privé par défaut. Exportable quand vous le choisissez | GLPzy,"Aucun compte n'est requis pour suivre les doses, le poids, les symptômes, les rappels ou les commandes.",Privé par défaut. Exportable quand vous le choisissez.,542,54,yes,no,no,1,no,108 alternates,yes,index
/fr-ca/medical-safety.html,fr-ca,trust,200,index,https://www.glpzy.app/fr-ca/medical-safety.html,Sécurité médicale | GLPzy,"GLPzy vous aide à garder une trace plus claire de ce qui s'est passé. Il ne diagnostique pas, ne prescrit pas et ne choisit pas votre dose.",Sécurité médicale,879,78,yes,no,no,1,no,105 alternates,yes,index
/fr-ca/methodology.html,fr-ca,trust,200,index,https://www.glpzy.app/fr-ca/methodology.html,Méthodologie | GLPzy,La tendance d’exposition estimée utilise l’heure des doses enregistrées ainsi qu’un modèle simplifié d’absorption et d’élimination uniquement pour le suivi personnel.,Méthodologie,894,77,yes,no,no,1,no,108 alternates,yes,index
/fr-ca/mounjaro-tracker-iphone.html,fr-ca,medicine,200,index,https://www.glpzy.app/fr-ca/mounjaro-tracker-iphone.html,Mounjaro — Enregistrement rapide sans encombrement | GLPzy,"Mounjaro: Suivez cette routine avec historique des doses, poids, symptômes, appétit, photos, rappels et exportations dans une seule app privée.",Mounjaro,536,57,yes,no,no,1,no,108 alternates,yes,index
/fr-ca/overview.html,fr-ca,support,200,index,https://www.glpzy.app/fr-ca/overview.html,GLPzy — Politique de confidentialité · Sécurité médicale · Soutien,"Passez en revue la portée de l’assistance, les contacts en matière de confidentialité et les conseils non urgents.",GLPzy,488,54,yes,no,no,1,no,108 alternates,yes,index
/fr-ca/ozempic-tracker-iphone.html,fr-ca,commercial,200,index,https://www.glpzy.app/fr-ca/ozempic-tracker-iphone.html,Ozempic — Enregistrement rapide sans encombrement | GLPzy,"Ozempic: Suivez cette routine avec historique des doses, poids, symptômes, appétit, photos, rappels et exportations dans une seule app privée.",Ozempic,533,58,yes,no,no,1,no,105 alternates,yes,index
/fr-ca/privacy.html,fr-ca,privacy,200,index,https://www.glpzy.app/fr-ca/privacy.html,Privé par défaut. Exportable quand vous le choisissez | GLPzy,"Aucun compte n'est requis pour suivre les doses, le poids, les symptômes, les rappels ou les commandes.",Privé par défaut. Exportable quand vous le choisissez.,542,113,yes,no,no,1,no,108 alternates,yes,index
/fr-ca/rybelsus-tracker-iphone.html,fr-ca,commercial,200,index,https://www.glpzy.app/fr-ca/rybelsus-tracker-iphone.html,Rybelsus — Enregistrement rapide sans encombrement | GLPzy,"Rybelsus: Suivez cette routine avec historique des doses, poids, symptômes, appétit, photos, rappels et exportations dans une seule app privée.",Rybelsus,533,58,yes,no,no,1,no,105 alternates,yes,index
/fr-ca/saxenda-tracker-iphone.html,fr-ca,commercial,200,index,https://www.glpzy.app/fr-ca/saxenda-tracker-iphone.html,Saxenda — Enregistrement rapide sans encombrement | GLPzy,"Saxenda: Suivez cette routine avec historique des doses, poids, symptômes, appétit, photos, rappels et exportations dans une seule app privée.",Saxenda,529,56,yes,no,no,1,no,105 alternates,yes,index
/fr-ca/semaglutide-tracker-iphone.html,fr-ca,medicine,200,index,https://www.glpzy.app/fr-ca/semaglutide-tracker-iphone.html,Semaglutide — Enregistrement rapide sans encombrement | GLPzy,"Semaglutide: Suivez cette routine avec historique des doses, poids, symptômes, appétit, photos, rappels et exportations dans une seule app privée.",Semaglutide,541,60,yes,no,no,1,no,108 alternates,yes,index
/fr-ca/support.html,fr-ca,support,200,index,https://www.glpzy.app/fr-ca/support.html,Soutien | GLPzy,"Passez en revue la portée de l’assistance, les contacts en matière de confidentialité et les conseils non urgents.",Soutien,529,100,yes,no,no,1,no,108 alternates,yes,index
/fr-ca/terms.html,fr-ca,support,200,index,https://www.glpzy.app/fr-ca/terms.html,Conditions d'utilisation | GLPzy,"Les prix, la période de facturation et tous les détails de l'offre de lancement sont affichés dans votre compte App Store avant l'achat. Gérez ou annulez dans les paramètres App Store.",Conditions d'utilisation,582,77,yes,no,no,1,no,108 alternates,yes,index
/fr-ca/tirzepatide-tracker-iphone.html,fr-ca,medicine,200,index,https://www.glpzy.app/fr-ca/tirzepatide-tracker-iphone.html,Tirzepatide — Enregistrement rapide sans encombrement | GLPzy,"Tirzepatide: Suivez cette routine avec historique des doses, poids, symptômes, appétit, photos, rappels et exportations dans une seule app privée.",Tirzepatide,540,59,yes,no,no,1,no,108 alternates,yes,index
/fr-ca/trulicity-tracker-iphone.html,fr-ca,commercial,200,index,https://www.glpzy.app/fr-ca/trulicity-tracker-iphone.html,Trulicity — Enregistrement rapide sans encombrement | GLPzy,"Trulicity: Suivez cette routine avec historique des doses, poids, symptômes, appétit, photos, rappels et exportations dans une seule app privée.",Trulicity,527,55,yes,no,no,1,no,105 alternates,yes,index
/fr-ca/victoza-tracker-iphone.html,fr-ca,commercial,200,index,https://www.glpzy.app/fr-ca/victoza-tracker-iphone.html,Victoza — Enregistrement rapide sans encombrement | GLPzy,"Victoza: Suivez cette routine avec historique des doses, poids, symptômes, appétit, photos, rappels et exportations dans une seule app privée.",Victoza,529,56,yes,no,no,1,no,105 alternates,yes,index
/fr-ca/wegovy-tracker-iphone.html,fr-ca,medicine,200,index,https://www.glpzy.app/fr-ca/wegovy-tracker-iphone.html,Wegovy — Enregistrement rapide sans encombrement | GLPzy,"Wegovy: Suivez cette routine avec historique des doses, poids, symptômes, appétit, photos, rappels et exportations dans une seule app privée.",Wegovy,541,58,yes,no,no,1,no,108 alternates,yes,index
/fr-ca/zepbound-tracker-iphone.html,fr-ca,medicine,200,index,https://www.glpzy.app/fr-ca/zepbound-tracker-iphone.html,Zepbound — Enregistrement rapide sans encombrement | GLPzy,"Zepbound: Suivez cette routine avec historique des doses, poids, symptômes, appétit, photos, rappels et exportations dans une seule app privée.",Zepbound,546,57,yes,no,no,1,no,108 alternates,yes,index
/gu/apple-health-glp-tracker.html,gu,commercial,200,index,https://www.glpzy.app/gu/apple-health-glp-tracker.html,Apple Health માંથી ફક્ત વાંચવા માટેનો સંદર્ભ | GLPzy,"Apple Health ઍક્સેસ વૈકલ્પિક છે અને તમે આપેલી પરવાનગીઓ સુધી મર્યાદિત છે. GLPzy શરીરના વજનનો ઈતિહાસ અને ઊંચાઈ આયાત કરે છે, પછી શરીરની રચના, ઊંઘ, હલનચલન, વર્કઆઉટ, કેલરી, પ્રોટીન અને પાણીના સારાંશ ફક્ત વાંચવા માટેના મોડમાં વાંચે છે. પાછું કશું લખાયું નથી.",Apple Health માંથી ફક્ત વાંચવા માટેનો સંદર્ભ,765,54,yes,no,no,1,no,108 alternates,yes,index
/gu/compounded-glp-tracker-iphone.html,gu,commercial,200,index,https://www.glpzy.app/gu/compounded-glp-tracker-iphone.html,સંયોજન — ક્લટર વગર ઝડપી લોગીંગ | GLPzy,"સંયોજન: એક ખાનગી એપમાં ડોઝ ઇતિહાસ, વજન, લક્ષણો, ભૂખ, ફોટા, યાદ અપાવણીઓ અને નિકાસ સાથે આ રૂટિન ટ્રૅક કરો.",સંયોજન,734,56,yes,no,no,1,no,105 alternates,yes,index
/gu/custom-medication-tracker-iphone.html,gu,commercial,200,index,https://www.glpzy.app/gu/custom-medication-tracker-iphone.html,કસ્ટમ — ક્લટર વગર ઝડપી લોગીંગ | GLPzy,"કસ્ટમ: એક ખાનગી એપમાં ડોઝ ઇતિહાસ, વજન, લક્ષણો, ભૂખ, ફોટા, યાદ અપાવણીઓ અને નિકાસ સાથે આ રૂટિન ટ્રૅક કરો.",કસ્ટમ,747,58,yes,no,no,1,no,105 alternates,yes,index
/gu/data-rights.html,gu,privacy,200,index,https://www.glpzy.app/gu/data-rights.html,નિકાસ ઇતિહાસ | GLPzy,"GLPzy પ્રથમ સ્થાનિક સુરક્ષા બેકઅપ બનાવશે, પછી આ ઉપકરણ પર સ્થાનિક રેકોર્ડ્સને બદલશે.",નિકાસ ઇતિહાસ,629,77,yes,no,no,1,no,108 alternates,yes,index
/gu/foundayo-tracker-iphone.html,gu,commercial,200,index,https://www.glpzy.app/gu/foundayo-tracker-iphone.html,Foundayo — ક્લટર વગર ઝડપી લોગીંગ | GLPzy,"Foundayo: એક ખાનગી એપમાં ડોઝ ઇતિહાસ, વજન, લક્ષણો, ભૂખ, ફોટા, યાદ અપાવણીઓ અને નિકાસ સાથે આ રૂટિન ટ્રૅક કરો.",Foundayo,706,55,yes,no,no,1,no,105 alternates,yes,index
/gu/glp1-weight-dose-symptom-tracker.html,gu,commercial,200,index,https://www.glpzy.app/gu/glp1-weight-dose-symptom-tracker.html,"તમારી GLP-1 રૂટિન, ગોઠવેલી અને બિનજરૂરી ગૂંચવણ વિના | GLPzy","વ્યક્તિગત સમીક્ષા માટે એક ખાનગી એપમાં ડોઝ, વજન, લક્ષણો, ભૂખ, ફોટા, યાદ અપાવણીઓ અને Apple Health સંદર્ભ નોંધો.","તમારી GLP-1 રૂટિન, ગોઠવેલી અને બિનજરૂરી ગૂંચવણ વિના.",907,54,yes,no,no,1,no,108 alternates,yes,index
/gu/,gu,home,200,index,https://www.glpzy.app/gu/index.html,"તમારી GLP-1 રૂટિન, ગોઠવેલી અને બિનજરૂરી ગૂંચવણ વિના | GLPzy","વ્યક્તિગત સમીક્ષા માટે એક ખાનગી એપમાં ડોઝ, વજન, લક્ષણો, ભૂખ, ફોટા, યાદ અપાવણીઓ અને Apple Health સંદર્ભ નોંધો.","તમારી GLP-1 રૂટિન, ગોઠવેલી અને બિનજરૂરી ગૂંચવણ વિના.",1400,137,yes,no,no,1,yes,108 alternates,yes,index
/gu/local-first-private-glp-tracker.html,gu,privacy,200,index,https://www.glpzy.app/gu/local-first-private-glp-tracker.html,મૂળભૂત રીતે ખાનગી. તમે પસંદ કરો ત્યારે નિકાસ કરી શકાય તેવી | GLPzy,"ડોઝ, વજન, લક્ષણો, રીમાઇન્ડર્સ અથવા ઓર્ડરને ટ્રૅક કરવા માટે કોઈ એકાઉન્ટની જરૂર નથી.",મૂળભૂત રીતે ખાનગી. તમે પસંદ કરો ત્યારે નિકાસ કરી શકાય તેવી.,757,54,yes,no,no,1,no,108 alternates,yes,index
/gu/medical-safety.html,gu,trust,200,index,https://www.glpzy.app/gu/medical-safety.html,તબીબી સલામતી | GLPzy,"GLPzy તમને શું થયું તેનો સ્પષ્ટ રેકોર્ડ રાખવામાં મદદ કરે છે. તે તમારા ડોઝનું નિદાન, સૂચન અથવા પસંદગી કરતું નથી.",તબીબી સલામતી,1301,78,yes,no,no,1,no,105 alternates,yes,index
/gu/methodology.html,gu,trust,200,index,https://www.glpzy.app/gu/methodology.html,પદ્ધતિ | GLPzy,અંદાજિત એક્સપોઝર ટ્રેન્ડ માત્ર વ્યક્તિગત ટ્રેકિંગ માટે લોગ કરેલ ડોઝ ટાઇમિંગ વત્તા એક સરળ શોષણ-અને-નાબૂદી મોડેલનો ઉપયોગ કરે છે.,પદ્ધતિ,1356,77,yes,no,no,1,no,108 alternates,yes,index
/gu/mounjaro-tracker-iphone.html,gu,medicine,200,index,https://www.glpzy.app/gu/mounjaro-tracker-iphone.html,Mounjaro — ક્લટર વગર ઝડપી લોગીંગ | GLPzy,"Mounjaro: એક ખાનગી એપમાં ડોઝ ઇતિહાસ, વજન, લક્ષણો, ભૂખ, ફોટા, યાદ અપાવણીઓ અને નિકાસ સાથે આ રૂટિન ટ્રૅક કરો.",Mounjaro,740,57,yes,no,no,1,no,108 alternates,yes,index
/gu/overview.html,gu,support,200,index,https://www.glpzy.app/gu/overview.html,GLPzy — ગોપનીયતા નીતિ · તબીબી સલામતી · આધાર,"સપોર્ટ સ્કોપ, ગોપનીયતા સંપર્કો અને બિન-ઇમરજન્સી માર્ગદર્શનની સમીક્ષા કરો.",GLPzy,662,54,yes,no,no,1,no,108 alternates,yes,index
/gu/ozempic-tracker-iphone.html,gu,commercial,200,index,https://www.glpzy.app/gu/ozempic-tracker-iphone.html,Ozempic — ક્લટર વગર ઝડપી લોગીંગ | GLPzy,"Ozempic: એક ખાનગી એપમાં ડોઝ ઇતિહાસ, વજન, લક્ષણો, ભૂખ, ફોટા, યાદ અપાવણીઓ અને નિકાસ સાથે આ રૂટિન ટ્રૅક કરો.",Ozempic,727,58,yes,no,no,1,no,105 alternates,yes,index
/gu/privacy.html,gu,privacy,200,index,https://www.glpzy.app/gu/privacy.html,મૂળભૂત રીતે ખાનગી. તમે પસંદ કરો ત્યારે નિકાસ કરી શકાય તેવી | GLPzy,"ડોઝ, વજન, લક્ષણો, રીમાઇન્ડર્સ અથવા ઓર્ડરને ટ્રૅક કરવા માટે કોઈ એકાઉન્ટની જરૂર નથી.",મૂળભૂત રીતે ખાનગી. તમે પસંદ કરો ત્યારે નિકાસ કરી શકાય તેવી.,757,113,yes,no,no,1,no,108 alternates,yes,index
/gu/rybelsus-tracker-iphone.html,gu,commercial,200,index,https://www.glpzy.app/gu/rybelsus-tracker-iphone.html,Rybelsus — ક્લટર વગર ઝડપી લોગીંગ | GLPzy,"Rybelsus: એક ખાનગી એપમાં ડોઝ ઇતિહાસ, વજન, લક્ષણો, ભૂખ, ફોટા, યાદ અપાવણીઓ અને નિકાસ સાથે આ રૂટિન ટ્રૅક કરો.",Rybelsus,707,58,yes,no,no,1,no,105 alternates,yes,index
/gu/saxenda-tracker-iphone.html,gu,commercial,200,index,https://www.glpzy.app/gu/saxenda-tracker-iphone.html,Saxenda — ક્લટર વગર ઝડપી લોગીંગ | GLPzy,"Saxenda: એક ખાનગી એપમાં ડોઝ ઇતિહાસ, વજન, લક્ષણો, ભૂખ, ફોટા, યાદ અપાવણીઓ અને નિકાસ સાથે આ રૂટિન ટ્રૅક કરો.",Saxenda,709,56,yes,no,no,1,no,105 alternates,yes,index
/gu/semaglutide-tracker-iphone.html,gu,medicine,200,index,https://www.glpzy.app/gu/semaglutide-tracker-iphone.html,Semaglutide — ક્લટર વગર ઝડપી લોગીંગ | GLPzy,"Semaglutide: એક ખાનગી એપમાં ડોઝ ઇતિહાસ, વજન, લક્ષણો, ભૂખ, ફોટા, યાદ અપાવણીઓ અને નિકાસ સાથે આ રૂટિન ટ્રૅક કરો.",Semaglutide,736,60,yes,no,no,1,no,108 alternates,yes,index
/gu/support.html,gu,support,200,index,https://www.glpzy.app/gu/support.html,આધાર | GLPzy,"સપોર્ટ સ્કોપ, ગોપનીયતા સંપર્કો અને બિન-ઇમરજન્સી માર્ગદર્શનની સમીક્ષા કરો.",આધાર,737,100,yes,no,no,1,no,108 alternates,yes,index
/gu/terms.html,gu,support,200,index,https://www.glpzy.app/gu/terms.html,ઉપયોગની શરતો | GLPzy,"કિંમત, બિલિંગ અવધિ અને કોઈપણ પ્રારંભિક ઑફરની વિગતો ખરીદી પહેલાં તમારા App Store એકાઉન્ટમાંથી બતાવવામાં આવે છે. App Store સેટિંગ્સમાં મેનેજ કરો અથવા રદ કરો.",ઉપયોગની શરતો,841,77,yes,no,no,1,no,108 alternates,yes,index
/gu/tirzepatide-tracker-iphone.html,gu,medicine,200,index,https://www.glpzy.app/gu/tirzepatide-tracker-iphone.html,Tirzepatide — ક્લટર વગર ઝડપી લોગીંગ | GLPzy,"Tirzepatide: એક ખાનગી એપમાં ડોઝ ઇતિહાસ, વજન, લક્ષણો, ભૂખ, ફોટા, યાદ અપાવણીઓ અને નિકાસ સાથે આ રૂટિન ટ્રૅક કરો.",Tirzepatide,755,59,yes,no,no,1,no,108 alternates,yes,index
/gu/trulicity-tracker-iphone.html,gu,commercial,200,index,https://www.glpzy.app/gu/trulicity-tracker-iphone.html,Trulicity — ક્લટર વગર ઝડપી લોગીંગ | GLPzy,"Trulicity: એક ખાનગી એપમાં ડોઝ ઇતિહાસ, વજન, લક્ષણો, ભૂખ, ફોટા, યાદ અપાવણીઓ અને નિકાસ સાથે આ રૂટિન ટ્રૅક કરો.",Trulicity,711,55,yes,no,no,1,no,105 alternates,yes,index
/gu/victoza-tracker-iphone.html,gu,commercial,200,index,https://www.glpzy.app/gu/victoza-tracker-iphone.html,Victoza — ક્લટર વગર ઝડપી લોગીંગ | GLPzy,"Victoza: એક ખાનગી એપમાં ડોઝ ઇતિહાસ, વજન, લક્ષણો, ભૂખ, ફોટા, યાદ અપાવણીઓ અને નિકાસ સાથે આ રૂટિન ટ્રૅક કરો.",Victoza,709,56,yes,no,no,1,no,105 alternates,yes,index
/gu/wegovy-tracker-iphone.html,gu,medicine,200,index,https://www.glpzy.app/gu/wegovy-tracker-iphone.html,Wegovy — ક્લટર વગર ઝડપી લોગીંગ | GLPzy,"Wegovy: એક ખાનગી એપમાં ડોઝ ઇતિહાસ, વજન, લક્ષણો, ભૂખ, ફોટા, યાદ અપાવણીઓ અને નિકાસ સાથે આ રૂટિન ટ્રૅક કરો.",Wegovy,736,58,yes,no,no,1,no,108 alternates,yes,index
/gu/zepbound-tracker-iphone.html,gu,medicine,200,index,https://www.glpzy.app/gu/zepbound-tracker-iphone.html,Zepbound — ક્લટર વગર ઝડપી લોગીંગ | GLPzy,"Zepbound: એક ખાનગી એપમાં ડોઝ ઇતિહાસ, વજન, લક્ષણો, ભૂખ, ફોટા, યાદ અપાવણીઓ અને નિકાસ સાથે આ રૂટિન ટ્રૅક કરો.",Zepbound,770,57,yes,no,no,1,no,108 alternates,yes,index
/he/apple-health-glp-tracker.html,he,commercial,200,index,https://www.glpzy.app/he/apple-health-glp-tracker.html,הקשר לקריאה בלבד מ-Apple Health | GLPzy,"גישת Apple Health היא אופציונלית ומוגבלת להרשאות שאתה מעניק. GLPzy מייבא היסטוריית משקל גוף וגובה, ולאחר מכן קורא סיכומים של הרכב גוף, שינה, תנועה, אימון, קלוריות, חלבון ומים במצב קריאה בלבד. שום דבר לא נכתב בחזרה.",הקשר לקריאה בלבד מ-Apple Health,507,54,yes,no,no,1,no,108 alternates,yes,index
/he/compounded-glp-tracker-iphone.html,he,commercial,200,index,https://www.glpzy.app/he/compounded-glp-tracker-iphone.html,מורכב — רישום מהיר ללא עומס | GLPzy,"מורכב: עקבו אחר השגרה הזו עם היסטוריית מינונים, משקל, תסמינים, תיאבון, תמונות, תזכורות וייצואים באפליקציה פרטית אחת.",מורכב,468,56,yes,no,no,1,no,105 alternates,yes,index
/he/custom-medication-tracker-iphone.html,he,commercial,200,index,https://www.glpzy.app/he/custom-medication-tracker-iphone.html,מותאם אישית — רישום מהיר ללא עומס | GLPzy,"מותאם אישית: עקבו אחר השגרה הזו עם היסטוריית מינונים, משקל, תסמינים, תיאבון, תמונות, תזכורות וייצואים באפליקציה פרטית אחת.",מותאם אישית,484,58,yes,no,no,1,no,105 alternates,yes,index
/he/data-rights.html,he,privacy,200,index,https://www.glpzy.app/he/data-rights.html,ייצוא היסטוריה | GLPzy,"GLPzy תחילה תיצור גיבוי בטיחות מקומי, ולאחר מכן תחליף רשומות מקומיות במכשיר זה.",ייצוא היסטוריה,389,77,yes,no,no,1,no,108 alternates,yes,index
/he/foundayo-tracker-iphone.html,he,commercial,200,index,https://www.glpzy.app/he/foundayo-tracker-iphone.html,Foundayo — רישום מהיר ללא עומס | GLPzy,"Foundayo: עקבו אחר השגרה הזו עם היסטוריית מינונים, משקל, תסמינים, תיאבון, תמונות, תזכורות וייצואים באפליקציה פרטית אחת.",Foundayo,458,55,yes,no,no,1,no,105 alternates,yes,index
/he/glp1-weight-dose-symptom-tracker.html,he,commercial,200,index,https://www.glpzy.app/he/glp1-weight-dose-symptom-tracker.html,"שגרת ה-GLP-1 שלך, מסודרת בלי עומס | GLPzy","תעדו מינונים, משקל, תסמינים, תיאבון, תמונות, תזכורות והקשר מ-Apple Health באפליקציה פרטית אחת לסקירה אישית.","שגרת ה-GLP-1 שלך, מסודרת בלי עומס.",539,54,yes,no,no,1,no,108 alternates,yes,index
/he/,he,home,200,index,https://www.glpzy.app/he/index.html,"שגרת ה-GLP-1 שלך, מסודרת בלי עומס | GLPzy","תעדו מינונים, משקל, תסמינים, תיאבון, תמונות, תזכורות והקשר מ-Apple Health באפליקציה פרטית אחת לסקירה אישית.","שגרת ה-GLP-1 שלך, מסודרת בלי עומס.",785,137,yes,no,no,1,yes,108 alternates,yes,index
/he/local-first-private-glp-tracker.html,he,privacy,200,index,https://www.glpzy.app/he/local-first-private-glp-tracker.html,פרטי כברירת מחדל. ניתן לייצוא כשאתם בוחרים | GLPzy,"אין צורך בחשבון כדי לעקוב אחר מינונים, משקל, תסמינים, תזכורות או הזמנות.",פרטי כברירת מחדל. ניתן לייצוא כשאתם בוחרים.,463,54,yes,no,no,1,no,108 alternates,yes,index
/he/medical-safety.html,he,trust,200,index,https://www.glpzy.app/he/medical-safety.html,בטיחות רפואית | GLPzy,"GLPzy עוזר לך לשמור תיעוד ברור יותר של מה שקרה. זה לא מאבחן, רושם או בוחר את המינון שלך.",בטיחות רפואית,648,78,yes,no,no,1,no,105 alternates,yes,index
/he/methodology.html,he,trust,200,index,https://www.glpzy.app/he/methodology.html,מתודולוגיה | GLPzy,מגמת חשיפה משוערת משתמשת בתזמון מנה מתועד בתוספת מודל קליטה וביטול פשוט למעקב אישי בלבד.,מתודולוגיה,663,77,yes,no,no,1,no,108 alternates,yes,index
/he/mounjaro-tracker-iphone.html,he,medicine,200,index,https://www.glpzy.app/he/mounjaro-tracker-iphone.html,Mounjaro — רישום מהיר ללא עומס | GLPzy,"Mounjaro: עקבו אחר השגרה הזו עם היסטוריית מינונים, משקל, תסמינים, תיאבון, תמונות, תזכורות וייצואים באפליקציה פרטית אחת.",Mounjaro,468,57,yes,no,no,1,no,108 alternates,yes,index
/he/overview.html,he,support,200,index,https://www.glpzy.app/he/overview.html,GLPzy — מדיניות הפרטיות · בטיחות רפואית · תמיכה,"סקור את היקף התמיכה, אנשי הקשר בנושא פרטיות והדרכה ללא חירום.",GLPzy,410,54,yes,no,no,1,no,108 alternates,yes,index
/he/ozempic-tracker-iphone.html,he,commercial,200,index,https://www.glpzy.app/he/ozempic-tracker-iphone.html,Ozempic — רישום מהיר ללא עומס | GLPzy,"Ozempic: עקבו אחר השגרה הזו עם היסטוריית מינונים, משקל, תסמינים, תיאבון, תמונות, תזכורות וייצואים באפליקציה פרטית אחת.",Ozempic,464,58,yes,no,no,1,no,105 alternates,yes,index
/he/privacy.html,he,privacy,200,index,https://www.glpzy.app/he/privacy.html,פרטי כברירת מחדל. ניתן לייצוא כשאתם בוחרים | GLPzy,"אין צורך בחשבון כדי לעקוב אחר מינונים, משקל, תסמינים, תזכורות או הזמנות.",פרטי כברירת מחדל. ניתן לייצוא כשאתם בוחרים.,463,113,yes,no,no,1,no,108 alternates,yes,index
/he/rybelsus-tracker-iphone.html,he,commercial,200,index,https://www.glpzy.app/he/rybelsus-tracker-iphone.html,Rybelsus — רישום מהיר ללא עומס | GLPzy,"Rybelsus: עקבו אחר השגרה הזו עם היסטוריית מינונים, משקל, תסמינים, תיאבון, תמונות, תזכורות וייצואים באפליקציה פרטית אחת.",Rybelsus,459,58,yes,no,no,1,no,105 alternates,yes,index
/he/saxenda-tracker-iphone.html,he,commercial,200,index,https://www.glpzy.app/he/saxenda-tracker-iphone.html,Saxenda — רישום מהיר ללא עומס | GLPzy,"Saxenda: עקבו אחר השגרה הזו עם היסטוריית מינונים, משקל, תסמינים, תיאבון, תמונות, תזכורות וייצואים באפליקציה פרטית אחת.",Saxenda,457,56,yes,no,no,1,no,105 alternates,yes,index
/he/semaglutide-tracker-iphone.html,he,medicine,200,index,https://www.glpzy.app/he/semaglutide-tracker-iphone.html,Semaglutide — רישום מהיר ללא עומס | GLPzy,"Semaglutide: עקבו אחר השגרה הזו עם היסטוריית מינונים, משקל, תסמינים, תיאבון, תמונות, תזכורות וייצואים באפליקציה פרטית אחת.",Semaglutide,469,60,yes,no,no,1,no,108 alternates,yes,index
/he/support.html,he,support,200,index,https://www.glpzy.app/he/support.html,תמיכה | GLPzy,"סקור את היקף התמיכה, אנשי הקשר בנושא פרטיות והדרכה ללא חירום.",תמיכה,434,100,yes,no,no,1,no,108 alternates,yes,index
/he/terms.html,he,support,200,index,https://www.glpzy.app/he/terms.html,תנאי שימוש | GLPzy,"תמחור, תקופת חיוב וכל פרטי מבצע היכרות מוצגים מחשבון App Store שלך לפני הרכישה. נהל או בטל בהגדרות App Store.",תנאי שימוש,471,77,yes,no,no,1,no,108 alternates,yes,index
/he/tirzepatide-tracker-iphone.html,he,medicine,200,index,https://www.glpzy.app/he/tirzepatide-tracker-iphone.html,Tirzepatide — רישום מהיר ללא עומס | GLPzy,"Tirzepatide: עקבו אחר השגרה הזו עם היסטוריית מינונים, משקל, תסמינים, תיאבון, תמונות, תזכורות וייצואים באפליקציה פרטית אחת.",Tirzepatide,473,59,yes,no,no,1,no,108 alternates,yes,index
/he/trulicity-tracker-iphone.html,he,commercial,200,index,https://www.glpzy.app/he/trulicity-tracker-iphone.html,Trulicity — רישום מהיר ללא עומס | GLPzy,"Trulicity: עקבו אחר השגרה הזו עם היסטוריית מינונים, משקל, תסמינים, תיאבון, תמונות, תזכורות וייצואים באפליקציה פרטית אחת.",Trulicity,458,55,yes,no,no,1,no,105 alternates,yes,index
/he/victoza-tracker-iphone.html,he,commercial,200,index,https://www.glpzy.app/he/victoza-tracker-iphone.html,Victoza — רישום מהיר ללא עומס | GLPzy,"Victoza: עקבו אחר השגרה הזו עם היסטוריית מינונים, משקל, תסמינים, תיאבון, תמונות, תזכורות וייצואים באפליקציה פרטית אחת.",Victoza,457,56,yes,no,no,1,no,105 alternates,yes,index
/he/wegovy-tracker-iphone.html,he,medicine,200,index,https://www.glpzy.app/he/wegovy-tracker-iphone.html,Wegovy — רישום מהיר ללא עומס | GLPzy,"Wegovy: עקבו אחר השגרה הזו עם היסטוריית מינונים, משקל, תסמינים, תיאבון, תמונות, תזכורות וייצואים באפליקציה פרטית אחת.",Wegovy,469,58,yes,no,no,1,no,108 alternates,yes,index
/he/zepbound-tracker-iphone.html,he,medicine,200,index,https://www.glpzy.app/he/zepbound-tracker-iphone.html,Zepbound — רישום מהיר ללא עומס | GLPzy,"Zepbound: עקבו אחר השגרה הזו עם היסטוריית מינונים, משקל, תסמינים, תיאבון, תמונות, תזכורות וייצואים באפליקציה פרטית אחת.",Zepbound,479,57,yes,no,no,1,no,108 alternates,yes,index
/hi/apple-health-glp-tracker.html,hi,commercial,200,index,https://www.glpzy.app/hi/apple-health-glp-tracker.html,Apple Health से केवल पढ़ने योग्य संदर्भ | GLPzy,"Apple Health पहुंच वैकल्पिक है और आपके द्वारा दी गई अनुमतियों तक सीमित है। GLPzy शरीर के वजन के इतिहास और ऊंचाई को आयात करता है, फिर शरीर की संरचना, नींद, चाल, कसरत, कैलोरी, प्रोटीन और पानी के सारांश को केवल पढ़ने योग्य मोड में पढ़ता है। वापस कुछ भी नहीं लिखा गया है.",Apple Health से केवल पढ़ने योग्य संदर्भ,807,54,yes,no,no,1,no,108 alternates,yes,index
/hi/compounded-glp-tracker-iphone.html,hi,commercial,200,index,https://www.glpzy.app/hi/compounded-glp-tracker-iphone.html,मिश्रित — बिना किसी अव्यवस्था के त्वरित लॉगिंग। | GLPzy,"मिश्रित: एक निजी ऐप में खुराक इतिहास, वजन, लक्षण, भूख, फ़ोटो, रिमाइंडर और निर्यातों के साथ इस दिनचर्या को ट्रैक करें।",मिश्रित,805,56,yes,no,no,1,no,105 alternates,yes,index
/hi/custom-medication-tracker-iphone.html,hi,commercial,200,index,https://www.glpzy.app/hi/custom-medication-tracker-iphone.html,कस्टम — बिना किसी अव्यवस्था के त्वरित लॉगिंग। | GLPzy,"कस्टम: एक निजी ऐप में खुराक इतिहास, वजन, लक्षण, भूख, फ़ोटो, रिमाइंडर और निर्यातों के साथ इस दिनचर्या को ट्रैक करें।",कस्टम,814,58,yes,no,no,1,no,105 alternates,yes,index
/hi/data-rights.html,hi,privacy,200,index,https://www.glpzy.app/hi/data-rights.html,निर्यात इतिहास | GLPzy,"GLPzy पहले एक स्थानीय सुरक्षा बैकअप बनाएगा, फिर इस डिवाइस पर स्थानीय रिकॉर्ड बदल देगा।",निर्यात इतिहास,682,77,yes,no,no,1,no,108 alternates,yes,index
/hi/foundayo-tracker-iphone.html,hi,commercial,200,index,https://www.glpzy.app/hi/foundayo-tracker-iphone.html,Foundayo — बिना किसी अव्यवस्था के त्वरित लॉगिंग। | GLPzy,"Foundayo: एक निजी ऐप में खुराक इतिहास, वजन, लक्षण, भूख, फ़ोटो, रिमाइंडर और निर्यातों के साथ इस दिनचर्या को ट्रैक करें।",Foundayo,770,55,yes,no,no,1,no,105 alternates,yes,index
/hi/glp1-weight-dose-symptom-tracker.html,hi,commercial,200,index,https://www.glpzy.app/hi/glp1-weight-dose-symptom-tracker.html,"आपकी GLP-1 दिनचर्या, बिना अव्यवस्था के व्यवस्थित। | GLPzy","व्यक्तिगत समीक्षा के लिए एक निजी ऐप में खुराक, वजन, लक्षण, भूख, फ़ोटो, रिमाइंडर और Apple Health संदर्भ दर्ज करें।","आपकी GLP-1 दिनचर्या, बिना अव्यवस्था के व्यवस्थित।",958,54,yes,no,no,1,no,108 alternates,yes,index
/hi/,hi,home,200,index,https://www.glpzy.app/hi/index.html,"आपकी GLP-1 दिनचर्या, बिना अव्यवस्था के व्यवस्थित। | GLPzy","व्यक्तिगत समीक्षा के लिए एक निजी ऐप में खुराक, वजन, लक्षण, भूख, फ़ोटो, रिमाइंडर और Apple Health संदर्भ दर्ज करें।","आपकी GLP-1 दिनचर्या, बिना अव्यवस्था के व्यवस्थित।",1470,137,yes,no,no,1,yes,108 alternates,yes,index
/hi/local-first-private-glp-tracker.html,hi,privacy,200,index,https://www.glpzy.app/hi/local-first-private-glp-tracker.html,"डिफ़ॉल्ट रूप से निजी। जब आप चुनें, निर्यात योग्य। | GLPzy","खुराक, वजन, लक्षण, अनुस्मारक या ऑर्डर को ट्रैक करने के लिए किसी खाते की आवश्यकता नहीं है।","डिफ़ॉल्ट रूप से निजी। जब आप चुनें, निर्यात योग्य।",799,54,yes,no,no,1,no,108 alternates,yes,index
/hi/medical-safety.html,hi,trust,200,index,https://www.glpzy.app/hi/medical-safety.html,चिकित्सा सुरक्षा | GLPzy,"GLPzy आपको जो कुछ हुआ उसका स्पष्ट रिकॉर्ड रखने में मदद करता है। यह आपकी खुराक का निदान, निर्धारण या चयन नहीं करता है।",चिकित्सा सुरक्षा,1389,78,yes,no,no,1,no,105 alternates,yes,index
/hi/methodology.html,hi,trust,200,index,https://www.glpzy.app/hi/methodology.html,कार्यप्रणाली | GLPzy,अनुमानित एक्सपोज़र ट्रेंड केवल व्यक्तिगत ट्रैकिंग के लिए लॉग खुराक समय और एक सरलीकृत अवशोषण-और-उन्मूलन मॉडल का उपयोग करता है।,कार्यप्रणाली,1448,77,yes,no,no,1,no,108 alternates,yes,index
/hi/mounjaro-tracker-iphone.html,hi,medicine,200,index,https://www.glpzy.app/hi/mounjaro-tracker-iphone.html,Mounjaro — बिना किसी अव्यवस्था के त्वरित लॉगिंग। | GLPzy,"Mounjaro: एक निजी ऐप में खुराक इतिहास, वजन, लक्षण, भूख, फ़ोटो, रिमाइंडर और निर्यातों के साथ इस दिनचर्या को ट्रैक करें।",Mounjaro,805,57,yes,no,no,1,no,108 alternates,yes,index
/hi/overview.html,hi,support,200,index,https://www.glpzy.app/hi/overview.html,GLPzy — गोपनीयता नीति · चिकित्सा सुरक्षा · समर्थन,"समर्थन क्षेत्र, गोपनीयता संपर्क और गैर-आपातकालीन मार्गदर्शन की समीक्षा करें।",GLPzy,713,54,yes,no,no,1,no,108 alternates,yes,index
/hi/ozempic-tracker-iphone.html,hi,commercial,200,index,https://www.glpzy.app/hi/ozempic-tracker-iphone.html,Ozempic — बिना किसी अव्यवस्था के त्वरित लॉगिंग। | GLPzy,"Ozempic: एक निजी ऐप में खुराक इतिहास, वजन, लक्षण, भूख, फ़ोटो, रिमाइंडर और निर्यातों के साथ इस दिनचर्या को ट्रैक करें।",Ozempic,792,58,yes,no,no,1,no,105 alternates,yes,index
/hi/privacy.html,hi,privacy,200,index,https://www.glpzy.app/hi/privacy.html,"डिफ़ॉल्ट रूप से निजी। जब आप चुनें, निर्यात योग्य। | GLPzy","खुराक, वजन, लक्षण, अनुस्मारक या ऑर्डर को ट्रैक करने के लिए किसी खाते की आवश्यकता नहीं है।","डिफ़ॉल्ट रूप से निजी। जब आप चुनें, निर्यात योग्य।",799,113,yes,no,no,1,no,108 alternates,yes,index
/hi/rybelsus-tracker-iphone.html,hi,commercial,200,index,https://www.glpzy.app/hi/rybelsus-tracker-iphone.html,Rybelsus — बिना किसी अव्यवस्था के त्वरित लॉगिंग। | GLPzy,"Rybelsus: एक निजी ऐप में खुराक इतिहास, वजन, लक्षण, भूख, फ़ोटो, रिमाइंडर और निर्यातों के साथ इस दिनचर्या को ट्रैक करें।",Rybelsus,771,58,yes,no,no,1,no,105 alternates,yes,index
/hi/saxenda-tracker-iphone.html,hi,commercial,200,index,https://www.glpzy.app/hi/saxenda-tracker-iphone.html,Saxenda — बिना किसी अव्यवस्था के त्वरित लॉगिंग। | GLPzy,"Saxenda: एक निजी ऐप में खुराक इतिहास, वजन, लक्षण, भूख, फ़ोटो, रिमाइंडर और निर्यातों के साथ इस दिनचर्या को ट्रैक करें।",Saxenda,775,56,yes,no,no,1,no,105 alternates,yes,index
/hi/semaglutide-tracker-iphone.html,hi,medicine,200,index,https://www.glpzy.app/hi/semaglutide-tracker-iphone.html,Semaglutide — बिना किसी अव्यवस्था के त्वरित लॉगिंग। | GLPzy,"Semaglutide: एक निजी ऐप में खुराक इतिहास, वजन, लक्षण, भूख, फ़ोटो, रिमाइंडर और निर्यातों के साथ इस दिनचर्या को ट्रैक करें।",Semaglutide,799,60,yes,no,no,1,no,108 alternates,yes,index
/hi/support.html,hi,support,200,index,https://www.glpzy.app/hi/support.html,समर्थन | GLPzy,"समर्थन क्षेत्र, गोपनीयता संपर्क और गैर-आपातकालीन मार्गदर्शन की समीक्षा करें।",समर्थन,810,100,yes,no,no,1,no,108 alternates,yes,index
/hi/terms.html,hi,support,200,index,https://www.glpzy.app/hi/terms.html,उपयोग की शर्तें | GLPzy,"मूल्य निर्धारण, बिलिंग अवधि और कोई भी प्रारंभिक प्रस्ताव विवरण खरीदारी से पहले आपके App Store खाते से दिखाए जाते हैं। App Store सेटिंग में प्रबंधित करें या रद्द करें।",उपयोग की शर्तें,940,77,yes,no,no,1,no,108 alternates,yes,index
/hi/tirzepatide-tracker-iphone.html,hi,medicine,200,index,https://www.glpzy.app/hi/tirzepatide-tracker-iphone.html,Tirzepatide — बिना किसी अव्यवस्था के त्वरित लॉगिंग। | GLPzy,"Tirzepatide: एक निजी ऐप में खुराक इतिहास, वजन, लक्षण, भूख, फ़ोटो, रिमाइंडर और निर्यातों के साथ इस दिनचर्या को ट्रैक करें।",Tirzepatide,820,59,yes,no,no,1,no,108 alternates,yes,index
/hi/trulicity-tracker-iphone.html,hi,commercial,200,index,https://www.glpzy.app/hi/trulicity-tracker-iphone.html,Trulicity — बिना किसी अव्यवस्था के त्वरित लॉगिंग। | GLPzy,"Trulicity: एक निजी ऐप में खुराक इतिहास, वजन, लक्षण, भूख, फ़ोटो, रिमाइंडर और निर्यातों के साथ इस दिनचर्या को ट्रैक करें।",Trulicity,776,55,yes,no,no,1,no,105 alternates,yes,index
/hi/victoza-tracker-iphone.html,hi,commercial,200,index,https://www.glpzy.app/hi/victoza-tracker-iphone.html,Victoza — बिना किसी अव्यवस्था के त्वरित लॉगिंग। | GLPzy,"Victoza: एक निजी ऐप में खुराक इतिहास, वजन, लक्षण, भूख, फ़ोटो, रिमाइंडर और निर्यातों के साथ इस दिनचर्या को ट्रैक करें।",Victoza,775,56,yes,no,no,1,no,105 alternates,yes,index
/hi/wegovy-tracker-iphone.html,hi,medicine,200,index,https://www.glpzy.app/hi/wegovy-tracker-iphone.html,Wegovy — बिना किसी अव्यवस्था के त्वरित लॉगिंग। | GLPzy,"Wegovy: एक निजी ऐप में खुराक इतिहास, वजन, लक्षण, भूख, फ़ोटो, रिमाइंडर और निर्यातों के साथ इस दिनचर्या को ट्रैक करें।",Wegovy,799,58,yes,no,no,1,no,108 alternates,yes,index
/hi/zepbound-tracker-iphone.html,hi,medicine,200,index,https://www.glpzy.app/hi/zepbound-tracker-iphone.html,Zepbound — बिना किसी अव्यवस्था के त्वरित लॉगिंग। | GLPzy,"Zepbound: एक निजी ऐप में खुराक इतिहास, वजन, लक्षण, भूख, फ़ोटो, रिमाइंडर और निर्यातों के साथ इस दिनचर्या को ट्रैक करें।",Zepbound,834,57,yes,no,no,1,no,108 alternates,yes,index
/hr/apple-health-glp-tracker.html,hr,commercial,200,index,https://www.glpzy.app/hr/apple-health-glp-tracker.html,Kontekst samo za čitanje iz Apple Health | GLPzy,"Pristup Apple Health nije obavezan i ograničen je na dopuštenja koja dodijelite. GLPzy uvozi povijest tjelesne težine i visine, zatim čita sažetke sastava tijela, spavanja, kretanja, vježbanja, kalorija, proteina i vode u načinu samo za čitanje. Ništa se ne zapisuje.",Kontekst samo za čitanje iz Apple Health,522,54,yes,no,no,1,no,108 alternates,yes,index
/hr/compounded-glp-tracker-iphone.html,hr,commercial,200,index,https://www.glpzy.app/hr/compounded-glp-tracker-iphone.html,Složeno — Brzo evidentiranje bez nereda | GLPzy,"Složeno: Pratite ovu rutinu s poviješću doza, težinom, simptomima, apetitom, fotografijama, podsjetnicima i izvozima u jednoj privatnoj aplikaciji.",Složeno,466,56,yes,no,no,1,no,105 alternates,yes,index
/hr/custom-medication-tracker-iphone.html,hr,commercial,200,index,https://www.glpzy.app/hr/custom-medication-tracker-iphone.html,Običaj — Brzo evidentiranje bez nereda | GLPzy,"Običaj: Pratite ovu rutinu s poviješću doza, težinom, simptomima, apetitom, fotografijama, podsjetnicima i izvozima u jednoj privatnoj aplikaciji.",Običaj,475,58,yes,no,no,1,no,105 alternates,yes,index
/hr/data-rights.html,hr,privacy,200,index,https://www.glpzy.app/hr/data-rights.html,Povijest izvoza | GLPzy,"GLPzy prvo će stvoriti lokalnu sigurnosnu kopiju, a zatim zamijeniti lokalne zapise na ovom uređaju.",Povijest izvoza,401,77,yes,no,no,1,no,108 alternates,yes,index
/hr/foundayo-tracker-iphone.html,hr,commercial,200,index,https://www.glpzy.app/hr/foundayo-tracker-iphone.html,Foundayo — Brzo evidentiranje bez nereda | GLPzy,"Foundayo: Pratite ovu rutinu s poviješću doza, težinom, simptomima, apetitom, fotografijama, podsjetnicima i izvozima u jednoj privatnoj aplikaciji.",Foundayo,456,55,yes,no,no,1,no,105 alternates,yes,index
/hr/glp1-weight-dose-symptom-tracker.html,hr,commercial,200,index,https://www.glpzy.app/hr/glp1-weight-dose-symptom-tracker.html,"Vaša GLP-1 rutina, organizirana bez nereda | GLPzy","Bilježite doze, težinu, simptome, apetit, fotografije, podsjetnike i Apple Health kontekst u jednoj privatnoj aplikaciji za osobni pregled.","Vaša GLP-1 rutina, organizirana bez nereda.",551,54,yes,no,no,1,no,108 alternates,yes,index
/hr/,hr,home,200,index,https://www.glpzy.app/hr/index.html,"Vaša GLP-1 rutina, organizirana bez nereda | GLPzy","Bilježite doze, težinu, simptome, apetit, fotografije, podsjetnike i Apple Health kontekst u jednoj privatnoj aplikaciji za osobni pregled.","Vaša GLP-1 rutina, organizirana bez nereda.",795,137,yes,no,no,1,yes,108 alternates,yes,index
/hr/local-first-private-glp-tracker.html,hr,privacy,200,index,https://www.glpzy.app/hr/local-first-private-glp-tracker.html,Privatno prema zadanim postavkama. Izvozivo kada vi odaberete | GLPzy,"Nije potreban račun za praćenje doza, težine, simptoma, podsjetnika ili narudžbi.",Privatno prema zadanim postavkama. Izvozivo kada vi odaberete.,478,54,yes,no,no,1,no,108 alternates,yes,index
/hr/medical-safety.html,hr,trust,200,index,https://www.glpzy.app/hr/medical-safety.html,Medicinska sigurnost | GLPzy,"GLPzy vam pomaže da jasnije zabilježite što se dogodilo. Ne postavlja dijagnozu, ne propisuje niti bira vašu dozu.",Medicinska sigurnost,690,78,yes,no,no,1,no,105 alternates,yes,index
/hr/methodology.html,hr,trust,200,index,https://www.glpzy.app/hr/methodology.html,Metodologija | GLPzy,Procijenjeni trend izloženosti koristi zabilježeno vrijeme doze plus pojednostavljeni model apsorpcije i eliminacije samo za osobno praćenje.,Metodologija,710,77,yes,no,no,1,no,108 alternates,yes,index
/hr/mounjaro-tracker-iphone.html,hr,medicine,200,index,https://www.glpzy.app/hr/mounjaro-tracker-iphone.html,Mounjaro — Brzo evidentiranje bez nereda | GLPzy,"Mounjaro: Pratite ovu rutinu s poviješću doza, težinom, simptomima, apetitom, fotografijama, podsjetnicima i izvozima u jednoj privatnoj aplikaciji.",Mounjaro,467,57,yes,no,no,1,no,108 alternates,yes,index
/hr/overview.html,hr,support,200,index,https://www.glpzy.app/hr/overview.html,GLPzy — Politika privatnosti · Medicinska sigurnost · podrška,"Pregledajte opseg podrške, kontakte za privatnost i smjernice koje se ne odnose na hitne slučajeve.",GLPzy,417,54,yes,no,no,1,no,108 alternates,yes,index
/hr/ozempic-tracker-iphone.html,hr,commercial,200,index,https://www.glpzy.app/hr/ozempic-tracker-iphone.html,Ozempic — Brzo evidentiranje bez nereda | GLPzy,"Ozempic: Pratite ovu rutinu s poviješću doza, težinom, simptomima, apetitom, fotografijama, podsjetnicima i izvozima u jednoj privatnoj aplikaciji.",Ozempic,462,58,yes,no,no,1,no,105 alternates,yes,index
/hr/privacy.html,hr,privacy,200,index,https://www.glpzy.app/hr/privacy.html,Privatno prema zadanim postavkama. Izvozivo kada vi odaberete | GLPzy,"Nije potreban račun za praćenje doza, težine, simptoma, podsjetnika ili narudžbi.",Privatno prema zadanim postavkama. Izvozivo kada vi odaberete.,478,113,yes,no,no,1,no,108 alternates,yes,index
/hr/rybelsus-tracker-iphone.html,hr,commercial,200,index,https://www.glpzy.app/hr/rybelsus-tracker-iphone.html,Rybelsus — Brzo evidentiranje bez nereda | GLPzy,"Rybelsus: Pratite ovu rutinu s poviješću doza, težinom, simptomima, apetitom, fotografijama, podsjetnicima i izvozima u jednoj privatnoj aplikaciji.",Rybelsus,458,58,yes,no,no,1,no,105 alternates,yes,index
/hr/saxenda-tracker-iphone.html,hr,commercial,200,index,https://www.glpzy.app/hr/saxenda-tracker-iphone.html,Saxenda — Brzo evidentiranje bez nereda | GLPzy,"Saxenda: Pratite ovu rutinu s poviješću doza, težinom, simptomima, apetitom, fotografijama, podsjetnicima i izvozima u jednoj privatnoj aplikaciji.",Saxenda,456,56,yes,no,no,1,no,105 alternates,yes,index
/hr/semaglutide-tracker-iphone.html,hr,medicine,200,index,https://www.glpzy.app/hr/semaglutide-tracker-iphone.html,Semaglutide — Brzo evidentiranje bez nereda | GLPzy,"Semaglutide: Pratite ovu rutinu s poviješću doza, težinom, simptomima, apetitom, fotografijama, podsjetnicima i izvozima u jednoj privatnoj aplikaciji.",Semaglutide,466,60,yes,no,no,1,no,108 alternates,yes,index
/hr/support.html,hr,support,200,index,https://www.glpzy.app/hr/support.html,podrška | GLPzy,"Pregledajte opseg podrške, kontakte za privatnost i smjernice koje se ne odnose na hitne slučajeve.",podrška,451,100,yes,no,no,1,no,108 alternates,yes,index
/hr/terms.html,hr,support,200,index,https://www.glpzy.app/hr/terms.html,Uvjeti korištenja | GLPzy,"Cijene, razdoblje naplate i svi detalji uvodne ponude prikazani su na vašem App Store računu prije kupnje. Upravljajte ili otkažite u postavkama App Store.",Uvjeti korištenja,492,77,yes,no,no,1,no,108 alternates,yes,index
/hr/tirzepatide-tracker-iphone.html,hr,medicine,200,index,https://www.glpzy.app/hr/tirzepatide-tracker-iphone.html,Tirzepatide — Brzo evidentiranje bez nereda | GLPzy,"Tirzepatide: Pratite ovu rutinu s poviješću doza, težinom, simptomima, apetitom, fotografijama, podsjetnicima i izvozima u jednoj privatnoj aplikaciji.",Tirzepatide,473,59,yes,no,no,1,no,108 alternates,yes,index
/hr/trulicity-tracker-iphone.html,hr,commercial,200,index,https://www.glpzy.app/hr/trulicity-tracker-iphone.html,Trulicity — Brzo evidentiranje bez nereda | GLPzy,"Trulicity: Pratite ovu rutinu s poviješću doza, težinom, simptomima, apetitom, fotografijama, podsjetnicima i izvozima u jednoj privatnoj aplikaciji.",Trulicity,456,55,yes,no,no,1,no,105 alternates,yes,index
/hr/victoza-tracker-iphone.html,hr,commercial,200,index,https://www.glpzy.app/hr/victoza-tracker-iphone.html,Victoza — Brzo evidentiranje bez nereda | GLPzy,"Victoza: Pratite ovu rutinu s poviješću doza, težinom, simptomima, apetitom, fotografijama, podsjetnicima i izvozima u jednoj privatnoj aplikaciji.",Victoza,456,56,yes,no,no,1,no,105 alternates,yes,index
/hr/wegovy-tracker-iphone.html,hr,medicine,200,index,https://www.glpzy.app/hr/wegovy-tracker-iphone.html,Wegovy — Brzo evidentiranje bez nereda | GLPzy,"Wegovy: Pratite ovu rutinu s poviješću doza, težinom, simptomima, apetitom, fotografijama, podsjetnicima i izvozima u jednoj privatnoj aplikaciji.",Wegovy,466,58,yes,no,no,1,no,108 alternates,yes,index
/hr/zepbound-tracker-iphone.html,hr,medicine,200,index,https://www.glpzy.app/hr/zepbound-tracker-iphone.html,Zepbound — Brzo evidentiranje bez nereda | GLPzy,"Zepbound: Pratite ovu rutinu s poviješću doza, težinom, simptomima, apetitom, fotografijama, podsjetnicima i izvozima u jednoj privatnoj aplikaciji.",Zepbound,480,57,yes,no,no,1,no,108 alternates,yes,index
/hu/apple-health-glp-tracker.html,hu,commercial,200,index,https://www.glpzy.app/hu/apple-health-glp-tracker.html,Csak olvasható kontextus innen: Apple Health | GLPzy,"A Apple Health hozzáférés opcionális, és az Ön által megadott engedélyekre korlátozódik. GLPzy importálja a testsúly-előzményeket és a magasságot, majd olvassa be a testösszetétel, az alvás, a mozgás, az edzés, a kalóriák, a fehérje és a víz összefoglalóit csak olvasható módban. Semmit nem írnak vissza.",Csak olvasható kontextus innen: Apple Health,520,54,yes,no,no,1,no,108 alternates,yes,index
/hu/compounded-glp-tracker-iphone.html,hu,commercial,200,index,https://www.glpzy.app/hu/compounded-glp-tracker-iphone.html,Összetett — Gyors naplózás rendetlenség nélkül | GLPzy,"Összetett: Kövesse ezt a rutint adagelőzményekkel, testsúllyal, tünetekkel, étvággyal, fotókkal, emlékeztetőkkel és exportokkal egy privát alkalmazásban.",Összetett,463,56,yes,no,no,1,no,105 alternates,yes,index
/hu/custom-medication-tracker-iphone.html,hu,commercial,200,index,https://www.glpzy.app/hu/custom-medication-tracker-iphone.html,Egyedi — Gyors naplózás rendetlenség nélkül | GLPzy,"Egyedi: Kövesse ezt a rutint adagelőzményekkel, testsúllyal, tünetekkel, étvággyal, fotókkal, emlékeztetőkkel és exportokkal egy privát alkalmazásban.",Egyedi,473,58,yes,no,no,1,no,105 alternates,yes,index
/hu/data-rights.html,hu,privacy,200,index,https://www.glpzy.app/hu/data-rights.html,Előzmények exportálása | GLPzy,"A GLPzy először létrehoz egy helyi biztonsági mentést, majd lecseréli a helyi rekordokat ezen az eszközön.",Előzmények exportálása,405,77,yes,no,no,1,no,108 alternates,yes,index
/hu/foundayo-tracker-iphone.html,hu,commercial,200,index,https://www.glpzy.app/hu/foundayo-tracker-iphone.html,Foundayo — Gyors naplózás rendetlenség nélkül | GLPzy,"Foundayo: Kövesse ezt a rutint adagelőzményekkel, testsúllyal, tünetekkel, étvággyal, fotókkal, emlékeztetőkkel és exportokkal egy privát alkalmazásban.",Foundayo,454,55,yes,no,no,1,no,105 alternates,yes,index
/hu/glp1-weight-dose-symptom-tracker.html,hu,commercial,200,index,https://www.glpzy.app/hu/glp1-weight-dose-symptom-tracker.html,"Az Ön GLP-1 rutinja, rendezett formában, felesleges zsúfoltság nélkül | GLPzy","Naplózza az adagokat, testsúlyt, tüneteket, étvágyat, fotókat, emlékeztetőket és az Apple Health-környezetet egy privát alkalmazásban személyes áttekintéshez.","Az Ön GLP-1 rutinja, rendezett formában, felesleges zsúfoltság nélkül.",554,54,yes,no,no,1,no,108 alternates,yes,index
/hu/,hu,home,200,index,https://www.glpzy.app/hu/index.html,"Az Ön GLP-1 rutinja, rendezett formában, felesleges zsúfoltság nélkül | GLPzy","Naplózza az adagokat, testsúlyt, tüneteket, étvágyat, fotókat, emlékeztetőket és az Apple Health-környezetet egy privát alkalmazásban személyes áttekintéshez.","Az Ön GLP-1 rutinja, rendezett formában, felesleges zsúfoltság nélkül.",800,137,yes,no,no,1,yes,108 alternates,yes,index
/hu/local-first-private-glp-tracker.html,hu,privacy,200,index,https://www.glpzy.app/hu/local-first-private-glp-tracker.html,"Alapértelmezés szerint privát. Exportálható, amikor Ön választja | GLPzy","Nincs szükség fiókra az adagok, a súly, a tünetek, az emlékeztetők vagy a rendelések nyomon követéséhez.","Alapértelmezés szerint privát. Exportálható, amikor Ön választja.",480,54,yes,no,no,1,no,108 alternates,yes,index
/hu/medical-safety.html,hu,trust,200,index,https://www.glpzy.app/hu/medical-safety.html,Orvosi biztonság | GLPzy,"A GLPzy segít tisztábban rögzíteni a történteket. Nem diagnosztizál, nem ír fel és nem választja ki az adagot.",Orvosi biztonság,684,78,yes,no,no,1,no,105 alternates,yes,index
/hu/methodology.html,hu,trust,200,index,https://www.glpzy.app/hu/methodology.html,Módszertan | GLPzy,A becsült expozíciós trend a naplózott dózisidőzítést és egy egyszerűsített felszívódási és eliminációs modellt használ kizárólag személyes követésre.,Módszertan,704,77,yes,no,no,1,no,108 alternates,yes,index
/hu/mounjaro-tracker-iphone.html,hu,medicine,200,index,https://www.glpzy.app/hu/mounjaro-tracker-iphone.html,Mounjaro — Gyors naplózás rendetlenség nélkül | GLPzy,"Mounjaro: Kövesse ezt a rutint adagelőzményekkel, testsúllyal, tünetekkel, étvággyal, fotókkal, emlékeztetőkkel és exportokkal egy privát alkalmazásban.",Mounjaro,462,57,yes,no,no,1,no,108 alternates,yes,index
/hu/overview.html,hu,support,200,index,https://www.glpzy.app/hu/overview.html,GLPzy — Adatvédelmi szabályzat · Orvosi biztonság · Támogatás,"Tekintse át a támogatás hatókörét, az adatvédelmi kapcsolatokat és a nem sürgősségi útmutatást.",GLPzy,412,54,yes,no,no,1,no,108 alternates,yes,index
/hu/ozempic-tracker-iphone.html,hu,commercial,200,index,https://www.glpzy.app/hu/ozempic-tracker-iphone.html,Ozempic — Gyors naplózás rendetlenség nélkül | GLPzy,"Ozempic: Kövesse ezt a rutint adagelőzményekkel, testsúllyal, tünetekkel, étvággyal, fotókkal, emlékeztetőkkel és exportokkal egy privát alkalmazásban.",Ozempic,458,58,yes,no,no,1,no,105 alternates,yes,index
/hu/privacy.html,hu,privacy,200,index,https://www.glpzy.app/hu/privacy.html,"Alapértelmezés szerint privát. Exportálható, amikor Ön választja | GLPzy","Nincs szükség fiókra az adagok, a súly, a tünetek, az emlékeztetők vagy a rendelések nyomon követéséhez.","Alapértelmezés szerint privát. Exportálható, amikor Ön választja.",480,113,yes,no,no,1,no,108 alternates,yes,index
/hu/rybelsus-tracker-iphone.html,hu,commercial,200,index,https://www.glpzy.app/hu/rybelsus-tracker-iphone.html,Rybelsus — Gyors naplózás rendetlenség nélkül | GLPzy,"Rybelsus: Kövesse ezt a rutint adagelőzményekkel, testsúllyal, tünetekkel, étvággyal, fotókkal, emlékeztetőkkel és exportokkal egy privát alkalmazásban.",Rybelsus,456,58,yes,no,no,1,no,105 alternates,yes,index
/hu/saxenda-tracker-iphone.html,hu,commercial,200,index,https://www.glpzy.app/hu/saxenda-tracker-iphone.html,Saxenda — Gyors naplózás rendetlenség nélkül | GLPzy,"Saxenda: Kövesse ezt a rutint adagelőzményekkel, testsúllyal, tünetekkel, étvággyal, fotókkal, emlékeztetőkkel és exportokkal egy privát alkalmazásban.",Saxenda,452,56,yes,no,no,1,no,105 alternates,yes,index
/hu/semaglutide-tracker-iphone.html,hu,medicine,200,index,https://www.glpzy.app/hu/semaglutide-tracker-iphone.html,Semaglutide — Gyors naplózás rendetlenség nélkül | GLPzy,"Semaglutide: Kövesse ezt a rutint adagelőzményekkel, testsúllyal, tünetekkel, étvággyal, fotókkal, emlékeztetőkkel és exportokkal egy privát alkalmazásban.",Semaglutide,464,60,yes,no,no,1,no,108 alternates,yes,index
/hu/support.html,hu,support,200,index,https://www.glpzy.app/hu/support.html,Támogatás | GLPzy,"Tekintse át a támogatás hatókörét, az adatvédelmi kapcsolatokat és a nem sürgősségi útmutatást.",Támogatás,444,100,yes,no,no,1,no,108 alternates,yes,index
/hu/terms.html,hu,support,200,index,https://www.glpzy.app/hu/terms.html,Felhasználási feltételek | GLPzy,"Az árak, a számlázási időszak és a bevezető ajánlat részletei a vásárlás előtt láthatók App Store-fiókjában. Kezelje vagy törölje a App Store beállításait.",Felhasználási feltételek,487,77,yes,no,no,1,no,108 alternates,yes,index
/hu/tirzepatide-tracker-iphone.html,hu,medicine,200,index,https://www.glpzy.app/hu/tirzepatide-tracker-iphone.html,Tirzepatide — Gyors naplózás rendetlenség nélkül | GLPzy,"Tirzepatide: Kövesse ezt a rutint adagelőzményekkel, testsúllyal, tünetekkel, étvággyal, fotókkal, emlékeztetőkkel és exportokkal egy privát alkalmazásban.",Tirzepatide,467,59,yes,no,no,1,no,108 alternates,yes,index
/hu/trulicity-tracker-iphone.html,hu,commercial,200,index,https://www.glpzy.app/hu/trulicity-tracker-iphone.html,Trulicity — Gyors naplózás rendetlenség nélkül | GLPzy,"Trulicity: Kövesse ezt a rutint adagelőzményekkel, testsúllyal, tünetekkel, étvággyal, fotókkal, emlékeztetőkkel és exportokkal egy privát alkalmazásban.",Trulicity,452,55,yes,no,no,1,no,105 alternates,yes,index
/hu/victoza-tracker-iphone.html,hu,commercial,200,index,https://www.glpzy.app/hu/victoza-tracker-iphone.html,Victoza — Gyors naplózás rendetlenség nélkül | GLPzy,"Victoza: Kövesse ezt a rutint adagelőzményekkel, testsúllyal, tünetekkel, étvággyal, fotókkal, emlékeztetőkkel és exportokkal egy privát alkalmazásban.",Victoza,452,56,yes,no,no,1,no,105 alternates,yes,index
/hu/wegovy-tracker-iphone.html,hu,medicine,200,index,https://www.glpzy.app/hu/wegovy-tracker-iphone.html,Wegovy — Gyors naplózás rendetlenség nélkül | GLPzy,"Wegovy: Kövesse ezt a rutint adagelőzményekkel, testsúllyal, tünetekkel, étvággyal, fotókkal, emlékeztetőkkel és exportokkal egy privát alkalmazásban.",Wegovy,464,58,yes,no,no,1,no,108 alternates,yes,index
/hu/zepbound-tracker-iphone.html,hu,medicine,200,index,https://www.glpzy.app/hu/zepbound-tracker-iphone.html,Zepbound — Gyors naplózás rendetlenség nélkül | GLPzy,"Zepbound: Kövesse ezt a rutint adagelőzményekkel, testsúllyal, tünetekkel, étvággyal, fotókkal, emlékeztetőkkel és exportokkal egy privát alkalmazásban.",Zepbound,472,57,yes,no,no,1,no,108 alternates,yes,index
/id/apple-health-glp-tracker.html,id,commercial,200,index,https://www.glpzy.app/id/apple-health-glp-tracker.html,Konteks hanya baca dari Apple Health | GLPzy,"Akses Apple Health bersifat opsional dan terbatas pada izin yang Anda berikan. GLPzy mengimpor riwayat berat badan dan tinggi badan, lalu membaca ringkasan komposisi tubuh, gerakan, olahraga, kalori, protein, dan air dalam mode hanya baca. Tidak ada yang ditulis kembali.",Konteks hanya baca dari Apple Health,524,54,yes,no,no,1,no,108 alternates,yes,index
/id/compounded-glp-tracker-iphone.html,id,commercial,200,index,https://www.glpzy.app/id/compounded-glp-tracker-iphone.html,Diperparah — Pencatatan cepat tanpa kekacauan | GLPzy,"Diperparah: Lacak rutinitas ini dengan riwayat dosis, berat badan, gejala, nafsu makan, foto, pengingat, dan ekspor dalam satu aplikasi pribadi.",Diperparah,489,56,yes,no,no,1,no,105 alternates,yes,index
/id/custom-medication-tracker-iphone.html,id,commercial,200,index,https://www.glpzy.app/id/custom-medication-tracker-iphone.html,Adat — Pencatatan cepat tanpa kekacauan | GLPzy,"Adat: Lacak rutinitas ini dengan riwayat dosis, berat badan, gejala, nafsu makan, foto, pengingat, dan ekspor dalam satu aplikasi pribadi.",Adat,498,58,yes,no,no,1,no,105 alternates,yes,index
/id/data-rights.html,id,privacy,200,index,https://www.glpzy.app/id/data-rights.html,Ekspor riwayat | GLPzy,"GLPzy pertama-tama akan membuat cadangan keamanan lokal, lalu mengganti catatan lokal pada perangkat ini.",Ekspor riwayat,408,77,yes,no,no,1,no,108 alternates,yes,index
/id/foundayo-tracker-iphone.html,id,commercial,200,index,https://www.glpzy.app/id/foundayo-tracker-iphone.html,Foundayo — Pencatatan cepat tanpa kekacauan | GLPzy,"Foundayo: Lacak rutinitas ini dengan riwayat dosis, berat badan, gejala, nafsu makan, foto, pengingat, dan ekspor dalam satu aplikasi pribadi.",Foundayo,479,55,yes,no,no,1,no,105 alternates,yes,index
/id/glp1-weight-dose-symptom-tracker.html,id,commercial,200,index,https://www.glpzy.app/id/glp1-weight-dose-symptom-tracker.html,"Rutinitas GLP-1 Anda, tertata tanpa keruwetan | GLPzy","Catat dosis, berat badan, gejala, nafsu makan, foto, pengingat, dan konteks Apple Health dalam satu aplikasi pribadi untuk tinjauan pribadi.","Rutinitas GLP-1 Anda, tertata tanpa keruwetan.",569,54,yes,no,no,1,no,108 alternates,yes,index
/id/,id,home,200,index,https://www.glpzy.app/id/index.html,"Rutinitas GLP-1 Anda, tertata tanpa keruwetan | GLPzy","Catat dosis, berat badan, gejala, nafsu makan, foto, pengingat, dan konteks Apple Health dalam satu aplikasi pribadi untuk tinjauan pribadi.","Rutinitas GLP-1 Anda, tertata tanpa keruwetan.",831,137,yes,no,no,1,yes,108 alternates,yes,index
/id/local-first-private-glp-tracker.html,id,privacy,200,index,https://www.glpzy.app/id/local-first-private-glp-tracker.html,Privat secara default. Dapat diekspor saat Anda memilih | GLPzy,"Tidak diperlukan akun dalam app untuk mencatat dosis, berat badan, gejala, atau pengingat.",Privat secara default. Dapat diekspor saat Anda memilih.,482,54,yes,no,no,1,no,108 alternates,yes,index
/id/medical-safety.html,id,trust,200,index,https://www.glpzy.app/id/medical-safety.html,Keamanan medis | GLPzy,"GLPzy membantu Anda mencatat dengan lebih jelas apa yang terjadi. Itu tidak mendiagnosis, meresepkan, atau memilih dosis Anda.",Keamanan medis,700,78,yes,no,no,1,no,105 alternates,yes,index
/id/methodology.html,id,trust,200,index,https://www.glpzy.app/id/methodology.html,Metodologi | GLPzy,Perkiraan Tren Paparan menggunakan pencatatan waktu dosis ditambah model penyerapan dan eliminasi yang disederhanakan hanya untuk pelacakan pribadi.,Metodologi,723,77,yes,no,no,1,no,108 alternates,yes,index
/id/mounjaro-tracker-iphone.html,id,medicine,200,index,https://www.glpzy.app/id/mounjaro-tracker-iphone.html,Mounjaro — Pencatatan cepat tanpa kekacauan | GLPzy,"Mounjaro: Lacak rutinitas ini dengan riwayat dosis, berat badan, gejala, nafsu makan, foto, pengingat, dan ekspor dalam satu aplikasi pribadi.",Mounjaro,490,57,yes,no,no,1,no,108 alternates,yes,index
/id/overview.html,id,support,200,index,https://www.glpzy.app/id/overview.html,GLPzy — Kebijakan privasi · Keamanan medis · Dukungan,"Tinjau cakupan dukungan, kontak privasi, dan panduan non-darurat.",GLPzy,432,54,yes,no,no,1,no,108 alternates,yes,index
/id/ozempic-tracker-iphone.html,id,commercial,200,index,https://www.glpzy.app/id/ozempic-tracker-iphone.html,Ozempic — Pencatatan cepat tanpa kekacauan | GLPzy,"Ozempic: Lacak rutinitas ini dengan riwayat dosis, berat badan, gejala, nafsu makan, foto, pengingat, dan ekspor dalam satu aplikasi pribadi.",Ozempic,486,58,yes,no,no,1,no,105 alternates,yes,index
/id/privacy.html,id,privacy,200,index,https://www.glpzy.app/id/privacy.html,Privat secara default. Dapat diekspor saat Anda memilih | GLPzy,"Tidak diperlukan akun dalam app untuk mencatat dosis, berat badan, gejala, atau pengingat.",Privat secara default. Dapat diekspor saat Anda memilih.,482,113,yes,no,no,1,no,108 alternates,yes,index
/id/rybelsus-tracker-iphone.html,id,commercial,200,index,https://www.glpzy.app/id/rybelsus-tracker-iphone.html,Rybelsus — Pencatatan cepat tanpa kekacauan | GLPzy,"Rybelsus: Lacak rutinitas ini dengan riwayat dosis, berat badan, gejala, nafsu makan, foto, pengingat, dan ekspor dalam satu aplikasi pribadi.",Rybelsus,481,58,yes,no,no,1,no,105 alternates,yes,index
/id/saxenda-tracker-iphone.html,id,commercial,200,index,https://www.glpzy.app/id/saxenda-tracker-iphone.html,Saxenda — Pencatatan cepat tanpa kekacauan | GLPzy,"Saxenda: Lacak rutinitas ini dengan riwayat dosis, berat badan, gejala, nafsu makan, foto, pengingat, dan ekspor dalam satu aplikasi pribadi.",Saxenda,480,56,yes,no,no,1,no,105 alternates,yes,index
/id/semaglutide-tracker-iphone.html,id,medicine,200,index,https://www.glpzy.app/id/semaglutide-tracker-iphone.html,Semaglutide — Pencatatan cepat tanpa kekacauan | GLPzy,"Semaglutide: Lacak rutinitas ini dengan riwayat dosis, berat badan, gejala, nafsu makan, foto, pengingat, dan ekspor dalam satu aplikasi pribadi.",Semaglutide,490,60,yes,no,no,1,no,108 alternates,yes,index
/id/support.html,id,support,200,index,https://www.glpzy.app/id/support.html,Dukungan | GLPzy,"Tinjau cakupan dukungan, kontak privasi, dan panduan non-darurat.",Dukungan,446,100,yes,no,no,1,no,108 alternates,yes,index
/id/terms.html,id,support,200,index,https://www.glpzy.app/id/terms.html,Ketentuan penggunaan | GLPzy,"Harga, periode penagihan, dan detail penawaran perkenalan ditampilkan dari akun App Store Anda sebelum pembelian. Kelola atau batalkan dalam pengaturan App Store.",Ketentuan penggunaan,495,77,yes,no,no,1,no,108 alternates,yes,index
/id/tirzepatide-tracker-iphone.html,id,medicine,200,index,https://www.glpzy.app/id/tirzepatide-tracker-iphone.html,Tirzepatide — Pencatatan cepat tanpa kekacauan | GLPzy,"Tirzepatide: Lacak rutinitas ini dengan riwayat dosis, berat badan, gejala, nafsu makan, foto, pengingat, dan ekspor dalam satu aplikasi pribadi.",Tirzepatide,494,59,yes,no,no,1,no,108 alternates,yes,index
/id/trulicity-tracker-iphone.html,id,commercial,200,index,https://www.glpzy.app/id/trulicity-tracker-iphone.html,Trulicity — Pencatatan cepat tanpa kekacauan | GLPzy,"Trulicity: Lacak rutinitas ini dengan riwayat dosis, berat badan, gejala, nafsu makan, foto, pengingat, dan ekspor dalam satu aplikasi pribadi.",Trulicity,480,55,yes,no,no,1,no,105 alternates,yes,index
/id/victoza-tracker-iphone.html,id,commercial,200,index,https://www.glpzy.app/id/victoza-tracker-iphone.html,Victoza — Pencatatan cepat tanpa kekacauan | GLPzy,"Victoza: Lacak rutinitas ini dengan riwayat dosis, berat badan, gejala, nafsu makan, foto, pengingat, dan ekspor dalam satu aplikasi pribadi.",Victoza,480,56,yes,no,no,1,no,105 alternates,yes,index
/id/wegovy-tracker-iphone.html,id,medicine,200,index,https://www.glpzy.app/id/wegovy-tracker-iphone.html,Wegovy — Pencatatan cepat tanpa kekacauan | GLPzy,"Wegovy: Lacak rutinitas ini dengan riwayat dosis, berat badan, gejala, nafsu makan, foto, pengingat, dan ekspor dalam satu aplikasi pribadi.",Wegovy,490,58,yes,no,no,1,no,108 alternates,yes,index
/id/zepbound-tracker-iphone.html,id,medicine,200,index,https://www.glpzy.app/id/zepbound-tracker-iphone.html,Zepbound — Pencatatan cepat tanpa kekacauan | GLPzy,"Zepbound: Lacak rutinitas ini dengan riwayat dosis, berat badan, gejala, nafsu makan, foto, pengingat, dan ekspor dalam satu aplikasi pribadi.",Zepbound,499,57,yes,no,no,1,no,108 alternates,yes,index
/it/apple-health-glp-tracker.html,it,commercial,200,index,https://www.glpzy.app/it/apple-health-glp-tracker.html,Contesto di sola lettura da Apple Health | GLPzy,"L'accesso a Apple Health è facoltativo e limitato alle autorizzazioni concesse. GLPzy importa la cronologia del peso corporeo e dell'altezza, quindi legge i riepiloghi della composizione corporea, del movimento, dell'allenamento, delle calorie, delle proteine ​​e dell'acqua in modalità di sola lettura. Non viene riscritto nulla.",Contesto di sola lettura da Apple Health,551,54,yes,no,no,1,no,108 alternates,yes,index
/it/compounded-glp-tracker-iphone.html,it,commercial,200,index,https://www.glpzy.app/it/compounded-glp-tracker-iphone.html,Compounded​ — Registrazione rapida senza ingombri | GLPzy,"Compounded​: Tieni traccia di questa routine con cronologia delle dosi, peso, sintomi, appetito, foto, promemoria ed esportazioni in un’unica app privata.",Compounded​,509,56,yes,no,no,1,no,105 alternates,yes,index
/it/custom-medication-tracker-iphone.html,it,commercial,200,index,https://www.glpzy.app/it/custom-medication-tracker-iphone.html,Personalizzato — Registrazione rapida senza ingombri | GLPzy,"Personalizzato: Tieni traccia di questa routine con cronologia delle dosi, peso, sintomi, appetito, foto, promemoria ed esportazioni in un’unica app privata.",Personalizzato,517,58,yes,no,no,1,no,105 alternates,yes,index
/it/data-rights.html,it,privacy,200,index,https://www.glpzy.app/it/data-rights.html,Esporta cronologia | GLPzy,"GLPzy creerà innanzitutto un backup di sicurezza locale, quindi sostituirà i record locali su questo dispositivo.",Esporta cronologia,428,77,yes,no,no,1,no,108 alternates,yes,index
/it/foundayo-tracker-iphone.html,it,commercial,200,index,https://www.glpzy.app/it/foundayo-tracker-iphone.html,Foundayo — Registrazione rapida senza ingombri | GLPzy,"Foundayo: Tieni traccia di questa routine con cronologia delle dosi, peso, sintomi, appetito, foto, promemoria ed esportazioni in un’unica app privata.",Foundayo,499,55,yes,no,no,1,no,105 alternates,yes,index
/it/glp1-weight-dose-symptom-tracker.html,it,commercial,200,index,https://www.glpzy.app/it/glp1-weight-dose-symptom-tracker.html,"La tua routine GLP-1, organizzata senza confusione | GLPzy","Registra dosi, peso, sintomi, appetito, foto, promemoria e contesto Apple Health in un’unica app privata per revisione personale.","La tua routine GLP-1, organizzata senza confusione.",595,54,yes,no,no,1,no,108 alternates,yes,index
/it/,it,home,200,index,https://www.glpzy.app/it/index.html,"La tua routine GLP-1, organizzata senza confusione | GLPzy","Registra dosi, peso, sintomi, appetito, foto, promemoria e contesto Apple Health in un’unica app privata per revisione personale.","La tua routine GLP-1, organizzata senza confusione.",886,137,yes,no,no,1,yes,108 alternates,yes,index
/it/local-first-private-glp-tracker.html,it,privacy,200,index,https://www.glpzy.app/it/local-first-private-glp-tracker.html,Privata per impostazione predefinita. Esportabile quando vuoi | GLPzy,"Non serve un account nell’app per registrare dosi, peso, sintomi o promemoria.",Privata per impostazione predefinita. Esportabile quando vuoi.,510,54,yes,no,no,1,no,108 alternates,yes,index
/it/medical-safety.html,it,trust,200,index,https://www.glpzy.app/it/medical-safety.html,Sicurezza medica | GLPzy,"GLPzy ti aiuta a tenere un registro più chiaro di ciò che è successo. Non diagnostica, prescrive o sceglie la dose.",Sicurezza medica,806,78,yes,no,no,1,no,105 alternates,yes,index
/it/methodology.html,it,trust,200,index,https://www.glpzy.app/it/methodology.html,Metodologia | GLPzy,Il trend di esposizione stimata usa l’orario delle dosi registrate insieme a un modello semplificato di assorbimento ed eliminazione solo per il monitoraggio personale.,Metodologia,839,77,yes,no,no,1,no,108 alternates,yes,index
/it/mounjaro-tracker-iphone.html,it,medicine,200,index,https://www.glpzy.app/it/mounjaro-tracker-iphone.html,Mounjaro — Registrazione rapida senza ingombri | GLPzy,"Mounjaro: Tieni traccia di questa routine con cronologia delle dosi, peso, sintomi, appetito, foto, promemoria ed esportazioni in un’unica app privata.",Mounjaro,509,57,yes,no,no,1,no,108 alternates,yes,index
/it/overview.html,it,support,200,index,https://www.glpzy.app/it/overview.html,GLPzy — Politica sulla riservatezza · Sicurezza medica · Supporto,"Esamina l'ambito del supporto, i contatti sulla privacy e le indicazioni non di emergenza.",GLPzy,454,54,yes,no,no,1,no,108 alternates,yes,index
/it/ozempic-tracker-iphone.html,it,commercial,200,index,https://www.glpzy.app/it/ozempic-tracker-iphone.html,Ozempic — Registrazione rapida senza ingombri | GLPzy,"Ozempic: Tieni traccia di questa routine con cronologia delle dosi, peso, sintomi, appetito, foto, promemoria ed esportazioni in un’unica app privata.",Ozempic,506,58,yes,no,no,1,no,105 alternates,yes,index
/it/privacy.html,it,privacy,200,index,https://www.glpzy.app/it/privacy.html,Privata per impostazione predefinita. Esportabile quando vuoi | GLPzy,"Non serve un account nell’app per registrare dosi, peso, sintomi o promemoria.",Privata per impostazione predefinita. Esportabile quando vuoi.,510,113,yes,no,no,1,no,108 alternates,yes,index
/it/rybelsus-tracker-iphone.html,it,commercial,200,index,https://www.glpzy.app/it/rybelsus-tracker-iphone.html,Rybelsus — Registrazione rapida senza ingombri | GLPzy,"Rybelsus: Tieni traccia di questa routine con cronologia delle dosi, peso, sintomi, appetito, foto, promemoria ed esportazioni in un’unica app privata.",Rybelsus,501,58,yes,no,no,1,no,105 alternates,yes,index
/it/saxenda-tracker-iphone.html,it,commercial,200,index,https://www.glpzy.app/it/saxenda-tracker-iphone.html,Saxenda — Registrazione rapida senza ingombri | GLPzy,"Saxenda: Tieni traccia di questa routine con cronologia delle dosi, peso, sintomi, appetito, foto, promemoria ed esportazioni in un’unica app privata.",Saxenda,500,56,yes,no,no,1,no,105 alternates,yes,index
/it/semaglutide-tracker-iphone.html,it,medicine,200,index,https://www.glpzy.app/it/semaglutide-tracker-iphone.html,Semaglutide — Registrazione rapida senza ingombri | GLPzy,"Semaglutide: Tieni traccia di questa routine con cronologia delle dosi, peso, sintomi, appetito, foto, promemoria ed esportazioni in un’unica app privata.",Semaglutide,509,60,yes,no,no,1,no,108 alternates,yes,index
/it/support.html,it,support,200,index,https://www.glpzy.app/it/support.html,Supporto | GLPzy,"Esamina l'ambito del supporto, i contatti sulla privacy e le indicazioni non di emergenza.",Supporto,479,100,yes,no,no,1,no,108 alternates,yes,index
/it/terms.html,it,support,200,index,https://www.glpzy.app/it/terms.html,Termini di utilizzo | GLPzy,"Prezzo, periodo di fatturazione ed eventuali dettagli dell'offerta di lancio vengono visualizzati nel tuo account App Store prima dell'acquisto. Gestisci o annulla nelle impostazioni App Store.",Termini di utilizzo,535,77,yes,no,no,1,no,108 alternates,yes,index
/it/tirzepatide-tracker-iphone.html,it,medicine,200,index,https://www.glpzy.app/it/tirzepatide-tracker-iphone.html,Tirzepatide — Registrazione rapida senza ingombri | GLPzy,"Tirzepatide: Tieni traccia di questa routine con cronologia delle dosi, peso, sintomi, appetito, foto, promemoria ed esportazioni in un’unica app privata.",Tirzepatide,513,59,yes,no,no,1,no,108 alternates,yes,index
/it/trulicity-tracker-iphone.html,it,commercial,200,index,https://www.glpzy.app/it/trulicity-tracker-iphone.html,Trulicity — Registrazione rapida senza ingombri | GLPzy,"Trulicity: Tieni traccia di questa routine con cronologia delle dosi, peso, sintomi, appetito, foto, promemoria ed esportazioni in un’unica app privata.",Trulicity,500,55,yes,no,no,1,no,105 alternates,yes,index
/it/victoza-tracker-iphone.html,it,commercial,200,index,https://www.glpzy.app/it/victoza-tracker-iphone.html,Victoza — Registrazione rapida senza ingombri | GLPzy,"Victoza: Tieni traccia di questa routine con cronologia delle dosi, peso, sintomi, appetito, foto, promemoria ed esportazioni in un’unica app privata.",Victoza,500,56,yes,no,no,1,no,105 alternates,yes,index
/it/wegovy-tracker-iphone.html,it,medicine,200,index,https://www.glpzy.app/it/wegovy-tracker-iphone.html,Wegovy — Registrazione rapida senza ingombri | GLPzy,"Wegovy: Tieni traccia di questa routine con cronologia delle dosi, peso, sintomi, appetito, foto, promemoria ed esportazioni in un’unica app privata.",Wegovy,509,58,yes,no,no,1,no,108 alternates,yes,index
/it/zepbound-tracker-iphone.html,it,medicine,200,index,https://www.glpzy.app/it/zepbound-tracker-iphone.html,Zepbound — Registrazione rapida senza ingombri | GLPzy,"Zepbound: Tieni traccia di questa routine con cronologia delle dosi, peso, sintomi, appetito, foto, promemoria ed esportazioni in un’unica app privata.",Zepbound,517,57,yes,no,no,1,no,108 alternates,yes,index
/ja/apple-health-glp-tracker.html,ja,commercial,200,index,https://www.glpzy.app/ja/apple-health-glp-tracker.html,Apple Health からの読み取り専用コンテキスト | GLPzy,Apple Health アクセスはオプションであり、付与した権限に限定されます。 GLPzy は、体重履歴と身長をインポートし、体組成、運動、トレーニング、カロリー、タンパク質、水分の概要を読み取り専用モードで読み取ります。何も書き戻されません。,Apple Health からの読み取り専用コンテキスト,393,54,yes,no,no,1,no,108 alternates,yes,index
/ja/compounded-glp-tracker-iphone.html,ja,commercial,200,index,https://www.glpzy.app/ja/compounded-glp-tracker-iphone.html,Compounded​ — 煩雑にならずに迅速にログを記録できます。 | GLPzy,Compounded​: このルーティンを、用量履歴、体重、症状、食欲、写真、リマインダー、エクスポートとともに、1つのプライベートなアプリで記録できます。,Compounded​,336,56,yes,no,no,1,no,105 alternates,yes,index
/ja/custom-medication-tracker-iphone.html,ja,commercial,200,index,https://www.glpzy.app/ja/custom-medication-tracker-iphone.html,カスタム — 煩雑にならずに迅速にログを記録できます。 | GLPzy,カスタム: このルーティンを、用量履歴、体重、症状、食欲、写真、リマインダー、エクスポートとともに、1つのプライベートなアプリで記録できます。,カスタム,342,58,yes,no,no,1,no,105 alternates,yes,index
/ja/data-rights.html,ja,privacy,200,index,https://www.glpzy.app/ja/data-rights.html,エクスポート履歴 | GLPzy,GLPzy は、まずローカルの安全バックアップを作成し、次にこのデバイス上のローカル レコードを置き換えます。,エクスポート履歴,283,77,yes,no,no,1,no,108 alternates,yes,index
/ja/foundayo-tracker-iphone.html,ja,commercial,200,index,https://www.glpzy.app/ja/foundayo-tracker-iphone.html,Foundayo — 煩雑にならずに迅速にログを記録できます。 | GLPzy,Foundayo: このルーティンを、用量履歴、体重、症状、食欲、写真、リマインダー、エクスポートとともに、1つのプライベートなアプリで記録できます。,Foundayo,328,55,yes,no,no,1,no,105 alternates,yes,index
/ja/glp1-weight-dose-symptom-tracker.html,ja,commercial,200,index,https://www.glpzy.app/ja/glp1-weight-dose-symptom-tracker.html,GLP-1 の記録を、すっきり整理。 | GLPzy,用量、体重、症状、食欲、写真、リマインダー、Apple Health の情報を、個人で見直すためのプライベートなアプリに記録できます。,GLP-1 の記録を、すっきり整理。,375,54,yes,no,no,1,no,108 alternates,yes,index
/ja/,ja,home,200,index,https://www.glpzy.app/ja/index.html,GLP-1 の記録を、すっきり整理。 | GLPzy,用量、体重、症状、食欲、写真、リマインダー、Apple Health の情報を、個人で見直すためのプライベートなアプリに記録できます。,GLP-1 の記録を、すっきり整理。,489,137,yes,no,no,1,yes,108 alternates,yes,index
/ja/local-first-private-glp-tracker.html,ja,privacy,200,index,https://www.glpzy.app/ja/local-first-private-glp-tracker.html,標準でプライベート。必要なときにエクスポート可能。 | GLPzy,投与量、体重、症状、リマインダー、またはリマインダーを追跡するためにアカウントは必要ありません。,標準でプライベート。必要なときにエクスポート可能。,332,54,yes,no,no,1,no,108 alternates,yes,index
/ja/medical-safety.html,ja,trust,200,index,https://www.glpzy.app/ja/medical-safety.html,医療安全 | GLPzy,GLPzy は、何が起こったかをより明確に記録するのに役立ちます。診断、処方、または投与量の選択を行うものではありません。,医療安全,370,78,yes,no,no,1,no,105 alternates,yes,index
/ja/methodology.html,ja,trust,200,index,https://www.glpzy.app/ja/methodology.html,方法論 | GLPzy,推定曝露トレンドは、記録された投与時刻と簡略化した吸収・消失モデルを用いた、個人記録専用の推定です。,方法論,378,77,yes,no,no,1,no,108 alternates,yes,index
/ja/mounjaro-tracker-iphone.html,ja,medicine,200,index,https://www.glpzy.app/ja/mounjaro-tracker-iphone.html,Mounjaro — 煩雑にならずに迅速にログを記録できます。 | GLPzy,Mounjaro: このルーティンを、用量履歴、体重、症状、食欲、写真、リマインダー、エクスポートとともに、1つのプライベートなアプリで記録できます。,Mounjaro,335,57,yes,no,no,1,no,108 alternates,yes,index
/ja/overview.html,ja,support,200,index,https://www.glpzy.app/ja/overview.html,GLPzy — プライバシーポリシー · 医療安全 · サポート,サポート範囲、プライバシーに関する連絡先、および緊急以外のガイダンスを確認します。,GLPzy,280,54,yes,no,no,1,no,108 alternates,yes,index
/ja/ozempic-tracker-iphone.html,ja,commercial,200,index,https://www.glpzy.app/ja/ozempic-tracker-iphone.html,Ozempic — 煩雑にならずに迅速にログを記録できます。 | GLPzy,Ozempic: このルーティンを、用量履歴、体重、症状、食欲、写真、リマインダー、エクスポートとともに、1つのプライベートなアプリで記録できます。,Ozempic,333,58,yes,no,no,1,no,105 alternates,yes,index
/ja/privacy.html,ja,privacy,200,index,https://www.glpzy.app/ja/privacy.html,標準でプライベート。必要なときにエクスポート可能。 | GLPzy,投与量、体重、症状、リマインダー、またはリマインダーを追跡するためにアカウントは必要ありません。,標準でプライベート。必要なときにエクスポート可能。,332,113,yes,no,no,1,no,108 alternates,yes,index
/ja/rybelsus-tracker-iphone.html,ja,commercial,200,index,https://www.glpzy.app/ja/rybelsus-tracker-iphone.html,Rybelsus — 煩雑にならずに迅速にログを記録できます。 | GLPzy,Rybelsus: このルーティンを、用量履歴、体重、症状、食欲、写真、リマインダー、エクスポートとともに、1つのプライベートなアプリで記録できます。,Rybelsus,330,58,yes,no,no,1,no,105 alternates,yes,index
/ja/saxenda-tracker-iphone.html,ja,commercial,200,index,https://www.glpzy.app/ja/saxenda-tracker-iphone.html,Saxenda — 煩雑にならずに迅速にログを記録できます。 | GLPzy,Saxenda: このルーティンを、用量履歴、体重、症状、食欲、写真、リマインダー、エクスポートとともに、1つのプライベートなアプリで記録できます。,Saxenda,328,56,yes,no,no,1,no,105 alternates,yes,index
/ja/semaglutide-tracker-iphone.html,ja,medicine,200,index,https://www.glpzy.app/ja/semaglutide-tracker-iphone.html,Semaglutide — 煩雑にならずに迅速にログを記録できます。 | GLPzy,Semaglutide: このルーティンを、用量履歴、体重、症状、食欲、写真、リマインダー、エクスポートとともに、1つのプライベートなアプリで記録できます。,Semaglutide,336,60,yes,no,no,1,no,108 alternates,yes,index
/ja/support.html,ja,support,200,index,https://www.glpzy.app/ja/support.html,サポート | GLPzy,サポート範囲、プライバシーに関する連絡先、および緊急以外のガイダンスを確認します。,サポート,286,100,yes,no,no,1,no,108 alternates,yes,index
/ja/terms.html,ja,support,200,index,https://www.glpzy.app/ja/terms.html,利用規約 | GLPzy,価格、請求期間、および紹介特典の詳細は、購入前に App Store アカウントから表示されます。 App Store 設定で管理またはキャンセルします。,利用規約,304,77,yes,no,no,1,no,108 alternates,yes,index
/ja/tirzepatide-tracker-iphone.html,ja,medicine,200,index,https://www.glpzy.app/ja/tirzepatide-tracker-iphone.html,Tirzepatide — 煩雑にならずに迅速にログを記録できます。 | GLPzy,Tirzepatide: このルーティンを、用量履歴、体重、症状、食欲、写真、リマインダー、エクスポートとともに、1つのプライベートなアプリで記録できます。,Tirzepatide,338,59,yes,no,no,1,no,108 alternates,yes,index
/ja/trulicity-tracker-iphone.html,ja,commercial,200,index,https://www.glpzy.app/ja/trulicity-tracker-iphone.html,Trulicity — 煩雑にならずに迅速にログを記録できます。 | GLPzy,Trulicity: このルーティンを、用量履歴、体重、症状、食欲、写真、リマインダー、エクスポートとともに、1つのプライベートなアプリで記録できます。,Trulicity,328,55,yes,no,no,1,no,105 alternates,yes,index
/ja/victoza-tracker-iphone.html,ja,commercial,200,index,https://www.glpzy.app/ja/victoza-tracker-iphone.html,Victoza — 煩雑にならずに迅速にログを記録できます。 | GLPzy,Victoza: このルーティンを、用量履歴、体重、症状、食欲、写真、リマインダー、エクスポートとともに、1つのプライベートなアプリで記録できます。,Victoza,328,56,yes,no,no,1,no,105 alternates,yes,index
/ja/wegovy-tracker-iphone.html,ja,medicine,200,index,https://www.glpzy.app/ja/wegovy-tracker-iphone.html,Wegovy — 煩雑にならずに迅速にログを記録できます。 | GLPzy,Wegovy: このルーティンを、用量履歴、体重、症状、食欲、写真、リマインダー、エクスポートとともに、1つのプライベートなアプリで記録できます。,Wegovy,336,58,yes,no,no,1,no,108 alternates,yes,index
/ja/zepbound-tracker-iphone.html,ja,medicine,200,index,https://www.glpzy.app/ja/zepbound-tracker-iphone.html,Zepbound — 煩雑にならずに迅速にログを記録できます。 | GLPzy,Zepbound: このルーティンを、用量履歴、体重、症状、食欲、写真、リマインダー、エクスポートとともに、1つのプライベートなアプリで記録できます。,Zepbound,341,57,yes,no,no,1,no,108 alternates,yes,index
/kn/apple-health-glp-tracker.html,kn,commercial,200,index,https://www.glpzy.app/kn/apple-health-glp-tracker.html,Apple Health ನಿಂದ ಓದಲು-ಮಾತ್ರ ಸಂದರ್ಭ | GLPzy,"Apple Health ಪ್ರವೇಶವು ಐಚ್ಛಿಕವಾಗಿದೆ ಮತ್ತು ನೀವು ನೀಡುವ ಅನುಮತಿಗಳಿಗೆ ಸೀಮಿತವಾಗಿದೆ. GLPzy ದೇಹದ ತೂಕದ ಇತಿಹಾಸ ಮತ್ತು ಎತ್ತರವನ್ನು ಆಮದು ಮಾಡಿಕೊಳ್ಳುತ್ತದೆ, ನಂತರ ದೇಹ ಸಂಯೋಜನೆ, ನಿದ್ರೆ, ಚಲನೆ, ತಾಲೀಮು, ಕ್ಯಾಲೋರಿಗಳು, ಪ್ರೋಟೀನ್ ಮತ್ತು ನೀರಿನ ಸಾರಾಂಶಗಳನ್ನು ಓದಲು-ಮಾತ್ರ ಮೋಡ್‌ನಲ್ಲಿ ಓದುತ್ತದೆ. ಮತ್ತೆ ಏನನ್ನೂ ಬರೆದಿಲ್ಲ.",Apple Health ನಿಂದ ಓದಲು-ಮಾತ್ರ ಸಂದರ್ಭ,791,54,yes,no,no,1,no,108 alternates,yes,index
/kn/compounded-glp-tracker-iphone.html,kn,commercial,200,index,https://www.glpzy.app/kn/compounded-glp-tracker-iphone.html,ಸಂಯೋಜಿತ — ಗೊಂದಲವಿಲ್ಲದೆ ತ್ವರಿತ ಲಾಗಿಂಗ್ | GLPzy,"ಸಂಯೋಜಿತ: ಒಂದು ಖಾಸಗಿ ಆಪ್‌ನಲ್ಲಿ ಡೋಸ್ ಇತಿಹಾಸ, ತೂಕ, ಲಕ್ಷಣಗಳು, ಹಸಿವು, ಫೋಟೋಗಳು, ನೆನಪಿಕೆಗಳು ಮತ್ತು ರಫ್ತುಗಳೊಂದಿಗೆ ಈ ರೂಟಿನ್ ಅನ್ನು ಟ್ರ್ಯಾಕ್ ಮಾಡಿ.",ಸಂಯೋಜಿತ,804,56,yes,no,no,1,no,105 alternates,yes,index
/kn/custom-medication-tracker-iphone.html,kn,commercial,200,index,https://www.glpzy.app/kn/custom-medication-tracker-iphone.html,ಕಸ್ಟಮ್ — ಗೊಂದಲವಿಲ್ಲದೆ ತ್ವರಿತ ಲಾಗಿಂಗ್ | GLPzy,"ಕಸ್ಟಮ್: ಒಂದು ಖಾಸಗಿ ಆಪ್‌ನಲ್ಲಿ ಡೋಸ್ ಇತಿಹಾಸ, ತೂಕ, ಲಕ್ಷಣಗಳು, ಹಸಿವು, ಫೋಟೋಗಳು, ನೆನಪಿಕೆಗಳು ಮತ್ತು ರಫ್ತುಗಳೊಂದಿಗೆ ಈ ರೂಟಿನ್ ಅನ್ನು ಟ್ರ್ಯಾಕ್ ಮಾಡಿ.",ಕಸ್ಟಮ್,816,58,yes,no,no,1,no,105 alternates,yes,index
/kn/data-rights.html,kn,privacy,200,index,https://www.glpzy.app/kn/data-rights.html,ರಫ್ತು ಇತಿಹಾಸ | GLPzy,"GLPzy ಮೊದಲು ಸ್ಥಳೀಯ ಸುರಕ್ಷತಾ ಬ್ಯಾಕಪ್ ಅನ್ನು ರಚಿಸುತ್ತದೆ, ನಂತರ ಈ ಸಾಧನದಲ್ಲಿ ಸ್ಥಳೀಯ ದಾಖಲೆಗಳನ್ನು ಬದಲಾಯಿಸುತ್ತದೆ.",ರಫ್ತು ಇತಿಹಾಸ,669,77,yes,no,no,1,no,108 alternates,yes,index
/kn/foundayo-tracker-iphone.html,kn,commercial,200,index,https://www.glpzy.app/kn/foundayo-tracker-iphone.html,Foundayo — ಗೊಂದಲವಿಲ್ಲದೆ ತ್ವರಿತ ಲಾಗಿಂಗ್ | GLPzy,"Foundayo: ಒಂದು ಖಾಸಗಿ ಆಪ್‌ನಲ್ಲಿ ಡೋಸ್ ಇತಿಹಾಸ, ತೂಕ, ಲಕ್ಷಣಗಳು, ಹಸಿವು, ಫೋಟೋಗಳು, ನೆನಪಿಕೆಗಳು ಮತ್ತು ರಫ್ತುಗಳೊಂದಿಗೆ ಈ ರೂಟಿನ್ ಅನ್ನು ಟ್ರ್ಯಾಕ್ ಮಾಡಿ.",Foundayo,771,55,yes,no,no,1,no,105 alternates,yes,index
/kn/glp1-weight-dose-symptom-tracker.html,kn,commercial,200,index,https://www.glpzy.app/kn/glp1-weight-dose-symptom-tracker.html,"ನಿಮ್ಮ GLP-1 ರೂಟಿನ್, ಗೊಂದಲವಿಲ್ಲದೆ ವ್ಯವಸ್ಥಿತವಾಗಿದೆ | GLPzy","ವೈಯಕ್ತಿಕ ಪರಿಶೀಲನೆಗಾಗಿ ಒಂದು ಖಾಸಗಿ ಆಪ್‌ನಲ್ಲಿ ಡೋಸ್, ತೂಕ, ಲಕ್ಷಣಗಳು, ಹಸಿವು, ಫೋಟೋಗಳು, ನೆನಪಿಕೆಗಳು ಮತ್ತು Apple Health ಸಂದರ್ಭವನ್ನು ದಾಖಲಿಸಿ.","ನಿಮ್ಮ GLP-1 ರೂಟಿನ್, ಗೊಂದಲವಿಲ್ಲದೆ ವ್ಯವಸ್ಥಿತವಾಗಿದೆ.",967,54,yes,no,no,1,no,108 alternates,yes,index
/kn/,kn,home,200,index,https://www.glpzy.app/kn/index.html,"ನಿಮ್ಮ GLP-1 ರೂಟಿನ್, ಗೊಂದಲವಿಲ್ಲದೆ ವ್ಯವಸ್ಥಿತವಾಗಿದೆ | GLPzy","ವೈಯಕ್ತಿಕ ಪರಿಶೀಲನೆಗಾಗಿ ಒಂದು ಖಾಸಗಿ ಆಪ್‌ನಲ್ಲಿ ಡೋಸ್, ತೂಕ, ಲಕ್ಷಣಗಳು, ಹಸಿವು, ಫೋಟೋಗಳು, ನೆನಪಿಕೆಗಳು ಮತ್ತು Apple Health ಸಂದರ್ಭವನ್ನು ದಾಖಲಿಸಿ.","ನಿಮ್ಮ GLP-1 ರೂಟಿನ್, ಗೊಂದಲವಿಲ್ಲದೆ ವ್ಯವಸ್ಥಿತವಾಗಿದೆ.",1560,137,yes,no,no,1,yes,108 alternates,yes,index
/kn/local-first-private-glp-tracker.html,kn,privacy,200,index,https://www.glpzy.app/kn/local-first-private-glp-tracker.html,ಪೂರ್ವನಿಯೋಜಿತವಾಗಿ ಖಾಸಗಿ. ನೀವು ಆಯ್ಕೆ ಮಾಡಿದಾಗ ರಫ್ತು ಮಾಡಬಹುದಾಗಿದೆ | GLPzy,"ಪ್ರಮಾಣಗಳು, ತೂಕ, ರೋಗಲಕ್ಷಣಗಳು, ಜ್ಞಾಪನೆಗಳು ಅಥವಾ ಆದೇಶಗಳನ್ನು ಟ್ರ್ಯಾಕ್ ಮಾಡಲು ಯಾವುದೇ ಖಾತೆಯ ಅಗತ್ಯವಿಲ್ಲ.",ಪೂರ್ವನಿಯೋಜಿತವಾಗಿ ಖಾಸಗಿ. ನೀವು ಆಯ್ಕೆ ಮಾಡಿದಾಗ ರಫ್ತು ಮಾಡಬಹುದಾಗಿದೆ.,802,54,yes,no,no,1,no,108 alternates,yes,index
/kn/medical-safety.html,kn,trust,200,index,https://www.glpzy.app/kn/medical-safety.html,ವೈದ್ಯಕೀಯ ಸುರಕ್ಷತೆ | GLPzy,"ಏನಾಯಿತು ಎಂಬುದರ ಸ್ಪಷ್ಟವಾದ ದಾಖಲೆಯನ್ನು ಇರಿಸಿಕೊಳ್ಳಲು GLPzy ನಿಮಗೆ ಸಹಾಯ ಮಾಡುತ್ತದೆ. ಇದು ನಿಮ್ಮ ಡೋಸ್ ಅನ್ನು ರೋಗನಿರ್ಣಯ ಮಾಡುವುದಿಲ್ಲ, ಶಿಫಾರಸು ಮಾಡುವುದಿಲ್ಲ ಅಥವಾ ಆಯ್ಕೆ ಮಾಡುವುದಿಲ್ಲ.",ವೈದ್ಯಕೀಯ ಸುರಕ್ಷತೆ,1430,78,yes,no,no,1,no,105 alternates,yes,index
/kn/methodology.html,kn,trust,200,index,https://www.glpzy.app/kn/methodology.html,ವಿಧಾನಶಾಸ್ತ್ರ | GLPzy,ಅಂದಾಜು ಎಕ್ಸ್‌ಪೋಶರ್ ಟ್ರೆಂಡ್ ವೈಯಕ್ತಿಕ ಟ್ರ್ಯಾಕಿಂಗ್‌ಗಾಗಿ ಮಾತ್ರ ಲಾಗ್ ಮಾಡಲಾದ ಡೋಸ್ ಟೈಮಿಂಗ್ ಜೊತೆಗೆ ಸರಳೀಕೃತ ಹೀರಿಕೊಳ್ಳುವಿಕೆ ಮತ್ತು ನಿರ್ಮೂಲನ ಮಾದರಿಯನ್ನು ಬಳಸುತ್ತದೆ.,ವಿಧಾನಶಾಸ್ತ್ರ,1515,77,yes,no,no,1,no,108 alternates,yes,index
/kn/mounjaro-tracker-iphone.html,kn,medicine,200,index,https://www.glpzy.app/kn/mounjaro-tracker-iphone.html,Mounjaro — ಗೊಂದಲವಿಲ್ಲದೆ ತ್ವರಿತ ಲಾಗಿಂಗ್ | GLPzy,"Mounjaro: ಒಂದು ಖಾಸಗಿ ಆಪ್‌ನಲ್ಲಿ ಡೋಸ್ ಇತಿಹಾಸ, ತೂಕ, ಲಕ್ಷಣಗಳು, ಹಸಿವು, ಫೋಟೋಗಳು, ನೆನಪಿಕೆಗಳು ಮತ್ತು ರಫ್ತುಗಳೊಂದಿಗೆ ಈ ರೂಟಿನ್ ಅನ್ನು ಟ್ರ್ಯಾಕ್ ಮಾಡಿ.",Mounjaro,799,57,yes,no,no,1,no,108 alternates,yes,index
/kn/overview.html,kn,support,200,index,https://www.glpzy.app/kn/overview.html,GLPzy — ಗೌಪ್ಯತೆ ನೀತಿ · ವೈದ್ಯಕೀಯ ಸುರಕ್ಷತೆ · ಬೆಂಬಲ,"ಬೆಂಬಲ ವ್ಯಾಪ್ತಿ, ಗೌಪ್ಯತೆ ಸಂಪರ್ಕಗಳು ಮತ್ತು ತುರ್ತು-ಅಲ್ಲದ ಮಾರ್ಗದರ್ಶನವನ್ನು ಪರಿಶೀಲಿಸಿ.",GLPzy,711,54,yes,no,no,1,no,108 alternates,yes,index
/kn/ozempic-tracker-iphone.html,kn,commercial,200,index,https://www.glpzy.app/kn/ozempic-tracker-iphone.html,Ozempic — ಗೊಂದಲವಿಲ್ಲದೆ ತ್ವರಿತ ಲಾಗಿಂಗ್ | GLPzy,"Ozempic: ಒಂದು ಖಾಸಗಿ ಆಪ್‌ನಲ್ಲಿ ಡೋಸ್ ಇತಿಹಾಸ, ತೂಕ, ಲಕ್ಷಣಗಳು, ಹಸಿವು, ಫೋಟೋಗಳು, ನೆನಪಿಕೆಗಳು ಮತ್ತು ರಫ್ತುಗಳೊಂದಿಗೆ ಈ ರೂಟಿನ್ ಅನ್ನು ಟ್ರ್ಯಾಕ್ ಮಾಡಿ.",Ozempic,787,58,yes,no,no,1,no,105 alternates,yes,index
/kn/privacy.html,kn,privacy,200,index,https://www.glpzy.app/kn/privacy.html,ಪೂರ್ವನಿಯೋಜಿತವಾಗಿ ಖಾಸಗಿ. ನೀವು ಆಯ್ಕೆ ಮಾಡಿದಾಗ ರಫ್ತು ಮಾಡಬಹುದಾಗಿದೆ | GLPzy,"ಪ್ರಮಾಣಗಳು, ತೂಕ, ರೋಗಲಕ್ಷಣಗಳು, ಜ್ಞಾಪನೆಗಳು ಅಥವಾ ಆದೇಶಗಳನ್ನು ಟ್ರ್ಯಾಕ್ ಮಾಡಲು ಯಾವುದೇ ಖಾತೆಯ ಅಗತ್ಯವಿಲ್ಲ.",ಪೂರ್ವನಿಯೋಜಿತವಾಗಿ ಖಾಸಗಿ. ನೀವು ಆಯ್ಕೆ ಮಾಡಿದಾಗ ರಫ್ತು ಮಾಡಬಹುದಾಗಿದೆ.,802,113,yes,no,no,1,no,108 alternates,yes,index
/kn/rybelsus-tracker-iphone.html,kn,commercial,200,index,https://www.glpzy.app/kn/rybelsus-tracker-iphone.html,Rybelsus — ಗೊಂದಲವಿಲ್ಲದೆ ತ್ವರಿತ ಲಾಗಿಂಗ್ | GLPzy,"Rybelsus: ಒಂದು ಖಾಸಗಿ ಆಪ್‌ನಲ್ಲಿ ಡೋಸ್ ಇತಿಹಾಸ, ತೂಕ, ಲಕ್ಷಣಗಳು, ಹಸಿವು, ಫೋಟೋಗಳು, ನೆನಪಿಕೆಗಳು ಮತ್ತು ರಫ್ತುಗಳೊಂದಿಗೆ ಈ ರೂಟಿನ್ ಅನ್ನು ಟ್ರ್ಯಾಕ್ ಮಾಡಿ.",Rybelsus,772,58,yes,no,no,1,no,105 alternates,yes,index
/kn/saxenda-tracker-iphone.html,kn,commercial,200,index,https://www.glpzy.app/kn/saxenda-tracker-iphone.html,Saxenda — ಗೊಂದಲವಿಲ್ಲದೆ ತ್ವರಿತ ಲಾಗಿಂಗ್ | GLPzy,"Saxenda: ಒಂದು ಖಾಸಗಿ ಆಪ್‌ನಲ್ಲಿ ಡೋಸ್ ಇತಿಹಾಸ, ತೂಕ, ಲಕ್ಷಣಗಳು, ಹಸಿವು, ಫೋಟೋಗಳು, ನೆನಪಿಕೆಗಳು ಮತ್ತು ರಫ್ತುಗಳೊಂದಿಗೆ ಈ ರೂಟಿನ್ ಅನ್ನು ಟ್ರ್ಯಾಕ್ ಮಾಡಿ.",Saxenda,771,56,yes,no,no,1,no,105 alternates,yes,index
/kn/semaglutide-tracker-iphone.html,kn,medicine,200,index,https://www.glpzy.app/kn/semaglutide-tracker-iphone.html,Semaglutide — ಗೊಂದಲವಿಲ್ಲದೆ ತ್ವರಿತ ಲಾಗಿಂಗ್ | GLPzy,"Semaglutide: ಒಂದು ಖಾಸಗಿ ಆಪ್‌ನಲ್ಲಿ ಡೋಸ್ ಇತಿಹಾಸ, ತೂಕ, ಲಕ್ಷಣಗಳು, ಹಸಿವು, ಫೋಟೋಗಳು, ನೆನಪಿಕೆಗಳು ಮತ್ತು ರಫ್ತುಗಳೊಂದಿಗೆ ಈ ರೂಟಿನ್ ಅನ್ನು ಟ್ರ್ಯಾಕ್ ಮಾಡಿ.",Semaglutide,799,60,yes,no,no,1,no,108 alternates,yes,index
/kn/support.html,kn,support,200,index,https://www.glpzy.app/kn/support.html,ಬೆಂಬಲ | GLPzy,"ಬೆಂಬಲ ವ್ಯಾಪ್ತಿ, ಗೌಪ್ಯತೆ ಸಂಪರ್ಕಗಳು ಮತ್ತು ತುರ್ತು-ಅಲ್ಲದ ಮಾರ್ಗದರ್ಶನವನ್ನು ಪರಿಶೀಲಿಸಿ.",ಬೆಂಬಲ,827,100,yes,no,no,1,no,108 alternates,yes,index
/kn/terms.html,kn,support,200,index,https://www.glpzy.app/kn/terms.html,ಬಳಕೆಯ ನಿಯಮಗಳು | GLPzy,"ಬೆಲೆ, ಬಿಲ್ಲಿಂಗ್ ಅವಧಿ ಮತ್ತು ಯಾವುದೇ ಪರಿಚಯಾತ್ಮಕ ಕೊಡುಗೆ ವಿವರಗಳನ್ನು ಖರೀದಿಸುವ ಮೊದಲು ನಿಮ್ಮ App Store ಖಾತೆಯಿಂದ ತೋರಿಸಲಾಗುತ್ತದೆ. App Store ಸೆಟ್ಟಿಂಗ್‌ಗಳಲ್ಲಿ ನಿರ್ವಹಿಸಿ ಅಥವಾ ರದ್ದುಗೊಳಿಸಿ.",ಬಳಕೆಯ ನಿಯಮಗಳು,966,77,yes,no,no,1,no,108 alternates,yes,index
/kn/tirzepatide-tracker-iphone.html,kn,medicine,200,index,https://www.glpzy.app/kn/tirzepatide-tracker-iphone.html,Tirzepatide — ಗೊಂದಲವಿಲ್ಲದೆ ತ್ವರಿತ ಲಾಗಿಂಗ್ | GLPzy,"Tirzepatide: ಒಂದು ಖಾಸಗಿ ಆಪ್‌ನಲ್ಲಿ ಡೋಸ್ ಇತಿಹಾಸ, ತೂಕ, ಲಕ್ಷಣಗಳು, ಹಸಿವು, ಫೋಟೋಗಳು, ನೆನಪಿಕೆಗಳು ಮತ್ತು ರಫ್ತುಗಳೊಂದಿಗೆ ಈ ರೂಟಿನ್ ಅನ್ನು ಟ್ರ್ಯಾಕ್ ಮಾಡಿ.",Tirzepatide,813,59,yes,no,no,1,no,108 alternates,yes,index
/kn/trulicity-tracker-iphone.html,kn,commercial,200,index,https://www.glpzy.app/kn/trulicity-tracker-iphone.html,Trulicity — ಗೊಂದಲವಿಲ್ಲದೆ ತ್ವರಿತ ಲಾಗಿಂಗ್ | GLPzy,"Trulicity: ಒಂದು ಖಾಸಗಿ ಆಪ್‌ನಲ್ಲಿ ಡೋಸ್ ಇತಿಹಾಸ, ತೂಕ, ಲಕ್ಷಣಗಳು, ಹಸಿವು, ಫೋಟೋಗಳು, ನೆನಪಿಕೆಗಳು ಮತ್ತು ರಫ್ತುಗಳೊಂದಿಗೆ ಈ ರೂಟಿನ್ ಅನ್ನು ಟ್ರ್ಯಾಕ್ ಮಾಡಿ.",Trulicity,772,55,yes,no,no,1,no,105 alternates,yes,index
/kn/victoza-tracker-iphone.html,kn,commercial,200,index,https://www.glpzy.app/kn/victoza-tracker-iphone.html,Victoza — ಗೊಂದಲವಿಲ್ಲದೆ ತ್ವರಿತ ಲಾಗಿಂಗ್ | GLPzy,"Victoza: ಒಂದು ಖಾಸಗಿ ಆಪ್‌ನಲ್ಲಿ ಡೋಸ್ ಇತಿಹಾಸ, ತೂಕ, ಲಕ್ಷಣಗಳು, ಹಸಿವು, ಫೋಟೋಗಳು, ನೆನಪಿಕೆಗಳು ಮತ್ತು ರಫ್ತುಗಳೊಂದಿಗೆ ಈ ರೂಟಿನ್ ಅನ್ನು ಟ್ರ್ಯಾಕ್ ಮಾಡಿ.",Victoza,771,56,yes,no,no,1,no,105 alternates,yes,index
/kn/wegovy-tracker-iphone.html,kn,medicine,200,index,https://www.glpzy.app/kn/wegovy-tracker-iphone.html,Wegovy — ಗೊಂದಲವಿಲ್ಲದೆ ತ್ವರಿತ ಲಾಗಿಂಗ್ | GLPzy,"Wegovy: ಒಂದು ಖಾಸಗಿ ಆಪ್‌ನಲ್ಲಿ ಡೋಸ್ ಇತಿಹಾಸ, ತೂಕ, ಲಕ್ಷಣಗಳು, ಹಸಿವು, ಫೋಟೋಗಳು, ನೆನಪಿಕೆಗಳು ಮತ್ತು ರಫ್ತುಗಳೊಂದಿಗೆ ಈ ರೂಟಿನ್ ಅನ್ನು ಟ್ರ್ಯಾಕ್ ಮಾಡಿ.",Wegovy,799,58,yes,no,no,1,no,108 alternates,yes,index
/kn/zepbound-tracker-iphone.html,kn,medicine,200,index,https://www.glpzy.app/kn/zepbound-tracker-iphone.html,Zepbound — ಗೊಂದಲವಿಲ್ಲದೆ ತ್ವರಿತ ಲಾಗಿಂಗ್ | GLPzy,"Zepbound: ಒಂದು ಖಾಸಗಿ ಆಪ್‌ನಲ್ಲಿ ಡೋಸ್ ಇತಿಹಾಸ, ತೂಕ, ಲಕ್ಷಣಗಳು, ಹಸಿವು, ಫೋಟೋಗಳು, ನೆನಪಿಕೆಗಳು ಮತ್ತು ರಫ್ತುಗಳೊಂದಿಗೆ ಈ ರೂಟಿನ್ ಅನ್ನು ಟ್ರ್ಯಾಕ್ ಮಾಡಿ.",Zepbound,829,57,yes,no,no,1,no,108 alternates,yes,index
/ko/apple-health-glp-tracker.html,ko,commercial,200,index,https://www.glpzy.app/ko/apple-health-glp-tracker.html,Apple Health의 읽기 전용 컨텍스트 | GLPzy,"Apple Health 액세스는 선택 사항이며 귀하가 부여한 권한으로 제한됩니다. GLPzy은(는) 체중 기록과 키를 가져온 다음 읽기 전용 모드에서 신체 구성, 움직임, 운동, 칼로리, 단백질 및 수분 요약을 읽습니다. 아무것도 다시 쓰여지지 않습니다.",Apple Health의 읽기 전용 컨텍스트,492,54,yes,no,no,1,no,108 alternates,yes,index
/ko/compounded-glp-tracker-iphone.html,ko,commercial,200,index,https://www.glpzy.app/ko/compounded-glp-tracker-iphone.html,Compounded​ — 혼란 없이 빠른 로깅 | GLPzy,"Compounded​: 이 루틴을 복용량 기록, 체중, 증상, 식욕, 사진, 알림, 내보내기와 함께 하나의 비공개 앱에서 추적하세요.",Compounded​,450,56,yes,no,no,1,no,105 alternates,yes,index
/ko/custom-medication-tracker-iphone.html,ko,commercial,200,index,https://www.glpzy.app/ko/custom-medication-tracker-iphone.html,관습 — 혼란 없이 빠른 로깅 | GLPzy,"관습: 이 루틴을 복용량 기록, 체중, 증상, 식욕, 사진, 알림, 내보내기와 함께 하나의 비공개 앱에서 추적하세요.",관습,457,58,yes,no,no,1,no,105 alternates,yes,index
/ko/data-rights.html,ko,privacy,200,index,https://www.glpzy.app/ko/data-rights.html,수출 내역 | GLPzy,GLPzy는 먼저 로컬 안전 백업을 생성한 다음 이 장치의 로컬 기록을 교체합니다.,수출 내역,378,77,yes,no,no,1,no,108 alternates,yes,index
/ko/foundayo-tracker-iphone.html,ko,commercial,200,index,https://www.glpzy.app/ko/foundayo-tracker-iphone.html,Foundayo — 혼란 없이 빠른 로깅 | GLPzy,"Foundayo: 이 루틴을 복용량 기록, 체중, 증상, 식욕, 사진, 알림, 내보내기와 함께 하나의 비공개 앱에서 추적하세요.",Foundayo,442,55,yes,no,no,1,no,105 alternates,yes,index
/ko/glp1-weight-dose-symptom-tracker.html,ko,commercial,200,index,https://www.glpzy.app/ko/glp1-weight-dose-symptom-tracker.html,복잡함 없이 정리되는 GLP-1 루틴 | GLPzy,"개인 검토를 위해 복용량, 체중, 증상, 식욕, 사진, 알림, Apple Health 맥락을 하나의 비공개 앱에 기록하세요.",복잡함 없이 정리되는 GLP-1 루틴.,521,54,yes,no,no,1,no,108 alternates,yes,index
/ko/,ko,home,200,index,https://www.glpzy.app/ko/index.html,복잡함 없이 정리되는 GLP-1 루틴 | GLPzy,"개인 검토를 위해 복용량, 체중, 증상, 식욕, 사진, 알림, Apple Health 맥락을 하나의 비공개 앱에 기록하세요.",복잡함 없이 정리되는 GLP-1 루틴.,750,137,yes,no,no,1,yes,108 alternates,yes,index
/ko/local-first-private-glp-tracker.html,ko,privacy,200,index,https://www.glpzy.app/ko/local-first-private-glp-tracker.html,기본은 비공개. 원할 때 내보낼 수 있습니다 | GLPzy,"복용량, 체중, 증상, 알림 또는 주문을 추적하는 데 계정이 필요하지 않습니다.",기본은 비공개. 원할 때 내보낼 수 있습니다.,447,54,yes,no,no,1,no,108 alternates,yes,index
/ko/medical-safety.html,ko,trust,200,index,https://www.glpzy.app/ko/medical-safety.html,의료 안전 | GLPzy,"GLPzy은(는) 무슨 일이 일어났는지 더 명확하게 기록하는 데 도움이 됩니다. 복용량을 진단, 처방 또는 선택하지 않습니다.",의료 안전,616,78,yes,no,no,1,no,105 alternates,yes,index
/ko/methodology.html,ko,trust,200,index,https://www.glpzy.app/ko/methodology.html,방법론 | GLPzy,예상 노출 추세는 기록된 투여 시점과 단순화된 흡수·제거 모델을 사용한 개인 기록용 추정치입니다.,방법론,627,77,yes,no,no,1,no,108 alternates,yes,index
/ko/mounjaro-tracker-iphone.html,ko,medicine,200,index,https://www.glpzy.app/ko/mounjaro-tracker-iphone.html,Mounjaro — 혼란 없이 빠른 로깅 | GLPzy,"Mounjaro: 이 루틴을 복용량 기록, 체중, 증상, 식욕, 사진, 알림, 내보내기와 함께 하나의 비공개 앱에서 추적하세요.",Mounjaro,452,57,yes,no,no,1,no,108 alternates,yes,index
/ko/overview.html,ko,support,200,index,https://www.glpzy.app/ko/overview.html,GLPzy — 개인 정보 보호 정책 · 의료 안전 · 지원하다,"지원 범위, 개인정보 보호 연락처, 비긴급 지침을 검토하세요.",GLPzy,396,54,yes,no,no,1,no,108 alternates,yes,index
/ko/ozempic-tracker-iphone.html,ko,commercial,200,index,https://www.glpzy.app/ko/ozempic-tracker-iphone.html,Ozempic — 혼란 없이 빠른 로깅 | GLPzy,"Ozempic: 이 루틴을 복용량 기록, 체중, 증상, 식욕, 사진, 알림, 내보내기와 함께 하나의 비공개 앱에서 추적하세요.",Ozempic,448,58,yes,no,no,1,no,105 alternates,yes,index
/ko/privacy.html,ko,privacy,200,index,https://www.glpzy.app/ko/privacy.html,기본은 비공개. 원할 때 내보낼 수 있습니다 | GLPzy,"복용량, 체중, 증상, 알림 또는 주문을 추적하는 데 계정이 필요하지 않습니다.",기본은 비공개. 원할 때 내보낼 수 있습니다.,447,113,yes,no,no,1,no,108 alternates,yes,index
/ko/rybelsus-tracker-iphone.html,ko,commercial,200,index,https://www.glpzy.app/ko/rybelsus-tracker-iphone.html,Rybelsus — 혼란 없이 빠른 로깅 | GLPzy,"Rybelsus: 이 루틴을 복용량 기록, 체중, 증상, 식욕, 사진, 알림, 내보내기와 함께 하나의 비공개 앱에서 추적하세요.",Rybelsus,444,58,yes,no,no,1,no,105 alternates,yes,index
/ko/saxenda-tracker-iphone.html,ko,commercial,200,index,https://www.glpzy.app/ko/saxenda-tracker-iphone.html,Saxenda — 혼란 없이 빠른 로깅 | GLPzy,"Saxenda: 이 루틴을 복용량 기록, 체중, 증상, 식욕, 사진, 알림, 내보내기와 함께 하나의 비공개 앱에서 추적하세요.",Saxenda,442,56,yes,no,no,1,no,105 alternates,yes,index
/ko/semaglutide-tracker-iphone.html,ko,medicine,200,index,https://www.glpzy.app/ko/semaglutide-tracker-iphone.html,Semaglutide — 혼란 없이 빠른 로깅 | GLPzy,"Semaglutide: 이 루틴을 복용량 기록, 체중, 증상, 식욕, 사진, 알림, 내보내기와 함께 하나의 비공개 앱에서 추적하세요.",Semaglutide,452,60,yes,no,no,1,no,108 alternates,yes,index
/ko/support.html,ko,support,200,index,https://www.glpzy.app/ko/support.html,지원하다 | GLPzy,"지원 범위, 개인정보 보호 연락처, 비긴급 지침을 검토하세요.",지원하다,411,100,yes,no,no,1,no,108 alternates,yes,index
/ko/terms.html,ko,support,200,index,https://www.glpzy.app/ko/terms.html,이용약관 | GLPzy,"가격, 청구 기간 및 신규 할인 혜택 세부정보는 구매 전 App Store 계정에서 표시됩니다. App Store 설정에서 관리하거나 취소하세요.",이용약관,450,77,yes,no,no,1,no,108 alternates,yes,index
/ko/tirzepatide-tracker-iphone.html,ko,medicine,200,index,https://www.glpzy.app/ko/tirzepatide-tracker-iphone.html,Tirzepatide — 혼란 없이 빠른 로깅 | GLPzy,"Tirzepatide: 이 루틴을 복용량 기록, 체중, 증상, 식욕, 사진, 알림, 내보내기와 함께 하나의 비공개 앱에서 추적하세요.",Tirzepatide,456,59,yes,no,no,1,no,108 alternates,yes,index
/ko/trulicity-tracker-iphone.html,ko,commercial,200,index,https://www.glpzy.app/ko/trulicity-tracker-iphone.html,Trulicity — 혼란 없이 빠른 로깅 | GLPzy,"Trulicity: 이 루틴을 복용량 기록, 체중, 증상, 식욕, 사진, 알림, 내보내기와 함께 하나의 비공개 앱에서 추적하세요.",Trulicity,442,55,yes,no,no,1,no,105 alternates,yes,index
/ko/victoza-tracker-iphone.html,ko,commercial,200,index,https://www.glpzy.app/ko/victoza-tracker-iphone.html,Victoza — 혼란 없이 빠른 로깅 | GLPzy,"Victoza: 이 루틴을 복용량 기록, 체중, 증상, 식욕, 사진, 알림, 내보내기와 함께 하나의 비공개 앱에서 추적하세요.",Victoza,442,56,yes,no,no,1,no,105 alternates,yes,index
/ko/wegovy-tracker-iphone.html,ko,medicine,200,index,https://www.glpzy.app/ko/wegovy-tracker-iphone.html,Wegovy — 혼란 없이 빠른 로깅 | GLPzy,"Wegovy: 이 루틴을 복용량 기록, 체중, 증상, 식욕, 사진, 알림, 내보내기와 함께 하나의 비공개 앱에서 추적하세요.",Wegovy,452,58,yes,no,no,1,no,108 alternates,yes,index
/ko/zepbound-tracker-iphone.html,ko,medicine,200,index,https://www.glpzy.app/ko/zepbound-tracker-iphone.html,Zepbound — 혼란 없이 빠른 로깅 | GLPzy,"Zepbound: 이 루틴을 복용량 기록, 체중, 증상, 식욕, 사진, 알림, 내보내기와 함께 하나의 비공개 앱에서 추적하세요.",Zepbound,461,57,yes,no,no,1,no,108 alternates,yes,index
/lt/apple-health-glp-tracker.html,lt,commercial,200,index,https://www.glpzy.app/lt/apple-health-glp-tracker.html,Tik skaitomas kontekstas iš Apple Health | GLPzy,"Apple Health prieiga yra neprivaloma ir ribojama jūsų suteiktais leidimais. GLPzy importuoja kūno svorio istoriją ir ūgį, tada nuskaito kūno sudėties, miego, judėjimo, treniruočių, kalorijų, baltymų ir vandens santraukas tik skaitymo režimu. Nieko atgal neparašyta.",Tik skaitomas kontekstas iš Apple Health,502,54,yes,no,no,1,no,108 alternates,yes,index
/lt/compounded-glp-tracker-iphone.html,lt,commercial,200,index,https://www.glpzy.app/lt/compounded-glp-tracker-iphone.html,Sudėtiniai — Greitas kirtimas be netvarkos | GLPzy,"Sudėtiniai: Sekite šią rutiną su dozių istorija, svoriu, simptomais, apetitu, nuotraukomis, priminimais ir eksportais vienoje privačioje programoje.",Sudėtiniai,453,56,yes,no,no,1,no,105 alternates,yes,index
/lt/custom-medication-tracker-iphone.html,lt,commercial,200,index,https://www.glpzy.app/lt/custom-medication-tracker-iphone.html,Pasirinktinis — Greitas kirtimas be netvarkos | GLPzy,"Pasirinktinis: Sekite šią rutiną su dozių istorija, svoriu, simptomais, apetitu, nuotraukomis, priminimais ir eksportais vienoje privačioje programoje.",Pasirinktinis,461,58,yes,no,no,1,no,105 alternates,yes,index
/lt/data-rights.html,lt,privacy,200,index,https://www.glpzy.app/lt/data-rights.html,Eksporto istorija | GLPzy,"GLPzy pirmiausia sukurs vietinę saugos atsarginę kopiją, tada pakeis vietinius įrašus šiame įrenginyje.",Eksporto istorija,383,77,yes,no,no,1,no,108 alternates,yes,index
/lt/foundayo-tracker-iphone.html,lt,commercial,200,index,https://www.glpzy.app/lt/foundayo-tracker-iphone.html,Foundayo — Greitas kirtimas be netvarkos | GLPzy,"Foundayo: Sekite šią rutiną su dozių istorija, svoriu, simptomais, apetitu, nuotraukomis, priminimais ir eksportais vienoje privačioje programoje.",Foundayo,443,55,yes,no,no,1,no,105 alternates,yes,index
/lt/glp1-weight-dose-symptom-tracker.html,lt,commercial,200,index,https://www.glpzy.app/lt/glp1-weight-dose-symptom-tracker.html,"Jūsų GLP-1 rutina, sutvarkyta be perteklinės netvarkos | GLPzy","Vienoje privačioje programoje asmeninei peržiūrai registruokite dozes, svorį, simptomus, apetitą, nuotraukas, priminimus ir Apple Health kontekstą.","Jūsų GLP-1 rutina, sutvarkyta be perteklinės netvarkos.",528,54,yes,no,no,1,no,108 alternates,yes,index
/lt/,lt,home,200,index,https://www.glpzy.app/lt/index.html,"Jūsų GLP-1 rutina, sutvarkyta be perteklinės netvarkos | GLPzy","Vienoje privačioje programoje asmeninei peržiūrai registruokite dozes, svorį, simptomus, apetitą, nuotraukas, priminimus ir Apple Health kontekstą.","Jūsų GLP-1 rutina, sutvarkyta be perteklinės netvarkos.",763,137,yes,no,no,1,yes,108 alternates,yes,index
/lt/local-first-private-glp-tracker.html,lt,privacy,200,index,https://www.glpzy.app/lt/local-first-private-glp-tracker.html,"Privatu pagal numatymą. Eksportuojama, kai pasirenkate | GLPzy","Norint sekti dozes, svorį, simptomus, priminimus ar užsakymus, nereikia jokios paskyros.","Privatu pagal numatymą. Eksportuojama, kai pasirenkate.",453,54,yes,no,no,1,no,108 alternates,yes,index
/lt/medical-safety.html,lt,trust,200,index,https://www.glpzy.app/lt/medical-safety.html,Medicininė sauga | GLPzy,"GLPzy padeda aiškiau įrašyti, kas nutiko. Ji nediagnozuoja, neskiria ir neparenka dozės.",Medicininė sauga,625,78,yes,no,no,1,no,105 alternates,yes,index
/lt/methodology.html,lt,trust,200,index,https://www.glpzy.app/lt/methodology.html,Metodika | GLPzy,Numatomos ekspozicijos tendencija asmeniniam stebėjimui naudoja užregistruotą dozės laiką ir supaprastintą absorbcijos bei pašalinimo modelį.,Metodika,659,77,yes,no,no,1,no,108 alternates,yes,index
/lt/mounjaro-tracker-iphone.html,lt,medicine,200,index,https://www.glpzy.app/lt/mounjaro-tracker-iphone.html,Mounjaro — Greitas kirtimas be netvarkos | GLPzy,"Mounjaro: Sekite šią rutiną su dozių istorija, svoriu, simptomais, apetitu, nuotraukomis, priminimais ir eksportais vienoje privačioje programoje.",Mounjaro,460,57,yes,no,no,1,no,108 alternates,yes,index
/lt/overview.html,lt,support,200,index,https://www.glpzy.app/lt/overview.html,GLPzy — Privatumo politika · Medicininė sauga · Palaikymas,"Peržiūrėkite pagalbos apimtį, privatumo kontaktus ir nenumatytąsias gaires.",GLPzy,394,54,yes,no,no,1,no,108 alternates,yes,index
/lt/ozempic-tracker-iphone.html,lt,commercial,200,index,https://www.glpzy.app/lt/ozempic-tracker-iphone.html,Ozempic — Greitas kirtimas be netvarkos | GLPzy,"Ozempic: Sekite šią rutiną su dozių istorija, svoriu, simptomais, apetitu, nuotraukomis, priminimais ir eksportais vienoje privačioje programoje.",Ozempic,455,58,yes,no,no,1,no,105 alternates,yes,index
/lt/privacy.html,lt,privacy,200,index,https://www.glpzy.app/lt/privacy.html,"Privatu pagal numatymą. Eksportuojama, kai pasirenkate | GLPzy","Norint sekti dozes, svorį, simptomus, priminimus ar užsakymus, nereikia jokios paskyros.","Privatu pagal numatymą. Eksportuojama, kai pasirenkate.",453,113,yes,no,no,1,no,108 alternates,yes,index
/lt/rybelsus-tracker-iphone.html,lt,commercial,200,index,https://www.glpzy.app/lt/rybelsus-tracker-iphone.html,Rybelsus — Greitas kirtimas be netvarkos | GLPzy,"Rybelsus: Sekite šią rutiną su dozių istorija, svoriu, simptomais, apetitu, nuotraukomis, priminimais ir eksportais vienoje privačioje programoje.",Rybelsus,445,58,yes,no,no,1,no,105 alternates,yes,index
/lt/saxenda-tracker-iphone.html,lt,commercial,200,index,https://www.glpzy.app/lt/saxenda-tracker-iphone.html,Saxenda — Greitas kirtimas be netvarkos | GLPzy,"Saxenda: Sekite šią rutiną su dozių istorija, svoriu, simptomais, apetitu, nuotraukomis, priminimais ir eksportais vienoje privačioje programoje.",Saxenda,445,56,yes,no,no,1,no,105 alternates,yes,index
/lt/semaglutide-tracker-iphone.html,lt,medicine,200,index,https://www.glpzy.app/lt/semaglutide-tracker-iphone.html,Semaglutide — Greitas kirtimas be netvarkos | GLPzy,"Semaglutide: Sekite šią rutiną su dozių istorija, svoriu, simptomais, apetitu, nuotraukomis, priminimais ir eksportais vienoje privačioje programoje.",Semaglutide,459,60,yes,no,no,1,no,108 alternates,yes,index
/lt/support.html,lt,support,200,index,https://www.glpzy.app/lt/support.html,Palaikymas | GLPzy,"Peržiūrėkite pagalbos apimtį, privatumo kontaktus ir nenumatytąsias gaires.",Palaikymas,415,100,yes,no,no,1,no,108 alternates,yes,index
/lt/terms.html,lt,support,200,index,https://www.glpzy.app/lt/terms.html,Naudojimo sąlygos | GLPzy,"Kainos, atsiskaitymo laikotarpis ir bet kokia įvadinio pasiūlymo informacija rodoma jūsų App Store paskyroje prieš perkant. Tvarkykite arba atšaukite App Store nustatymuose.",Naudojimo sąlygos,462,77,yes,no,no,1,no,108 alternates,yes,index
/lt/tirzepatide-tracker-iphone.html,lt,medicine,200,index,https://www.glpzy.app/lt/tirzepatide-tracker-iphone.html,Tirzepatide — Greitas kirtimas be netvarkos | GLPzy,"Tirzepatide: Sekite šią rutiną su dozių istorija, svoriu, simptomais, apetitu, nuotraukomis, priminimais ir eksportais vienoje privačioje programoje.",Tirzepatide,466,59,yes,no,no,1,no,108 alternates,yes,index
/lt/trulicity-tracker-iphone.html,lt,commercial,200,index,https://www.glpzy.app/lt/trulicity-tracker-iphone.html,Trulicity — Greitas kirtimas be netvarkos | GLPzy,"Trulicity: Sekite šią rutiną su dozių istorija, svoriu, simptomais, apetitu, nuotraukomis, priminimais ir eksportais vienoje privačioje programoje.",Trulicity,446,55,yes,no,no,1,no,105 alternates,yes,index
/lt/victoza-tracker-iphone.html,lt,commercial,200,index,https://www.glpzy.app/lt/victoza-tracker-iphone.html,Victoza — Greitas kirtimas be netvarkos | GLPzy,"Victoza: Sekite šią rutiną su dozių istorija, svoriu, simptomais, apetitu, nuotraukomis, priminimais ir eksportais vienoje privačioje programoje.",Victoza,445,56,yes,no,no,1,no,105 alternates,yes,index
/lt/wegovy-tracker-iphone.html,lt,medicine,200,index,https://www.glpzy.app/lt/wegovy-tracker-iphone.html,Wegovy — Greitas kirtimas be netvarkos | GLPzy,"Wegovy: Sekite šią rutiną su dozių istorija, svoriu, simptomais, apetitu, nuotraukomis, priminimais ir eksportais vienoje privačioje programoje.",Wegovy,459,58,yes,no,no,1,no,108 alternates,yes,index
/lt/zepbound-tracker-iphone.html,lt,medicine,200,index,https://www.glpzy.app/lt/zepbound-tracker-iphone.html,Zepbound — Greitas kirtimas be netvarkos | GLPzy,"Zepbound: Sekite šią rutiną su dozių istorija, svoriu, simptomais, apetitu, nuotraukomis, priminimais ir eksportais vienoje privačioje programoje.",Zepbound,474,57,yes,no,no,1,no,108 alternates,yes,index
/lv/apple-health-glp-tracker.html,lv,commercial,200,index,https://www.glpzy.app/lv/apple-health-glp-tracker.html,Tikai lasāms konteksts no Apple Health | GLPzy,"Apple Health piekļuve nav obligāta un ierobežota ar jūsu piešķirtajām atļaujām. GLPzy importē ķermeņa svara vēsturi un garumu, pēc tam nolasa ķermeņa uzbūves, miega, kustību, treniņu, kaloriju, olbaltumvielu un ūdens kopsavilkumus tikai lasīšanas režīmā. Nekas netiek rakstīts atpakaļ.",Tikai lasāms konteksts no Apple Health,510,54,yes,no,no,1,no,108 alternates,yes,index
/lv/compounded-glp-tracker-iphone.html,lv,commercial,200,index,https://www.glpzy.app/lv/compounded-glp-tracker-iphone.html,Salikts — Ātra devu reģistrēšana bez traucējumiem | GLPzy,"Salikts: Sekojiet šai rutīnai ar devu vēsturi, svaru, simptomiem, apetīti, fotoattēliem, atgādinājumiem un eksportiem vienā privātā lietotnē.",Salikts,468,56,yes,no,no,1,no,105 alternates,yes,index
/lv/custom-medication-tracker-iphone.html,lv,commercial,200,index,https://www.glpzy.app/lv/custom-medication-tracker-iphone.html,Pielāgots — Ātra devu reģistrēšana bez traucējumiem | GLPzy,"Pielāgots: Sekojiet šai rutīnai ar devu vēsturi, svaru, simptomiem, apetīti, fotoattēliem, atgādinājumiem un eksportiem vienā privātā lietotnē.",Pielāgots,477,58,yes,no,no,1,no,105 alternates,yes,index
/lv/data-rights.html,lv,privacy,200,index,https://www.glpzy.app/lv/data-rights.html,Eksporta vēsture | GLPzy,"GLPzy vispirms izveidos vietējo drošības dublējumu, pēc tam aizstās vietējos ierakstus šajā ierīcē.",Eksporta vēsture,393,77,yes,no,no,1,no,108 alternates,yes,index
/lv/foundayo-tracker-iphone.html,lv,commercial,200,index,https://www.glpzy.app/lv/foundayo-tracker-iphone.html,Foundayo — Ātra devu reģistrēšana bez traucējumiem | GLPzy,"Foundayo: Sekojiet šai rutīnai ar devu vēsturi, svaru, simptomiem, apetīti, fotoattēliem, atgādinājumiem un eksportiem vienā privātā lietotnē.",Foundayo,457,55,yes,no,no,1,no,105 alternates,yes,index
/lv/glp1-weight-dose-symptom-tracker.html,lv,commercial,200,index,https://www.glpzy.app/lv/glp1-weight-dose-symptom-tracker.html,"Jūsu GLP-1 rutīna, sakārtota bez liekas jucekļa | GLPzy","Vienā privātā lietotnē personiskai pārskatīšanai reģistrējiet devas, svaru, simptomus, apetīti, fotoattēlus, atgādinājumus un Apple Health kontekstu.","Jūsu GLP-1 rutīna, sakārtota bez liekas jucekļa.",540,54,yes,no,no,1,no,108 alternates,yes,index
/lv/,lv,home,200,index,https://www.glpzy.app/lv/index.html,"Jūsu GLP-1 rutīna, sakārtota bez liekas jucekļa | GLPzy","Vienā privātā lietotnē personiskai pārskatīšanai reģistrējiet devas, svaru, simptomus, apetīti, fotoattēlus, atgādinājumus un Apple Health kontekstu.","Jūsu GLP-1 rutīna, sakārtota bez liekas jucekļa.",774,137,yes,no,no,1,yes,108 alternates,yes,index
/lv/local-first-private-glp-tracker.html,lv,privacy,200,index,https://www.glpzy.app/lv/local-first-private-glp-tracker.html,"Privāti pēc noklusējuma. Eksportējami, kad izvēlaties | GLPzy","Nav nepieciešams konts, lai izsekotu devas, svaru, simptomus, atgādinājumus vai pasūtījumus.","Privāti pēc noklusējuma. Eksportējami, kad izvēlaties.",461,54,yes,no,no,1,no,108 alternates,yes,index
/lv/medical-safety.html,lv,trust,200,index,https://www.glpzy.app/lv/medical-safety.html,Medicīniskā drošība | GLPzy,"GLPzy palīdz jums skaidrāk reģistrēt notikušo. Tas nenosaka diagnozi, neparedz un neizvēlas devu.",Medicīniskā drošība,662,78,yes,no,no,1,no,105 alternates,yes,index
/lv/methodology.html,lv,trust,200,index,https://www.glpzy.app/lv/methodology.html,Metodoloģija | GLPzy,"Aprēķinātajā ekspozīcijas tendencē tiek izmantots reģistrēts devas laiks, kā arī vienkāršots absorbcijas un eliminācijas modelis tikai personiskai izsekošanas vajadzībām.",Metodoloģija,696,77,yes,no,no,1,no,108 alternates,yes,index
/lv/mounjaro-tracker-iphone.html,lv,medicine,200,index,https://www.glpzy.app/lv/mounjaro-tracker-iphone.html,Mounjaro — Ātra devu reģistrēšana bez traucējumiem | GLPzy,"Mounjaro: Sekojiet šai rutīnai ar devu vēsturi, svaru, simptomiem, apetīti, fotoattēliem, atgādinājumiem un eksportiem vienā privātā lietotnē.",Mounjaro,472,57,yes,no,no,1,no,108 alternates,yes,index
/lv/overview.html,lv,support,200,index,https://www.glpzy.app/lv/overview.html,GLPzy — Privātuma politika · Medicīniskā drošība · Atbalsts,"Pārskatiet atbalsta darbības jomu, konfidencialitātes kontaktpersonas un norādījumus, kas nav saistīti ar ārkārtas situācijām.",GLPzy,414,54,yes,no,no,1,no,108 alternates,yes,index
/lv/ozempic-tracker-iphone.html,lv,commercial,200,index,https://www.glpzy.app/lv/ozempic-tracker-iphone.html,Ozempic — Ātra devu reģistrēšana bez traucējumiem | GLPzy,"Ozempic: Sekojiet šai rutīnai ar devu vēsturi, svaru, simptomiem, apetīti, fotoattēliem, atgādinājumiem un eksportiem vienā privātā lietotnē.",Ozempic,468,58,yes,no,no,1,no,105 alternates,yes,index
/lv/privacy.html,lv,privacy,200,index,https://www.glpzy.app/lv/privacy.html,"Privāti pēc noklusējuma. Eksportējami, kad izvēlaties | GLPzy","Nav nepieciešams konts, lai izsekotu devas, svaru, simptomus, atgādinājumus vai pasūtījumus.","Privāti pēc noklusējuma. Eksportējami, kad izvēlaties.",461,113,yes,no,no,1,no,108 alternates,yes,index
/lv/rybelsus-tracker-iphone.html,lv,commercial,200,index,https://www.glpzy.app/lv/rybelsus-tracker-iphone.html,Rybelsus — Ātra devu reģistrēšana bez traucējumiem | GLPzy,"Rybelsus: Sekojiet šai rutīnai ar devu vēsturi, svaru, simptomiem, apetīti, fotoattēliem, atgādinājumiem un eksportiem vienā privātā lietotnē.",Rybelsus,459,58,yes,no,no,1,no,105 alternates,yes,index
/lv/saxenda-tracker-iphone.html,lv,commercial,200,index,https://www.glpzy.app/lv/saxenda-tracker-iphone.html,Saxenda — Ātra devu reģistrēšana bez traucējumiem | GLPzy,"Saxenda: Sekojiet šai rutīnai ar devu vēsturi, svaru, simptomiem, apetīti, fotoattēliem, atgādinājumiem un eksportiem vienā privātā lietotnē.",Saxenda,460,56,yes,no,no,1,no,105 alternates,yes,index
/lv/semaglutide-tracker-iphone.html,lv,medicine,200,index,https://www.glpzy.app/lv/semaglutide-tracker-iphone.html,Semaglutide — Ātra devu reģistrēšana bez traucējumiem | GLPzy,"Semaglutide: Sekojiet šai rutīnai ar devu vēsturi, svaru, simptomiem, apetīti, fotoattēliem, atgādinājumiem un eksportiem vienā privātā lietotnē.",Semaglutide,471,60,yes,no,no,1,no,108 alternates,yes,index
/lv/support.html,lv,support,200,index,https://www.glpzy.app/lv/support.html,Atbalsts | GLPzy,"Pārskatiet atbalsta darbības jomu, konfidencialitātes kontaktpersonas un norādījumus, kas nav saistīti ar ārkārtas situācijām.",Atbalsts,441,100,yes,no,no,1,no,108 alternates,yes,index
/lv/terms.html,lv,support,200,index,https://www.glpzy.app/lv/terms.html,Lietošanas noteikumi | GLPzy,"Cenas, norēķinu periods un visa ievada piedāvājuma informācija tiek parādīta jūsu App Store kontā pirms pirkuma. Pārvaldiet vai atceliet App Store iestatījumos.",Lietošanas noteikumi,477,77,yes,no,no,1,no,108 alternates,yes,index
/lv/tirzepatide-tracker-iphone.html,lv,medicine,200,index,https://www.glpzy.app/lv/tirzepatide-tracker-iphone.html,Tirzepatide — Ātra devu reģistrēšana bez traucējumiem | GLPzy,"Tirzepatide: Sekojiet šai rutīnai ar devu vēsturi, svaru, simptomiem, apetīti, fotoattēliem, atgādinājumiem un eksportiem vienā privātā lietotnē.",Tirzepatide,477,59,yes,no,no,1,no,108 alternates,yes,index
/lv/trulicity-tracker-iphone.html,lv,commercial,200,index,https://www.glpzy.app/lv/trulicity-tracker-iphone.html,Trulicity — Ātra devu reģistrēšana bez traucējumiem | GLPzy,"Trulicity: Sekojiet šai rutīnai ar devu vēsturi, svaru, simptomiem, apetīti, fotoattēliem, atgādinājumiem un eksportiem vienā privātā lietotnē.",Trulicity,460,55,yes,no,no,1,no,105 alternates,yes,index
/lv/victoza-tracker-iphone.html,lv,commercial,200,index,https://www.glpzy.app/lv/victoza-tracker-iphone.html,Victoza — Ātra devu reģistrēšana bez traucējumiem | GLPzy,"Victoza: Sekojiet šai rutīnai ar devu vēsturi, svaru, simptomiem, apetīti, fotoattēliem, atgādinājumiem un eksportiem vienā privātā lietotnē.",Victoza,460,56,yes,no,no,1,no,105 alternates,yes,index
/lv/wegovy-tracker-iphone.html,lv,medicine,200,index,https://www.glpzy.app/lv/wegovy-tracker-iphone.html,Wegovy — Ātra devu reģistrēšana bez traucējumiem | GLPzy,"Wegovy: Sekojiet šai rutīnai ar devu vēsturi, svaru, simptomiem, apetīti, fotoattēliem, atgādinājumiem un eksportiem vienā privātā lietotnē.",Wegovy,471,58,yes,no,no,1,no,108 alternates,yes,index
/lv/zepbound-tracker-iphone.html,lv,medicine,200,index,https://www.glpzy.app/lv/zepbound-tracker-iphone.html,Zepbound — Ātra devu reģistrēšana bez traucējumiem | GLPzy,"Zepbound: Sekojiet šai rutīnai ar devu vēsturi, svaru, simptomiem, apetīti, fotoattēliem, atgādinājumiem un eksportiem vienā privātā lietotnē.",Zepbound,483,57,yes,no,no,1,no,108 alternates,yes,index
/ml/apple-health-glp-tracker.html,ml,commercial,200,index,https://www.glpzy.app/ml/apple-health-glp-tracker.html,Apple Health-ൽ നിന്നുള്ള വായന-മാത്രം സന്ദർഭം | GLPzy,"Apple Health ആക്സസ് ഓപ്ഷണൽ ആണ് കൂടാതെ നിങ്ങൾ നൽകുന്ന അനുമതികളിൽ പരിമിതപ്പെടുത്തിയിരിക്കുന്നു. GLPzy ശരീരഭാരത്തിൻ്റെ ചരിത്രവും ഉയരവും ഇറക്കുമതി ചെയ്യുന്നു, തുടർന്ന് ശരീരഘടന, ഉറക്കം, ചലനം, വ്യായാമം, കലോറി, പ്രോട്ടീൻ, ജലസംഗ്രഹങ്ങൾ എന്നിവ റീഡ്-ഒൺലി മോഡിൽ വായിക്കുന്നു. ഒന്നും തിരിച്ച് എഴുതിയിട്ടില്ല.",Apple Health-ൽ നിന്നുള്ള വായന-മാത്രം സന്ദർഭം,881,54,yes,no,no,1,no,108 alternates,yes,index
/ml/compounded-glp-tracker-iphone.html,ml,commercial,200,index,https://www.glpzy.app/ml/compounded-glp-tracker-iphone.html,സംയുക്തം — അലങ്കോലമില്ലാതെ വേഗത്തിലുള്ള ലോഗിംഗ് | GLPzy,"സംയുക്തം: ഒരു സ്വകാര്യ ആപ്പിൽ ഡോസ് ചരിത്രം, ഭാരം, ലക്ഷണങ്ങൾ, വിശപ്പ്, ഫോട്ടോകൾ, ഓർമ്മപ്പെടുത്തലുകൾ, കയറ്റുമതികൾ എന്നിവയോടെ ഈ റൂട്ടീൻ ട്രാക്ക് ചെയ്യുക.",സംയുക്തം,923,56,yes,no,no,1,no,105 alternates,yes,index
/ml/custom-medication-tracker-iphone.html,ml,commercial,200,index,https://www.glpzy.app/ml/custom-medication-tracker-iphone.html,കസ്റ്റം — അലങ്കോലമില്ലാതെ വേഗത്തിലുള്ള ലോഗിംഗ് | GLPzy,"കസ്റ്റം: ഒരു സ്വകാര്യ ആപ്പിൽ ഡോസ് ചരിത്രം, ഭാരം, ലക്ഷണങ്ങൾ, വിശപ്പ്, ഫോട്ടോകൾ, ഓർമ്മപ്പെടുത്തലുകൾ, കയറ്റുമതികൾ എന്നിവയോടെ ഈ റൂട്ടീൻ ട്രാക്ക് ചെയ്യുക.",കസ്റ്റം,944,58,yes,no,no,1,no,105 alternates,yes,index
/ml/data-rights.html,ml,privacy,200,index,https://www.glpzy.app/ml/data-rights.html,കയറ്റുമതി ചരിത്രം | GLPzy,"GLPzy ആദ്യം ഒരു പ്രാദേശിക സുരക്ഷാ ബാക്കപ്പ് സൃഷ്ടിക്കും, തുടർന്ന് ഈ ഉപകരണത്തിലെ പ്രാദേശിക റെക്കോർഡുകൾ മാറ്റിസ്ഥാപിക്കും.",കയറ്റുമതി ചരിത്രം,773,77,yes,no,no,1,no,108 alternates,yes,index
/ml/foundayo-tracker-iphone.html,ml,commercial,200,index,https://www.glpzy.app/ml/foundayo-tracker-iphone.html,Foundayo — അലങ്കോലമില്ലാതെ വേഗത്തിലുള്ള ലോഗിംഗ് | GLPzy,"Foundayo: ഒരു സ്വകാര്യ ആപ്പിൽ ഡോസ് ചരിത്രം, ഭാരം, ലക്ഷണങ്ങൾ, വിശപ്പ്, ഫോട്ടോകൾ, ഓർമ്മപ്പെടുത്തലുകൾ, കയറ്റുമതികൾ എന്നിവയോടെ ഈ റൂട്ടീൻ ട്രാക്ക് ചെയ്യുക.",Foundayo,885,55,yes,no,no,1,no,105 alternates,yes,index
/ml/glp1-weight-dose-symptom-tracker.html,ml,commercial,200,index,https://www.glpzy.app/ml/glp1-weight-dose-symptom-tracker.html,"നിങ്ങളുടെ GLP-1 റൂട്ടീൻ, അലങ്കോലമില്ലാതെ ക്രമപ്പെടുത്തി | GLPzy","വ്യക്തിഗതമായി പരിശോധിക്കാൻ ഒരു സ്വകാര്യ ആപ്പിൽ ഡോസുകൾ, ഭാരം, ലക്ഷണങ്ങൾ, വിശപ്പ്, ഫോട്ടോകൾ, ഓർമ്മപ്പെടുത്തലുകൾ, Apple Health സന്ദർഭം എന്നിവ രേഖപ്പെടുത്തുക.","നിങ്ങളുടെ GLP-1 റൂട്ടീൻ, അലങ്കോലമില്ലാതെ ക്രമപ്പെടുത്തി.",1102,54,yes,no,no,1,no,108 alternates,yes,index
/ml/,ml,home,200,index,https://www.glpzy.app/ml/index.html,"നിങ്ങളുടെ GLP-1 റൂട്ടീൻ, അലങ്കോലമില്ലാതെ ക്രമപ്പെടുത്തി | GLPzy","വ്യക്തിഗതമായി പരിശോധിക്കാൻ ഒരു സ്വകാര്യ ആപ്പിൽ ഡോസുകൾ, ഭാരം, ലക്ഷണങ്ങൾ, വിശപ്പ്, ഫോട്ടോകൾ, ഓർമ്മപ്പെടുത്തലുകൾ, Apple Health സന്ദർഭം എന്നിവ രേഖപ്പെടുത്തുക.","നിങ്ങളുടെ GLP-1 റൂട്ടീൻ, അലങ്കോലമില്ലാതെ ക്രമപ്പെടുത്തി.",1770,137,yes,no,no,1,yes,108 alternates,yes,index
/ml/local-first-private-glp-tracker.html,ml,privacy,200,index,https://www.glpzy.app/ml/local-first-private-glp-tracker.html,സ്ഥിരമായി സ്വകാര്യമാണ്. നിങ്ങൾ തിരഞ്ഞെടുക്കുമ്പോൾ കയറ്റുമതി ചെയ്യാം | GLPzy,"ഡോസുകൾ, ഭാരം, ലക്ഷണങ്ങൾ, ഓർമ്മപ്പെടുത്തലുകൾ, അല്ലെങ്കിൽ ഓർഡറുകൾ എന്നിവ ട്രാക്ക് ചെയ്യാൻ അക്കൗണ്ട് ആവശ്യമില്ല.",സ്ഥിരമായി സ്വകാര്യമാണ്. നിങ്ങൾ തിരഞ്ഞെടുക്കുമ്പോൾ കയറ്റുമതി ചെയ്യാം.,906,54,yes,no,no,1,no,108 alternates,yes,index
/ml/medical-safety.html,ml,trust,200,index,https://www.glpzy.app/ml/medical-safety.html,മെഡിക്കൽ സുരക്ഷ | GLPzy,എന്താണ് സംഭവിച്ചതെന്നതിൻ്റെ വ്യക്തമായ റെക്കോർഡ് സൂക്ഷിക്കാൻ GLPzy നിങ്ങളെ സഹായിക്കുന്നു. ഇത് നിങ്ങളുടെ ഡോസ് നിർണ്ണയിക്കുകയോ നിർദ്ദേശിക്കുകയോ തിരഞ്ഞെടുക്കുകയോ ചെയ്യുന്നില്ല.,മെഡിക്കൽ സുരക്ഷ,1604,78,yes,no,no,1,no,105 alternates,yes,index
/ml/methodology.html,ml,trust,200,index,https://www.glpzy.app/ml/methodology.html,രീതിശാസ്ത്രം | GLPzy,ഏകദേശ എക്‌സ്‌പോഷർ ട്രെൻഡ് വ്യക്തിഗത ട്രാക്കിംഗിനായി മാത്രം ലോഗ് ചെയ്‌ത ഡോസ് ടൈമിംഗും ഒരു ലളിതമായ ആഗിരണം-എലിമിനേഷൻ മോഡലും ഉപയോഗിക്കുന്നു.,രീതിശാസ്ത്രം,1652,77,yes,no,no,1,no,108 alternates,yes,index
/ml/mounjaro-tracker-iphone.html,ml,medicine,200,index,https://www.glpzy.app/ml/mounjaro-tracker-iphone.html,Mounjaro — അലങ്കോലമില്ലാതെ വേഗത്തിലുള്ള ലോഗിംഗ് | GLPzy,"Mounjaro: ഒരു സ്വകാര്യ ആപ്പിൽ ഡോസ് ചരിത്രം, ഭാരം, ലക്ഷണങ്ങൾ, വിശപ്പ്, ഫോട്ടോകൾ, ഓർമ്മപ്പെടുത്തലുകൾ, കയറ്റുമതികൾ എന്നിവയോടെ ഈ റൂട്ടീൻ ട്രാക്ക് ചെയ്യുക.",Mounjaro,922,57,yes,no,no,1,no,108 alternates,yes,index
/ml/overview.html,ml,support,200,index,https://www.glpzy.app/ml/overview.html,GLPzy — സ്വകാര്യതാ നയം · മെഡിക്കൽ സുരക്ഷ · പിന്തുണ,"പിന്തുണയുടെ വ്യാപ്തി, സ്വകാര്യതാ കോൺടാക്റ്റുകൾ, അടിയന്തരമല്ലാത്ത മാർഗ്ഗനിർദ്ദേശങ്ങൾ എന്നിവ അവലോകനം ചെയ്യുക.",GLPzy,809,54,yes,no,no,1,no,108 alternates,yes,index
/ml/ozempic-tracker-iphone.html,ml,commercial,200,index,https://www.glpzy.app/ml/ozempic-tracker-iphone.html,Ozempic — അലങ്കോലമില്ലാതെ വേഗത്തിലുള്ള ലോഗിംഗ് | GLPzy,"Ozempic: ഒരു സ്വകാര്യ ആപ്പിൽ ഡോസ് ചരിത്രം, ഭാരം, ലക്ഷണങ്ങൾ, വിശപ്പ്, ഫോട്ടോകൾ, ഓർമ്മപ്പെടുത്തലുകൾ, കയറ്റുമതികൾ എന്നിവയോടെ ഈ റൂട്ടീൻ ട്രാക്ക് ചെയ്യുക.",Ozempic,906,58,yes,no,no,1,no,105 alternates,yes,index
/ml/privacy.html,ml,privacy,200,index,https://www.glpzy.app/ml/privacy.html,സ്ഥിരമായി സ്വകാര്യമാണ്. നിങ്ങൾ തിരഞ്ഞെടുക്കുമ്പോൾ കയറ്റുമതി ചെയ്യാം | GLPzy,"ഡോസുകൾ, ഭാരം, ലക്ഷണങ്ങൾ, ഓർമ്മപ്പെടുത്തലുകൾ, അല്ലെങ്കിൽ ഓർഡറുകൾ എന്നിവ ട്രാക്ക് ചെയ്യാൻ അക്കൗണ്ട് ആവശ്യമില്ല.",സ്ഥിരമായി സ്വകാര്യമാണ്. നിങ്ങൾ തിരഞ്ഞെടുക്കുമ്പോൾ കയറ്റുമതി ചെയ്യാം.,906,113,yes,no,no,1,no,108 alternates,yes,index
/ml/rybelsus-tracker-iphone.html,ml,commercial,200,index,https://www.glpzy.app/ml/rybelsus-tracker-iphone.html,Rybelsus — അലങ്കോലമില്ലാതെ വേഗത്തിലുള്ള ലോഗിംഗ് | GLPzy,"Rybelsus: ഒരു സ്വകാര്യ ആപ്പിൽ ഡോസ് ചരിത്രം, ഭാരം, ലക്ഷണങ്ങൾ, വിശപ്പ്, ഫോട്ടോകൾ, ഓർമ്മപ്പെടുത്തലുകൾ, കയറ്റുമതികൾ എന്നിവയോടെ ഈ റൂട്ടീൻ ട്രാക്ക് ചെയ്യുക.",Rybelsus,885,58,yes,no,no,1,no,105 alternates,yes,index
/ml/saxenda-tracker-iphone.html,ml,commercial,200,index,https://www.glpzy.app/ml/saxenda-tracker-iphone.html,Saxenda — അലങ്കോലമില്ലാതെ വേഗത്തിലുള്ള ലോഗിംഗ് | GLPzy,"Saxenda: ഒരു സ്വകാര്യ ആപ്പിൽ ഡോസ് ചരിത്രം, ഭാരം, ലക്ഷണങ്ങൾ, വിശപ്പ്, ഫോട്ടോകൾ, ഓർമ്മപ്പെടുത്തലുകൾ, കയറ്റുമതികൾ എന്നിവയോടെ ഈ റൂട്ടീൻ ട്രാക്ക് ചെയ്യുക.",Saxenda,887,56,yes,no,no,1,no,105 alternates,yes,index
/ml/semaglutide-tracker-iphone.html,ml,medicine,200,index,https://www.glpzy.app/ml/semaglutide-tracker-iphone.html,Semaglutide — അലങ്കോലമില്ലാതെ വേഗത്തിലുള്ള ലോഗിംഗ് | GLPzy,"Semaglutide: ഒരു സ്വകാര്യ ആപ്പിൽ ഡോസ് ചരിത്രം, ഭാരം, ലക്ഷണങ്ങൾ, വിശപ്പ്, ഫോട്ടോകൾ, ഓർമ്മപ്പെടുത്തലുകൾ, കയറ്റുമതികൾ എന്നിവയോടെ ഈ റൂട്ടീൻ ട്രാക്ക് ചെയ്യുക.",Semaglutide,917,60,yes,no,no,1,no,108 alternates,yes,index
/ml/support.html,ml,support,200,index,https://www.glpzy.app/ml/support.html,പിന്തുണ | GLPzy,"പിന്തുണയുടെ വ്യാപ്തി, സ്വകാര്യതാ കോൺടാക്റ്റുകൾ, അടിയന്തരമല്ലാത്ത മാർഗ്ഗനിർദ്ദേശങ്ങൾ എന്നിവ അവലോകനം ചെയ്യുക.",പിന്തുണ,979,100,yes,no,no,1,no,108 alternates,yes,index
/ml/terms.html,ml,support,200,index,https://www.glpzy.app/ml/terms.html,ഉപയോഗ നിബന്ധനകൾ | GLPzy,വാങ്ങുന്നതിന് മുമ്പ് നിങ്ങളുടെ App Store അക്കൗണ്ടിൽ നിന്ന് വിലയും ബില്ലിംഗ് കാലയളവും ഏതെങ്കിലും ആമുഖ ഓഫർ വിശദാംശങ്ങളും കാണിക്കും. App Store ക്രമീകരണങ്ങളിൽ നിയന്ത്രിക്കുക അല്ലെങ്കിൽ റദ്ദാക്കുക.,ഉപയോഗ നിബന്ധനകൾ,1110,77,yes,no,no,1,no,108 alternates,yes,index
/ml/tirzepatide-tracker-iphone.html,ml,medicine,200,index,https://www.glpzy.app/ml/tirzepatide-tracker-iphone.html,Tirzepatide — അലങ്കോലമില്ലാതെ വേഗത്തിലുള്ള ലോഗിംഗ് | GLPzy,"Tirzepatide: ഒരു സ്വകാര്യ ആപ്പിൽ ഡോസ് ചരിത്രം, ഭാരം, ലക്ഷണങ്ങൾ, വിശപ്പ്, ഫോട്ടോകൾ, ഓർമ്മപ്പെടുത്തലുകൾ, കയറ്റുമതികൾ എന്നിവയോടെ ഈ റൂട്ടീൻ ട്രാക്ക് ചെയ്യുക.",Tirzepatide,939,59,yes,no,no,1,no,108 alternates,yes,index
/ml/trulicity-tracker-iphone.html,ml,commercial,200,index,https://www.glpzy.app/ml/trulicity-tracker-iphone.html,Trulicity — അലങ്കോലമില്ലാതെ വേഗത്തിലുള്ള ലോഗിംഗ് | GLPzy,"Trulicity: ഒരു സ്വകാര്യ ആപ്പിൽ ഡോസ് ചരിത്രം, ഭാരം, ലക്ഷണങ്ങൾ, വിശപ്പ്, ഫോട്ടോകൾ, ഓർമ്മപ്പെടുത്തലുകൾ, കയറ്റുമതികൾ എന്നിവയോടെ ഈ റൂട്ടീൻ ട്രാക്ക് ചെയ്യുക.",Trulicity,890,55,yes,no,no,1,no,105 alternates,yes,index
/ml/victoza-tracker-iphone.html,ml,commercial,200,index,https://www.glpzy.app/ml/victoza-tracker-iphone.html,Victoza — അലങ്കോലമില്ലാതെ വേഗത്തിലുള്ള ലോഗിംഗ് | GLPzy,"Victoza: ഒരു സ്വകാര്യ ആപ്പിൽ ഡോസ് ചരിത്രം, ഭാരം, ലക്ഷണങ്ങൾ, വിശപ്പ്, ഫോട്ടോകൾ, ഓർമ്മപ്പെടുത്തലുകൾ, കയറ്റുമതികൾ എന്നിവയോടെ ഈ റൂട്ടീൻ ട്രാക്ക് ചെയ്യുക.",Victoza,887,56,yes,no,no,1,no,105 alternates,yes,index
/ml/wegovy-tracker-iphone.html,ml,medicine,200,index,https://www.glpzy.app/ml/wegovy-tracker-iphone.html,Wegovy — അലങ്കോലമില്ലാതെ വേഗത്തിലുള്ള ലോഗിംഗ് | GLPzy,"Wegovy: ഒരു സ്വകാര്യ ആപ്പിൽ ഡോസ് ചരിത്രം, ഭാരം, ലക്ഷണങ്ങൾ, വിശപ്പ്, ഫോട്ടോകൾ, ഓർമ്മപ്പെടുത്തലുകൾ, കയറ്റുമതികൾ എന്നിവയോടെ ഈ റൂട്ടീൻ ട്രാക്ക് ചെയ്യുക.",Wegovy,917,58,yes,no,no,1,no,108 alternates,yes,index
/ml/zepbound-tracker-iphone.html,ml,medicine,200,index,https://www.glpzy.app/ml/zepbound-tracker-iphone.html,Zepbound — അലങ്കോലമില്ലാതെ വേഗത്തിലുള്ള ലോഗിംഗ് | GLPzy,"Zepbound: ഒരു സ്വകാര്യ ആപ്പിൽ ഡോസ് ചരിത്രം, ഭാരം, ലക്ഷണങ്ങൾ, വിശപ്പ്, ഫോട്ടോകൾ, ഓർമ്മപ്പെടുത്തലുകൾ, കയറ്റുമതികൾ എന്നിവയോടെ ഈ റൂട്ടീൻ ട്രാക്ക് ചെയ്യുക.",Zepbound,964,57,yes,no,no,1,no,108 alternates,yes,index
/mr/apple-health-glp-tracker.html,mr,commercial,200,index,https://www.glpzy.app/mr/apple-health-glp-tracker.html,Apple Health वरून केवळ-वाचनीय संदर्भ | GLPzy,"Apple Health प्रवेश ऐच्छिक आहे आणि तुम्ही दिलेल्या परवानग्यांपुरता मर्यादित आहे. GLPzy शरीराच्या वजनाचा इतिहास आणि उंची आयात करते, नंतर शरीर रचना, झोप, हालचाल, कसरत, कॅलरी, प्रथिने आणि पाण्याचे सारांश केवळ-वाचनीय मोडमध्ये वाचते. परत काहीही लिहिलेले नाही.",Apple Health वरून केवळ-वाचनीय संदर्भ,788,54,yes,no,no,1,no,108 alternates,yes,index
/mr/compounded-glp-tracker-iphone.html,mr,commercial,200,index,https://www.glpzy.app/mr/compounded-glp-tracker-iphone.html,चक्रवाढ — गोंधळाशिवाय द्रुत डोस नोंद | GLPzy,"चक्रवाढ: एका खाजगी अॅपमध्ये डोस इतिहास, वजन, लक्षणे, भूक, फोटो, स्मरणपत्रे आणि निर्यातांसह ही दिनचर्या ट्रॅक करा.",चक्रवाढ,784,56,yes,no,no,1,no,105 alternates,yes,index
/mr/custom-medication-tracker-iphone.html,mr,commercial,200,index,https://www.glpzy.app/mr/custom-medication-tracker-iphone.html,सानुकूल — गोंधळाशिवाय द्रुत डोस नोंद | GLPzy,"सानुकूल: एका खाजगी अॅपमध्ये डोस इतिहास, वजन, लक्षणे, भूक, फोटो, स्मरणपत्रे आणि निर्यातांसह ही दिनचर्या ट्रॅक करा.",सानुकूल,809,58,yes,no,no,1,no,105 alternates,yes,index
/mr/data-rights.html,mr,privacy,200,index,https://www.glpzy.app/mr/data-rights.html,निर्यात इतिहास | GLPzy,"GLPzy प्रथम स्थानिक सुरक्षा बॅकअप तयार करेल, नंतर या डिव्हाइसवर स्थानिक रेकॉर्ड पुनर्स्थित करेल.",निर्यात इतिहास,681,77,yes,no,no,1,no,108 alternates,yes,index
/mr/foundayo-tracker-iphone.html,mr,commercial,200,index,https://www.glpzy.app/mr/foundayo-tracker-iphone.html,Foundayo — गोंधळाशिवाय द्रुत डोस नोंद | GLPzy,"Foundayo: एका खाजगी अॅपमध्ये डोस इतिहास, वजन, लक्षणे, भूक, फोटो, स्मरणपत्रे आणि निर्यातांसह ही दिनचर्या ट्रॅक करा.",Foundayo,753,55,yes,no,no,1,no,105 alternates,yes,index
/mr/glp1-weight-dose-symptom-tracker.html,mr,commercial,200,index,https://www.glpzy.app/mr/glp1-weight-dose-symptom-tracker.html,"तुमची GLP-1 दिनचर्या, गोंधळाशिवाय व्यवस्थित | GLPzy","वैयक्तिक पुनरावलोकनासाठी एका खाजगी अॅपमध्ये डोस, वजन, लक्षणे, भूक, फोटो, स्मरणपत्रे आणि Apple Health संदर्भ नोंदवा.","तुमची GLP-1 दिनचर्या, गोंधळाशिवाय व्यवस्थित.",936,54,yes,no,no,1,no,108 alternates,yes,index
/mr/,mr,home,200,index,https://www.glpzy.app/mr/index.html,"तुमची GLP-1 दिनचर्या, गोंधळाशिवाय व्यवस्थित | GLPzy","वैयक्तिक पुनरावलोकनासाठी एका खाजगी अॅपमध्ये डोस, वजन, लक्षणे, भूक, फोटो, स्मरणपत्रे आणि Apple Health संदर्भ नोंदवा.","तुमची GLP-1 दिनचर्या, गोंधळाशिवाय व्यवस्थित.",1511,137,yes,no,no,1,yes,108 alternates,yes,index
/mr/local-first-private-glp-tracker.html,mr,privacy,200,index,https://www.glpzy.app/mr/local-first-private-glp-tracker.html,मुळात खाजगी. तुम्ही निवडल्यावर निर्यातयोग्य | GLPzy,"डोस, वजन, लक्षणे, स्मरणपत्रे किंवा ऑर्डर ट्रॅक करण्यासाठी कोणत्याही खात्याची आवश्यकता नाही.",मुळात खाजगी. तुम्ही निवडल्यावर निर्यातयोग्य.,790,54,yes,no,no,1,no,108 alternates,yes,index
/mr/medical-safety.html,mr,trust,200,index,https://www.glpzy.app/mr/medical-safety.html,वैद्यकीय सुरक्षा | GLPzy,"GLPzy तुम्हाला काय घडले याची स्पष्ट नोंद ठेवण्यात मदत करते. हे निदान, लिहून किंवा तुमचा डोस निवडत नाही.",वैद्यकीय सुरक्षा,1335,78,yes,no,no,1,no,105 alternates,yes,index
/mr/methodology.html,mr,trust,200,index,https://www.glpzy.app/mr/methodology.html,कार्यपद्धती | GLPzy,अंदाजे एक्सपोजर ट्रेंड केवळ वैयक्तिक ट्रॅकिंगसाठी लॉग केलेले डोस वेळ आणि एक सरलीकृत शोषण-आणि-निर्मूलन मॉडेल वापरते.,कार्यपद्धती,1404,77,yes,no,no,1,no,108 alternates,yes,index
/mr/mounjaro-tracker-iphone.html,mr,medicine,200,index,https://www.glpzy.app/mr/mounjaro-tracker-iphone.html,Mounjaro — गोंधळाशिवाय द्रुत डोस नोंद | GLPzy,"Mounjaro: एका खाजगी अॅपमध्ये डोस इतिहास, वजन, लक्षणे, भूक, फोटो, स्मरणपत्रे आणि निर्यातांसह ही दिनचर्या ट्रॅक करा.",Mounjaro,786,57,yes,no,no,1,no,108 alternates,yes,index
/mr/overview.html,mr,support,200,index,https://www.glpzy.app/mr/overview.html,GLPzy — गोपनीयता धोरण · वैद्यकीय सुरक्षा · सपोर्ट,"समर्थन व्याप्ती, गोपनीयता संपर्क आणि गैर-आणीबाणी मार्गदर्शनाचे पुनरावलोकन करा.",GLPzy,707,54,yes,no,no,1,no,108 alternates,yes,index
/mr/ozempic-tracker-iphone.html,mr,commercial,200,index,https://www.glpzy.app/mr/ozempic-tracker-iphone.html,Ozempic — गोंधळाशिवाय द्रुत डोस नोंद | GLPzy,"Ozempic: एका खाजगी अॅपमध्ये डोस इतिहास, वजन, लक्षणे, भूक, फोटो, स्मरणपत्रे आणि निर्यातांसह ही दिनचर्या ट्रॅक करा.",Ozempic,774,58,yes,no,no,1,no,105 alternates,yes,index
/mr/privacy.html,mr,privacy,200,index,https://www.glpzy.app/mr/privacy.html,मुळात खाजगी. तुम्ही निवडल्यावर निर्यातयोग्य | GLPzy,"डोस, वजन, लक्षणे, स्मरणपत्रे किंवा ऑर्डर ट्रॅक करण्यासाठी कोणत्याही खात्याची आवश्यकता नाही.",मुळात खाजगी. तुम्ही निवडल्यावर निर्यातयोग्य.,790,113,yes,no,no,1,no,108 alternates,yes,index
/mr/rybelsus-tracker-iphone.html,mr,commercial,200,index,https://www.glpzy.app/mr/rybelsus-tracker-iphone.html,Rybelsus — गोंधळाशिवाय द्रुत डोस नोंद | GLPzy,"Rybelsus: एका खाजगी अॅपमध्ये डोस इतिहास, वजन, लक्षणे, भूक, फोटो, स्मरणपत्रे आणि निर्यातांसह ही दिनचर्या ट्रॅक करा.",Rybelsus,752,58,yes,no,no,1,no,105 alternates,yes,index
/mr/saxenda-tracker-iphone.html,mr,commercial,200,index,https://www.glpzy.app/mr/saxenda-tracker-iphone.html,Saxenda — गोंधळाशिवाय द्रुत डोस नोंद | GLPzy,"Saxenda: एका खाजगी अॅपमध्ये डोस इतिहास, वजन, लक्षणे, भूक, फोटो, स्मरणपत्रे आणि निर्यातांसह ही दिनचर्या ट्रॅक करा.",Saxenda,755,56,yes,no,no,1,no,105 alternates,yes,index
/mr/semaglutide-tracker-iphone.html,mr,medicine,200,index,https://www.glpzy.app/mr/semaglutide-tracker-iphone.html,Semaglutide — गोंधळाशिवाय द्रुत डोस नोंद | GLPzy,"Semaglutide: एका खाजगी अॅपमध्ये डोस इतिहास, वजन, लक्षणे, भूक, फोटो, स्मरणपत्रे आणि निर्यातांसह ही दिनचर्या ट्रॅक करा.",Semaglutide,780,60,yes,no,no,1,no,108 alternates,yes,index
/mr/support.html,mr,support,200,index,https://www.glpzy.app/mr/support.html,सपोर्ट | GLPzy,"समर्थन व्याप्ती, गोपनीयता संपर्क आणि गैर-आणीबाणी मार्गदर्शनाचे पुनरावलोकन करा.",सपोर्ट,797,100,yes,no,no,1,no,108 alternates,yes,index
/mr/terms.html,mr,support,200,index,https://www.glpzy.app/mr/terms.html,वापरण्याच्या अटी | GLPzy,"किंमत, बिलिंग कालावधी आणि कोणतेही प्रास्ताविक ऑफर तपशील खरेदी करण्यापूर्वी तुमच्या App Store खात्यातून दाखवले जातात. App Store सेटिंग्जमध्ये व्यवस्थापित करा किंवा रद्द करा.",वापरण्याच्या अटी,940,77,yes,no,no,1,no,108 alternates,yes,index
/mr/tirzepatide-tracker-iphone.html,mr,medicine,200,index,https://www.glpzy.app/mr/tirzepatide-tracker-iphone.html,Tirzepatide — गोंधळाशिवाय द्रुत डोस नोंद | GLPzy,"Tirzepatide: एका खाजगी अॅपमध्ये डोस इतिहास, वजन, लक्षणे, भूक, फोटो, स्मरणपत्रे आणि निर्यातांसह ही दिनचर्या ट्रॅक करा.",Tirzepatide,800,59,yes,no,no,1,no,108 alternates,yes,index
/mr/trulicity-tracker-iphone.html,mr,commercial,200,index,https://www.glpzy.app/mr/trulicity-tracker-iphone.html,Trulicity — गोंधळाशिवाय द्रुत डोस नोंद | GLPzy,"Trulicity: एका खाजगी अॅपमध्ये डोस इतिहास, वजन, लक्षणे, भूक, फोटो, स्मरणपत्रे आणि निर्यातांसह ही दिनचर्या ट्रॅक करा.",Trulicity,761,55,yes,no,no,1,no,105 alternates,yes,index
/mr/victoza-tracker-iphone.html,mr,commercial,200,index,https://www.glpzy.app/mr/victoza-tracker-iphone.html,Victoza — गोंधळाशिवाय द्रुत डोस नोंद | GLPzy,"Victoza: एका खाजगी अॅपमध्ये डोस इतिहास, वजन, लक्षणे, भूक, फोटो, स्मरणपत्रे आणि निर्यातांसह ही दिनचर्या ट्रॅक करा.",Victoza,755,56,yes,no,no,1,no,105 alternates,yes,index
/mr/wegovy-tracker-iphone.html,mr,medicine,200,index,https://www.glpzy.app/mr/wegovy-tracker-iphone.html,Wegovy — गोंधळाशिवाय द्रुत डोस नोंद | GLPzy,"Wegovy: एका खाजगी अॅपमध्ये डोस इतिहास, वजन, लक्षणे, भूक, फोटो, स्मरणपत्रे आणि निर्यातांसह ही दिनचर्या ट्रॅक करा.",Wegovy,780,58,yes,no,no,1,no,108 alternates,yes,index
/mr/zepbound-tracker-iphone.html,mr,medicine,200,index,https://www.glpzy.app/mr/zepbound-tracker-iphone.html,Zepbound — गोंधळाशिवाय द्रुत डोस नोंद | GLPzy,"Zepbound: एका खाजगी अॅपमध्ये डोस इतिहास, वजन, लक्षणे, भूक, फोटो, स्मरणपत्रे आणि निर्यातांसह ही दिनचर्या ट्रॅक करा.",Zepbound,815,57,yes,no,no,1,no,108 alternates,yes,index
/ms/apple-health-glp-tracker.html,ms,commercial,200,index,https://www.glpzy.app/ms/apple-health-glp-tracker.html,Konteks baca sahaja daripada Apple Health | GLPzy,"Akses Apple Health adalah pilihan dan terhad kepada kebenaran yang anda berikan. GLPzy mengimport sejarah berat badan dan ketinggian, kemudian membaca komposisi badan, pergerakan, senaman, kalori, protein dan ringkasan air dalam mod baca sahaja. Tiada apa yang ditulis kembali.",Konteks baca sahaja daripada Apple Health,517,54,yes,no,no,1,no,108 alternates,yes,index
/ms/compounded-glp-tracker-iphone.html,ms,commercial,200,index,https://www.glpzy.app/ms/compounded-glp-tracker-iphone.html,Terkompaun — Pembalakan cepat tanpa kekacauan | GLPzy,"Terkompaun: Jejaki rutin ini dengan sejarah dos, berat, gejala, selera makan, foto, peringatan dan eksport dalam satu app peribadi.",Terkompaun,479,56,yes,no,no,1,no,105 alternates,yes,index
/ms/custom-medication-tracker-iphone.html,ms,commercial,200,index,https://www.glpzy.app/ms/custom-medication-tracker-iphone.html,Adat — Pembalakan cepat tanpa kekacauan | GLPzy,"Adat: Jejaki rutin ini dengan sejarah dos, berat, gejala, selera makan, foto, peringatan dan eksport dalam satu app peribadi.",Adat,489,58,yes,no,no,1,no,105 alternates,yes,index
/ms/data-rights.html,ms,privacy,200,index,https://www.glpzy.app/ms/data-rights.html,Sejarah eksport | GLPzy,"GLPzy mula-mula akan membuat sandaran keselamatan setempat, kemudian menggantikan rekod tempatan pada peranti ini.",Sejarah eksport,402,77,yes,no,no,1,no,108 alternates,yes,index
/ms/foundayo-tracker-iphone.html,ms,commercial,200,index,https://www.glpzy.app/ms/foundayo-tracker-iphone.html,Foundayo — Pembalakan cepat tanpa kekacauan | GLPzy,"Foundayo: Jejaki rutin ini dengan sejarah dos, berat, gejala, selera makan, foto, peringatan dan eksport dalam satu app peribadi.",Foundayo,469,55,yes,no,no,1,no,105 alternates,yes,index
/ms/glp1-weight-dose-symptom-tracker.html,ms,commercial,200,index,https://www.glpzy.app/ms/glp1-weight-dose-symptom-tracker.html,"Rutin GLP-1 anda, tersusun tanpa kekusutan | GLPzy","Log dos, berat, gejala, selera makan, foto, peringatan dan konteks Apple Health dalam satu app peribadi untuk semakan peribadi.","Rutin GLP-1 anda, tersusun tanpa kekusutan.",558,54,yes,no,no,1,no,108 alternates,yes,index
/ms/,ms,home,200,index,https://www.glpzy.app/ms/index.html,"Rutin GLP-1 anda, tersusun tanpa kekusutan | GLPzy","Log dos, berat, gejala, selera makan, foto, peringatan dan konteks Apple Health dalam satu app peribadi untuk semakan peribadi.","Rutin GLP-1 anda, tersusun tanpa kekusutan.",828,137,yes,no,no,1,yes,108 alternates,yes,index
/ms/local-first-private-glp-tracker.html,ms,privacy,200,index,https://www.glpzy.app/ms/local-first-private-glp-tracker.html,Peribadi secara lalai. Boleh dieksport apabila anda memilih | GLPzy,"Tiada akaun dalam app diperlukan untuk merekod dos, berat, gejala atau peringatan.",Peribadi secara lalai. Boleh dieksport apabila anda memilih.,475,54,yes,no,no,1,no,108 alternates,yes,index
/ms/medical-safety.html,ms,trust,200,index,https://www.glpzy.app/ms/medical-safety.html,Keselamatan perubatan | GLPzy,"GLPzy membantu anda menyimpan rekod yang lebih jelas tentang perkara yang berlaku. Ia tidak mendiagnosis, menetapkan, atau memilih dos anda.",Keselamatan perubatan,693,78,yes,no,no,1,no,105 alternates,yes,index
/ms/methodology.html,ms,trust,200,index,https://www.glpzy.app/ms/methodology.html,Metodologi | GLPzy,Anggaran Trend Pendedahan menggunakan pemasaan dos yang dilog ditambah dengan model penyerapan dan penyingkiran yang dipermudahkan untuk penjejakan peribadi sahaja.,Metodologi,720,77,yes,no,no,1,no,108 alternates,yes,index
/ms/mounjaro-tracker-iphone.html,ms,medicine,200,index,https://www.glpzy.app/ms/mounjaro-tracker-iphone.html,Mounjaro — Pembalakan cepat tanpa kekacauan | GLPzy,"Mounjaro: Jejaki rutin ini dengan sejarah dos, berat, gejala, selera makan, foto, peringatan dan eksport dalam satu app peribadi.",Mounjaro,480,57,yes,no,no,1,no,108 alternates,yes,index
/ms/overview.html,ms,support,200,index,https://www.glpzy.app/ms/overview.html,GLPzy — Dasar privasi · Keselamatan perubatan · Sokongan,"Semak skop sokongan, hubungan privasi dan panduan bukan kecemasan.",GLPzy,424,54,yes,no,no,1,no,108 alternates,yes,index
/ms/ozempic-tracker-iphone.html,ms,commercial,200,index,https://www.glpzy.app/ms/ozempic-tracker-iphone.html,Ozempic — Pembalakan cepat tanpa kekacauan | GLPzy,"Ozempic: Jejaki rutin ini dengan sejarah dos, berat, gejala, selera makan, foto, peringatan dan eksport dalam satu app peribadi.",Ozempic,476,58,yes,no,no,1,no,105 alternates,yes,index
/ms/privacy.html,ms,privacy,200,index,https://www.glpzy.app/ms/privacy.html,Peribadi secara lalai. Boleh dieksport apabila anda memilih | GLPzy,"Tiada akaun dalam app diperlukan untuk merekod dos, berat, gejala atau peringatan.",Peribadi secara lalai. Boleh dieksport apabila anda memilih.,475,113,yes,no,no,1,no,108 alternates,yes,index
/ms/rybelsus-tracker-iphone.html,ms,commercial,200,index,https://www.glpzy.app/ms/rybelsus-tracker-iphone.html,Rybelsus — Pembalakan cepat tanpa kekacauan | GLPzy,"Rybelsus: Jejaki rutin ini dengan sejarah dos, berat, gejala, selera makan, foto, peringatan dan eksport dalam satu app peribadi.",Rybelsus,471,58,yes,no,no,1,no,105 alternates,yes,index
/ms/saxenda-tracker-iphone.html,ms,commercial,200,index,https://www.glpzy.app/ms/saxenda-tracker-iphone.html,Saxenda — Pembalakan cepat tanpa kekacauan | GLPzy,"Saxenda: Jejaki rutin ini dengan sejarah dos, berat, gejala, selera makan, foto, peringatan dan eksport dalam satu app peribadi.",Saxenda,470,56,yes,no,no,1,no,105 alternates,yes,index
/ms/semaglutide-tracker-iphone.html,ms,medicine,200,index,https://www.glpzy.app/ms/semaglutide-tracker-iphone.html,Semaglutide — Pembalakan cepat tanpa kekacauan | GLPzy,"Semaglutide: Jejaki rutin ini dengan sejarah dos, berat, gejala, selera makan, foto, peringatan dan eksport dalam satu app peribadi.",Semaglutide,481,60,yes,no,no,1,no,108 alternates,yes,index
/ms/support.html,ms,support,200,index,https://www.glpzy.app/ms/support.html,Sokongan | GLPzy,"Semak skop sokongan, hubungan privasi dan panduan bukan kecemasan.",Sokongan,442,100,yes,no,no,1,no,108 alternates,yes,index
/ms/terms.html,ms,support,200,index,https://www.glpzy.app/ms/terms.html,Syarat penggunaan | GLPzy,"Harga, tempoh pengebilan dan sebarang butiran tawaran pengenalan ditunjukkan daripada akaun App Store anda sebelum pembelian. Urus atau batalkan dalam tetapan App Store.",Syarat penggunaan,492,77,yes,no,no,1,no,108 alternates,yes,index
/ms/tirzepatide-tracker-iphone.html,ms,medicine,200,index,https://www.glpzy.app/ms/tirzepatide-tracker-iphone.html,Tirzepatide — Pembalakan cepat tanpa kekacauan | GLPzy,"Tirzepatide: Jejaki rutin ini dengan sejarah dos, berat, gejala, selera makan, foto, peringatan dan eksport dalam satu app peribadi.",Tirzepatide,485,59,yes,no,no,1,no,108 alternates,yes,index
/ms/trulicity-tracker-iphone.html,ms,commercial,200,index,https://www.glpzy.app/ms/trulicity-tracker-iphone.html,Trulicity — Pembalakan cepat tanpa kekacauan | GLPzy,"Trulicity: Jejaki rutin ini dengan sejarah dos, berat, gejala, selera makan, foto, peringatan dan eksport dalam satu app peribadi.",Trulicity,469,55,yes,no,no,1,no,105 alternates,yes,index
/ms/victoza-tracker-iphone.html,ms,commercial,200,index,https://www.glpzy.app/ms/victoza-tracker-iphone.html,Victoza — Pembalakan cepat tanpa kekacauan | GLPzy,"Victoza: Jejaki rutin ini dengan sejarah dos, berat, gejala, selera makan, foto, peringatan dan eksport dalam satu app peribadi.",Victoza,470,56,yes,no,no,1,no,105 alternates,yes,index
/ms/wegovy-tracker-iphone.html,ms,medicine,200,index,https://www.glpzy.app/ms/wegovy-tracker-iphone.html,Wegovy — Pembalakan cepat tanpa kekacauan | GLPzy,"Wegovy: Jejaki rutin ini dengan sejarah dos, berat, gejala, selera makan, foto, peringatan dan eksport dalam satu app peribadi.",Wegovy,481,58,yes,no,no,1,no,108 alternates,yes,index
/ms/zepbound-tracker-iphone.html,ms,medicine,200,index,https://www.glpzy.app/ms/zepbound-tracker-iphone.html,Zepbound — Pembalakan cepat tanpa kekacauan | GLPzy,"Zepbound: Jejaki rutin ini dengan sejarah dos, berat, gejala, selera makan, foto, peringatan dan eksport dalam satu app peribadi.",Zepbound,491,57,yes,no,no,1,no,108 alternates,yes,index
/nb/apple-health-glp-tracker.html,nb,commercial,200,index,https://www.glpzy.app/nb/apple-health-glp-tracker.html,Skrivebeskyttet kontekst fra Apple Health | GLPzy,"Apple Health-tilgang er valgfri og begrenset til tillatelsene du gir. GLPzy importerer kroppsvekthistorikk og høyde, og leser deretter kroppssammensetning, bevegelse, trening, kalorier, proteiner og vann i skrivebeskyttet modus. Ingenting er skrevet tilbake.",Skrivebeskyttet kontekst fra Apple Health,515,54,yes,no,no,1,no,108 alternates,yes,index
/nb/compounded-glp-tracker-iphone.html,nb,commercial,200,index,https://www.glpzy.app/nb/compounded-glp-tracker-iphone.html,Compounded​ — Rask logging uten rot | GLPzy,"Compounded​: Spor denne rutinen med dosehistorikk, vekt, symptomer, appetitt, bilder, påminnelser og eksport i én privat app.",Compounded​,470,56,yes,no,no,1,no,105 alternates,yes,index
/nb/custom-medication-tracker-iphone.html,nb,commercial,200,index,https://www.glpzy.app/nb/custom-medication-tracker-iphone.html,Tilpassetk — Rask logging uten rot | GLPzy,"Tilpassetk: Spor denne rutinen med dosehistorikk, vekt, symptomer, appetitt, bilder, påminnelser og eksport i én privat app.",Tilpassetk,478,58,yes,no,no,1,no,105 alternates,yes,index
/nb/data-rights.html,nb,privacy,200,index,https://www.glpzy.app/nb/data-rights.html,Eksporter historikk | GLPzy,"GLPzy vil først opprette en lokal sikkerhetskopi, deretter erstatte lokale poster på denne enheten.",Eksporter historikk,405,77,yes,no,no,1,no,108 alternates,yes,index
/nb/foundayo-tracker-iphone.html,nb,commercial,200,index,https://www.glpzy.app/nb/foundayo-tracker-iphone.html,Foundayo — Rask logging uten rot | GLPzy,"Foundayo: Spor denne rutinen med dosehistorikk, vekt, symptomer, appetitt, bilder, påminnelser og eksport i én privat app.",Foundayo,460,55,yes,no,no,1,no,105 alternates,yes,index
/nb/glp1-weight-dose-symptom-tracker.html,nb,commercial,200,index,https://www.glpzy.app/nb/glp1-weight-dose-symptom-tracker.html,"Din GLP-1-rutine, organisert uten rot | GLPzy","Logg doser, vekt, symptomer, appetitt, bilder, påminnelser og Apple Health-kontekst i én privat app for personlig gjennomgang.","Din GLP-1-rutine, organisert uten rot.",548,54,yes,no,no,1,no,108 alternates,yes,index
/nb/,nb,home,200,index,https://www.glpzy.app/nb/index.html,"Din GLP-1-rutine, organisert uten rot | GLPzy","Logg doser, vekt, symptomer, appetitt, bilder, påminnelser og Apple Health-kontekst i én privat app for personlig gjennomgang.","Din GLP-1-rutine, organisert uten rot.",773,137,yes,no,no,1,yes,108 alternates,yes,index
/nb/local-first-private-glp-tracker.html,nb,privacy,200,index,https://www.glpzy.app/nb/local-first-private-glp-tracker.html,Privat som standard. Kan eksporteres når du velger det | GLPzy,"Ingen konto er nødvendig for å spore doser, vekt, symptomer, påminnelser eller bestillinger.",Privat som standard. Kan eksporteres når du velger det.,478,54,yes,no,no,1,no,108 alternates,yes,index
/nb/medical-safety.html,nb,trust,200,index,https://www.glpzy.app/nb/medical-safety.html,Medisinsk sikkerhet | GLPzy,"GLPzy hjelper deg å holde en klarere oversikt over hva som skjedde. Den diagnostiserer, foreskriver eller velger ikke dosen din.",Medisinsk sikkerhet,686,78,yes,no,no,1,no,105 alternates,yes,index
/nb/methodology.html,nb,trust,200,index,https://www.glpzy.app/nb/methodology.html,Metodikk | GLPzy,Estimert eksponeringstrend bruker loggede dosetidspunkter sammen med en forenklet absorpsjons- og eliminasjonsmodell kun for personlig sporing.,Metodikk,698,77,yes,no,no,1,no,108 alternates,yes,index
/nb/mounjaro-tracker-iphone.html,nb,medicine,200,index,https://www.glpzy.app/nb/mounjaro-tracker-iphone.html,Mounjaro — Rask logging uten rot | GLPzy,"Mounjaro: Spor denne rutinen med dosehistorikk, vekt, symptomer, appetitt, bilder, påminnelser og eksport i én privat app.",Mounjaro,470,57,yes,no,no,1,no,108 alternates,yes,index
/nb/overview.html,nb,support,200,index,https://www.glpzy.app/nb/overview.html,GLPzy — Personvernerklæring · Medisinsk sikkerhet · Støtte,"Gjennomgå støtteomfang, personvernkontakter og ikke-nødveiledning.",GLPzy,412,54,yes,no,no,1,no,108 alternates,yes,index
/nb/ozempic-tracker-iphone.html,nb,commercial,200,index,https://www.glpzy.app/nb/ozempic-tracker-iphone.html,Ozempic — Rask logging uten rot | GLPzy,"Ozempic: Spor denne rutinen med dosehistorikk, vekt, symptomer, appetitt, bilder, påminnelser og eksport i én privat app.",Ozempic,467,58,yes,no,no,1,no,105 alternates,yes,index
/nb/privacy.html,nb,privacy,200,index,https://www.glpzy.app/nb/privacy.html,Privat som standard. Kan eksporteres når du velger det | GLPzy,"Ingen konto er nødvendig for å spore doser, vekt, symptomer, påminnelser eller bestillinger.",Privat som standard. Kan eksporteres når du velger det.,478,113,yes,no,no,1,no,108 alternates,yes,index
/nb/rybelsus-tracker-iphone.html,nb,commercial,200,index,https://www.glpzy.app/nb/rybelsus-tracker-iphone.html,Rybelsus — Rask logging uten rot | GLPzy,"Rybelsus: Spor denne rutinen med dosehistorikk, vekt, symptomer, appetitt, bilder, påminnelser og eksport i én privat app.",Rybelsus,462,58,yes,no,no,1,no,105 alternates,yes,index
/nb/saxenda-tracker-iphone.html,nb,commercial,200,index,https://www.glpzy.app/nb/saxenda-tracker-iphone.html,Saxenda — Rask logging uten rot | GLPzy,"Saxenda: Spor denne rutinen med dosehistorikk, vekt, symptomer, appetitt, bilder, påminnelser og eksport i én privat app.",Saxenda,461,56,yes,no,no,1,no,105 alternates,yes,index
/nb/semaglutide-tracker-iphone.html,nb,medicine,200,index,https://www.glpzy.app/nb/semaglutide-tracker-iphone.html,Semaglutide — Rask logging uten rot | GLPzy,"Semaglutide: Spor denne rutinen med dosehistorikk, vekt, symptomer, appetitt, bilder, påminnelser og eksport i én privat app.",Semaglutide,470,60,yes,no,no,1,no,108 alternates,yes,index
/nb/support.html,nb,support,200,index,https://www.glpzy.app/nb/support.html,Støtte | GLPzy,"Gjennomgå støtteomfang, personvernkontakter og ikke-nødveiledning.",Støtte,436,100,yes,no,no,1,no,108 alternates,yes,index
/nb/terms.html,nb,support,200,index,https://www.glpzy.app/nb/terms.html,Vilkår for bruk | GLPzy,"Priser, faktureringsperiode og eventuelle introduksjonstilbud vises fra App Store-kontoen din før kjøp. Administrer eller avbryt i App Store-innstillingene.",Vilkår for bruk,482,77,yes,no,no,1,no,108 alternates,yes,index
/nb/tirzepatide-tracker-iphone.html,nb,medicine,200,index,https://www.glpzy.app/nb/tirzepatide-tracker-iphone.html,Tirzepatide — Rask logging uten rot | GLPzy,"Tirzepatide: Spor denne rutinen med dosehistorikk, vekt, symptomer, appetitt, bilder, påminnelser og eksport i én privat app.",Tirzepatide,474,59,yes,no,no,1,no,108 alternates,yes,index
/nb/trulicity-tracker-iphone.html,nb,commercial,200,index,https://www.glpzy.app/nb/trulicity-tracker-iphone.html,Trulicity — Rask logging uten rot | GLPzy,"Trulicity: Spor denne rutinen med dosehistorikk, vekt, symptomer, appetitt, bilder, påminnelser og eksport i én privat app.",Trulicity,461,55,yes,no,no,1,no,105 alternates,yes,index
/nb/victoza-tracker-iphone.html,nb,commercial,200,index,https://www.glpzy.app/nb/victoza-tracker-iphone.html,Victoza — Rask logging uten rot | GLPzy,"Victoza: Spor denne rutinen med dosehistorikk, vekt, symptomer, appetitt, bilder, påminnelser og eksport i én privat app.",Victoza,461,56,yes,no,no,1,no,105 alternates,yes,index
/nb/wegovy-tracker-iphone.html,nb,medicine,200,index,https://www.glpzy.app/nb/wegovy-tracker-iphone.html,Wegovy — Rask logging uten rot | GLPzy,"Wegovy: Spor denne rutinen med dosehistorikk, vekt, symptomer, appetitt, bilder, påminnelser og eksport i én privat app.",Wegovy,470,58,yes,no,no,1,no,108 alternates,yes,index
/nb/zepbound-tracker-iphone.html,nb,medicine,200,index,https://www.glpzy.app/nb/zepbound-tracker-iphone.html,Zepbound — Rask logging uten rot | GLPzy,"Zepbound: Spor denne rutinen med dosehistorikk, vekt, symptomer, appetitt, bilder, påminnelser og eksport i én privat app.",Zepbound,479,57,yes,no,no,1,no,108 alternates,yes,index
/nl/apple-health-glp-tracker.html,nl,commercial,200,index,https://www.glpzy.app/nl/apple-health-glp-tracker.html,Alleen-lezen context van Apple Health | GLPzy,"Apple Health-toegang is optioneel en beperkt tot de machtigingen die u verleent. GLPzy importeert de geschiedenis en lengte van het lichaamsgewicht en leest vervolgens samenvattingen van de lichaamssamenstelling, beweging, training, calorieën, eiwitten en water in de alleen-lezen modus. Er wordt niets teruggeschreven.",Alleen-lezen context van Apple Health,536,54,yes,no,no,1,no,108 alternates,yes,index
/nl/compounded-glp-tracker-iphone.html,nl,commercial,200,index,https://www.glpzy.app/nl/compounded-glp-tracker-iphone.html,Compounded​ — Snel loggen zonder rommel | GLPzy,"Compounded​: Volg deze routine met dosishistorie, gewicht, symptomen, eetlust, foto’s, herinneringen en exports in één privé-app.",Compounded​,484,56,yes,no,no,1,no,105 alternates,yes,index
/nl/custom-medication-tracker-iphone.html,nl,commercial,200,index,https://www.glpzy.app/nl/custom-medication-tracker-iphone.html,Aangepast — Snel loggen zonder rommel | GLPzy,"Aangepast: Volg deze routine met dosishistorie, gewicht, symptomen, eetlust, foto’s, herinneringen en exports in één privé-app.",Aangepast,493,58,yes,no,no,1,no,105 alternates,yes,index
/nl/data-rights.html,nl,privacy,200,index,https://www.glpzy.app/nl/data-rights.html,Geschiedenis exporteren | GLPzy,GLPzy maakt eerst een lokale veiligheidsback-up en vervangt vervolgens de lokale records op dit apparaat.,Geschiedenis exporteren,421,77,yes,no,no,1,no,108 alternates,yes,index
/nl/foundayo-tracker-iphone.html,nl,commercial,200,index,https://www.glpzy.app/nl/foundayo-tracker-iphone.html,Foundayo — Snel loggen zonder rommel | GLPzy,"Foundayo: Volg deze routine met dosishistorie, gewicht, symptomen, eetlust, foto’s, herinneringen en exports in één privé-app.",Foundayo,474,55,yes,no,no,1,no,105 alternates,yes,index
/nl/glp1-weight-dose-symptom-tracker.html,nl,commercial,200,index,https://www.glpzy.app/nl/glp1-weight-dose-symptom-tracker.html,"Je GLP-1-routine, overzichtelijk zonder rommel | GLPzy","Log doses, gewicht, symptomen, eetlust, foto’s, herinneringen en Apple Health-context in één privé-app voor persoonlijke controle.","Je GLP-1-routine, overzichtelijk zonder rommel.",570,54,yes,no,no,1,no,108 alternates,yes,index
/nl/,nl,home,200,index,https://www.glpzy.app/nl/index.html,"Je GLP-1-routine, overzichtelijk zonder rommel | GLPzy","Log doses, gewicht, symptomen, eetlust, foto’s, herinneringen en Apple Health-context in één privé-app voor persoonlijke controle.","Je GLP-1-routine, overzichtelijk zonder rommel.",818,137,yes,no,no,1,yes,108 alternates,yes,index
/nl/local-first-private-glp-tracker.html,nl,privacy,200,index,https://www.glpzy.app/nl/local-first-private-glp-tracker.html,Standaard privé. Exporteerbaar wanneer jij dat kiest | GLPzy,"Er is geen account vereist om doses, gewicht, symptomen, herinneringen of bestellingen bij te houden.",Standaard privé. Exporteerbaar wanneer jij dat kiest.,504,54,yes,no,no,1,no,108 alternates,yes,index
/nl/medical-safety.html,nl,trust,200,index,https://www.glpzy.app/nl/medical-safety.html,Medische veiligheid | GLPzy,"Met GLPzy kunt u duidelijker vastleggen wat er is gebeurd. Het diagnosticeert, schrijft niet voor en kiest uw dosis niet.",Medische veiligheid,719,78,yes,no,no,1,no,105 alternates,yes,index
/nl/methodology.html,nl,trust,200,index,https://www.glpzy.app/nl/methodology.html,Methodologie | GLPzy,"De geschatte blootstellingstrend gebruikt gelogde doseertijden samen met een vereenvoudigd absorptie- en eliminatiemodel, uitsluitend voor persoonlijke monitoring.",Methodologie,746,77,yes,no,no,1,no,108 alternates,yes,index
/nl/mounjaro-tracker-iphone.html,nl,medicine,200,index,https://www.glpzy.app/nl/mounjaro-tracker-iphone.html,Mounjaro — Snel loggen zonder rommel | GLPzy,"Mounjaro: Volg deze routine met dosishistorie, gewicht, symptomen, eetlust, foto’s, herinneringen en exports in één privé-app.",Mounjaro,489,57,yes,no,no,1,no,108 alternates,yes,index
/nl/overview.html,nl,support,200,index,https://www.glpzy.app/nl/overview.html,GLPzy — Privacybeleid · Medische veiligheid · Ondersteuning,"Bekijk de ondersteuningsreikwijdte, privacycontacten en niet-dringende begeleiding.",GLPzy,429,54,yes,no,no,1,no,108 alternates,yes,index
/nl/ozempic-tracker-iphone.html,nl,commercial,200,index,https://www.glpzy.app/nl/ozempic-tracker-iphone.html,Ozempic — Snel loggen zonder rommel | GLPzy,"Ozempic: Volg deze routine met dosishistorie, gewicht, symptomen, eetlust, foto’s, herinneringen en exports in één privé-app.",Ozempic,484,58,yes,no,no,1,no,105 alternates,yes,index
/nl/privacy.html,nl,privacy,200,index,https://www.glpzy.app/nl/privacy.html,Standaard privé. Exporteerbaar wanneer jij dat kiest | GLPzy,"Er is geen account vereist om doses, gewicht, symptomen, herinneringen of bestellingen bij te houden.",Standaard privé. Exporteerbaar wanneer jij dat kiest.,504,113,yes,no,no,1,no,108 alternates,yes,index
/nl/rybelsus-tracker-iphone.html,nl,commercial,200,index,https://www.glpzy.app/nl/rybelsus-tracker-iphone.html,Rybelsus — Snel loggen zonder rommel | GLPzy,"Rybelsus: Volg deze routine met dosishistorie, gewicht, symptomen, eetlust, foto’s, herinneringen en exports in één privé-app.",Rybelsus,476,58,yes,no,no,1,no,105 alternates,yes,index
/nl/saxenda-tracker-iphone.html,nl,commercial,200,index,https://www.glpzy.app/nl/saxenda-tracker-iphone.html,Saxenda — Snel loggen zonder rommel | GLPzy,"Saxenda: Volg deze routine met dosishistorie, gewicht, symptomen, eetlust, foto’s, herinneringen en exports in één privé-app.",Saxenda,476,56,yes,no,no,1,no,105 alternates,yes,index
/nl/semaglutide-tracker-iphone.html,nl,medicine,200,index,https://www.glpzy.app/nl/semaglutide-tracker-iphone.html,Semaglutide — Snel loggen zonder rommel | GLPzy,"Semaglutide: Volg deze routine met dosishistorie, gewicht, symptomen, eetlust, foto’s, herinneringen en exports in één privé-app.",Semaglutide,488,60,yes,no,no,1,no,108 alternates,yes,index
/nl/support.html,nl,support,200,index,https://www.glpzy.app/nl/support.html,Ondersteuning | GLPzy,"Bekijk de ondersteuningsreikwijdte, privacycontacten en niet-dringende begeleiding.",Ondersteuning,457,100,yes,no,no,1,no,108 alternates,yes,index
/nl/terms.html,nl,support,200,index,https://www.glpzy.app/nl/terms.html,Gebruiksvoorwaarden | GLPzy,"Prijzen, factureringsperiode en eventuele details van de introductieaanbieding worden vóór aankoop weergegeven in uw App Store-account. Beheer of annuleer in de App Store instellingen.",Gebruiksvoorwaarden,512,77,yes,no,no,1,no,108 alternates,yes,index
/nl/tirzepatide-tracker-iphone.html,nl,medicine,200,index,https://www.glpzy.app/nl/tirzepatide-tracker-iphone.html,Tirzepatide — Snel loggen zonder rommel | GLPzy,"Tirzepatide: Volg deze routine met dosishistorie, gewicht, symptomen, eetlust, foto’s, herinneringen en exports in één privé-app.",Tirzepatide,495,59,yes,no,no,1,no,108 alternates,yes,index
/nl/trulicity-tracker-iphone.html,nl,commercial,200,index,https://www.glpzy.app/nl/trulicity-tracker-iphone.html,Trulicity — Snel loggen zonder rommel | GLPzy,"Trulicity: Volg deze routine met dosishistorie, gewicht, symptomen, eetlust, foto’s, herinneringen en exports in één privé-app.",Trulicity,476,55,yes,no,no,1,no,105 alternates,yes,index
/nl/victoza-tracker-iphone.html,nl,commercial,200,index,https://www.glpzy.app/nl/victoza-tracker-iphone.html,Victoza — Snel loggen zonder rommel | GLPzy,"Victoza: Volg deze routine met dosishistorie, gewicht, symptomen, eetlust, foto’s, herinneringen en exports in één privé-app.",Victoza,476,56,yes,no,no,1,no,105 alternates,yes,index
/nl/wegovy-tracker-iphone.html,nl,medicine,200,index,https://www.glpzy.app/nl/wegovy-tracker-iphone.html,Wegovy — Snel loggen zonder rommel | GLPzy,"Wegovy: Volg deze routine met dosishistorie, gewicht, symptomen, eetlust, foto’s, herinneringen en exports in één privé-app.",Wegovy,488,58,yes,no,no,1,no,108 alternates,yes,index
/nl/zepbound-tracker-iphone.html,nl,medicine,200,index,https://www.glpzy.app/nl/zepbound-tracker-iphone.html,Zepbound — Snel loggen zonder rommel | GLPzy,"Zepbound: Volg deze routine met dosishistorie, gewicht, symptomen, eetlust, foto’s, herinneringen en exports in één privé-app.",Zepbound,503,57,yes,no,no,1,no,108 alternates,yes,index
/or/apple-health-glp-tracker.html,or,commercial,200,index,https://www.glpzy.app/or/apple-health-glp-tracker.html,Apple Health ରୁ କେବଳ ପଠନ ପ୍ରସଙ୍ଗ | | GLPzy,"Apple Health ପ୍ରବେଶ ବ al କଳ୍ପିକ ଏବଂ ଆପଣ ପ୍ରଦାନ କରୁଥିବା ଅନୁମତି ମଧ୍ୟରେ ସୀମିତ | GLPzy ଶରୀରର ଓଜନ ଇତିହାସ ଏବଂ ଉଚ୍ଚତା ଆମଦାନୀ କରେ, ତା’ପରେ ଶରୀରର ରଚନା, ନିଦ, ଗତିବିଧି, ବ୍ୟାୟାମ, କ୍ୟାଲୋରୀ, ପ୍ରୋଟିନ୍, ଏବଂ କେବଳ ପଠନ ମୋଡ୍ ରେ ଜଳ ସାରାଂଶ ପ read େ | କିଛି ଲେଖା ନାହିଁ |",Apple Health ରୁ କେବଳ ପଠନ ପ୍ରସଙ୍ଗ |,780,54,yes,no,no,1,no,108 alternates,yes,index
/or/compounded-glp-tracker-iphone.html,or,commercial,200,index,https://www.glpzy.app/or/compounded-glp-tracker-iphone.html,ମିଶ୍ରିତ — କ୍ଲଟର୍ ବିନା ଶୀଘ୍ର ଲଗିଂ | | GLPzy,"ମିଶ୍ରିତ: ଗୋଟିଏ ବ୍ୟକ୍ତିଗତ ଆପ୍‌ରେ ଡୋଜ୍ ଇତିହାସ, ଓଜନ, ଲକ୍ଷଣ, ଭୋକ, ଫଟୋ, ସ୍ମରଣିକା ଏବଂ ରପ୍ତାନି ସହିତ ଏହି ରୁଟିନ୍‌କୁ ଟ୍ରାକ୍ କରନ୍ତୁ।",ମିଶ୍ରିତ,802,56,yes,no,no,1,no,105 alternates,yes,index
/or/custom-medication-tracker-iphone.html,or,commercial,200,index,https://www.glpzy.app/or/custom-medication-tracker-iphone.html,କଷ୍ଟମ୍ | — କ୍ଲଟର୍ ବିନା ଶୀଘ୍ର ଲଗିଂ | | GLPzy,"କଷ୍ଟମ୍ |: ଗୋଟିଏ ବ୍ୟକ୍ତିଗତ ଆପ୍‌ରେ ଡୋଜ୍ ଇତିହାସ, ଓଜନ, ଲକ୍ଷଣ, ଭୋକ, ଫଟୋ, ସ୍ମରଣିକା ଏବଂ ରପ୍ତାନି ସହିତ ଏହି ରୁଟିନ୍‌କୁ ଟ୍ରାକ୍ କରନ୍ତୁ।",କଷ୍ଟମ୍ |,815,58,yes,no,no,1,no,105 alternates,yes,index
/or/data-rights.html,or,privacy,200,index,https://www.glpzy.app/or/data-rights.html,ରପ୍ତାନି ଇତିହାସ | | GLPzy,"GLPzy ପ୍ରଥମେ ଏକ ସ୍ଥାନୀୟ ସୁରକ୍ଷା ବ୍ୟାକଅପ୍ ସୃଷ୍ଟି କରିବ, ତାପରେ ଏହି ଉପକରଣରେ ସ୍ଥାନୀୟ ରେକର୍ଡଗୁଡ଼ିକୁ ବଦଳାଇବ |",ରପ୍ତାନି ଇତିହାସ |,665,77,yes,no,no,1,no,108 alternates,yes,index
/or/foundayo-tracker-iphone.html,or,commercial,200,index,https://www.glpzy.app/or/foundayo-tracker-iphone.html,Foundayo — କ୍ଲଟର୍ ବିନା ଶୀଘ୍ର ଲଗିଂ | | GLPzy,"Foundayo: ଗୋଟିଏ ବ୍ୟକ୍ତିଗତ ଆପ୍‌ରେ ଡୋଜ୍ ଇତିହାସ, ଓଜନ, ଲକ୍ଷଣ, ଭୋକ, ଫଟୋ, ସ୍ମରଣିକା ଏବଂ ରପ୍ତାନି ସହିତ ଏହି ରୁଟିନ୍‌କୁ ଟ୍ରାକ୍ କରନ୍ତୁ।",Foundayo,765,55,yes,no,no,1,no,105 alternates,yes,index
/or/glp1-weight-dose-symptom-tracker.html,or,commercial,200,index,https://www.glpzy.app/or/glp1-weight-dose-symptom-tracker.html,"ଆପଣଙ୍କ GLP-1 ରୁଟିନ୍‌, ଅବ୍ୟବସ୍ଥା ବିନା ସଜାଗୋଛା। | GLPzy","ବ୍ୟକ୍ତିଗତ ସମୀକ୍ଷା ପାଇଁ ଗୋଟିଏ ବ୍ୟକ୍ତିଗତ ଆପ୍‌ରେ ଡୋଜ୍‌, ଓଜନ, ଲକ୍ଷଣ, ଭୋକ, ଫଟୋ, ସ୍ମରଣିକା ଏବଂ Apple Health ପରିପ୍ରେକ୍ଷ୍ୟ ଲଗ୍ କରନ୍ତୁ।","ଆପଣଙ୍କ GLP-1 ରୁଟିନ୍‌, ଅବ୍ୟବସ୍ଥା ବିନା ସଜାଗୋଛା।",954,54,yes,no,no,1,no,108 alternates,yes,index
/or/,or,home,200,index,https://www.glpzy.app/or/index.html,"ଆପଣଙ୍କ GLP-1 ରୁଟିନ୍‌, ଅବ୍ୟବସ୍ଥା ବିନା ସଜାଗୋଛା। | GLPzy","ବ୍ୟକ୍ତିଗତ ସମୀକ୍ଷା ପାଇଁ ଗୋଟିଏ ବ୍ୟକ୍ତିଗତ ଆପ୍‌ରେ ଡୋଜ୍‌, ଓଜନ, ଲକ୍ଷଣ, ଭୋକ, ଫଟୋ, ସ୍ମରଣିକା ଏବଂ Apple Health ପରିପ୍ରେକ୍ଷ୍ୟ ଲଗ୍ କରନ୍ତୁ।","ଆପଣଙ୍କ GLP-1 ରୁଟିନ୍‌, ଅବ୍ୟବସ୍ଥା ବିନା ସଜାଗୋଛା।",1475,137,yes,no,no,1,yes,108 alternates,yes,index
/or/local-first-private-glp-tracker.html,or,privacy,200,index,https://www.glpzy.app/or/local-first-private-glp-tracker.html,ଡିଫଲ୍ଟରୁ ବ୍ୟକ୍ତିଗତ। ଆପଣ ବାଛିଲେ ରପ୍ତାନିଯୋଗ୍ୟ। | GLPzy,"ଡୋଜ, ଓଜନ, ଲକ୍ଷଣ, ସ୍ମାରକପତ୍ର କିମ୍ବା ଅର୍ଡରକୁ ଟ୍ରାକ୍ କରିବା ପାଇଁ କୌଣସି ଖାତା ଦରକାର ନାହିଁ।",ଡିଫଲ୍ଟରୁ ବ୍ୟକ୍ତିଗତ। ଆପଣ ବାଛିଲେ ରପ୍ତାନିଯୋଗ୍ୟ।,774,54,yes,no,no,1,no,108 alternates,yes,index
/or/medical-safety.html,or,trust,200,index,https://www.glpzy.app/or/medical-safety.html,ଚିକିତ୍ସା ସୁରକ୍ଷା | GLPzy,"GLPzy ଯାହା ଘଟିଲା ତାହାର ଏକ ସ୍ପଷ୍ଟ ରେକର୍ଡ ରଖିବାରେ ସାହାଯ୍ୟ କରେ | ଏହା ତୁମର ଡୋଜ ନିର୍ଣ୍ଣୟ, ପ୍ରେସକ୍ରିପସନ୍ କିମ୍ବା ବାଛି ନାହିଁ |",ଚିକିତ୍ସା ସୁରକ୍ଷା,1351,78,yes,no,no,1,no,105 alternates,yes,index
/or/methodology.html,or,trust,200,index,https://www.glpzy.app/or/methodology.html,ପଦ୍ଧତି | GLPzy,ଆନୁମାନିକ ଏକ୍ସପୋଜର ଟ୍ରେଣ୍ଡ କେବଳ ବ୍ୟକ୍ତିଗତ ଟ୍ରାକିଂ ପାଇଁ ଲଗ୍ ହୋଇଥିବା ଡୋଜ୍ ଟାଇମିଂ ଏବଂ ଏକ ସରଳୀକୃତ ଅବଶୋଷଣ-ଏବଂ-ବିଲୋପ ମଡେଲ ବ୍ୟବହାର କରେ |,ପଦ୍ଧତି,1373,77,yes,no,no,1,no,108 alternates,yes,index
/or/mounjaro-tracker-iphone.html,or,medicine,200,index,https://www.glpzy.app/or/mounjaro-tracker-iphone.html,Mounjaro — କ୍ଲଟର୍ ବିନା ଶୀଘ୍ର ଲଗିଂ | | GLPzy,"Mounjaro: ଗୋଟିଏ ବ୍ୟକ୍ତିଗତ ଆପ୍‌ରେ ଡୋଜ୍ ଇତିହାସ, ଓଜନ, ଲକ୍ଷଣ, ଭୋକ, ଫଟୋ, ସ୍ମରଣିକା ଏବଂ ରପ୍ତାନି ସହିତ ଏହି ରୁଟିନ୍‌କୁ ଟ୍ରାକ୍ କରନ୍ତୁ।",Mounjaro,795,57,yes,no,no,1,no,108 alternates,yes,index
/or/overview.html,or,support,200,index,https://www.glpzy.app/or/overview.html,GLPzy — ଗୋପନୀୟତା ନୀତି · ଚିକିତ୍ସା ସୁରକ୍ଷା · ସମର୍ଥନ,"ସମର୍ଥନ ପରିସର, ଗୋପନୀୟତା ସମ୍ପର୍କ ଏବଂ ଜରୁରୀକାଳୀନ ନିର୍ଦ୍ଦେଶନାମା ସମୀକ୍ଷା କରନ୍ତୁ |",GLPzy,706,54,yes,no,no,1,no,108 alternates,yes,index
/or/ozempic-tracker-iphone.html,or,commercial,200,index,https://www.glpzy.app/or/ozempic-tracker-iphone.html,Ozempic — କ୍ଲଟର୍ ବିନା ଶୀଘ୍ର ଲଗିଂ | | GLPzy,"Ozempic: ଗୋଟିଏ ବ୍ୟକ୍ତିଗତ ଆପ୍‌ରେ ଡୋଜ୍ ଇତିହାସ, ଓଜନ, ଲକ୍ଷଣ, ଭୋକ, ଫଟୋ, ସ୍ମରଣିକା ଏବଂ ରପ୍ତାନି ସହିତ ଏହି ରୁଟିନ୍‌କୁ ଟ୍ରାକ୍ କରନ୍ତୁ।",Ozempic,783,58,yes,no,no,1,no,105 alternates,yes,index
/or/privacy.html,or,privacy,200,index,https://www.glpzy.app/or/privacy.html,ଡିଫଲ୍ଟରୁ ବ୍ୟକ୍ତିଗତ। ଆପଣ ବାଛିଲେ ରପ୍ତାନିଯୋଗ୍ୟ। | GLPzy,"ଡୋଜ, ଓଜନ, ଲକ୍ଷଣ, ସ୍ମାରକପତ୍ର କିମ୍ବା ଅର୍ଡରକୁ ଟ୍ରାକ୍ କରିବା ପାଇଁ କୌଣସି ଖାତା ଦରକାର ନାହିଁ।",ଡିଫଲ୍ଟରୁ ବ୍ୟକ୍ତିଗତ। ଆପଣ ବାଛିଲେ ରପ୍ତାନିଯୋଗ୍ୟ।,774,113,yes,no,no,1,no,108 alternates,yes,index
/or/rybelsus-tracker-iphone.html,or,commercial,200,index,https://www.glpzy.app/or/rybelsus-tracker-iphone.html,Rybelsus — କ୍ଲଟର୍ ବିନା ଶୀଘ୍ର ଲଗିଂ | | GLPzy,"Rybelsus: ଗୋଟିଏ ବ୍ୟକ୍ତିଗତ ଆପ୍‌ରେ ଡୋଜ୍ ଇତିହାସ, ଓଜନ, ଲକ୍ଷଣ, ଭୋକ, ଫଟୋ, ସ୍ମରଣିକା ଏବଂ ରପ୍ତାନି ସହିତ ଏହି ରୁଟିନ୍‌କୁ ଟ୍ରାକ୍ କରନ୍ତୁ।",Rybelsus,766,58,yes,no,no,1,no,105 alternates,yes,index
/or/saxenda-tracker-iphone.html,or,commercial,200,index,https://www.glpzy.app/or/saxenda-tracker-iphone.html,Saxenda — କ୍ଲଟର୍ ବିନା ଶୀଘ୍ର ଲଗିଂ | | GLPzy,"Saxenda: ଗୋଟିଏ ବ୍ୟକ୍ତିଗତ ଆପ୍‌ରେ ଡୋଜ୍ ଇତିହାସ, ଓଜନ, ଲକ୍ଷଣ, ଭୋକ, ଫଟୋ, ସ୍ମରଣିକା ଏବଂ ରପ୍ତାନି ସହିତ ଏହି ରୁଟିନ୍‌କୁ ଟ୍ରାକ୍ କରନ୍ତୁ।",Saxenda,768,56,yes,no,no,1,no,105 alternates,yes,index
/or/semaglutide-tracker-iphone.html,or,medicine,200,index,https://www.glpzy.app/or/semaglutide-tracker-iphone.html,Semaglutide — କ୍ଲଟର୍ ବିନା ଶୀଘ୍ର ଲଗିଂ | | GLPzy,"Semaglutide: ଗୋଟିଏ ବ୍ୟକ୍ତିଗତ ଆପ୍‌ରେ ଡୋଜ୍ ଇତିହାସ, ଓଜନ, ଲକ୍ଷଣ, ଭୋକ, ଫଟୋ, ସ୍ମରଣିକା ଏବଂ ରପ୍ତାନି ସହିତ ଏହି ରୁଟିନ୍‌କୁ ଟ୍ରାକ୍ କରନ୍ତୁ।",Semaglutide,792,60,yes,no,no,1,no,108 alternates,yes,index
/or/support.html,or,support,200,index,https://www.glpzy.app/or/support.html,ସମର୍ଥନ | GLPzy,"ସମର୍ଥନ ପରିସର, ଗୋପନୀୟତା ସମ୍ପର୍କ ଏବଂ ଜରୁରୀକାଳୀନ ନିର୍ଦ୍ଦେଶନାମା ସମୀକ୍ଷା କରନ୍ତୁ |",ସମର୍ଥନ,804,100,yes,no,no,1,no,108 alternates,yes,index
/or/terms.html,or,support,200,index,https://www.glpzy.app/or/terms.html,ବ୍ୟବହାର ସର୍ତ୍ତାବଳୀ | GLPzy,"ମୂଲ୍ୟ, ବିଲିଂ ଅବଧି, ଏବଂ ଯେକ any ଣସି ପ୍ରାରମ୍ଭିକ ଅଫର ବିବରଣୀ କ୍ରୟ ପୂର୍ବରୁ ଆପଣଙ୍କ App Store ଆକାଉଣ୍ଟରୁ ଦର୍ଶାଯାଇଛି | App Store ସେଟିଙ୍ଗରେ ପରିଚାଳନା କିମ୍ବା ବାତିଲ କରନ୍ତୁ |",ବ୍ୟବହାର ସର୍ତ୍ତାବଳୀ,911,77,yes,no,no,1,no,108 alternates,yes,index
/or/tirzepatide-tracker-iphone.html,or,medicine,200,index,https://www.glpzy.app/or/tirzepatide-tracker-iphone.html,Tirzepatide — କ୍ଲଟର୍ ବିନା ଶୀଘ୍ର ଲଗିଂ | | GLPzy,"Tirzepatide: ଗୋଟିଏ ବ୍ୟକ୍ତିଗତ ଆପ୍‌ରେ ଡୋଜ୍ ଇତିହାସ, ଓଜନ, ଲକ୍ଷଣ, ଭୋକ, ଫଟୋ, ସ୍ମରଣିକା ଏବଂ ରପ୍ତାନି ସହିତ ଏହି ରୁଟିନ୍‌କୁ ଟ୍ରାକ୍ କରନ୍ତୁ।",Tirzepatide,810,59,yes,no,no,1,no,108 alternates,yes,index
/or/trulicity-tracker-iphone.html,or,commercial,200,index,https://www.glpzy.app/or/trulicity-tracker-iphone.html,Trulicity — କ୍ଲଟର୍ ବିନା ଶୀଘ୍ର ଲଗିଂ | | GLPzy,"Trulicity: ଗୋଟିଏ ବ୍ୟକ୍ତିଗତ ଆପ୍‌ରେ ଡୋଜ୍ ଇତିହାସ, ଓଜନ, ଲକ୍ଷଣ, ଭୋକ, ଫଟୋ, ସ୍ମରଣିକା ଏବଂ ରପ୍ତାନି ସହିତ ଏହି ରୁଟିନ୍‌କୁ ଟ୍ରାକ୍ କରନ୍ତୁ।",Trulicity,768,55,yes,no,no,1,no,105 alternates,yes,index
/or/victoza-tracker-iphone.html,or,commercial,200,index,https://www.glpzy.app/or/victoza-tracker-iphone.html,Victoza — କ୍ଲଟର୍ ବିନା ଶୀଘ୍ର ଲଗିଂ | | GLPzy,"Victoza: ଗୋଟିଏ ବ୍ୟକ୍ତିଗତ ଆପ୍‌ରେ ଡୋଜ୍ ଇତିହାସ, ଓଜନ, ଲକ୍ଷଣ, ଭୋକ, ଫଟୋ, ସ୍ମରଣିକା ଏବଂ ରପ୍ତାନି ସହିତ ଏହି ରୁଟିନ୍‌କୁ ଟ୍ରାକ୍ କରନ୍ତୁ।",Victoza,768,56,yes,no,no,1,no,105 alternates,yes,index
/or/wegovy-tracker-iphone.html,or,medicine,200,index,https://www.glpzy.app/or/wegovy-tracker-iphone.html,Wegovy — କ୍ଲଟର୍ ବିନା ଶୀଘ୍ର ଲଗିଂ | | GLPzy,"Wegovy: ଗୋଟିଏ ବ୍ୟକ୍ତିଗତ ଆପ୍‌ରେ ଡୋଜ୍ ଇତିହାସ, ଓଜନ, ଲକ୍ଷଣ, ଭୋକ, ଫଟୋ, ସ୍ମରଣିକା ଏବଂ ରପ୍ତାନି ସହିତ ଏହି ରୁଟିନ୍‌କୁ ଟ୍ରାକ୍ କରନ୍ତୁ।",Wegovy,792,58,yes,no,no,1,no,108 alternates,yes,index
/or/zepbound-tracker-iphone.html,or,medicine,200,index,https://www.glpzy.app/or/zepbound-tracker-iphone.html,Zepbound — କ୍ଲଟର୍ ବିନା ଶୀଘ୍ର ଲଗିଂ | | GLPzy,"Zepbound: ଗୋଟିଏ ବ୍ୟକ୍ତିଗତ ଆପ୍‌ରେ ଡୋଜ୍ ଇତିହାସ, ଓଜନ, ଲକ୍ଷଣ, ଭୋକ, ଫଟୋ, ସ୍ମରଣିକା ଏବଂ ରପ୍ତାନି ସହିତ ଏହି ରୁଟିନ୍‌କୁ ଟ୍ରାକ୍ କରନ୍ତୁ।",Zepbound,826,57,yes,no,no,1,no,108 alternates,yes,index
/pa/apple-health-glp-tracker.html,pa,commercial,200,index,https://www.glpzy.app/pa/apple-health-glp-tracker.html,Apple Health ਤੋਂ ਸਿਰਫ਼ ਪੜ੍ਹਨ ਲਈ ਸੰਦਰਭ | GLPzy,"Apple Health ਪਹੁੰਚ ਵਿਕਲਪਿਕ ਹੈ ਅਤੇ ਤੁਹਾਡੇ ਦੁਆਰਾ ਪ੍ਰਦਾਨ ਕੀਤੀਆਂ ਇਜਾਜ਼ਤਾਂ ਤੱਕ ਸੀਮਿਤ ਹੈ। GLPzy ਸਰੀਰ ਦੇ ਭਾਰ ਦੇ ਇਤਿਹਾਸ ਅਤੇ ਉਚਾਈ ਨੂੰ ਆਯਾਤ ਕਰਦਾ ਹੈ, ਫਿਰ ਸਰੀਰ ਦੀ ਰਚਨਾ, ਨੀਂਦ, ਅੰਦੋਲਨ, ਕਸਰਤ, ਕੈਲੋਰੀਆਂ, ਪ੍ਰੋਟੀਨ, ਅਤੇ ਪਾਣੀ ਦੇ ਸੰਖੇਪਾਂ ਨੂੰ ਸਿਰਫ਼-ਪੜ੍ਹਨ ਵਾਲੇ ਮੋਡ ਵਿੱਚ ਪੜ੍ਹਦਾ ਹੈ। ਕੁਝ ਵੀ ਪਿੱਛੇ ਨਹੀਂ ਲਿਖਿਆ ਜਾਂਦਾ।",Apple Health ਤੋਂ ਸਿਰਫ਼ ਪੜ੍ਹਨ ਲਈ ਸੰਦਰਭ,755,54,yes,no,no,1,no,108 alternates,yes,index
/pa/compounded-glp-tracker-iphone.html,pa,commercial,200,index,https://www.glpzy.app/pa/compounded-glp-tracker-iphone.html,ਮਿਸ਼ਰਤ — ਬਿਨਾਂ ਕਿਸੇ ਗੜਬੜ ਦੇ ਤੇਜ਼ ਲੌਗਿੰਗ। | GLPzy,"ਮਿਸ਼ਰਤ: ਇੱਕ ਨਿੱਜੀ ਐਪ ਵਿੱਚ ਡੋਜ਼ ਇਤਿਹਾਸ, ਵਜ਼ਨ, ਲੱਛਣ, ਭੁੱਖ, ਫੋਟੋਆਂ, ਯਾਦ ਦਿਹਾਣੀਆਂ ਅਤੇ ਨਿਰਯਾਤਾਂ ਨਾਲ ਇਸ ਰੁਟੀਨ ਨੂੰ ਟ੍ਰੈਕ ਕਰੋ।",ਮਿਸ਼ਰਤ,761,56,yes,no,no,1,no,105 alternates,yes,index
/pa/custom-medication-tracker-iphone.html,pa,commercial,200,index,https://www.glpzy.app/pa/custom-medication-tracker-iphone.html,ਕਸਟਮ — ਬਿਨਾਂ ਕਿਸੇ ਗੜਬੜ ਦੇ ਤੇਜ਼ ਲੌਗਿੰਗ। | GLPzy,"ਕਸਟਮ: ਇੱਕ ਨਿੱਜੀ ਐਪ ਵਿੱਚ ਡੋਜ਼ ਇਤਿਹਾਸ, ਵਜ਼ਨ, ਲੱਛਣ, ਭੁੱਖ, ਫੋਟੋਆਂ, ਯਾਦ ਦਿਹਾਣੀਆਂ ਅਤੇ ਨਿਰਯਾਤਾਂ ਨਾਲ ਇਸ ਰੁਟੀਨ ਨੂੰ ਟ੍ਰੈਕ ਕਰੋ।",ਕਸਟਮ,766,58,yes,no,no,1,no,105 alternates,yes,index
/pa/data-rights.html,pa,privacy,200,index,https://www.glpzy.app/pa/data-rights.html,ਨਿਰਯਾਤ ਇਤਿਹਾਸ | GLPzy,"GLPzy ਪਹਿਲਾਂ ਇੱਕ ਸਥਾਨਕ ਸੁਰੱਖਿਆ ਬੈਕਅੱਪ ਬਣਾਏਗਾ, ਫਿਰ ਇਸ ਡੀਵਾਈਸ 'ਤੇ ਸਥਾਨਕ ਰਿਕਾਰਡਾਂ ਨੂੰ ਬਦਲੇਗਾ।",ਨਿਰਯਾਤ ਇਤਿਹਾਸ,640,77,yes,no,no,1,no,108 alternates,yes,index
/pa/foundayo-tracker-iphone.html,pa,commercial,200,index,https://www.glpzy.app/pa/foundayo-tracker-iphone.html,Foundayo — ਬਿਨਾਂ ਕਿਸੇ ਗੜਬੜ ਦੇ ਤੇਜ਼ ਲੌਗਿੰਗ। | GLPzy,"Foundayo: ਇੱਕ ਨਿੱਜੀ ਐਪ ਵਿੱਚ ਡੋਜ਼ ਇਤਿਹਾਸ, ਵਜ਼ਨ, ਲੱਛਣ, ਭੁੱਖ, ਫੋਟੋਆਂ, ਯਾਦ ਦਿਹਾਣੀਆਂ ਅਤੇ ਨਿਰਯਾਤਾਂ ਨਾਲ ਇਸ ਰੁਟੀਨ ਨੂੰ ਟ੍ਰੈਕ ਕਰੋ।",Foundayo,738,55,yes,no,no,1,no,105 alternates,yes,index
/pa/glp1-weight-dose-symptom-tracker.html,pa,commercial,200,index,https://www.glpzy.app/pa/glp1-weight-dose-symptom-tracker.html,"ਤੁਹਾਡੀ GLP-1 ਰੁਟੀਨ, ਬਿਨਾਂ ਭੀੜਭਾੜ ਦੇ ਸਜਾਈ ਹੋਈ। | GLPzy","ਨਿੱਜੀ ਸਮੀਖਿਆ ਲਈ ਇੱਕ ਨਿੱਜੀ ਐਪ ਵਿੱਚ ਡੋਜ਼, ਵਜ਼ਨ, ਲੱਛਣ, ਭੁੱਖ, ਫੋਟੋਆਂ, ਯਾਦ ਦਿਹਾਣੀਆਂ ਅਤੇ Apple Health ਸੰਦਰਭ ਦਰਜ ਕਰੋ।","ਤੁਹਾਡੀ GLP-1 ਰੁਟੀਨ, ਬਿਨਾਂ ਭੀੜਭਾੜ ਦੇ ਸਜਾਈ ਹੋਈ।",913,54,yes,no,no,1,no,108 alternates,yes,index
/pa/,pa,home,200,index,https://www.glpzy.app/pa/index.html,"ਤੁਹਾਡੀ GLP-1 ਰੁਟੀਨ, ਬਿਨਾਂ ਭੀੜਭਾੜ ਦੇ ਸਜਾਈ ਹੋਈ। | GLPzy","ਨਿੱਜੀ ਸਮੀਖਿਆ ਲਈ ਇੱਕ ਨਿੱਜੀ ਐਪ ਵਿੱਚ ਡੋਜ਼, ਵਜ਼ਨ, ਲੱਛਣ, ਭੁੱਖ, ਫੋਟੋਆਂ, ਯਾਦ ਦਿਹਾਣੀਆਂ ਅਤੇ Apple Health ਸੰਦਰਭ ਦਰਜ ਕਰੋ।","ਤੁਹਾਡੀ GLP-1 ਰੁਟੀਨ, ਬਿਨਾਂ ਭੀੜਭਾੜ ਦੇ ਸਜਾਈ ਹੋਈ।",1413,137,yes,no,no,1,yes,108 alternates,yes,index
/pa/local-first-private-glp-tracker.html,pa,privacy,200,index,https://www.glpzy.app/pa/local-first-private-glp-tracker.html,ਡਿਫਾਲਟ ਤੌਰ ਤੇ ਨਿੱਜੀ। ਜਦੋਂ ਤੁਸੀਂ ਚਾਹੋ ਨਿਰਯਾਤਯੋਗ। | GLPzy,"ਖੁਰਾਕਾਂ, ਭਾਰ, ਲੱਛਣਾਂ, ਰੀਮਾਈਂਡਰਾਂ ਜਾਂ ਆਦੇਸ਼ਾਂ ਨੂੰ ਟਰੈਕ ਕਰਨ ਲਈ ਕਿਸੇ ਖਾਤੇ ਦੀ ਲੋੜ ਨਹੀਂ ਹੈ।",ਡਿਫਾਲਟ ਤੌਰ ਤੇ ਨਿੱਜੀ। ਜਦੋਂ ਤੁਸੀਂ ਚਾਹੋ ਨਿਰਯਾਤਯੋਗ।,750,54,yes,no,no,1,no,108 alternates,yes,index
/pa/medical-safety.html,pa,trust,200,index,https://www.glpzy.app/pa/medical-safety.html,ਮੈਡੀਕਲ ਸੁਰੱਖਿਆ | GLPzy,"GLPzy ਜੋ ਵਾਪਰਿਆ ਉਸ ਦਾ ਸਪਸ਼ਟ ਰਿਕਾਰਡ ਰੱਖਣ ਵਿੱਚ ਤੁਹਾਡੀ ਮਦਦ ਕਰਦਾ ਹੈ। ਇਹ ਤੁਹਾਡੀ ਖੁਰਾਕ ਦਾ ਨਿਦਾਨ, ਨੁਸਖ਼ਾ ਜਾਂ ਚੋਣ ਨਹੀਂ ਕਰਦਾ।",ਮੈਡੀਕਲ ਸੁਰੱਖਿਆ,1261,78,yes,no,no,1,no,105 alternates,yes,index
/pa/methodology.html,pa,trust,200,index,https://www.glpzy.app/pa/methodology.html,ਵਿਧੀ | GLPzy,ਅਨੁਮਾਨਿਤ ਐਕਸਪੋਜ਼ਰ ਰੁਝਾਨ ਸਿਰਫ ਨਿੱਜੀ ਟਰੈਕਿੰਗ ਲਈ ਲੌਗਡ ਡੋਜ਼ ਟਾਈਮਿੰਗ ਅਤੇ ਇੱਕ ਸਰਲ ਸਮਾਈ-ਅਤੇ-ਖਤਮ ਮਾਡਲ ਦੀ ਵਰਤੋਂ ਕਰਦਾ ਹੈ।,ਵਿਧੀ,1307,77,yes,no,no,1,no,108 alternates,yes,index
/pa/mounjaro-tracker-iphone.html,pa,medicine,200,index,https://www.glpzy.app/pa/mounjaro-tracker-iphone.html,Mounjaro — ਬਿਨਾਂ ਕਿਸੇ ਗੜਬੜ ਦੇ ਤੇਜ਼ ਲੌਗਿੰਗ। | GLPzy,"Mounjaro: ਇੱਕ ਨਿੱਜੀ ਐਪ ਵਿੱਚ ਡੋਜ਼ ਇਤਿਹਾਸ, ਵਜ਼ਨ, ਲੱਛਣ, ਭੁੱਖ, ਫੋਟੋਆਂ, ਯਾਦ ਦਿਹਾਣੀਆਂ ਅਤੇ ਨਿਰਯਾਤਾਂ ਨਾਲ ਇਸ ਰੁਟੀਨ ਨੂੰ ਟ੍ਰੈਕ ਕਰੋ।",Mounjaro,763,57,yes,no,no,1,no,108 alternates,yes,index
/pa/overview.html,pa,support,200,index,https://www.glpzy.app/pa/overview.html,GLPzy — ਗੋਪਨੀਯਤਾ ਨੀਤੀ · ਮੈਡੀਕਲ ਸੁਰੱਖਿਆ · ਸਪੋਰਟ,"ਸਹਾਇਤਾ ਦਾਇਰੇ, ਗੋਪਨੀਯਤਾ ਸੰਪਰਕਾਂ, ਅਤੇ ਗੈਰ-ਐਮਰਜੈਂਸੀ ਮਾਰਗਦਰਸ਼ਨ ਦੀ ਸਮੀਖਿਆ ਕਰੋ।",GLPzy,672,54,yes,no,no,1,no,108 alternates,yes,index
/pa/ozempic-tracker-iphone.html,pa,commercial,200,index,https://www.glpzy.app/pa/ozempic-tracker-iphone.html,Ozempic — ਬਿਨਾਂ ਕਿਸੇ ਗੜਬੜ ਦੇ ਤੇਜ਼ ਲੌਗਿੰਗ। | GLPzy,"Ozempic: ਇੱਕ ਨਿੱਜੀ ਐਪ ਵਿੱਚ ਡੋਜ਼ ਇਤਿਹਾਸ, ਵਜ਼ਨ, ਲੱਛਣ, ਭੁੱਖ, ਫੋਟੋਆਂ, ਯਾਦ ਦਿਹਾਣੀਆਂ ਅਤੇ ਨਿਰਯਾਤਾਂ ਨਾਲ ਇਸ ਰੁਟੀਨ ਨੂੰ ਟ੍ਰੈਕ ਕਰੋ।",Ozempic,752,58,yes,no,no,1,no,105 alternates,yes,index
/pa/privacy.html,pa,privacy,200,index,https://www.glpzy.app/pa/privacy.html,ਡਿਫਾਲਟ ਤੌਰ ਤੇ ਨਿੱਜੀ। ਜਦੋਂ ਤੁਸੀਂ ਚਾਹੋ ਨਿਰਯਾਤਯੋਗ। | GLPzy,"ਖੁਰਾਕਾਂ, ਭਾਰ, ਲੱਛਣਾਂ, ਰੀਮਾਈਂਡਰਾਂ ਜਾਂ ਆਦੇਸ਼ਾਂ ਨੂੰ ਟਰੈਕ ਕਰਨ ਲਈ ਕਿਸੇ ਖਾਤੇ ਦੀ ਲੋੜ ਨਹੀਂ ਹੈ।",ਡਿਫਾਲਟ ਤੌਰ ਤੇ ਨਿੱਜੀ। ਜਦੋਂ ਤੁਸੀਂ ਚਾਹੋ ਨਿਰਯਾਤਯੋਗ।,750,113,yes,no,no,1,no,108 alternates,yes,index
/pa/rybelsus-tracker-iphone.html,pa,commercial,200,index,https://www.glpzy.app/pa/rybelsus-tracker-iphone.html,Rybelsus — ਬਿਨਾਂ ਕਿਸੇ ਗੜਬੜ ਦੇ ਤੇਜ਼ ਲੌਗਿੰਗ। | GLPzy,"Rybelsus: ਇੱਕ ਨਿੱਜੀ ਐਪ ਵਿੱਚ ਡੋਜ਼ ਇਤਿਹਾਸ, ਵਜ਼ਨ, ਲੱਛਣ, ਭੁੱਖ, ਫੋਟੋਆਂ, ਯਾਦ ਦਿਹਾਣੀਆਂ ਅਤੇ ਨਿਰਯਾਤਾਂ ਨਾਲ ਇਸ ਰੁਟੀਨ ਨੂੰ ਟ੍ਰੈਕ ਕਰੋ।",Rybelsus,740,58,yes,no,no,1,no,105 alternates,yes,index
/pa/saxenda-tracker-iphone.html,pa,commercial,200,index,https://www.glpzy.app/pa/saxenda-tracker-iphone.html,Saxenda — ਬਿਨਾਂ ਕਿਸੇ ਗੜਬੜ ਦੇ ਤੇਜ਼ ਲੌਗਿੰਗ। | GLPzy,"Saxenda: ਇੱਕ ਨਿੱਜੀ ਐਪ ਵਿੱਚ ਡੋਜ਼ ਇਤਿਹਾਸ, ਵਜ਼ਨ, ਲੱਛਣ, ਭੁੱਖ, ਫੋਟੋਆਂ, ਯਾਦ ਦਿਹਾਣੀਆਂ ਅਤੇ ਨਿਰਯਾਤਾਂ ਨਾਲ ਇਸ ਰੁਟੀਨ ਨੂੰ ਟ੍ਰੈਕ ਕਰੋ।",Saxenda,740,56,yes,no,no,1,no,105 alternates,yes,index
/pa/semaglutide-tracker-iphone.html,pa,medicine,200,index,https://www.glpzy.app/pa/semaglutide-tracker-iphone.html,Semaglutide — ਬਿਨਾਂ ਕਿਸੇ ਗੜਬੜ ਦੇ ਤੇਜ਼ ਲੌਗਿੰਗ। | GLPzy,"Semaglutide: ਇੱਕ ਨਿੱਜੀ ਐਪ ਵਿੱਚ ਡੋਜ਼ ਇਤਿਹਾਸ, ਵਜ਼ਨ, ਲੱਛਣ, ਭੁੱਖ, ਫੋਟੋਆਂ, ਯਾਦ ਦਿਹਾਣੀਆਂ ਅਤੇ ਨਿਰਯਾਤਾਂ ਨਾਲ ਇਸ ਰੁਟੀਨ ਨੂੰ ਟ੍ਰੈਕ ਕਰੋ।",Semaglutide,760,60,yes,no,no,1,no,108 alternates,yes,index
/pa/support.html,pa,support,200,index,https://www.glpzy.app/pa/support.html,ਸਪੋਰਟ | GLPzy,"ਸਹਾਇਤਾ ਦਾਇਰੇ, ਗੋਪਨੀਯਤਾ ਸੰਪਰਕਾਂ, ਅਤੇ ਗੈਰ-ਐਮਰਜੈਂਸੀ ਮਾਰਗਦਰਸ਼ਨ ਦੀ ਸਮੀਖਿਆ ਕਰੋ।",ਸਪੋਰਟ,750,100,yes,no,no,1,no,108 alternates,yes,index
/pa/terms.html,pa,support,200,index,https://www.glpzy.app/pa/terms.html,ਵਰਤੋਂ ਦੀਆਂ ਸ਼ਰਤਾਂ | GLPzy,"ਕੀਮਤ, ਬਿਲਿੰਗ ਮਿਆਦ, ਅਤੇ ਕੋਈ ਵੀ ਸ਼ੁਰੂਆਤੀ ਪੇਸ਼ਕਸ਼ ਵੇਰਵੇ ਖਰੀਦ ਤੋਂ ਪਹਿਲਾਂ ਤੁਹਾਡੇ App Store ਖਾਤੇ ਤੋਂ ਦਿਖਾਏ ਜਾਂਦੇ ਹਨ। App Store ਸੈਟਿੰਗਾਂ ਵਿੱਚ ਪ੍ਰਬੰਧਿਤ ਜਾਂ ਰੱਦ ਕਰੋ।",ਵਰਤੋਂ ਦੀਆਂ ਸ਼ਰਤਾਂ,878,77,yes,no,no,1,no,108 alternates,yes,index
/pa/tirzepatide-tracker-iphone.html,pa,medicine,200,index,https://www.glpzy.app/pa/tirzepatide-tracker-iphone.html,Tirzepatide — ਬਿਨਾਂ ਕਿਸੇ ਗੜਬੜ ਦੇ ਤੇਜ਼ ਲੌਗਿੰਗ। | GLPzy,"Tirzepatide: ਇੱਕ ਨਿੱਜੀ ਐਪ ਵਿੱਚ ਡੋਜ਼ ਇਤਿਹਾਸ, ਵਜ਼ਨ, ਲੱਛਣ, ਭੁੱਖ, ਫੋਟੋਆਂ, ਯਾਦ ਦਿਹਾਣੀਆਂ ਅਤੇ ਨਿਰਯਾਤਾਂ ਨਾਲ ਇਸ ਰੁਟੀਨ ਨੂੰ ਟ੍ਰੈਕ ਕਰੋ।",Tirzepatide,775,59,yes,no,no,1,no,108 alternates,yes,index
/pa/trulicity-tracker-iphone.html,pa,commercial,200,index,https://www.glpzy.app/pa/trulicity-tracker-iphone.html,Trulicity — ਬਿਨਾਂ ਕਿਸੇ ਗੜਬੜ ਦੇ ਤੇਜ਼ ਲੌਗਿੰਗ। | GLPzy,"Trulicity: ਇੱਕ ਨਿੱਜੀ ਐਪ ਵਿੱਚ ਡੋਜ਼ ਇਤਿਹਾਸ, ਵਜ਼ਨ, ਲੱਛਣ, ਭੁੱਖ, ਫੋਟੋਆਂ, ਯਾਦ ਦਿਹਾਣੀਆਂ ਅਤੇ ਨਿਰਯਾਤਾਂ ਨਾਲ ਇਸ ਰੁਟੀਨ ਨੂੰ ਟ੍ਰੈਕ ਕਰੋ।",Trulicity,740,55,yes,no,no,1,no,105 alternates,yes,index
/pa/victoza-tracker-iphone.html,pa,commercial,200,index,https://www.glpzy.app/pa/victoza-tracker-iphone.html,Victoza — ਬਿਨਾਂ ਕਿਸੇ ਗੜਬੜ ਦੇ ਤੇਜ਼ ਲੌਗਿੰਗ। | GLPzy,"Victoza: ਇੱਕ ਨਿੱਜੀ ਐਪ ਵਿੱਚ ਡੋਜ਼ ਇਤਿਹਾਸ, ਵਜ਼ਨ, ਲੱਛਣ, ਭੁੱਖ, ਫੋਟੋਆਂ, ਯਾਦ ਦਿਹਾਣੀਆਂ ਅਤੇ ਨਿਰਯਾਤਾਂ ਨਾਲ ਇਸ ਰੁਟੀਨ ਨੂੰ ਟ੍ਰੈਕ ਕਰੋ।",Victoza,740,56,yes,no,no,1,no,105 alternates,yes,index
/pa/wegovy-tracker-iphone.html,pa,medicine,200,index,https://www.glpzy.app/pa/wegovy-tracker-iphone.html,Wegovy — ਬਿਨਾਂ ਕਿਸੇ ਗੜਬੜ ਦੇ ਤੇਜ਼ ਲੌਗਿੰਗ। | GLPzy,"Wegovy: ਇੱਕ ਨਿੱਜੀ ਐਪ ਵਿੱਚ ਡੋਜ਼ ਇਤਿਹਾਸ, ਵਜ਼ਨ, ਲੱਛਣ, ਭੁੱਖ, ਫੋਟੋਆਂ, ਯਾਦ ਦਿਹਾਣੀਆਂ ਅਤੇ ਨਿਰਯਾਤਾਂ ਨਾਲ ਇਸ ਰੁਟੀਨ ਨੂੰ ਟ੍ਰੈਕ ਕਰੋ।",Wegovy,760,58,yes,no,no,1,no,108 alternates,yes,index
/pa/zepbound-tracker-iphone.html,pa,medicine,200,index,https://www.glpzy.app/pa/zepbound-tracker-iphone.html,Zepbound — ਬਿਨਾਂ ਕਿਸੇ ਗੜਬੜ ਦੇ ਤੇਜ਼ ਲੌਗਿੰਗ। | GLPzy,"Zepbound: ਇੱਕ ਨਿੱਜੀ ਐਪ ਵਿੱਚ ਡੋਜ਼ ਇਤਿਹਾਸ, ਵਜ਼ਨ, ਲੱਛਣ, ਭੁੱਖ, ਫੋਟੋਆਂ, ਯਾਦ ਦਿਹਾਣੀਆਂ ਅਤੇ ਨਿਰਯਾਤਾਂ ਨਾਲ ਇਸ ਰੁਟੀਨ ਨੂੰ ਟ੍ਰੈਕ ਕਰੋ।",Zepbound,786,57,yes,no,no,1,no,108 alternates,yes,index
/pl/apple-health-glp-tracker.html,pl,commercial,200,index,https://www.glpzy.app/pl/apple-health-glp-tracker.html,Kontekst tylko do odczytu z Apple Health | GLPzy,"Dostęp Apple Health jest opcjonalny i ograniczony do przyznanych przez Ciebie uprawnień. GLPzy importuje historię masy ciała i wzrostu, a następnie odczytuje skład ciała, sen, ruch, trening, kalorie, białko i podsumowania wody w trybie tylko do odczytu. Nic nie jest odpisane.",Kontekst tylko do odczytu z Apple Health,538,54,yes,no,no,1,no,108 alternates,yes,index
/pl/compounded-glp-tracker-iphone.html,pl,commercial,200,index,https://www.glpzy.app/pl/compounded-glp-tracker-iphone.html,Compounded​ — Szybkie rejestrowanie bez bałaganu | GLPzy,"Compounded​: Śledź tę rutynę z historią dawek, masą ciała, objawami, apetytem, zdjęciami, przypomnieniami i eksportami w jednej prywatnej aplikacji.",Compounded​,486,56,yes,no,no,1,no,105 alternates,yes,index
/pl/custom-medication-tracker-iphone.html,pl,commercial,200,index,https://www.glpzy.app/pl/custom-medication-tracker-iphone.html,Zwyczaj — Szybkie rejestrowanie bez bałaganu | GLPzy,"Zwyczaj: Śledź tę rutynę z historią dawek, masą ciała, objawami, apetytem, zdjęciami, przypomnieniami i eksportami w jednej prywatnej aplikacji.",Zwyczaj,494,58,yes,no,no,1,no,105 alternates,yes,index
/pl/data-rights.html,pl,privacy,200,index,https://www.glpzy.app/pl/data-rights.html,Eksportuj historię | GLPzy,"GLPzy najpierw utworzy lokalną kopię zapasową bezpieczeństwa, a następnie zastąpi lokalne rekordy na tym urządzeniu.",Eksportuj historię,413,77,yes,no,no,1,no,108 alternates,yes,index
/pl/foundayo-tracker-iphone.html,pl,commercial,200,index,https://www.glpzy.app/pl/foundayo-tracker-iphone.html,Foundayo — Szybkie rejestrowanie bez bałaganu | GLPzy,"Foundayo: Śledź tę rutynę z historią dawek, masą ciała, objawami, apetytem, zdjęciami, przypomnieniami i eksportami w jednej prywatnej aplikacji.",Foundayo,476,55,yes,no,no,1,no,105 alternates,yes,index
/pl/glp1-weight-dose-symptom-tracker.html,pl,commercial,200,index,https://www.glpzy.app/pl/glp1-weight-dose-symptom-tracker.html,"Twoja rutyna GLP-1, uporządkowana bez bałaganu | GLPzy","Zapisuj dawki, masę ciała, objawy, apetyt, zdjęcia, przypomnienia i kontekst Apple Health w jednej prywatnej aplikacji do osobistego przeglądu.","Twoja rutyna GLP-1, uporządkowana bez bałaganu.",567,54,yes,no,no,1,no,108 alternates,yes,index
/pl/,pl,home,200,index,https://www.glpzy.app/pl/index.html,"Twoja rutyna GLP-1, uporządkowana bez bałaganu | GLPzy","Zapisuj dawki, masę ciała, objawy, apetyt, zdjęcia, przypomnienia i kontekst Apple Health w jednej prywatnej aplikacji do osobistego przeglądu.","Twoja rutyna GLP-1, uporządkowana bez bałaganu.",813,137,yes,no,no,1,yes,108 alternates,yes,index
/pl/local-first-private-glp-tracker.html,pl,privacy,200,index,https://www.glpzy.app/pl/local-first-private-glp-tracker.html,"Domyślnie prywatnie. Eksportuj, kiedy wybierzesz | GLPzy","Aby śledzić dawki, wagę, objawy, przypomnienia lub zamówienia, nie jest wymagane żadne konto.","Domyślnie prywatnie. Eksportuj, kiedy wybierzesz.",488,54,yes,no,no,1,no,108 alternates,yes,index
/pl/medical-safety.html,pl,trust,200,index,https://www.glpzy.app/pl/medical-safety.html,Bezpieczeństwo medyczne | GLPzy,"GLPzy pomaga Ci zachować jaśniejszy zapis tego, co się wydarzyło. Nie diagnozuje, nie przepisuje ani nie wybiera dawki.",Bezpieczeństwo medyczne,712,78,yes,no,no,1,no,105 alternates,yes,index
/pl/methodology.html,pl,trust,200,index,https://www.glpzy.app/pl/methodology.html,Metodologia | GLPzy,Szacowany trend ekspozycji wykorzystuje zapisane czasy dawek wraz z uproszczonym modelem wchłaniania i eliminacji wyłącznie do osobistego śledzenia.,Metodologia,737,77,yes,no,no,1,no,108 alternates,yes,index
/pl/mounjaro-tracker-iphone.html,pl,medicine,200,index,https://www.glpzy.app/pl/mounjaro-tracker-iphone.html,Mounjaro — Szybkie rejestrowanie bez bałaganu | GLPzy,"Mounjaro: Śledź tę rutynę z historią dawek, masą ciała, objawami, apetytem, zdjęciami, przypomnieniami i eksportami w jednej prywatnej aplikacji.",Mounjaro,486,57,yes,no,no,1,no,108 alternates,yes,index
/pl/overview.html,pl,support,200,index,https://www.glpzy.app/pl/overview.html,GLPzy — Polityka prywatności · Bezpieczeństwo medyczne · Wsparcie,"Przejrzyj zakres wsparcia, kontakty dotyczące prywatności i wskazówki inne niż awaryjne.",GLPzy,429,54,yes,no,no,1,no,108 alternates,yes,index
/pl/ozempic-tracker-iphone.html,pl,commercial,200,index,https://www.glpzy.app/pl/ozempic-tracker-iphone.html,Ozempic — Szybkie rejestrowanie bez bałaganu | GLPzy,"Ozempic: Śledź tę rutynę z historią dawek, masą ciała, objawami, apetytem, zdjęciami, przypomnieniami i eksportami w jednej prywatnej aplikacji.",Ozempic,483,58,yes,no,no,1,no,105 alternates,yes,index
/pl/privacy.html,pl,privacy,200,index,https://www.glpzy.app/pl/privacy.html,"Domyślnie prywatnie. Eksportuj, kiedy wybierzesz | GLPzy","Aby śledzić dawki, wagę, objawy, przypomnienia lub zamówienia, nie jest wymagane żadne konto.","Domyślnie prywatnie. Eksportuj, kiedy wybierzesz.",488,113,yes,no,no,1,no,108 alternates,yes,index
/pl/rybelsus-tracker-iphone.html,pl,commercial,200,index,https://www.glpzy.app/pl/rybelsus-tracker-iphone.html,Rybelsus — Szybkie rejestrowanie bez bałaganu | GLPzy,"Rybelsus: Śledź tę rutynę z historią dawek, masą ciała, objawami, apetytem, zdjęciami, przypomnieniami i eksportami w jednej prywatnej aplikacji.",Rybelsus,478,58,yes,no,no,1,no,105 alternates,yes,index
/pl/saxenda-tracker-iphone.html,pl,commercial,200,index,https://www.glpzy.app/pl/saxenda-tracker-iphone.html,Saxenda — Szybkie rejestrowanie bez bałaganu | GLPzy,"Saxenda: Śledź tę rutynę z historią dawek, masą ciała, objawami, apetytem, zdjęciami, przypomnieniami i eksportami w jednej prywatnej aplikacji.",Saxenda,477,56,yes,no,no,1,no,105 alternates,yes,index
/pl/semaglutide-tracker-iphone.html,pl,medicine,200,index,https://www.glpzy.app/pl/semaglutide-tracker-iphone.html,Semaglutide — Szybkie rejestrowanie bez bałaganu | GLPzy,"Semaglutide: Śledź tę rutynę z historią dawek, masą ciała, objawami, apetytem, zdjęciami, przypomnieniami i eksportami w jednej prywatnej aplikacji.",Semaglutide,486,60,yes,no,no,1,no,108 alternates,yes,index
/pl/support.html,pl,support,200,index,https://www.glpzy.app/pl/support.html,Wsparcie | GLPzy,"Przejrzyj zakres wsparcia, kontakty dotyczące prywatności i wskazówki inne niż awaryjne.",Wsparcie,467,100,yes,no,no,1,no,108 alternates,yes,index
/pl/terms.html,pl,support,200,index,https://www.glpzy.app/pl/terms.html,Warunki użytkowania | GLPzy,"Ceny, okres rozliczeniowy i wszelkie szczegóły oferty wstępnej są wyświetlane na Twoim koncie App Store przed zakupem. Zarządzaj lub anuluj w ustawieniach App Store.",Warunki użytkowania,516,77,yes,no,no,1,no,108 alternates,yes,index
/pl/tirzepatide-tracker-iphone.html,pl,medicine,200,index,https://www.glpzy.app/pl/tirzepatide-tracker-iphone.html,Tirzepatide — Szybkie rejestrowanie bez bałaganu | GLPzy,"Tirzepatide: Śledź tę rutynę z historią dawek, masą ciała, objawami, apetytem, zdjęciami, przypomnieniami i eksportami w jednej prywatnej aplikacji.",Tirzepatide,490,59,yes,no,no,1,no,108 alternates,yes,index
/pl/trulicity-tracker-iphone.html,pl,commercial,200,index,https://www.glpzy.app/pl/trulicity-tracker-iphone.html,Trulicity — Szybkie rejestrowanie bez bałaganu | GLPzy,"Trulicity: Śledź tę rutynę z historią dawek, masą ciała, objawami, apetytem, zdjęciami, przypomnieniami i eksportami w jednej prywatnej aplikacji.",Trulicity,477,55,yes,no,no,1,no,105 alternates,yes,index
/pl/victoza-tracker-iphone.html,pl,commercial,200,index,https://www.glpzy.app/pl/victoza-tracker-iphone.html,Victoza — Szybkie rejestrowanie bez bałaganu | GLPzy,"Victoza: Śledź tę rutynę z historią dawek, masą ciała, objawami, apetytem, zdjęciami, przypomnieniami i eksportami w jednej prywatnej aplikacji.",Victoza,477,56,yes,no,no,1,no,105 alternates,yes,index
/pl/wegovy-tracker-iphone.html,pl,medicine,200,index,https://www.glpzy.app/pl/wegovy-tracker-iphone.html,Wegovy — Szybkie rejestrowanie bez bałaganu | GLPzy,"Wegovy: Śledź tę rutynę z historią dawek, masą ciała, objawami, apetytem, zdjęciami, przypomnieniami i eksportami w jednej prywatnej aplikacji.",Wegovy,486,58,yes,no,no,1,no,108 alternates,yes,index
/pl/zepbound-tracker-iphone.html,pl,medicine,200,index,https://www.glpzy.app/pl/zepbound-tracker-iphone.html,Zepbound — Szybkie rejestrowanie bez bałaganu | GLPzy,"Zepbound: Śledź tę rutynę z historią dawek, masą ciała, objawami, apetytem, zdjęciami, przypomnieniami i eksportami w jednej prywatnej aplikacji.",Zepbound,498,57,yes,no,no,1,no,108 alternates,yes,index
/pt-br/apple-health-glp-tracker.html,pt-br,commercial,200,index,https://www.glpzy.app/pt-br/apple-health-glp-tracker.html,Contexto somente leitura de Apple Health | GLPzy,"O acesso Apple Health é opcional e limitado às permissões que você concede. GLPzy importa histórico de peso corporal e altura e, em seguida, lê resumos de composição corporal, movimento, treino, calorias, proteínas e água no modo somente leitura. Nada é escrito de volta.",Contexto somente leitura de Apple Health,553,54,yes,no,no,1,no,108 alternates,yes,index
/pt-br/compounded-glp-tracker-iphone.html,pt-br,commercial,200,index,https://www.glpzy.app/pt-br/compounded-glp-tracker-iphone.html,Compounded​ — Registro rápido e sem confusão | GLPzy,"Compounded​: Acompanhe esta rotina com histórico de doses, peso, sintomas, apetite, fotos, lembretes e exportações em um app privado.",Compounded​,522,56,yes,no,no,1,no,105 alternates,yes,index
/pt-br/custom-medication-tracker-iphone.html,pt-br,commercial,200,index,https://www.glpzy.app/pt-br/custom-medication-tracker-iphone.html,Personalizado — Registro rápido e sem confusão | GLPzy,"Personalizado: Acompanhe esta rotina com histórico de doses, peso, sintomas, apetite, fotos, lembretes e exportações em um app privado.",Personalizado,532,58,yes,no,no,1,no,105 alternates,yes,index
/pt-br/data-rights.html,pt-br,privacy,200,index,https://www.glpzy.app/pt-br/data-rights.html,Histórico de exportação | GLPzy,"GLPzy criará primeiro um backup de segurança local e, em seguida, substituirá os registros locais neste dispositivo.",Histórico de exportação,440,77,yes,no,no,1,no,108 alternates,yes,index
/pt-br/foundayo-tracker-iphone.html,pt-br,commercial,200,index,https://www.glpzy.app/pt-br/foundayo-tracker-iphone.html,Foundayo — Registro rápido e sem confusão | GLPzy,"Foundayo: Acompanhe esta rotina com histórico de doses, peso, sintomas, apetite, fotos, lembretes e exportações em um app privado.",Foundayo,511,55,yes,no,no,1,no,105 alternates,yes,index
/pt-br/glp1-weight-dose-symptom-tracker.html,pt-br,commercial,200,index,https://www.glpzy.app/pt-br/glp1-weight-dose-symptom-tracker.html,"Sua rotina GLP-1, organizada sem confusão | GLPzy","Registre doses, peso, sintomas, apetite, fotos, lembretes e contexto do Apple Health em um app privado para revisão pessoal.","Sua rotina GLP-1, organizada sem confusão.",605,54,yes,no,no,1,no,108 alternates,yes,index
/pt-br/,pt-br,home,200,index,https://www.glpzy.app/pt-br/index.html,"Sua rotina GLP-1, organizada sem confusão | GLPzy","Registre doses, peso, sintomas, apetite, fotos, lembretes e contexto do Apple Health em um app privado para revisão pessoal.","Sua rotina GLP-1, organizada sem confusão.",895,137,yes,no,no,1,yes,108 alternates,yes,index
/pt-br/local-first-private-glp-tracker.html,pt-br,privacy,200,index,https://www.glpzy.app/pt-br/local-first-private-glp-tracker.html,Privado por padrão. Exportável quando você escolher | GLPzy,"Nenhuma conta é necessária para rastrear doses, peso, sintomas, lembretes ou lembretes.",Privado por padrão. Exportável quando você escolher.,512,54,yes,no,no,1,no,108 alternates,yes,index
/pt-br/medical-safety.html,pt-br,trust,200,index,https://www.glpzy.app/pt-br/medical-safety.html,Segurança médica | GLPzy,"GLPzy ajuda você a manter um registro mais claro do que aconteceu. Não diagnostica, prescreve ou escolhe sua dose.",Segurança médica,798,78,yes,no,no,1,no,105 alternates,yes,index
/pt-br/methodology.html,pt-br,trust,200,index,https://www.glpzy.app/pt-br/methodology.html,Metodologia | GLPzy,A tendência estimada de exposição usa o horário registrado das doses junto com um modelo simplificado de absorção e eliminação apenas para acompanhamento pessoal.,Metodologia,837,77,yes,no,no,1,no,108 alternates,yes,index
/pt-br/mounjaro-tracker-iphone.html,pt-br,medicine,200,index,https://www.glpzy.app/pt-br/mounjaro-tracker-iphone.html,Mounjaro — Registro rápido e sem confusão | GLPzy,"Mounjaro: Acompanhe esta rotina com histórico de doses, peso, sintomas, apetite, fotos, lembretes e exportações em um app privado.",Mounjaro,522,57,yes,no,no,1,no,108 alternates,yes,index
/pt-br/overview.html,pt-br,support,200,index,https://www.glpzy.app/pt-br/overview.html,GLPzy — Política de Privacidade · Segurança médica · Apoiar,"Revise o escopo do suporte, os contatos de privacidade e as orientações não emergenciais.",GLPzy,464,54,yes,no,no,1,no,108 alternates,yes,index
/pt-br/ozempic-tracker-iphone.html,pt-br,commercial,200,index,https://www.glpzy.app/pt-br/ozempic-tracker-iphone.html,Ozempic — Registro rápido e sem confusão | GLPzy,"Ozempic: Acompanhe esta rotina com histórico de doses, peso, sintomas, apetite, fotos, lembretes e exportações em um app privado.",Ozempic,517,58,yes,no,no,1,no,105 alternates,yes,index
/pt-br/privacy.html,pt-br,privacy,200,index,https://www.glpzy.app/pt-br/privacy.html,Privado por padrão. Exportável quando você escolher | GLPzy,"Nenhuma conta é necessária para rastrear doses, peso, sintomas, lembretes ou lembretes.",Privado por padrão. Exportável quando você escolher.,512,113,yes,no,no,1,no,108 alternates,yes,index
/pt-br/rybelsus-tracker-iphone.html,pt-br,commercial,200,index,https://www.glpzy.app/pt-br/rybelsus-tracker-iphone.html,Rybelsus — Registro rápido e sem confusão | GLPzy,"Rybelsus: Acompanhe esta rotina com histórico de doses, peso, sintomas, apetite, fotos, lembretes e exportações em um app privado.",Rybelsus,513,58,yes,no,no,1,no,105 alternates,yes,index
/pt-br/saxenda-tracker-iphone.html,pt-br,commercial,200,index,https://www.glpzy.app/pt-br/saxenda-tracker-iphone.html,Saxenda — Registro rápido e sem confusão | GLPzy,"Saxenda: Acompanhe esta rotina com histórico de doses, peso, sintomas, apetite, fotos, lembretes e exportações em um app privado.",Saxenda,511,56,yes,no,no,1,no,105 alternates,yes,index
/pt-br/semaglutide-tracker-iphone.html,pt-br,medicine,200,index,https://www.glpzy.app/pt-br/semaglutide-tracker-iphone.html,Semaglutide — Registro rápido e sem confusão | GLPzy,"Semaglutide: Acompanhe esta rotina com histórico de doses, peso, sintomas, apetite, fotos, lembretes e exportações em um app privado.",Semaglutide,521,60,yes,no,no,1,no,108 alternates,yes,index
/pt-br/support.html,pt-br,support,200,index,https://www.glpzy.app/pt-br/support.html,Apoiar | GLPzy,"Revise o escopo do suporte, os contatos de privacidade e as orientações não emergenciais.",Apoiar,490,100,yes,no,no,1,no,108 alternates,yes,index
/pt-br/terms.html,pt-br,support,200,index,https://www.glpzy.app/pt-br/terms.html,Termos de uso | GLPzy,"Preço, período de cobrança e quaisquer detalhes da oferta introdutória são mostrados em sua conta App Store antes da compra. Gerencie ou cancele nas configurações de App Store.",Termos de uso,547,77,yes,no,no,1,no,108 alternates,yes,index
/pt-br/tirzepatide-tracker-iphone.html,pt-br,medicine,200,index,https://www.glpzy.app/pt-br/tirzepatide-tracker-iphone.html,Tirzepatide — Registro rápido e sem confusão | GLPzy,"Tirzepatide: Acompanhe esta rotina com histórico de doses, peso, sintomas, apetite, fotos, lembretes e exportações em um app privado.",Tirzepatide,526,59,yes,no,no,1,no,108 alternates,yes,index
/pt-br/trulicity-tracker-iphone.html,pt-br,commercial,200,index,https://www.glpzy.app/pt-br/trulicity-tracker-iphone.html,Trulicity — Registro rápido e sem confusão | GLPzy,"Trulicity: Acompanhe esta rotina com histórico de doses, peso, sintomas, apetite, fotos, lembretes e exportações em um app privado.",Trulicity,511,55,yes,no,no,1,no,105 alternates,yes,index
/pt-br/victoza-tracker-iphone.html,pt-br,commercial,200,index,https://www.glpzy.app/pt-br/victoza-tracker-iphone.html,Victoza — Registro rápido e sem confusão | GLPzy,"Victoza: Acompanhe esta rotina com histórico de doses, peso, sintomas, apetite, fotos, lembretes e exportações em um app privado.",Victoza,511,56,yes,no,no,1,no,105 alternates,yes,index
/pt-br/wegovy-tracker-iphone.html,pt-br,medicine,200,index,https://www.glpzy.app/pt-br/wegovy-tracker-iphone.html,Wegovy — Registro rápido e sem confusão | GLPzy,"Wegovy: Acompanhe esta rotina com histórico de doses, peso, sintomas, apetite, fotos, lembretes e exportações em um app privado.",Wegovy,521,58,yes,no,no,1,no,108 alternates,yes,index
/pt-br/zepbound-tracker-iphone.html,pt-br,medicine,200,index,https://www.glpzy.app/pt-br/zepbound-tracker-iphone.html,Zepbound — Registro rápido e sem confusão | GLPzy,"Zepbound: Acompanhe esta rotina com histórico de doses, peso, sintomas, apetite, fotos, lembretes e exportações em um app privado.",Zepbound,535,57,yes,no,no,1,no,108 alternates,yes,index
/pt-pt/apple-health-glp-tracker.html,pt-pt,commercial,200,index,https://www.glpzy.app/pt-pt/apple-health-glp-tracker.html,Contexto só de leitura do Apple Health | GLPzy,"O acesso ao Apple Health é opcional e limitado às permissões que concede. O GLPzy importa o histórico de peso corporal e altura e, em seguida, lê resumos de composição corporal, movimento, treino, calorias, proteínas e água no modo só de leitura. Nada é escrito de volta.",Contexto só de leitura do Apple Health,555,54,yes,no,no,1,no,108 alternates,yes,index
/pt-pt/compounded-glp-tracker-iphone.html,pt-pt,commercial,200,index,https://www.glpzy.app/pt-pt/compounded-glp-tracker-iphone.html,Compounded​ — Registo rápido e sem confusão | GLPzy,"Compounded​: Acompanhe esta rotina com histórico de doses, peso, sintomas, apetite, fotografias, lembretes e exportações numa app privada.",Compounded​,511,56,yes,no,no,1,no,105 alternates,yes,index
/pt-pt/custom-medication-tracker-iphone.html,pt-pt,commercial,200,index,https://www.glpzy.app/pt-pt/custom-medication-tracker-iphone.html,Personalizado — Registo rápido e sem confusão | GLPzy,"Personalizado: Acompanhe esta rotina com histórico de doses, peso, sintomas, apetite, fotografias, lembretes e exportações numa app privada.",Personalizado,521,58,yes,no,no,1,no,105 alternates,yes,index
/pt-pt/data-rights.html,pt-pt,privacy,200,index,https://www.glpzy.app/pt-pt/data-rights.html,Histórico de exportação | GLPzy,"O O O GLPzy criará primeiro um backup de segurança local e, em seguida, substituirá os registos locais neste dispositivo.",Histórico de exportação,439,77,yes,no,no,1,no,108 alternates,yes,index
/pt-pt/foundayo-tracker-iphone.html,pt-pt,commercial,200,index,https://www.glpzy.app/pt-pt/foundayo-tracker-iphone.html,Foundayo — Registo rápido e sem confusão | GLPzy,"Foundayo: Acompanhe esta rotina com histórico de doses, peso, sintomas, apetite, fotografias, lembretes e exportações numa app privada.",Foundayo,500,55,yes,no,no,1,no,105 alternates,yes,index
/pt-pt/glp1-weight-dose-symptom-tracker.html,pt-pt,commercial,200,index,https://www.glpzy.app/pt-pt/glp1-weight-dose-symptom-tracker.html,"A a a a sua rotina GLP-1, organizada sem confusão | GLPzy","Registe doses, peso, sintomas, apetite, fotografias, lembretes e contexto do Apple Health numa app privada para revisão pessoal.","A a a a sua rotina GLP-1, organizada sem confusão.",615,54,yes,no,no,1,no,108 alternates,yes,index
/pt-pt/,pt-pt,home,200,index,https://www.glpzy.app/pt-pt/index.html,"A a a a sua rotina GLP-1, organizada sem confusão | GLPzy","Registe doses, peso, sintomas, apetite, fotografias, lembretes e contexto do Apple Health numa app privada para revisão pessoal.","A a a a sua rotina GLP-1, organizada sem confusão.",925,137,yes,no,no,1,yes,108 alternates,yes,index
/pt-pt/local-first-private-glp-tracker.html,pt-pt,privacy,200,index,https://www.glpzy.app/pt-pt/local-first-private-glp-tracker.html,Privado por predefinição. Exportável quando escolher | GLPzy,"Nenhuma conta é necessária para rastrear doses, peso, sintomas, lembretes ou lembretes.",Privado por predefinição. Exportável quando escolher.,509,54,yes,no,no,1,no,108 alternates,yes,index
/pt-pt/medical-safety.html,pt-pt,trust,200,index,https://www.glpzy.app/pt-pt/medical-safety.html,Segurança médica | GLPzy,"O GLPzy ajuda-o a manter um registo mais claro do que aconteceu. Não diagnostica, prescreve ou escolhe a a a a sua dose.",Segurança médica,791,78,yes,no,no,1,no,105 alternates,yes,index
/pt-pt/methodology.html,pt-pt,trust,200,index,https://www.glpzy.app/pt-pt/methodology.html,Metodologia | GLPzy,A tendência de exposição estimada usa o momento registado das doses juntamente com um modelo simplificado de absorção e eliminação apenas para acompanhamento pessoal.,Metodologia,825,77,yes,no,no,1,no,108 alternates,yes,index
/pt-pt/mounjaro-tracker-iphone.html,pt-pt,medicine,200,index,https://www.glpzy.app/pt-pt/mounjaro-tracker-iphone.html,Mounjaro — Registo rápido e sem confusão | GLPzy,"Mounjaro: Acompanhe esta rotina com histórico de doses, peso, sintomas, apetite, fotografias, lembretes e exportações numa app privada.",Mounjaro,511,57,yes,no,no,1,no,108 alternates,yes,index
/pt-pt/overview.html,pt-pt,support,200,index,https://www.glpzy.app/pt-pt/overview.html,GLPzy — Política de Privacidade · Segurança médica · Suporte,"Reveja o âmbito do suporte, os contactos de privacidade e as orientações não urgentes.",GLPzy,454,54,yes,no,no,1,no,108 alternates,yes,index
/pt-pt/ozempic-tracker-iphone.html,pt-pt,commercial,200,index,https://www.glpzy.app/pt-pt/ozempic-tracker-iphone.html,Ozempic — Registo rápido e sem confusão | GLPzy,"Ozempic: Acompanhe esta rotina com histórico de doses, peso, sintomas, apetite, fotografias, lembretes e exportações numa app privada.",Ozempic,506,58,yes,no,no,1,no,105 alternates,yes,index
/pt-pt/privacy.html,pt-pt,privacy,200,index,https://www.glpzy.app/pt-pt/privacy.html,Privado por predefinição. Exportável quando escolher | GLPzy,"Nenhuma conta é necessária para rastrear doses, peso, sintomas, lembretes ou lembretes.",Privado por predefinição. Exportável quando escolher.,509,113,yes,no,no,1,no,108 alternates,yes,index
/pt-pt/rybelsus-tracker-iphone.html,pt-pt,commercial,200,index,https://www.glpzy.app/pt-pt/rybelsus-tracker-iphone.html,Rybelsus — Registo rápido e sem confusão | GLPzy,"Rybelsus: Acompanhe esta rotina com histórico de doses, peso, sintomas, apetite, fotografias, lembretes e exportações numa app privada.",Rybelsus,502,58,yes,no,no,1,no,105 alternates,yes,index
/pt-pt/saxenda-tracker-iphone.html,pt-pt,commercial,200,index,https://www.glpzy.app/pt-pt/saxenda-tracker-iphone.html,Saxenda — Registo rápido e sem confusão | GLPzy,"Saxenda: Acompanhe esta rotina com histórico de doses, peso, sintomas, apetite, fotografias, lembretes e exportações numa app privada.",Saxenda,500,56,yes,no,no,1,no,105 alternates,yes,index
/pt-pt/semaglutide-tracker-iphone.html,pt-pt,medicine,200,index,https://www.glpzy.app/pt-pt/semaglutide-tracker-iphone.html,Semaglutide — Registo rápido e sem confusão | GLPzy,"Semaglutide: Acompanhe esta rotina com histórico de doses, peso, sintomas, apetite, fotografias, lembretes e exportações numa app privada.",Semaglutide,510,60,yes,no,no,1,no,108 alternates,yes,index
/pt-pt/support.html,pt-pt,support,200,index,https://www.glpzy.app/pt-pt/support.html,Suporte | GLPzy,"Reveja o âmbito do suporte, os contactos de privacidade e as orientações não urgentes.",Suporte,495,100,yes,no,no,1,no,108 alternates,yes,index
/pt-pt/terms.html,pt-pt,support,200,index,https://www.glpzy.app/pt-pt/terms.html,Termos de utilização | GLPzy,"Preço, período de cobrança e quaisquer detalhes da oferta introdutória são apresentados em a a a a a a sua conta App Store antes da compra. Faça a gestão ou cancele nas definições da App Store.",Termos de utilização,572,77,yes,no,no,1,no,108 alternates,yes,index
/pt-pt/tirzepatide-tracker-iphone.html,pt-pt,medicine,200,index,https://www.glpzy.app/pt-pt/tirzepatide-tracker-iphone.html,Tirzepatide — Registo rápido e sem confusão | GLPzy,"Tirzepatide: Acompanhe esta rotina com histórico de doses, peso, sintomas, apetite, fotografias, lembretes e exportações numa app privada.",Tirzepatide,515,59,yes,no,no,1,no,108 alternates,yes,index
/pt-pt/trulicity-tracker-iphone.html,pt-pt,commercial,200,index,https://www.glpzy.app/pt-pt/trulicity-tracker-iphone.html,Trulicity — Registo rápido e sem confusão | GLPzy,"Trulicity: Acompanhe esta rotina com histórico de doses, peso, sintomas, apetite, fotografias, lembretes e exportações numa app privada.",Trulicity,500,55,yes,no,no,1,no,105 alternates,yes,index
/pt-pt/victoza-tracker-iphone.html,pt-pt,commercial,200,index,https://www.glpzy.app/pt-pt/victoza-tracker-iphone.html,Victoza — Registo rápido e sem confusão | GLPzy,"Victoza: Acompanhe esta rotina com histórico de doses, peso, sintomas, apetite, fotografias, lembretes e exportações numa app privada.",Victoza,500,56,yes,no,no,1,no,105 alternates,yes,index
/pt-pt/wegovy-tracker-iphone.html,pt-pt,medicine,200,index,https://www.glpzy.app/pt-pt/wegovy-tracker-iphone.html,Wegovy — Registo rápido e sem confusão | GLPzy,"Wegovy: Acompanhe esta rotina com histórico de doses, peso, sintomas, apetite, fotografias, lembretes e exportações numa app privada.",Wegovy,510,58,yes,no,no,1,no,108 alternates,yes,index
/pt-pt/zepbound-tracker-iphone.html,pt-pt,medicine,200,index,https://www.glpzy.app/pt-pt/zepbound-tracker-iphone.html,Zepbound — Registo rápido e sem confusão | GLPzy,"Zepbound: Acompanhe esta rotina com histórico de doses, peso, sintomas, apetite, fotografias, lembretes e exportações numa app privada.",Zepbound,524,57,yes,no,no,1,no,108 alternates,yes,index
/ro/apple-health-glp-tracker.html,ro,commercial,200,index,https://www.glpzy.app/ro/apple-health-glp-tracker.html,Context numai pentru citire de la Apple Health | GLPzy,"Accesul Apple Health este opțional și limitat la permisiunile pe care le acordați. GLPzy importă istoricul greutății corporale și înălțimea, apoi citește compoziția corporală, somnul, mișcarea, antrenamentul, caloriile, proteinele și rezumatele apei în modul numai citire. Nimic nu este scris înapoi.",Context numai pentru citire de la Apple Health,565,54,yes,no,no,1,no,108 alternates,yes,index
/ro/compounded-glp-tracker-iphone.html,ro,commercial,200,index,https://www.glpzy.app/ro/compounded-glp-tracker-iphone.html,Compus — Înregistrare rapidă fără dezordine | GLPzy,"Compus: Urmăriți această rutină cu istoricul dozelor, greutate, simptome, apetit, fotografii, mementouri și exporturi într-o aplicație privată.",Compus,499,56,yes,no,no,1,no,105 alternates,yes,index
/ro/custom-medication-tracker-iphone.html,ro,commercial,200,index,https://www.glpzy.app/ro/custom-medication-tracker-iphone.html,Personalizat — Înregistrare rapidă fără dezordine | GLPzy,"Personalizat: Urmăriți această rutină cu istoricul dozelor, greutate, simptome, apetit, fotografii, mementouri și exporturi într-o aplicație privată.",Personalizat,508,58,yes,no,no,1,no,105 alternates,yes,index
/ro/data-rights.html,ro,privacy,200,index,https://www.glpzy.app/ro/data-rights.html,Istoricul exporturilor | GLPzy,"GLPzy va crea mai întâi o copie de siguranță locală, apoi va înlocui înregistrările locale de pe acest dispozitiv.",Istoricul exporturilor,440,77,yes,no,no,1,no,108 alternates,yes,index
/ro/foundayo-tracker-iphone.html,ro,commercial,200,index,https://www.glpzy.app/ro/foundayo-tracker-iphone.html,Foundayo — Înregistrare rapidă fără dezordine | GLPzy,"Foundayo: Urmăriți această rutină cu istoricul dozelor, greutate, simptome, apetit, fotografii, mementouri și exporturi într-o aplicație privată.",Foundayo,488,55,yes,no,no,1,no,105 alternates,yes,index
/ro/glp1-weight-dose-symptom-tracker.html,ro,commercial,200,index,https://www.glpzy.app/ro/glp1-weight-dose-symptom-tracker.html,"Rutina dvs. GLP-1, organizată fără aglomerație | GLPzy","Înregistrați doze, greutate, simptome, apetit, fotografii, mementouri și context Apple Health într-o aplicație privată pentru revizuire personală.","Rutina dvs. GLP-1, organizată fără aglomerație.",601,54,yes,no,no,1,no,108 alternates,yes,index
/ro/,ro,home,200,index,https://www.glpzy.app/ro/index.html,"Rutina dvs. GLP-1, organizată fără aglomerație | GLPzy","Înregistrați doze, greutate, simptome, apetit, fotografii, mementouri și context Apple Health într-o aplicație privată pentru revizuire personală.","Rutina dvs. GLP-1, organizată fără aglomerație.",866,137,yes,no,no,1,yes,108 alternates,yes,index
/ro/local-first-private-glp-tracker.html,ro,privacy,200,index,https://www.glpzy.app/ro/local-first-private-glp-tracker.html,Privat în mod implicit. Exportabil când alegeți | GLPzy,"Nu este necesar niciun cont pentru a urmări dozele, greutatea, simptomele, mementourile sau comenzile.",Privat în mod implicit. Exportabil când alegeți.,521,54,yes,no,no,1,no,108 alternates,yes,index
/ro/medical-safety.html,ro,trust,200,index,https://www.glpzy.app/ro/medical-safety.html,Siguranta medicala | GLPzy,"GLPzy vă ajută să păstrați o evidență mai clară a ceea ce s-a întâmplat. Nu diagnosticează, prescrie sau alege doza dumneavoastră.",Siguranta medicala,766,78,yes,no,no,1,no,105 alternates,yes,index
/ro/methodology.html,ro,trust,200,index,https://www.glpzy.app/ro/methodology.html,Metodologie | GLPzy,Tendința estimată a expunerii utilizează sincronizarea dozei înregistrate plus un model simplificat de absorbție și eliminare numai pentru urmărirea personală.,Metodologie,792,77,yes,no,no,1,no,108 alternates,yes,index
/ro/mounjaro-tracker-iphone.html,ro,medicine,200,index,https://www.glpzy.app/ro/mounjaro-tracker-iphone.html,Mounjaro — Înregistrare rapidă fără dezordine | GLPzy,"Mounjaro: Urmăriți această rutină cu istoricul dozelor, greutate, simptome, apetit, fotografii, mementouri și exporturi într-o aplicație privată.",Mounjaro,503,57,yes,no,no,1,no,108 alternates,yes,index
/ro/overview.html,ro,support,200,index,https://www.glpzy.app/ro/overview.html,GLPzy — Politica de confidențialitate · Siguranta medicala · Sprijin,"Examinați domeniul de asistență, contactele de confidențialitate și îndrumările care nu sunt de urgență.",GLPzy,460,54,yes,no,no,1,no,108 alternates,yes,index
/ro/ozempic-tracker-iphone.html,ro,commercial,200,index,https://www.glpzy.app/ro/ozempic-tracker-iphone.html,Ozempic — Înregistrare rapidă fără dezordine | GLPzy,"Ozempic: Urmăriți această rutină cu istoricul dozelor, greutate, simptome, apetit, fotografii, mementouri și exporturi într-o aplicație privată.",Ozempic,498,58,yes,no,no,1,no,105 alternates,yes,index
/ro/privacy.html,ro,privacy,200,index,https://www.glpzy.app/ro/privacy.html,Privat în mod implicit. Exportabil când alegeți | GLPzy,"Nu este necesar niciun cont pentru a urmări dozele, greutatea, simptomele, mementourile sau comenzile.",Privat în mod implicit. Exportabil când alegeți.,521,113,yes,no,no,1,no,108 alternates,yes,index
/ro/rybelsus-tracker-iphone.html,ro,commercial,200,index,https://www.glpzy.app/ro/rybelsus-tracker-iphone.html,Rybelsus — Înregistrare rapidă fără dezordine | GLPzy,"Rybelsus: Urmăriți această rutină cu istoricul dozelor, greutate, simptome, apetit, fotografii, mementouri și exporturi într-o aplicație privată.",Rybelsus,490,58,yes,no,no,1,no,105 alternates,yes,index
/ro/saxenda-tracker-iphone.html,ro,commercial,200,index,https://www.glpzy.app/ro/saxenda-tracker-iphone.html,Saxenda — Înregistrare rapidă fără dezordine | GLPzy,"Saxenda: Urmăriți această rutină cu istoricul dozelor, greutate, simptome, apetit, fotografii, mementouri și exporturi într-o aplicație privată.",Saxenda,489,56,yes,no,no,1,no,105 alternates,yes,index
/ro/semaglutide-tracker-iphone.html,ro,medicine,200,index,https://www.glpzy.app/ro/semaglutide-tracker-iphone.html,Semaglutide — Înregistrare rapidă fără dezordine | GLPzy,"Semaglutide: Urmăriți această rutină cu istoricul dozelor, greutate, simptome, apetit, fotografii, mementouri și exporturi într-o aplicație privată.",Semaglutide,501,60,yes,no,no,1,no,108 alternates,yes,index
/ro/support.html,ro,support,200,index,https://www.glpzy.app/ro/support.html,Sprijin | GLPzy,"Examinați domeniul de asistență, contactele de confidențialitate și îndrumările care nu sunt de urgență.",Sprijin,495,100,yes,no,no,1,no,108 alternates,yes,index
/ro/terms.html,ro,support,200,index,https://www.glpzy.app/ro/terms.html,Condiții de utilizare | GLPzy,"Prețurile, perioada de facturare și toate detaliile ofertei introductive sunt afișate din contul dvs. App Store înainte de cumpărare. Gestionați sau anulați în setările App Store.",Condiții de utilizare,544,77,yes,no,no,1,no,108 alternates,yes,index
/ro/tirzepatide-tracker-iphone.html,ro,medicine,200,index,https://www.glpzy.app/ro/tirzepatide-tracker-iphone.html,Tirzepatide — Înregistrare rapidă fără dezordine | GLPzy,"Tirzepatide: Urmăriți această rutină cu istoricul dozelor, greutate, simptome, apetit, fotografii, mementouri și exporturi într-o aplicație privată.",Tirzepatide,509,59,yes,no,no,1,no,108 alternates,yes,index
/ro/trulicity-tracker-iphone.html,ro,commercial,200,index,https://www.glpzy.app/ro/trulicity-tracker-iphone.html,Trulicity — Înregistrare rapidă fără dezordine | GLPzy,"Trulicity: Urmăriți această rutină cu istoricul dozelor, greutate, simptome, apetit, fotografii, mementouri și exporturi într-o aplicație privată.",Trulicity,492,55,yes,no,no,1,no,105 alternates,yes,index
/ro/victoza-tracker-iphone.html,ro,commercial,200,index,https://www.glpzy.app/ro/victoza-tracker-iphone.html,Victoza — Înregistrare rapidă fără dezordine | GLPzy,"Victoza: Urmăriți această rutină cu istoricul dozelor, greutate, simptome, apetit, fotografii, mementouri și exporturi într-o aplicație privată.",Victoza,489,56,yes,no,no,1,no,105 alternates,yes,index
/ro/wegovy-tracker-iphone.html,ro,medicine,200,index,https://www.glpzy.app/ro/wegovy-tracker-iphone.html,Wegovy — Înregistrare rapidă fără dezordine | GLPzy,"Wegovy: Urmăriți această rutină cu istoricul dozelor, greutate, simptome, apetit, fotografii, mementouri și exporturi într-o aplicație privată.",Wegovy,501,58,yes,no,no,1,no,108 alternates,yes,index
/ro/zepbound-tracker-iphone.html,ro,medicine,200,index,https://www.glpzy.app/ro/zepbound-tracker-iphone.html,Zepbound — Înregistrare rapidă fără dezordine | GLPzy,"Zepbound: Urmăriți această rutină cu istoricul dozelor, greutate, simptome, apetit, fotografii, mementouri și exporturi într-o aplicație privată.",Zepbound,516,57,yes,no,no,1,no,108 alternates,yes,index
/ru/apple-health-glp-tracker.html,ru,commercial,200,index,https://www.glpzy.app/ru/apple-health-glp-tracker.html,Контекст только для чтения от Apple Health | GLPzy,"Доступ к Apple Health не является обязательным и ограничивается предоставленными вами разрешениями. GLPzy импортирует историю веса и роста тела, а затем считывает сводные данные о составе тела, сне, движении, тренировках, калориях, белке и воде в режиме только для чтения. Ничего не записывается обратно.",Контекст только для чтения от Apple Health,536,54,yes,no,no,1,no,108 alternates,yes,index
/ru/compounded-glp-tracker-iphone.html,ru,commercial,200,index,https://www.glpzy.app/ru/compounded-glp-tracker-iphone.html,Сложный — Быстрая регистрация без беспорядка | GLPzy,"Сложный: Отслеживайте эту рутину с историей доз, весом, симптомами, аппетитом, фотографиями, напоминаниями и экспортом в одном приватном приложении.",Сложный,481,56,yes,no,no,1,no,105 alternates,yes,index
/ru/custom-medication-tracker-iphone.html,ru,commercial,200,index,https://www.glpzy.app/ru/custom-medication-tracker-iphone.html,Пользовательский — Быстрая регистрация без беспорядка | GLPzy,"Пользовательский: Отслеживайте эту рутину с историей доз, весом, симптомами, аппетитом, фотографиями, напоминаниями и экспортом в одном приватном приложении.",Пользовательский,489,58,yes,no,no,1,no,105 alternates,yes,index
/ru/data-rights.html,ru,privacy,200,index,https://www.glpzy.app/ru/data-rights.html,История экспорта | GLPzy,"GLPzy сначала создаст локальную резервную копию, а затем заменит локальные записи на этом устройстве.",История экспорта,413,77,yes,no,no,1,no,108 alternates,yes,index
/ru/foundayo-tracker-iphone.html,ru,commercial,200,index,https://www.glpzy.app/ru/foundayo-tracker-iphone.html,Foundayo — Быстрая регистрация без беспорядка | GLPzy,"Foundayo: Отслеживайте эту рутину с историей доз, весом, симптомами, аппетитом, фотографиями, напоминаниями и экспортом в одном приватном приложении.",Foundayo,471,55,yes,no,no,1,no,105 alternates,yes,index
/ru/glp1-weight-dose-symptom-tracker.html,ru,commercial,200,index,https://www.glpzy.app/ru/glp1-weight-dose-symptom-tracker.html,"Ваша рутина GLP-1, упорядоченная без лишнего шума | GLPzy","Записывайте дозы, вес, симптомы, аппетит, фотографии, напоминания и контекст Apple Health в одном приватном приложении для личного просмотра.","Ваша рутина GLP-1, упорядоченная без лишнего шума.",572,54,yes,no,no,1,no,108 alternates,yes,index
/ru/,ru,home,200,index,https://www.glpzy.app/ru/index.html,"Ваша рутина GLP-1, упорядоченная без лишнего шума | GLPzy","Записывайте дозы, вес, симптомы, аппетит, фотографии, напоминания и контекст Apple Health в одном приватном приложении для личного просмотра.","Ваша рутина GLP-1, упорядоченная без лишнего шума.",816,137,yes,no,no,1,yes,108 alternates,yes,index
/ru/local-first-private-glp-tracker.html,ru,privacy,200,index,https://www.glpzy.app/ru/local-first-private-glp-tracker.html,"Приватно по умолчанию. Можно экспортировать, когда вы решите | GLPzy","Для отслеживания доз, веса, симптомов, напоминаний или заказов не требуется учетная запись.","Приватно по умолчанию. Можно экспортировать, когда вы решите.",492,54,yes,no,no,1,no,108 alternates,yes,index
/ru/medical-safety.html,ru,trust,200,index,https://www.glpzy.app/ru/medical-safety.html,Медицинская безопасность | GLPzy,"GLPzy помогает вам более четко записывать, что произошло. Он не ставит диагноз, не назначает и не выбирает дозу.",Медицинская безопасность,709,78,yes,no,no,1,no,105 alternates,yes,index
/ru/methodology.html,ru,trust,200,index,https://www.glpzy.app/ru/methodology.html,Методология | GLPzy,"В расчетной тенденции воздействия используется зарегистрированное время приема дозы, а также упрощенная модель поглощения и выведения только для личного отслеживания.",Методология,736,77,yes,no,no,1,no,108 alternates,yes,index
/ru/mounjaro-tracker-iphone.html,ru,medicine,200,index,https://www.glpzy.app/ru/mounjaro-tracker-iphone.html,Mounjaro — Быстрая регистрация без беспорядка | GLPzy,"Mounjaro: Отслеживайте эту рутину с историей доз, весом, симптомами, аппетитом, фотографиями, напоминаниями и экспортом в одном приватном приложении.",Mounjaro,481,57,yes,no,no,1,no,108 alternates,yes,index
/ru/overview.html,ru,support,200,index,https://www.glpzy.app/ru/overview.html,GLPzy — Политика конфиденциальности · Медицинская безопасность · Поддержка,"Ознакомьтесь с объемом поддержки, контактами по вопросам конфиденциальности и рекомендациями по нечрезвычайным ситуациям.",GLPzy,434,54,yes,no,no,1,no,108 alternates,yes,index
/ru/ozempic-tracker-iphone.html,ru,commercial,200,index,https://www.glpzy.app/ru/ozempic-tracker-iphone.html,Ozempic — Быстрая регистрация без беспорядка | GLPzy,"Ozempic: Отслеживайте эту рутину с историей доз, весом, симптомами, аппетитом, фотографиями, напоминаниями и экспортом в одном приватном приложении.",Ozempic,478,58,yes,no,no,1,no,105 alternates,yes,index
/ru/privacy.html,ru,privacy,200,index,https://www.glpzy.app/ru/privacy.html,"Приватно по умолчанию. Можно экспортировать, когда вы решите | GLPzy","Для отслеживания доз, веса, симптомов, напоминаний или заказов не требуется учетная запись.","Приватно по умолчанию. Можно экспортировать, когда вы решите.",492,113,yes,no,no,1,no,108 alternates,yes,index
/ru/rybelsus-tracker-iphone.html,ru,commercial,200,index,https://www.glpzy.app/ru/rybelsus-tracker-iphone.html,Rybelsus — Быстрая регистрация без беспорядка | GLPzy,"Rybelsus: Отслеживайте эту рутину с историей доз, весом, симптомами, аппетитом, фотографиями, напоминаниями и экспортом в одном приватном приложении.",Rybelsus,473,58,yes,no,no,1,no,105 alternates,yes,index
/ru/saxenda-tracker-iphone.html,ru,commercial,200,index,https://www.glpzy.app/ru/saxenda-tracker-iphone.html,Saxenda — Быстрая регистрация без беспорядка | GLPzy,"Saxenda: Отслеживайте эту рутину с историей доз, весом, симптомами, аппетитом, фотографиями, напоминаниями и экспортом в одном приватном приложении.",Saxenda,472,56,yes,no,no,1,no,105 alternates,yes,index
/ru/semaglutide-tracker-iphone.html,ru,medicine,200,index,https://www.glpzy.app/ru/semaglutide-tracker-iphone.html,Semaglutide — Быстрая регистрация без беспорядка | GLPzy,"Semaglutide: Отслеживайте эту рутину с историей доз, весом, симптомами, аппетитом, фотографиями, напоминаниями и экспортом в одном приватном приложении.",Semaglutide,481,60,yes,no,no,1,no,108 alternates,yes,index
/ru/support.html,ru,support,200,index,https://www.glpzy.app/ru/support.html,Поддержка | GLPzy,"Ознакомьтесь с объемом поддержки, контактами по вопросам конфиденциальности и рекомендациями по нечрезвычайным ситуациям.",Поддержка,466,100,yes,no,no,1,no,108 alternates,yes,index
/ru/terms.html,ru,support,200,index,https://www.glpzy.app/ru/terms.html,Условия использования | GLPzy,"Цены, расчетный период и любые сведения о вводном предложении отображаются в вашей учетной записи App Store перед покупкой. Управляйте или отменяйте настройки App Store.",Условия использования,512,77,yes,no,no,1,no,108 alternates,yes,index
/ru/tirzepatide-tracker-iphone.html,ru,medicine,200,index,https://www.glpzy.app/ru/tirzepatide-tracker-iphone.html,Tirzepatide — Быстрая регистрация без беспорядка | GLPzy,"Tirzepatide: Отслеживайте эту рутину с историей доз, весом, симптомами, аппетитом, фотографиями, напоминаниями и экспортом в одном приватном приложении.",Tirzepatide,485,59,yes,no,no,1,no,108 alternates,yes,index
/ru/trulicity-tracker-iphone.html,ru,commercial,200,index,https://www.glpzy.app/ru/trulicity-tracker-iphone.html,Trulicity — Быстрая регистрация без беспорядка | GLPzy,"Trulicity: Отслеживайте эту рутину с историей доз, весом, симптомами, аппетитом, фотографиями, напоминаниями и экспортом в одном приватном приложении.",Trulicity,472,55,yes,no,no,1,no,105 alternates,yes,index
/ru/victoza-tracker-iphone.html,ru,commercial,200,index,https://www.glpzy.app/ru/victoza-tracker-iphone.html,Victoza — Быстрая регистрация без беспорядка | GLPzy,"Victoza: Отслеживайте эту рутину с историей доз, весом, симптомами, аппетитом, фотографиями, напоминаниями и экспортом в одном приватном приложении.",Victoza,472,56,yes,no,no,1,no,105 alternates,yes,index
/ru/wegovy-tracker-iphone.html,ru,medicine,200,index,https://www.glpzy.app/ru/wegovy-tracker-iphone.html,Wegovy — Быстрая регистрация без беспорядка | GLPzy,"Wegovy: Отслеживайте эту рутину с историей доз, весом, симптомами, аппетитом, фотографиями, напоминаниями и экспортом в одном приватном приложении.",Wegovy,481,58,yes,no,no,1,no,108 alternates,yes,index
/ru/zepbound-tracker-iphone.html,ru,medicine,200,index,https://www.glpzy.app/ru/zepbound-tracker-iphone.html,Zepbound — Быстрая регистрация без беспорядка | GLPzy,"Zepbound: Отслеживайте эту рутину с историей доз, весом, симптомами, аппетитом, фотографиями, напоминаниями и экспортом в одном приватном приложении.",Zepbound,491,57,yes,no,no,1,no,108 alternates,yes,index
/sk/apple-health-glp-tracker.html,sk,commercial,200,index,https://www.glpzy.app/sk/apple-health-glp-tracker.html,Kontext len na čítanie z Apple Health | GLPzy,"Prístup Apple Health je voliteľný a obmedzený na povolenia, ktoré udelíte. GLPzy importuje históriu telesnej hmotnosti a výšku a potom načíta zloženie tela, spánok, pohyb, cvičenie, kalórie, bielkoviny a vodu v režime iba na čítanie. Nič sa neodpisuje.",Kontext len na čítanie z Apple Health,522,54,yes,no,no,1,no,108 alternates,yes,index
/sk/compounded-glp-tracker-iphone.html,sk,commercial,200,index,https://www.glpzy.app/sk/compounded-glp-tracker-iphone.html,Zložené — Rýchle zaznamenávanie dávok bez neporiadku | GLPzy,"Zložené: Sledujte túto rutinu s históriou dávok, hmotnosťou, príznakmi, chuťou do jedla, fotografiami, pripomienkami a exportmi v jednej súkromnej aplikácii.",Zložené,479,56,yes,no,no,1,no,105 alternates,yes,index
/sk/custom-medication-tracker-iphone.html,sk,commercial,200,index,https://www.glpzy.app/sk/custom-medication-tracker-iphone.html,Vlastné — Rýchle zaznamenávanie dávok bez neporiadku | GLPzy,"Vlastné: Sledujte túto rutinu s históriou dávok, hmotnosťou, príznakmi, chuťou do jedla, fotografiami, pripomienkami a exportmi v jednej súkromnej aplikácii.",Vlastné,488,58,yes,no,no,1,no,105 alternates,yes,index
/sk/data-rights.html,sk,privacy,200,index,https://www.glpzy.app/sk/data-rights.html,História exportu | GLPzy,GLPzy najprv vytvorí lokálnu bezpečnostnú zálohu a potom nahradí lokálne záznamy na tomto zariadení.,História exportu,401,77,yes,no,no,1,no,108 alternates,yes,index
/sk/foundayo-tracker-iphone.html,sk,commercial,200,index,https://www.glpzy.app/sk/foundayo-tracker-iphone.html,Foundayo — Rýchle zaznamenávanie dávok bez neporiadku | GLPzy,"Foundayo: Sledujte túto rutinu s históriou dávok, hmotnosťou, príznakmi, chuťou do jedla, fotografiami, pripomienkami a exportmi v jednej súkromnej aplikácii.",Foundayo,469,55,yes,no,no,1,no,105 alternates,yes,index
/sk/glp1-weight-dose-symptom-tracker.html,sk,commercial,200,index,https://www.glpzy.app/sk/glp1-weight-dose-symptom-tracker.html,"Vaša rutina GLP-1, usporiadaná bez zbytočného neporiadku | GLPzy","Zaznamenávajte dávky, hmotnosť, príznaky, chuť do jedla, fotografie, pripomienky a kontext Apple Health v jednej súkromnej aplikácii na osobnú kontrolu.","Vaša rutina GLP-1, usporiadaná bez zbytočného neporiadku.",551,54,yes,no,no,1,no,108 alternates,yes,index
/sk/,sk,home,200,index,https://www.glpzy.app/sk/index.html,"Vaša rutina GLP-1, usporiadaná bez zbytočného neporiadku | GLPzy","Zaznamenávajte dávky, hmotnosť, príznaky, chuť do jedla, fotografie, pripomienky a kontext Apple Health v jednej súkromnej aplikácii na osobnú kontrolu.","Vaša rutina GLP-1, usporiadaná bez zbytočného neporiadku.",802,137,yes,no,no,1,yes,108 alternates,yes,index
/sk/local-first-private-glp-tracker.html,sk,privacy,200,index,https://www.glpzy.app/sk/local-first-private-glp-tracker.html,"Súkromné predvolene. Exportovateľné, keď si vyberiete | GLPzy","Na sledovanie dávok, hmotnosti, symptómov, pripomenutí alebo objednávok nie je potrebný žiadny účet.","Súkromné predvolene. Exportovateľné, keď si vyberiete.",473,54,yes,no,no,1,no,108 alternates,yes,index
/sk/medical-safety.html,sk,trust,200,index,https://www.glpzy.app/sk/medical-safety.html,Lekárska bezpečnosť | GLPzy,"GLPzy vám pomáha udržiavať jasnejšie záznamy o tom, čo sa stalo. Nediagnostikuje, nepredpisuje ani nevyberá vašu dávku.",Lekárska bezpečnosť,697,78,yes,no,no,1,no,105 alternates,yes,index
/sk/methodology.html,sk,trust,200,index,https://www.glpzy.app/sk/methodology.html,Metodológia | GLPzy,Odhadovaný trend expozície používa zaznamenané načasovanie dávky plus zjednodušený model absorpcie a eliminácie len na osobné sledovanie.,Metodológia,720,77,yes,no,no,1,no,108 alternates,yes,index
/sk/mounjaro-tracker-iphone.html,sk,medicine,200,index,https://www.glpzy.app/sk/mounjaro-tracker-iphone.html,Mounjaro — Rýchle zaznamenávanie dávok bez neporiadku | GLPzy,"Mounjaro: Sledujte túto rutinu s históriou dávok, hmotnosťou, príznakmi, chuťou do jedla, fotografiami, pripomienkami a exportmi v jednej súkromnej aplikácii.",Mounjaro,479,57,yes,no,no,1,no,108 alternates,yes,index
/sk/overview.html,sk,support,200,index,https://www.glpzy.app/sk/overview.html,GLPzy — Zásady ochrany osobných údajov · Lekárska bezpečnosť · Podpora,"Skontrolujte rozsah podpory, kontakty na ochranu osobných údajov a pokyny, ktoré nie sú núdzové.",GLPzy,421,54,yes,no,no,1,no,108 alternates,yes,index
/sk/ozempic-tracker-iphone.html,sk,commercial,200,index,https://www.glpzy.app/sk/ozempic-tracker-iphone.html,Ozempic — Rýchle zaznamenávanie dávok bez neporiadku | GLPzy,"Ozempic: Sledujte túto rutinu s históriou dávok, hmotnosťou, príznakmi, chuťou do jedla, fotografiami, pripomienkami a exportmi v jednej súkromnej aplikácii.",Ozempic,475,58,yes,no,no,1,no,105 alternates,yes,index
/sk/privacy.html,sk,privacy,200,index,https://www.glpzy.app/sk/privacy.html,"Súkromné predvolene. Exportovateľné, keď si vyberiete | GLPzy","Na sledovanie dávok, hmotnosti, symptómov, pripomenutí alebo objednávok nie je potrebný žiadny účet.","Súkromné predvolene. Exportovateľné, keď si vyberiete.",473,113,yes,no,no,1,no,108 alternates,yes,index
/sk/rybelsus-tracker-iphone.html,sk,commercial,200,index,https://www.glpzy.app/sk/rybelsus-tracker-iphone.html,Rybelsus — Rýchle zaznamenávanie dávok bez neporiadku | GLPzy,"Rybelsus: Sledujte túto rutinu s históriou dávok, hmotnosťou, príznakmi, chuťou do jedla, fotografiami, pripomienkami a exportmi v jednej súkromnej aplikácii.",Rybelsus,471,58,yes,no,no,1,no,105 alternates,yes,index
/sk/saxenda-tracker-iphone.html,sk,commercial,200,index,https://www.glpzy.app/sk/saxenda-tracker-iphone.html,Saxenda — Rýchle zaznamenávanie dávok bez neporiadku | GLPzy,"Saxenda: Sledujte túto rutinu s históriou dávok, hmotnosťou, príznakmi, chuťou do jedla, fotografiami, pripomienkami a exportmi v jednej súkromnej aplikácii.",Saxenda,469,56,yes,no,no,1,no,105 alternates,yes,index
/sk/semaglutide-tracker-iphone.html,sk,medicine,200,index,https://www.glpzy.app/sk/semaglutide-tracker-iphone.html,Semaglutide — Rýchle zaznamenávanie dávok bez neporiadku | GLPzy,"Semaglutide: Sledujte túto rutinu s históriou dávok, hmotnosťou, príznakmi, chuťou do jedla, fotografiami, pripomienkami a exportmi v jednej súkromnej aplikácii.",Semaglutide,479,60,yes,no,no,1,no,108 alternates,yes,index
/sk/support.html,sk,support,200,index,https://www.glpzy.app/sk/support.html,Podpora | GLPzy,"Skontrolujte rozsah podpory, kontakty na ochranu osobných údajov a pokyny, ktoré nie sú núdzové.",Podpora,453,100,yes,no,no,1,no,108 alternates,yes,index
/sk/terms.html,sk,support,200,index,https://www.glpzy.app/sk/terms.html,Podmienky používania | GLPzy,"Ceny, fakturačné obdobie a všetky podrobnosti úvodnej ponuky sa pred nákupom zobrazia z vášho účtu App Store. Spravujte alebo zrušte v nastaveniach App Store.",Podmienky používania,499,77,yes,no,no,1,no,108 alternates,yes,index
/sk/tirzepatide-tracker-iphone.html,sk,medicine,200,index,https://www.glpzy.app/sk/tirzepatide-tracker-iphone.html,Tirzepatide — Rýchle zaznamenávanie dávok bez neporiadku | GLPzy,"Tirzepatide: Sledujte túto rutinu s históriou dávok, hmotnosťou, príznakmi, chuťou do jedla, fotografiami, pripomienkami a exportmi v jednej súkromnej aplikácii.",Tirzepatide,484,59,yes,no,no,1,no,108 alternates,yes,index
/sk/trulicity-tracker-iphone.html,sk,commercial,200,index,https://www.glpzy.app/sk/trulicity-tracker-iphone.html,Trulicity — Rýchle zaznamenávanie dávok bez neporiadku | GLPzy,"Trulicity: Sledujte túto rutinu s históriou dávok, hmotnosťou, príznakmi, chuťou do jedla, fotografiami, pripomienkami a exportmi v jednej súkromnej aplikácii.",Trulicity,469,55,yes,no,no,1,no,105 alternates,yes,index
/sk/victoza-tracker-iphone.html,sk,commercial,200,index,https://www.glpzy.app/sk/victoza-tracker-iphone.html,Victoza — Rýchle zaznamenávanie dávok bez neporiadku | GLPzy,"Victoza: Sledujte túto rutinu s históriou dávok, hmotnosťou, príznakmi, chuťou do jedla, fotografiami, pripomienkami a exportmi v jednej súkromnej aplikácii.",Victoza,469,56,yes,no,no,1,no,105 alternates,yes,index
/sk/wegovy-tracker-iphone.html,sk,medicine,200,index,https://www.glpzy.app/sk/wegovy-tracker-iphone.html,Wegovy — Rýchle zaznamenávanie dávok bez neporiadku | GLPzy,"Wegovy: Sledujte túto rutinu s históriou dávok, hmotnosťou, príznakmi, chuťou do jedla, fotografiami, pripomienkami a exportmi v jednej súkromnej aplikácii.",Wegovy,479,58,yes,no,no,1,no,108 alternates,yes,index
/sk/zepbound-tracker-iphone.html,sk,medicine,200,index,https://www.glpzy.app/sk/zepbound-tracker-iphone.html,Zepbound — Rýchle zaznamenávanie dávok bez neporiadku | GLPzy,"Zepbound: Sledujte túto rutinu s históriou dávok, hmotnosťou, príznakmi, chuťou do jedla, fotografiami, pripomienkami a exportmi v jednej súkromnej aplikácii.",Zepbound,490,57,yes,no,no,1,no,108 alternates,yes,index
/sl/apple-health-glp-tracker.html,sl,commercial,200,index,https://www.glpzy.app/sl/apple-health-glp-tracker.html,Kontekst samo za branje iz Apple Health | GLPzy,"Dostop Apple Health ni obvezen in omejen na dovoljenja, ki jih dodelite. GLPzy uvozi zgodovino telesne teže in višine, nato prebere povzetke telesne sestave, spanja, gibanja, vadbe, kalorij, beljakovin in vode v načinu samo za branje. Nič ni zapisano nazaj.",Kontekst samo za branje iz Apple Health,535,54,yes,no,no,1,no,108 alternates,yes,index
/sl/compounded-glp-tracker-iphone.html,sl,commercial,200,index,https://www.glpzy.app/sl/compounded-glp-tracker-iphone.html,Sestavljeno — Hitro beleženje brez nereda | GLPzy,"Sestavljeno: Sledite tej rutini z zgodovino odmerkov, težo, simptomi, apetitom, fotografijami, opomniki in izvozi v eni zasebni aplikaciji.",Sestavljeno,480,56,yes,no,no,1,no,105 alternates,yes,index
/sl/custom-medication-tracker-iphone.html,sl,commercial,200,index,https://www.glpzy.app/sl/custom-medication-tracker-iphone.html,Po meri — Hitro beleženje brez nereda | GLPzy,"Po meri: Sledite tej rutini z zgodovino odmerkov, težo, simptomi, apetitom, fotografijami, opomniki in izvozi v eni zasebni aplikaciji.",Po meri,494,58,yes,no,no,1,no,105 alternates,yes,index
/sl/data-rights.html,sl,privacy,200,index,https://www.glpzy.app/sl/data-rights.html,Zgodovina izvoza | GLPzy,"GLPzy bo najprej ustvaril lokalno varnostno kopijo, nato pa zamenjal lokalne zapise v tej napravi.",Zgodovina izvoza,418,77,yes,no,no,1,no,108 alternates,yes,index
/sl/foundayo-tracker-iphone.html,sl,commercial,200,index,https://www.glpzy.app/sl/foundayo-tracker-iphone.html,Foundayo — Hitro beleženje brez nereda | GLPzy,"Foundayo: Sledite tej rutini z zgodovino odmerkov, težo, simptomi, apetitom, fotografijami, opomniki in izvozi v eni zasebni aplikaciji.",Foundayo,471,55,yes,no,no,1,no,105 alternates,yes,index
/sl/glp1-weight-dose-symptom-tracker.html,sl,commercial,200,index,https://www.glpzy.app/sl/glp1-weight-dose-symptom-tracker.html,"Vaša rutina GLP-1, urejena brez navlake | GLPzy","Beležite odmerke, težo, simptome, apetit, fotografije, opomnike in kontekst Apple Health v eni zasebni aplikaciji za osebni pregled.","Vaša rutina GLP-1, urejena brez navlake.",564,54,yes,no,no,1,no,108 alternates,yes,index
/sl/,sl,home,200,index,https://www.glpzy.app/sl/index.html,"Vaša rutina GLP-1, urejena brez navlake | GLPzy","Beležite odmerke, težo, simptome, apetit, fotografije, opomnike in kontekst Apple Health v eni zasebni aplikaciji za osebni pregled.","Vaša rutina GLP-1, urejena brez navlake.",818,137,yes,no,no,1,yes,108 alternates,yes,index
/sl/local-first-private-glp-tracker.html,sl,privacy,200,index,https://www.glpzy.app/sl/local-first-private-glp-tracker.html,"Privatno privzeto. Izvozljivo, ko se odločite | GLPzy","Za sledenje odmerkom, teži, simptomom, opomnikom ali naročilom ni potreben noben račun.","Privatno privzeto. Izvozljivo, ko se odločite.",489,54,yes,no,no,1,no,108 alternates,yes,index
/sl/medical-safety.html,sl,trust,200,index,https://www.glpzy.app/sl/medical-safety.html,Medicinska varnost | GLPzy,"GLPzy vam pomaga voditi jasnejši zapis o tem, kaj se je zgodilo. Ne postavlja diagnoze, predpisuje ali izbira odmerka.",Medicinska varnost,714,78,yes,no,no,1,no,105 alternates,yes,index
/sl/methodology.html,sl,trust,200,index,https://www.glpzy.app/sl/methodology.html,Metodologija | GLPzy,Ocenjeni trend izpostavljenosti uporablja zabeležen čas odmerka ter poenostavljen model absorpcije in izločanja samo za osebno sledenje.,Metodologija,734,77,yes,no,no,1,no,108 alternates,yes,index
/sl/mounjaro-tracker-iphone.html,sl,medicine,200,index,https://www.glpzy.app/sl/mounjaro-tracker-iphone.html,Mounjaro — Hitro beleženje brez nereda | GLPzy,"Mounjaro: Sledite tej rutini z zgodovino odmerkov, težo, simptomi, apetitom, fotografijami, opomniki in izvozi v eni zasebni aplikaciji.",Mounjaro,479,57,yes,no,no,1,no,108 alternates,yes,index
/sl/overview.html,sl,support,200,index,https://www.glpzy.app/sl/overview.html,GLPzy — Politika zasebnosti · Medicinska varnost · Podpora,"Preglejte obseg podpore, stike za zasebnost in navodila za nenujne primere.",GLPzy,429,54,yes,no,no,1,no,108 alternates,yes,index
/sl/ozempic-tracker-iphone.html,sl,commercial,200,index,https://www.glpzy.app/sl/ozempic-tracker-iphone.html,Ozempic — Hitro beleženje brez nereda | GLPzy,"Ozempic: Sledite tej rutini z zgodovino odmerkov, težo, simptomi, apetitom, fotografijami, opomniki in izvozi v eni zasebni aplikaciji.",Ozempic,476,58,yes,no,no,1,no,105 alternates,yes,index
/sl/privacy.html,sl,privacy,200,index,https://www.glpzy.app/sl/privacy.html,"Privatno privzeto. Izvozljivo, ko se odločite | GLPzy","Za sledenje odmerkom, teži, simptomom, opomnikom ali naročilom ni potreben noben račun.","Privatno privzeto. Izvozljivo, ko se odločite.",489,113,yes,no,no,1,no,108 alternates,yes,index
/sl/rybelsus-tracker-iphone.html,sl,commercial,200,index,https://www.glpzy.app/sl/rybelsus-tracker-iphone.html,Rybelsus — Hitro beleženje brez nereda | GLPzy,"Rybelsus: Sledite tej rutini z zgodovino odmerkov, težo, simptomi, apetitom, fotografijami, opomniki in izvozi v eni zasebni aplikaciji.",Rybelsus,472,58,yes,no,no,1,no,105 alternates,yes,index
/sl/saxenda-tracker-iphone.html,sl,commercial,200,index,https://www.glpzy.app/sl/saxenda-tracker-iphone.html,Saxenda — Hitro beleženje brez nereda | GLPzy,"Saxenda: Sledite tej rutini z zgodovino odmerkov, težo, simptomi, apetitom, fotografijami, opomniki in izvozi v eni zasebni aplikaciji.",Saxenda,470,56,yes,no,no,1,no,105 alternates,yes,index
/sl/semaglutide-tracker-iphone.html,sl,medicine,200,index,https://www.glpzy.app/sl/semaglutide-tracker-iphone.html,Semaglutide — Hitro beleženje brez nereda | GLPzy,"Semaglutide: Sledite tej rutini z zgodovino odmerkov, težo, simptomi, apetitom, fotografijami, opomniki in izvozi v eni zasebni aplikaciji.",Semaglutide,480,60,yes,no,no,1,no,108 alternates,yes,index
/sl/support.html,sl,support,200,index,https://www.glpzy.app/sl/support.html,Podpora | GLPzy,"Preglejte obseg podpore, stike za zasebnost in navodila za nenujne primere.",Podpora,463,100,yes,no,no,1,no,108 alternates,yes,index
/sl/terms.html,sl,support,200,index,https://www.glpzy.app/sl/terms.html,Pogoji uporabe | GLPzy,"Cene, obračunsko obdobje in vse podrobnosti uvodne ponudbe so pred nakupom prikazane v vašem računu App Store. Upravljajte ali prekličite v nastavitvah App Store.",Pogoji uporabe,510,77,yes,no,no,1,no,108 alternates,yes,index
/sl/tirzepatide-tracker-iphone.html,sl,medicine,200,index,https://www.glpzy.app/sl/tirzepatide-tracker-iphone.html,Tirzepatide — Hitro beleženje brez nereda | GLPzy,"Tirzepatide: Sledite tej rutini z zgodovino odmerkov, težo, simptomi, apetitom, fotografijami, opomniki in izvozi v eni zasebni aplikaciji.",Tirzepatide,485,59,yes,no,no,1,no,108 alternates,yes,index
/sl/trulicity-tracker-iphone.html,sl,commercial,200,index,https://www.glpzy.app/sl/trulicity-tracker-iphone.html,Trulicity — Hitro beleženje brez nereda | GLPzy,"Trulicity: Sledite tej rutini z zgodovino odmerkov, težo, simptomi, apetitom, fotografijami, opomniki in izvozi v eni zasebni aplikaciji.",Trulicity,471,55,yes,no,no,1,no,105 alternates,yes,index
/sl/victoza-tracker-iphone.html,sl,commercial,200,index,https://www.glpzy.app/sl/victoza-tracker-iphone.html,Victoza — Hitro beleženje brez nereda | GLPzy,"Victoza: Sledite tej rutini z zgodovino odmerkov, težo, simptomi, apetitom, fotografijami, opomniki in izvozi v eni zasebni aplikaciji.",Victoza,470,56,yes,no,no,1,no,105 alternates,yes,index
/sl/wegovy-tracker-iphone.html,sl,medicine,200,index,https://www.glpzy.app/sl/wegovy-tracker-iphone.html,Wegovy — Hitro beleženje brez nereda | GLPzy,"Wegovy: Sledite tej rutini z zgodovino odmerkov, težo, simptomi, apetitom, fotografijami, opomniki in izvozi v eni zasebni aplikaciji.",Wegovy,480,58,yes,no,no,1,no,108 alternates,yes,index
/sl/zepbound-tracker-iphone.html,sl,medicine,200,index,https://www.glpzy.app/sl/zepbound-tracker-iphone.html,Zepbound — Hitro beleženje brez nereda | GLPzy,"Zepbound: Sledite tej rutini z zgodovino odmerkov, težo, simptomi, apetitom, fotografijami, opomniki in izvozi v eni zasebni aplikaciji.",Zepbound,491,57,yes,no,no,1,no,108 alternates,yes,index
/sr/apple-health-glp-tracker.html,sr,commercial,200,index,https://www.glpzy.app/sr/apple-health-glp-tracker.html,Контекст само за читање од Apple Health | GLPzy,"Приступ Apple Health-у је опционалан и ограничен на дозволе које одобрите. GLPzy увози историју телесне тежине и висину, затим чита састав тела, сан, кретање, вежбање, калорије, протеине и воду у режиму само за читање. Ништа се не уписује назад.",Контекст само за читање од Apple Health,530,54,yes,no,no,1,no,108 alternates,yes,index
/sr/compounded-glp-tracker-iphone.html,sr,commercial,200,index,https://www.glpzy.app/sr/compounded-glp-tracker-iphone.html,Сложено — Брзо сечење без нереда | GLPzy,"Сложено: Пратите ову рутину са историјом доза, тежином, симптомима, апетитом, фотографијама, подсетницима и извозима у једној приватној апликацији.",Сложено,473,56,yes,no,no,1,no,105 alternates,yes,index
/sr/custom-medication-tracker-iphone.html,sr,commercial,200,index,https://www.glpzy.app/sr/custom-medication-tracker-iphone.html,Цустом — Брзо сечење без нереда | GLPzy,"Цустом: Пратите ову рутину са историјом доза, тежином, симптомима, апетитом, фотографијама, подсетницима и извозима у једној приватној апликацији.",Цустом,481,58,yes,no,no,1,no,105 alternates,yes,index
/sr/data-rights.html,sr,privacy,200,index,https://www.glpzy.app/sr/data-rights.html,Историја извоза | GLPzy,"GLPzy ће прво направити локалну сигурносну резервну копију, а затим заменити локалне записе на овом уређају.",Историја извоза,411,77,yes,no,no,1,no,108 alternates,yes,index
/sr/foundayo-tracker-iphone.html,sr,commercial,200,index,https://www.glpzy.app/sr/foundayo-tracker-iphone.html,Foundayo — Брзо сечење без нереда | GLPzy,"Foundayo: Пратите ову рутину са историјом доза, тежином, симптомима, апетитом, фотографијама, подсетницима и извозима у једној приватној апликацији.",Foundayo,463,55,yes,no,no,1,no,105 alternates,yes,index
/sr/glp1-weight-dose-symptom-tracker.html,sr,commercial,200,index,https://www.glpzy.app/sr/glp1-weight-dose-symptom-tracker.html,"Ваша GLP-1 рутина, организована без нереда | GLPzy","Бележите дозе, тежину, симптоме, апетит, фотографије, подсетнике и Apple Health контекст у једној приватној апликацији за лични преглед.","Ваша GLP-1 рутина, организована без нереда.",558,54,yes,no,no,1,no,108 alternates,yes,index
/sr/,sr,home,200,index,https://www.glpzy.app/sr/index.html,"Ваша GLP-1 рутина, организована без нереда | GLPzy","Бележите дозе, тежину, симптоме, апетит, фотографије, подсетнике и Apple Health контекст у једној приватној апликацији за лични преглед.","Ваша GLP-1 рутина, организована без нереда.",802,137,yes,no,no,1,yes,108 alternates,yes,index
/sr/local-first-private-glp-tracker.html,sr,privacy,200,index,https://www.glpzy.app/sr/local-first-private-glp-tracker.html,Приватно подразумевано. Извозиво када ви изаберете | GLPzy,"Није потребан налог за праћење доза, тежине, симптома, подсетника или поруџбина.",Приватно подразумевано. Извозиво када ви изаберете.,483,54,yes,no,no,1,no,108 alternates,yes,index
/sr/medical-safety.html,sr,trust,200,index,https://www.glpzy.app/sr/medical-safety.html,Медицинска сигурност | GLPzy,"GLPzy вам помаже да водите јаснију евиденцију о томе шта се догодило. Не поставља дијагнозу, не прописује и не бира вашу дозу.",Медицинска сигурност,710,78,yes,no,no,1,no,105 alternates,yes,index
/sr/methodology.html,sr,trust,200,index,https://www.glpzy.app/sr/methodology.html,Методологија | GLPzy,Тренд процењене изложености користи забележено време дозе плус поједностављени модел апсорпције и елиминације само за лично праћење.,Методологија,720,77,yes,no,no,1,no,108 alternates,yes,index
/sr/mounjaro-tracker-iphone.html,sr,medicine,200,index,https://www.glpzy.app/sr/mounjaro-tracker-iphone.html,Mounjaro — Брзо сечење без нереда | GLPzy,"Mounjaro: Пратите ову рутину са историјом доза, тежином, симптомима, апетитом, фотографијама, подсетницима и извозима у једној приватној апликацији.",Mounjaro,477,57,yes,no,no,1,no,108 alternates,yes,index
/sr/overview.html,sr,support,200,index,https://www.glpzy.app/sr/overview.html,GLPzy — Политика приватности · Медицинска сигурност · Подршка,"Прегледајте обим подршке, контакте за приватност и упутства која нису хитна.",GLPzy,420,54,yes,no,no,1,no,108 alternates,yes,index
/sr/ozempic-tracker-iphone.html,sr,commercial,200,index,https://www.glpzy.app/sr/ozempic-tracker-iphone.html,Ozempic — Брзо сечење без нереда | GLPzy,"Ozempic: Пратите ову рутину са историјом доза, тежином, симптомима, апетитом, фотографијама, подсетницима и извозима у једној приватној апликацији.",Ozempic,472,58,yes,no,no,1,no,105 alternates,yes,index
/sr/privacy.html,sr,privacy,200,index,https://www.glpzy.app/sr/privacy.html,Приватно подразумевано. Извозиво када ви изаберете | GLPzy,"Није потребан налог за праћење доза, тежине, симптома, подсетника или поруџбина.",Приватно подразумевано. Извозиво када ви изаберете.,483,113,yes,no,no,1,no,108 alternates,yes,index
/sr/rybelsus-tracker-iphone.html,sr,commercial,200,index,https://www.glpzy.app/sr/rybelsus-tracker-iphone.html,Rybelsus — Брзо сечење без нереда | GLPzy,"Rybelsus: Пратите ову рутину са историјом доза, тежином, симптомима, апетитом, фотографијама, подсетницима и извозима у једној приватној апликацији.",Rybelsus,465,58,yes,no,no,1,no,105 alternates,yes,index
/sr/saxenda-tracker-iphone.html,sr,commercial,200,index,https://www.glpzy.app/sr/saxenda-tracker-iphone.html,Saxenda — Брзо сечење без нереда | GLPzy,"Saxenda: Пратите ову рутину са историјом доза, тежином, симптомима, апетитом, фотографијама, подсетницима и извозима у једној приватној апликацији.",Saxenda,464,56,yes,no,no,1,no,105 alternates,yes,index
/sr/semaglutide-tracker-iphone.html,sr,medicine,200,index,https://www.glpzy.app/sr/semaglutide-tracker-iphone.html,Semaglutide — Брзо сечење без нереда | GLPzy,"Semaglutide: Пратите ову рутину са историјом доза, тежином, симптомима, апетитом, фотографијама, подсетницима и извозима у једној приватној апликацији.",Semaglutide,475,60,yes,no,no,1,no,108 alternates,yes,index
/sr/support.html,sr,support,200,index,https://www.glpzy.app/sr/support.html,Подршка | GLPzy,"Прегледајте обим подршке, контакте за приватност и упутства која нису хитна.",Подршка,456,100,yes,no,no,1,no,108 alternates,yes,index
/sr/terms.html,sr,support,200,index,https://www.glpzy.app/sr/terms.html,Услови коришћења | GLPzy,"Цене, обрачунски период и сви детаљи о уводној понуди приказују се са вашег App Store налога пре куповине. Управљајте или откажите у подешавањима App Store-а.",Услови коришћења,507,77,yes,no,no,1,no,108 alternates,yes,index
/sr/tirzepatide-tracker-iphone.html,sr,medicine,200,index,https://www.glpzy.app/sr/tirzepatide-tracker-iphone.html,Tirzepatide — Брзо сечење без нереда | GLPzy,"Tirzepatide: Пратите ову рутину са историјом доза, тежином, симптомима, апетитом, фотографијама, подсетницима и извозима у једној приватној апликацији.",Tirzepatide,481,59,yes,no,no,1,no,108 alternates,yes,index
/sr/trulicity-tracker-iphone.html,sr,commercial,200,index,https://www.glpzy.app/sr/trulicity-tracker-iphone.html,Trulicity — Брзо сечење без нереда | GLPzy,"Trulicity: Пратите ову рутину са историјом доза, тежином, симптомима, апетитом, фотографијама, подсетницима и извозима у једној приватној апликацији.",Trulicity,466,55,yes,no,no,1,no,105 alternates,yes,index
/sr/victoza-tracker-iphone.html,sr,commercial,200,index,https://www.glpzy.app/sr/victoza-tracker-iphone.html,Victoza — Брзо сечење без нереда | GLPzy,"Victoza: Пратите ову рутину са историјом доза, тежином, симптомима, апетитом, фотографијама, подсетницима и извозима у једној приватној апликацији.",Victoza,464,56,yes,no,no,1,no,105 alternates,yes,index
/sr/wegovy-tracker-iphone.html,sr,medicine,200,index,https://www.glpzy.app/sr/wegovy-tracker-iphone.html,Wegovy — Брзо сечење без нереда | GLPzy,"Wegovy: Пратите ову рутину са историјом доза, тежином, симптомима, апетитом, фотографијама, подсетницима и извозима у једној приватној апликацији.",Wegovy,475,58,yes,no,no,1,no,108 alternates,yes,index
/sr/zepbound-tracker-iphone.html,sr,medicine,200,index,https://www.glpzy.app/sr/zepbound-tracker-iphone.html,Zepbound — Брзо сечење без нереда | GLPzy,"Zepbound: Пратите ову рутину са историјом доза, тежином, симптомима, апетитом, фотографијама, подсетницима и извозима у једној приватној апликацији.",Zepbound,487,57,yes,no,no,1,no,108 alternates,yes,index
/sv/apple-health-glp-tracker.html,sv,commercial,200,index,https://www.glpzy.app/sv/apple-health-glp-tracker.html,Skrivskyddad kontext från Apple Health | GLPzy,"Apple Health åtkomst är valfri och begränsad till de behörigheter du ger. GLPzy importerar kroppsviktshistorik och längd och läser sedan sammanfattningar av kroppssammansättning, rörelse, träning, kalorier, protein och vatten i skrivskyddat läge. Inget skrivs tillbaka.",Skrivskyddad kontext från Apple Health,513,54,yes,no,no,1,no,108 alternates,yes,index
/sv/compounded-glp-tracker-iphone.html,sv,commercial,200,index,https://www.glpzy.app/sv/compounded-glp-tracker-iphone.html,Compounded​ — Snabb loggning utan skräp | GLPzy,"Compounded​: Spåra den här rutinen med doshistorik, vikt, symtom, aptit, foton, påminnelser och exporter i en privat app.",Compounded​,471,56,yes,no,no,1,no,105 alternates,yes,index
/sv/custom-medication-tracker-iphone.html,sv,commercial,200,index,https://www.glpzy.app/sv/custom-medication-tracker-iphone.html,Beställnings — Snabb loggning utan skräp | GLPzy,"Beställnings: Spåra den här rutinen med doshistorik, vikt, symtom, aptit, foton, påminnelser och exporter i en privat app.",Beställnings,479,58,yes,no,no,1,no,105 alternates,yes,index
/sv/data-rights.html,sv,privacy,200,index,https://www.glpzy.app/sv/data-rights.html,Exporthistorik | GLPzy,GLPzy skapar först en lokal säkerhetskopia och ersätter sedan lokala register på den här enheten.,Exporthistorik,403,77,yes,no,no,1,no,108 alternates,yes,index
/sv/foundayo-tracker-iphone.html,sv,commercial,200,index,https://www.glpzy.app/sv/foundayo-tracker-iphone.html,Foundayo — Snabb loggning utan skräp | GLPzy,"Foundayo: Spåra den här rutinen med doshistorik, vikt, symtom, aptit, foton, påminnelser och exporter i en privat app.",Foundayo,460,55,yes,no,no,1,no,105 alternates,yes,index
/sv/glp1-weight-dose-symptom-tracker.html,sv,commercial,200,index,https://www.glpzy.app/sv/glp1-weight-dose-symptom-tracker.html,"Din GLP-1-rutin, organiserad utan röra | GLPzy","Logga doser, vikt, symtom, aptit, foton, påminnelser och Apple Health-sammanhang i en privat app för personlig granskning.","Din GLP-1-rutin, organiserad utan röra.",544,54,yes,no,no,1,no,108 alternates,yes,index
/sv/,sv,home,200,index,https://www.glpzy.app/sv/index.html,"Din GLP-1-rutin, organiserad utan röra | GLPzy","Logga doser, vikt, symtom, aptit, foton, påminnelser och Apple Health-sammanhang i en privat app för personlig granskning.","Din GLP-1-rutin, organiserad utan röra.",772,137,yes,no,no,1,yes,108 alternates,yes,index
/sv/local-first-private-glp-tracker.html,sv,privacy,200,index,https://www.glpzy.app/sv/local-first-private-glp-tracker.html,Privat som standard. Exporterbar när du väljer | GLPzy,"Inget konto krävs för att spåra doser, vikt, symtom, påminnelser eller beställningar.",Privat som standard. Exporterbar när du väljer.,474,54,yes,no,no,1,no,108 alternates,yes,index
/sv/medical-safety.html,sv,trust,200,index,https://www.glpzy.app/sv/medical-safety.html,Medicinsk säkerhet | GLPzy,"GLPzy hjälper dig att hålla ett tydligare register över vad som hände. Den diagnostiserar inte, ordinerar eller väljer din dos.",Medicinsk säkerhet,683,78,yes,no,no,1,no,105 alternates,yes,index
/sv/methodology.html,sv,trust,200,index,https://www.glpzy.app/sv/methodology.html,Metodik | GLPzy,Beräknad exponeringstrend använder loggade dostidpunkter tillsammans med en förenklad absorptions- och eliminationsmodell endast för personlig uppföljning.,Metodik,692,77,yes,no,no,1,no,108 alternates,yes,index
/sv/mounjaro-tracker-iphone.html,sv,medicine,200,index,https://www.glpzy.app/sv/mounjaro-tracker-iphone.html,Mounjaro — Snabb loggning utan skräp | GLPzy,"Mounjaro: Spåra den här rutinen med doshistorik, vikt, symtom, aptit, foton, påminnelser och exporter i en privat app.",Mounjaro,470,57,yes,no,no,1,no,108 alternates,yes,index
/sv/overview.html,sv,support,200,index,https://www.glpzy.app/sv/overview.html,GLPzy — Integritetspolicy · Medicinsk säkerhet · Stöd,"Granska supportomfattning, sekretesskontakter och vägledning som inte är nödsituationer.",GLPzy,415,54,yes,no,no,1,no,108 alternates,yes,index
/sv/ozempic-tracker-iphone.html,sv,commercial,200,index,https://www.glpzy.app/sv/ozempic-tracker-iphone.html,Ozempic — Snabb loggning utan skräp | GLPzy,"Ozempic: Spåra den här rutinen med doshistorik, vikt, symtom, aptit, foton, påminnelser och exporter i en privat app.",Ozempic,467,58,yes,no,no,1,no,105 alternates,yes,index
/sv/privacy.html,sv,privacy,200,index,https://www.glpzy.app/sv/privacy.html,Privat som standard. Exporterbar när du väljer | GLPzy,"Inget konto krävs för att spåra doser, vikt, symtom, påminnelser eller beställningar.",Privat som standard. Exporterbar när du väljer.,474,113,yes,no,no,1,no,108 alternates,yes,index
/sv/rybelsus-tracker-iphone.html,sv,commercial,200,index,https://www.glpzy.app/sv/rybelsus-tracker-iphone.html,Rybelsus — Snabb loggning utan skräp | GLPzy,"Rybelsus: Spåra den här rutinen med doshistorik, vikt, symtom, aptit, foton, påminnelser och exporter i en privat app.",Rybelsus,462,58,yes,no,no,1,no,105 alternates,yes,index
/sv/saxenda-tracker-iphone.html,sv,commercial,200,index,https://www.glpzy.app/sv/saxenda-tracker-iphone.html,Saxenda — Snabb loggning utan skräp | GLPzy,"Saxenda: Spåra den här rutinen med doshistorik, vikt, symtom, aptit, foton, påminnelser och exporter i en privat app.",Saxenda,460,56,yes,no,no,1,no,105 alternates,yes,index
/sv/semaglutide-tracker-iphone.html,sv,medicine,200,index,https://www.glpzy.app/sv/semaglutide-tracker-iphone.html,Semaglutide — Snabb loggning utan skräp | GLPzy,"Semaglutide: Spåra den här rutinen med doshistorik, vikt, symtom, aptit, foton, påminnelser och exporter i en privat app.",Semaglutide,470,60,yes,no,no,1,no,108 alternates,yes,index
/sv/support.html,sv,support,200,index,https://www.glpzy.app/sv/support.html,Stöd | GLPzy,"Granska supportomfattning, sekretesskontakter och vägledning som inte är nödsituationer.",Stöd,441,100,yes,no,no,1,no,108 alternates,yes,index
/sv/terms.html,sv,support,200,index,https://www.glpzy.app/sv/terms.html,Användarvillkor | GLPzy,"Prissättning, faktureringsperiod och alla introduktionserbjudanden visas från ditt App Store-konto före köp. Hantera eller avbryt i App Store-inställningarna.",Användarvillkor,474,77,yes,no,no,1,no,108 alternates,yes,index
/sv/tirzepatide-tracker-iphone.html,sv,medicine,200,index,https://www.glpzy.app/sv/tirzepatide-tracker-iphone.html,Tirzepatide — Snabb loggning utan skräp | GLPzy,"Tirzepatide: Spåra den här rutinen med doshistorik, vikt, symtom, aptit, foton, påminnelser och exporter i en privat app.",Tirzepatide,474,59,yes,no,no,1,no,108 alternates,yes,index
/sv/trulicity-tracker-iphone.html,sv,commercial,200,index,https://www.glpzy.app/sv/trulicity-tracker-iphone.html,Trulicity — Snabb loggning utan skräp | GLPzy,"Trulicity: Spåra den här rutinen med doshistorik, vikt, symtom, aptit, foton, påminnelser och exporter i en privat app.",Trulicity,461,55,yes,no,no,1,no,105 alternates,yes,index
/sv/victoza-tracker-iphone.html,sv,commercial,200,index,https://www.glpzy.app/sv/victoza-tracker-iphone.html,Victoza — Snabb loggning utan skräp | GLPzy,"Victoza: Spåra den här rutinen med doshistorik, vikt, symtom, aptit, foton, påminnelser och exporter i en privat app.",Victoza,460,56,yes,no,no,1,no,105 alternates,yes,index
/sv/wegovy-tracker-iphone.html,sv,medicine,200,index,https://www.glpzy.app/sv/wegovy-tracker-iphone.html,Wegovy — Snabb loggning utan skräp | GLPzy,"Wegovy: Spåra den här rutinen med doshistorik, vikt, symtom, aptit, foton, påminnelser och exporter i en privat app.",Wegovy,470,58,yes,no,no,1,no,108 alternates,yes,index
/sv/zepbound-tracker-iphone.html,sv,medicine,200,index,https://www.glpzy.app/sv/zepbound-tracker-iphone.html,Zepbound — Snabb loggning utan skräp | GLPzy,"Zepbound: Spåra den här rutinen med doshistorik, vikt, symtom, aptit, foton, påminnelser och exporter i en privat app.",Zepbound,480,57,yes,no,no,1,no,108 alternates,yes,index
/ta/apple-health-glp-tracker.html,ta,commercial,200,index,https://www.glpzy.app/ta/apple-health-glp-tracker.html,Apple Health இலிருந்து படிக்க-மட்டும் சூழல் | GLPzy,"Apple Health அணுகல் விருப்பமானது மற்றும் நீங்கள் வழங்கும் அனுமதிகளுக்கு மட்டுமே. GLPzy உடல் எடை வரலாறு மற்றும் உயரத்தை இறக்குமதி செய்கிறது, பின்னர் உடல் அமைப்பு, தூக்கம், இயக்கம், உடற்பயிற்சி, கலோரிகள், புரதம் மற்றும் நீர் சுருக்கங்களை படிக்க மட்டும் பயன்முறையில் படிக்கிறது. எதுவும் திருப்பி எழுதப்படவில்லை.",Apple Health இலிருந்து படிக்க-மட்டும் சூழல்,844,54,yes,no,no,1,no,108 alternates,yes,index
/ta/compounded-glp-tracker-iphone.html,ta,commercial,200,index,https://www.glpzy.app/ta/compounded-glp-tracker-iphone.html,கூட்டு — ஒழுங்கீனம் இல்லாமல் விரைவான பதிவு | GLPzy,"கூட்டு: ஒரு தனியார் செயலியில் டோஸ் வரலாறு, எடை, அறிகுறிகள், பசி, புகைப்படங்கள், நினைவூட்டல்கள் மற்றும் ஏற்றுமதிகளுடன் இந்த நடைமுறையைப் பதிவுசெய்யுங்கள்.",கூட்டு,913,56,yes,no,no,1,no,105 alternates,yes,index
/ta/custom-medication-tracker-iphone.html,ta,commercial,200,index,https://www.glpzy.app/ta/custom-medication-tracker-iphone.html,தனிப்பயன் — ஒழுங்கீனம் இல்லாமல் விரைவான பதிவு | GLPzy,"தனிப்பயன்: ஒரு தனியார் செயலியில் டோஸ் வரலாறு, எடை, அறிகுறிகள், பசி, புகைப்படங்கள், நினைவூட்டல்கள் மற்றும் ஏற்றுமதிகளுடன் இந்த நடைமுறையைப் பதிவுசெய்யுங்கள்.",தனிப்பயன்,934,58,yes,no,no,1,no,105 alternates,yes,index
/ta/data-rights.html,ta,privacy,200,index,https://www.glpzy.app/ta/data-rights.html,ஏற்றுமதி வரலாறு | GLPzy,"GLPzy முதலில் உள்ளூர் பாதுகாப்பு காப்புப்பிரதியை உருவாக்கும், பின்னர் இந்தச் சாதனத்தில் உள்ளூர் பதிவுகளை மாற்றும்.",ஏற்றுமதி வரலாறு,729,77,yes,no,no,1,no,108 alternates,yes,index
/ta/foundayo-tracker-iphone.html,ta,commercial,200,index,https://www.glpzy.app/ta/foundayo-tracker-iphone.html,Foundayo — ஒழுங்கீனம் இல்லாமல் விரைவான பதிவு | GLPzy,"Foundayo: ஒரு தனியார் செயலியில் டோஸ் வரலாறு, எடை, அறிகுறிகள், பசி, புகைப்படங்கள், நினைவூட்டல்கள் மற்றும் ஏற்றுமதிகளுடன் இந்த நடைமுறையைப் பதிவுசெய்யுங்கள்.",Foundayo,887,55,yes,no,no,1,no,105 alternates,yes,index
/ta/glp1-weight-dose-symptom-tracker.html,ta,commercial,200,index,https://www.glpzy.app/ta/glp1-weight-dose-symptom-tracker.html,"உங்கள் GLP-1 நடைமுறை, குழப்பமின்றி ஒழுங்குபடுத்தப்பட்டது | GLPzy","தனிப்பட்ட மதிப்பாய்விற்காக ஒரு தனியார் செயலியில் டோஸ், எடை, அறிகுறிகள், பசி, புகைப்படங்கள், நினைவூட்டல்கள் மற்றும் Apple Health சூழலை பதிவு செய்யுங்கள்.","உங்கள் GLP-1 நடைமுறை, குழப்பமின்றி ஒழுங்குபடுத்தப்பட்டது.",1077,54,yes,no,no,1,no,108 alternates,yes,index
/ta/,ta,home,200,index,https://www.glpzy.app/ta/index.html,"உங்கள் GLP-1 நடைமுறை, குழப்பமின்றி ஒழுங்குபடுத்தப்பட்டது | GLPzy","தனிப்பட்ட மதிப்பாய்விற்காக ஒரு தனியார் செயலியில் டோஸ், எடை, அறிகுறிகள், பசி, புகைப்படங்கள், நினைவூட்டல்கள் மற்றும் Apple Health சூழலை பதிவு செய்யுங்கள்.","உங்கள் GLP-1 நடைமுறை, குழப்பமின்றி ஒழுங்குபடுத்தப்பட்டது.",1743,137,yes,no,no,1,yes,108 alternates,yes,index
/ta/local-first-private-glp-tracker.html,ta,privacy,200,index,https://www.glpzy.app/ta/local-first-private-glp-tracker.html,இயல்பாகவே தனிப்பட்டது. நீங்கள் தேர்ந்தெடுக்கும்போது ஏற்றுமதி செய்யலாம் | GLPzy,"அளவுகள், எடை, அறிகுறிகள், நினைவூட்டல்கள் அல்லது ஆர்டர்களைக் கண்காணிக்க எந்தக் கணக்கும் தேவையில்லை.",இயல்பாகவே தனிப்பட்டது. நீங்கள் தேர்ந்தெடுக்கும்போது ஏற்றுமதி செய்யலாம்.,844,54,yes,no,no,1,no,108 alternates,yes,index
/ta/medical-safety.html,ta,trust,200,index,https://www.glpzy.app/ta/medical-safety.html,மருத்துவ பாதுகாப்பு | GLPzy,"என்ன நடந்தது என்பதைப் பற்றிய தெளிவான பதிவை வைத்திருக்க GLPzy உதவுகிறது. இது உங்கள் அளவைக் கண்டறியவோ, பரிந்துரைக்கவோ அல்லது தேர்வு செய்யவோ இல்லை.",மருத்துவ பாதுகாப்பு,1605,78,yes,no,no,1,no,105 alternates,yes,index
/ta/methodology.html,ta,trust,200,index,https://www.glpzy.app/ta/methodology.html,முறையியல் | GLPzy,"மதிப்பிடப்பட்ட வெளிப்பாடு போக்கு, பதிவுசெய்யப்பட்ட டோஸ் நேரத்தைப் பயன்படுத்துகிறது மற்றும் தனிப்பட்ட கண்காணிப்புக்கு மட்டுமே எளிமைப்படுத்தப்பட்ட உறிஞ்சுதல் மற்றும் நீக்குதல் மாதிரியைப் பயன்படுத்துகிறது.",முறையியல்,1731,77,yes,no,no,1,no,108 alternates,yes,index
/ta/mounjaro-tracker-iphone.html,ta,medicine,200,index,https://www.glpzy.app/ta/mounjaro-tracker-iphone.html,Mounjaro — ஒழுங்கீனம் இல்லாமல் விரைவான பதிவு | GLPzy,"Mounjaro: ஒரு தனியார் செயலியில் டோஸ் வரலாறு, எடை, அறிகுறிகள், பசி, புகைப்படங்கள், நினைவூட்டல்கள் மற்றும் ஏற்றுமதிகளுடன் இந்த நடைமுறையைப் பதிவுசெய்யுங்கள்.",Mounjaro,912,57,yes,no,no,1,no,108 alternates,yes,index
/ta/overview.html,ta,support,200,index,https://www.glpzy.app/ta/overview.html,GLPzy — தனியுரிமைக் கொள்கை · மருத்துவ பாதுகாப்பு · ஆதரவு,"ஆதரவு நோக்கம், தனியுரிமை தொடர்புகள் மற்றும் அவசரமற்ற வழிகாட்டல் ஆகியவற்றை மதிப்பாய்வு செய்யவும்.",GLPzy,798,54,yes,no,no,1,no,108 alternates,yes,index
/ta/ozempic-tracker-iphone.html,ta,commercial,200,index,https://www.glpzy.app/ta/ozempic-tracker-iphone.html,Ozempic — ஒழுங்கீனம் இல்லாமல் விரைவான பதிவு | GLPzy,"Ozempic: ஒரு தனியார் செயலியில் டோஸ் வரலாறு, எடை, அறிகுறிகள், பசி, புகைப்படங்கள், நினைவூட்டல்கள் மற்றும் ஏற்றுமதிகளுடன் இந்த நடைமுறையைப் பதிவுசெய்யுங்கள்.",Ozempic,900,58,yes,no,no,1,no,105 alternates,yes,index
/ta/privacy.html,ta,privacy,200,index,https://www.glpzy.app/ta/privacy.html,இயல்பாகவே தனிப்பட்டது. நீங்கள் தேர்ந்தெடுக்கும்போது ஏற்றுமதி செய்யலாம் | GLPzy,"அளவுகள், எடை, அறிகுறிகள், நினைவூட்டல்கள் அல்லது ஆர்டர்களைக் கண்காணிக்க எந்தக் கணக்கும் தேவையில்லை.",இயல்பாகவே தனிப்பட்டது. நீங்கள் தேர்ந்தெடுக்கும்போது ஏற்றுமதி செய்யலாம்.,844,113,yes,no,no,1,no,108 alternates,yes,index
/ta/rybelsus-tracker-iphone.html,ta,commercial,200,index,https://www.glpzy.app/ta/rybelsus-tracker-iphone.html,Rybelsus — ஒழுங்கீனம் இல்லாமல் விரைவான பதிவு | GLPzy,"Rybelsus: ஒரு தனியார் செயலியில் டோஸ் வரலாறு, எடை, அறிகுறிகள், பசி, புகைப்படங்கள், நினைவூட்டல்கள் மற்றும் ஏற்றுமதிகளுடன் இந்த நடைமுறையைப் பதிவுசெய்யுங்கள்.",Rybelsus,887,58,yes,no,no,1,no,105 alternates,yes,index
/ta/saxenda-tracker-iphone.html,ta,commercial,200,index,https://www.glpzy.app/ta/saxenda-tracker-iphone.html,Saxenda — ஒழுங்கீனம் இல்லாமல் விரைவான பதிவு | GLPzy,"Saxenda: ஒரு தனியார் செயலியில் டோஸ் வரலாறு, எடை, அறிகுறிகள், பசி, புகைப்படங்கள், நினைவூட்டல்கள் மற்றும் ஏற்றுமதிகளுடன் இந்த நடைமுறையைப் பதிவுசெய்யுங்கள்.",Saxenda,883,56,yes,no,no,1,no,105 alternates,yes,index
/ta/semaglutide-tracker-iphone.html,ta,medicine,200,index,https://www.glpzy.app/ta/semaglutide-tracker-iphone.html,Semaglutide — ஒழுங்கீனம் இல்லாமல் விரைவான பதிவு | GLPzy,"Semaglutide: ஒரு தனியார் செயலியில் டோஸ் வரலாறு, எடை, அறிகுறிகள், பசி, புகைப்படங்கள், நினைவூட்டல்கள் மற்றும் ஏற்றுமதிகளுடன் இந்த நடைமுறையைப் பதிவுசெய்யுங்கள்.",Semaglutide,910,60,yes,no,no,1,no,108 alternates,yes,index
/ta/support.html,ta,support,200,index,https://www.glpzy.app/ta/support.html,ஆதரவு | GLPzy,"ஆதரவு நோக்கம், தனியுரிமை தொடர்புகள் மற்றும் அவசரமற்ற வழிகாட்டல் ஆகியவற்றை மதிப்பாய்வு செய்யவும்.",ஆதரவு,919,100,yes,no,no,1,no,108 alternates,yes,index
/ta/terms.html,ta,support,200,index,https://www.glpzy.app/ta/terms.html,பயன்பாட்டு விதிமுறைகள் | GLPzy,"விலை, பில்லிங் காலம் மற்றும் ஏதேனும் அறிமுக சலுகை விவரங்கள் வாங்குவதற்கு முன் உங்கள் App Store கணக்கில் காட்டப்படும். App Store அமைப்புகளில் நிர்வகிக்கவும் அல்லது ரத்து செய்யவும்.",பயன்பாட்டு விதிமுறைகள்,1041,77,yes,no,no,1,no,108 alternates,yes,index
/ta/tirzepatide-tracker-iphone.html,ta,medicine,200,index,https://www.glpzy.app/ta/tirzepatide-tracker-iphone.html,Tirzepatide — ஒழுங்கீனம் இல்லாமல் விரைவான பதிவு | GLPzy,"Tirzepatide: ஒரு தனியார் செயலியில் டோஸ் வரலாறு, எடை, அறிகுறிகள், பசி, புகைப்படங்கள், நினைவூட்டல்கள் மற்றும் ஏற்றுமதிகளுடன் இந்த நடைமுறையைப் பதிவுசெய்யுங்கள்.",Tirzepatide,924,59,yes,no,no,1,no,108 alternates,yes,index
/ta/trulicity-tracker-iphone.html,ta,commercial,200,index,https://www.glpzy.app/ta/trulicity-tracker-iphone.html,Trulicity — ஒழுங்கீனம் இல்லாமல் விரைவான பதிவு | GLPzy,"Trulicity: ஒரு தனியார் செயலியில் டோஸ் வரலாறு, எடை, அறிகுறிகள், பசி, புகைப்படங்கள், நினைவூட்டல்கள் மற்றும் ஏற்றுமதிகளுடன் இந்த நடைமுறையைப் பதிவுசெய்யுங்கள்.",Trulicity,889,55,yes,no,no,1,no,105 alternates,yes,index
/ta/victoza-tracker-iphone.html,ta,commercial,200,index,https://www.glpzy.app/ta/victoza-tracker-iphone.html,Victoza — ஒழுங்கீனம் இல்லாமல் விரைவான பதிவு | GLPzy,"Victoza: ஒரு தனியார் செயலியில் டோஸ் வரலாறு, எடை, அறிகுறிகள், பசி, புகைப்படங்கள், நினைவூட்டல்கள் மற்றும் ஏற்றுமதிகளுடன் இந்த நடைமுறையைப் பதிவுசெய்யுங்கள்.",Victoza,883,56,yes,no,no,1,no,105 alternates,yes,index
/ta/wegovy-tracker-iphone.html,ta,medicine,200,index,https://www.glpzy.app/ta/wegovy-tracker-iphone.html,Wegovy — ஒழுங்கீனம் இல்லாமல் விரைவான பதிவு | GLPzy,"Wegovy: ஒரு தனியார் செயலியில் டோஸ் வரலாறு, எடை, அறிகுறிகள், பசி, புகைப்படங்கள், நினைவூட்டல்கள் மற்றும் ஏற்றுமதிகளுடன் இந்த நடைமுறையைப் பதிவுசெய்யுங்கள்.",Wegovy,910,58,yes,no,no,1,no,108 alternates,yes,index
/ta/zepbound-tracker-iphone.html,ta,medicine,200,index,https://www.glpzy.app/ta/zepbound-tracker-iphone.html,Zepbound — ஒழுங்கீனம் இல்லாமல் விரைவான பதிவு | GLPzy,"Zepbound: ஒரு தனியார் செயலியில் டோஸ் வரலாறு, எடை, அறிகுறிகள், பசி, புகைப்படங்கள், நினைவூட்டல்கள் மற்றும் ஏற்றுமதிகளுடன் இந்த நடைமுறையைப் பதிவுசெய்யுங்கள்.",Zepbound,942,57,yes,no,no,1,no,108 alternates,yes,index
/te/apple-health-glp-tracker.html,te,commercial,200,index,https://www.glpzy.app/te/apple-health-glp-tracker.html,Apple Health నుండి చదవడానికి మాత్రమే సందర్భం | GLPzy,"Apple Health యాక్సెస్ ఐచ్ఛికం మరియు మీరు మంజూరు చేసే అనుమతులకు పరిమితం. GLPzy శరీర బరువు చరిత్ర మరియు ఎత్తును దిగుమతి చేస్తుంది, ఆపై శరీర కూర్పు, నిద్ర, కదలిక, వ్యాయామం, కేలరీలు, ప్రోటీన్ మరియు నీటి సారాంశాలను చదవడానికి మాత్రమే మోడ్‌లో చదువుతుంది. తిరిగి ఏమీ వ్రాయలేదు.",Apple Health నుండి చదవడానికి మాత్రమే సందర్భం,812,54,yes,no,no,1,no,108 alternates,yes,index
/te/compounded-glp-tracker-iphone.html,te,commercial,200,index,https://www.glpzy.app/te/compounded-glp-tracker-iphone.html,సమ్మేళనం చేయబడింది — అయోమయ లేకుండా త్వరిత లాగింగ్ | GLPzy,"సమ్మేళనం చేయబడింది: ఒక ప్రైవేట్ యాప్‌లో డోస్ చరిత్ర, బరువు, లక్షణాలు, ఆకలి, ఫోటోలు, రిమైండర్లు మరియు ఎగుమతులతో ఈ రూటిన్‌ను ట్రాక్ చేయండి.",సమ్మేళనం చేయబడింది,835,56,yes,no,no,1,no,105 alternates,yes,index
/te/custom-medication-tracker-iphone.html,te,commercial,200,index,https://www.glpzy.app/te/custom-medication-tracker-iphone.html,కస్టమ్ — అయోమయ లేకుండా త్వరిత లాగింగ్ | GLPzy,"కస్టమ్: ఒక ప్రైవేట్ యాప్‌లో డోస్ చరిత్ర, బరువు, లక్షణాలు, ఆకలి, ఫోటోలు, రిమైండర్లు మరియు ఎగుమతులతో ఈ రూటిన్‌ను ట్రాక్ చేయండి.",కస్టమ్,839,58,yes,no,no,1,no,105 alternates,yes,index
/te/data-rights.html,te,privacy,200,index,https://www.glpzy.app/te/data-rights.html,ఎగుమతి చరిత్ర | GLPzy,"GLPzy ముందుగా స్థానిక భద్రతా బ్యాకప్‌ని సృష్టిస్తుంది, ఆపై ఈ పరికరంలో స్థానిక రికార్డులను భర్తీ చేస్తుంది.",ఎగుమతి చరిత్ర,704,77,yes,no,no,1,no,108 alternates,yes,index
/te/foundayo-tracker-iphone.html,te,commercial,200,index,https://www.glpzy.app/te/foundayo-tracker-iphone.html,Foundayo — అయోమయ లేకుండా త్వరిత లాగింగ్ | GLPzy,"Foundayo: ఒక ప్రైవేట్ యాప్‌లో డోస్ చరిత్ర, బరువు, లక్షణాలు, ఆకలి, ఫోటోలు, రిమైండర్లు మరియు ఎగుమతులతో ఈ రూటిన్‌ను ట్రాక్ చేయండి.",Foundayo,789,55,yes,no,no,1,no,105 alternates,yes,index
/te/glp1-weight-dose-symptom-tracker.html,te,commercial,200,index,https://www.glpzy.app/te/glp1-weight-dose-symptom-tracker.html,"మీ GLP-1 రూటిన్, గందరగోళం లేకుండా క్రమబద్ధంగా | GLPzy","వ్యక్తిగత సమీక్ష కోసం ఒక ప్రైవేట్ యాప్‌లో డోసులు, బరువు, లక్షణాలు, ఆకలి, ఫోటోలు, రిమైండర్లు మరియు Apple Health సందర్భాన్ని నమోదు చేయండి.","మీ GLP-1 రూటిన్, గందరగోళం లేకుండా క్రమబద్ధంగా.",1002,54,yes,no,no,1,no,108 alternates,yes,index
/te/,te,home,200,index,https://www.glpzy.app/te/index.html,"మీ GLP-1 రూటిన్, గందరగోళం లేకుండా క్రమబద్ధంగా | GLPzy","వ్యక్తిగత సమీక్ష కోసం ఒక ప్రైవేట్ యాప్‌లో డోసులు, బరువు, లక్షణాలు, ఆకలి, ఫోటోలు, రిమైండర్లు మరియు Apple Health సందర్భాన్ని నమోదు చేయండి.","మీ GLP-1 రూటిన్, గందరగోళం లేకుండా క్రమబద్ధంగా.",1585,137,yes,no,no,1,yes,108 alternates,yes,index
/te/local-first-private-glp-tracker.html,te,privacy,200,index,https://www.glpzy.app/te/local-first-private-glp-tracker.html,డిఫాల్ట్‌గా ప్రైవేట్. మీరు ఎంచుకున్నప్పుడు ఎగుమతి చేయవచ్చు | GLPzy,"మోతాదులు, బరువు, లక్షణాలు, రిమైండర్‌లు లేదా ఆర్డర్‌లను ట్రాక్ చేయడానికి ఖాతా అవసరం లేదు.",డిఫాల్ట్‌గా ప్రైవేట్. మీరు ఎంచుకున్నప్పుడు ఎగుమతి చేయవచ్చు.,821,54,yes,no,no,1,no,108 alternates,yes,index
/te/medical-safety.html,te,trust,200,index,https://www.glpzy.app/te/medical-safety.html,వైద్య భద్రత | GLPzy,"GLPzy ఏమి జరిగిందో స్పష్టంగా రికార్డ్ చేయడానికి మీకు సహాయపడుతుంది. ఇది మీ మోతాదును నిర్ధారించదు, సూచించదు లేదా ఎంచుకోదు.",వైద్య భద్రత,1366,78,yes,no,no,1,no,105 alternates,yes,index
/te/methodology.html,te,trust,200,index,https://www.glpzy.app/te/methodology.html,మెథడాలజీ | GLPzy,అంచనా వేయబడిన ఎక్స్‌పోజర్ ట్రెండ్ వ్యక్తిగత ట్రాకింగ్ కోసం మాత్రమే లాగ్ చేయబడిన డోస్ టైమింగ్‌తో పాటు సరళీకృత శోషణ మరియు తొలగింపు మోడల్‌ని ఉపయోగిస్తుంది.,మెథడాలజీ,1467,77,yes,no,no,1,no,108 alternates,yes,index
/te/mounjaro-tracker-iphone.html,te,medicine,200,index,https://www.glpzy.app/te/mounjaro-tracker-iphone.html,Mounjaro — అయోమయ లేకుండా త్వరిత లాగింగ్ | GLPzy,"Mounjaro: ఒక ప్రైవేట్ యాప్‌లో డోస్ చరిత్ర, బరువు, లక్షణాలు, ఆకలి, ఫోటోలు, రిమైండర్లు మరియు ఎగుమతులతో ఈ రూటిన్‌ను ట్రాక్ చేయండి.",Mounjaro,829,57,yes,no,no,1,no,108 alternates,yes,index
/te/overview.html,te,support,200,index,https://www.glpzy.app/te/overview.html,GLPzy — గోప్యతా విధానం · వైద్య భద్రత · మద్దతు,"సపోర్ట్ స్కోప్, గోప్యతా కాంటాక్ట్‌లు మరియు నాన్-ఎమర్జెన్సీ గైడెన్స్‌ని రివ్యూ చేయండి.",GLPzy,737,54,yes,no,no,1,no,108 alternates,yes,index
/te/ozempic-tracker-iphone.html,te,commercial,200,index,https://www.glpzy.app/te/ozempic-tracker-iphone.html,Ozempic — అయోమయ లేకుండా త్వరిత లాగింగ్ | GLPzy,"Ozempic: ఒక ప్రైవేట్ యాప్‌లో డోస్ చరిత్ర, బరువు, లక్షణాలు, ఆకలి, ఫోటోలు, రిమైండర్లు మరియు ఎగుమతులతో ఈ రూటిన్‌ను ట్రాక్ చేయండి.",Ozempic,813,58,yes,no,no,1,no,105 alternates,yes,index
/te/privacy.html,te,privacy,200,index,https://www.glpzy.app/te/privacy.html,డిఫాల్ట్‌గా ప్రైవేట్. మీరు ఎంచుకున్నప్పుడు ఎగుమతి చేయవచ్చు | GLPzy,"మోతాదులు, బరువు, లక్షణాలు, రిమైండర్‌లు లేదా ఆర్డర్‌లను ట్రాక్ చేయడానికి ఖాతా అవసరం లేదు.",డిఫాల్ట్‌గా ప్రైవేట్. మీరు ఎంచుకున్నప్పుడు ఎగుమతి చేయవచ్చు.,821,113,yes,no,no,1,no,108 alternates,yes,index
/te/rybelsus-tracker-iphone.html,te,commercial,200,index,https://www.glpzy.app/te/rybelsus-tracker-iphone.html,Rybelsus — అయోమయ లేకుండా త్వరిత లాగింగ్ | GLPzy,"Rybelsus: ఒక ప్రైవేట్ యాప్‌లో డోస్ చరిత్ర, బరువు, లక్షణాలు, ఆకలి, ఫోటోలు, రిమైండర్లు మరియు ఎగుమతులతో ఈ రూటిన్‌ను ట్రాక్ చేయండి.",Rybelsus,790,58,yes,no,no,1,no,105 alternates,yes,index
/te/saxenda-tracker-iphone.html,te,commercial,200,index,https://www.glpzy.app/te/saxenda-tracker-iphone.html,Saxenda — అయోమయ లేకుండా త్వరిత లాగింగ్ | GLPzy,"Saxenda: ఒక ప్రైవేట్ యాప్‌లో డోస్ చరిత్ర, బరువు, లక్షణాలు, ఆకలి, ఫోటోలు, రిమైండర్లు మరియు ఎగుమతులతో ఈ రూటిన్‌ను ట్రాక్ చేయండి.",Saxenda,792,56,yes,no,no,1,no,105 alternates,yes,index
/te/semaglutide-tracker-iphone.html,te,medicine,200,index,https://www.glpzy.app/te/semaglutide-tracker-iphone.html,Semaglutide — అయోమయ లేకుండా త్వరిత లాగింగ్ | GLPzy,"Semaglutide: ఒక ప్రైవేట్ యాప్‌లో డోస్ చరిత్ర, బరువు, లక్షణాలు, ఆకలి, ఫోటోలు, రిమైండర్లు మరియు ఎగుమతులతో ఈ రూటిన్‌ను ట్రాక్ చేయండి.",Semaglutide,823,60,yes,no,no,1,no,108 alternates,yes,index
/te/support.html,te,support,200,index,https://www.glpzy.app/te/support.html,మద్దతు | GLPzy,"సపోర్ట్ స్కోప్, గోప్యతా కాంటాక్ట్‌లు మరియు నాన్-ఎమర్జెన్సీ గైడెన్స్‌ని రివ్యూ చేయండి.",మద్దతు,837,100,yes,no,no,1,no,108 alternates,yes,index
/te/terms.html,te,support,200,index,https://www.glpzy.app/te/terms.html,ఉపయోగ నిబంధనలు | GLPzy,"కొనుగోలుకు ముందు మీ App Store ఖాతా నుండి ధర, బిల్లింగ్ వ్యవధి మరియు ఏవైనా పరిచయ ఆఫర్ వివరాలు చూపబడతాయి. App Store సెట్టింగ్‌లలో నిర్వహించండి లేదా రద్దు చేయండి.",ఉపయోగ నిబంధనలు,942,77,yes,no,no,1,no,108 alternates,yes,index
/te/tirzepatide-tracker-iphone.html,te,medicine,200,index,https://www.glpzy.app/te/tirzepatide-tracker-iphone.html,Tirzepatide — అయోమయ లేకుండా త్వరిత లాగింగ్ | GLPzy,"Tirzepatide: ఒక ప్రైవేట్ యాప్‌లో డోస్ చరిత్ర, బరువు, లక్షణాలు, ఆకలి, ఫోటోలు, రిమైండర్లు మరియు ఎగుమతులతో ఈ రూటిన్‌ను ట్రాక్ చేయండి.",Tirzepatide,846,59,yes,no,no,1,no,108 alternates,yes,index
/te/trulicity-tracker-iphone.html,te,commercial,200,index,https://www.glpzy.app/te/trulicity-tracker-iphone.html,Trulicity — అయోమయ లేకుండా త్వరిత లాగింగ్ | GLPzy,"Trulicity: ఒక ప్రైవేట్ యాప్‌లో డోస్ చరిత్ర, బరువు, లక్షణాలు, ఆకలి, ఫోటోలు, రిమైండర్లు మరియు ఎగుమతులతో ఈ రూటిన్‌ను ట్రాక్ చేయండి.",Trulicity,796,55,yes,no,no,1,no,105 alternates,yes,index
/te/victoza-tracker-iphone.html,te,commercial,200,index,https://www.glpzy.app/te/victoza-tracker-iphone.html,Victoza — అయోమయ లేకుండా త్వరిత లాగింగ్ | GLPzy,"Victoza: ఒక ప్రైవేట్ యాప్‌లో డోస్ చరిత్ర, బరువు, లక్షణాలు, ఆకలి, ఫోటోలు, రిమైండర్లు మరియు ఎగుమతులతో ఈ రూటిన్‌ను ట్రాక్ చేయండి.",Victoza,792,56,yes,no,no,1,no,105 alternates,yes,index
/te/wegovy-tracker-iphone.html,te,medicine,200,index,https://www.glpzy.app/te/wegovy-tracker-iphone.html,Wegovy — అయోమయ లేకుండా త్వరిత లాగింగ్ | GLPzy,"Wegovy: ఒక ప్రైవేట్ యాప్‌లో డోస్ చరిత్ర, బరువు, లక్షణాలు, ఆకలి, ఫోటోలు, రిమైండర్లు మరియు ఎగుమతులతో ఈ రూటిన్‌ను ట్రాక్ చేయండి.",Wegovy,823,58,yes,no,no,1,no,108 alternates,yes,index
/te/zepbound-tracker-iphone.html,te,medicine,200,index,https://www.glpzy.app/te/zepbound-tracker-iphone.html,Zepbound — అయోమయ లేకుండా త్వరిత లాగింగ్ | GLPzy,"Zepbound: ఒక ప్రైవేట్ యాప్‌లో డోస్ చరిత్ర, బరువు, లక్షణాలు, ఆకలి, ఫోటోలు, రిమైండర్లు మరియు ఎగుమతులతో ఈ రూటిన్‌ను ట్రాక్ చేయండి.",Zepbound,866,57,yes,no,no,1,no,108 alternates,yes,index
/th/apple-health-glp-tracker.html,th,commercial,200,index,https://www.glpzy.app/th/apple-health-glp-tracker.html,บริบทแบบอ่านอย่างเดียวจาก Apple Health | GLPzy,การเข้าถึง Apple Health เป็นทางเลือกและจำกัดเฉพาะการอนุญาตที่คุณให้ GLPzy นำเข้าประวัติน้ำหนักตัวและส่วนสูง จากนั้นอ่านสรุปองค์ประกอบร่างกาย การนอนหลับ การเคลื่อนไหว การออกกำลังกาย แคลอรี่ โปรตีน และน้ำในโหมดอ่านอย่างเดียว ไม่มีอะไรถูกเขียนกลับ,บริบทแบบอ่านอย่างเดียวจาก Apple Health,601,54,yes,no,no,1,no,108 alternates,yes,index
/th/compounded-glp-tracker-iphone.html,th,commercial,200,index,https://www.glpzy.app/th/compounded-glp-tracker-iphone.html,ยาผสม — บันทึกยาได้รวดเร็ว ไม่รก | GLPzy,ยาผสม: ติดตามกิจวัตรนี้พร้อมประวัติขนาดยา น้ำหนัก อาการ ความอยากอาหาร รูปภาพ การเตือน และการส่งออกในแอปส่วนตัวเดียว.,ยาผสม,567,56,yes,no,no,1,no,105 alternates,yes,index
/th/custom-medication-tracker-iphone.html,th,commercial,200,index,https://www.glpzy.app/th/custom-medication-tracker-iphone.html,กำหนดเอง — บันทึกยาได้รวดเร็ว ไม่รก | GLPzy,กำหนดเอง: ติดตามกิจวัตรนี้พร้อมประวัติขนาดยา น้ำหนัก อาการ ความอยากอาหาร รูปภาพ การเตือน และการส่งออกในแอปส่วนตัวเดียว.,กำหนดเอง,581,58,yes,no,no,1,no,105 alternates,yes,index
/th/data-rights.html,th,privacy,200,index,https://www.glpzy.app/th/data-rights.html,ส่งออกประวัติ | GLPzy,"GLPzy จะ first create a local safety สำรองข้อมูล, then replace บันทึกภายในเครื่อง on นี้ device.",ส่งออกประวัติ,482,77,yes,no,no,1,no,108 alternates,yes,index
/th/foundayo-tracker-iphone.html,th,commercial,200,index,https://www.glpzy.app/th/foundayo-tracker-iphone.html,Foundayo — บันทึกยาได้รวดเร็ว ไม่รก | GLPzy,Foundayo: ติดตามกิจวัตรนี้พร้อมประวัติขนาดยา น้ำหนัก อาการ ความอยากอาหาร รูปภาพ การเตือน และการส่งออกในแอปส่วนตัวเดียว.,Foundayo,553,55,yes,no,no,1,no,105 alternates,yes,index
/th/glp1-weight-dose-symptom-tracker.html,th,commercial,200,index,https://www.glpzy.app/th/glp1-weight-dose-symptom-tracker.html,กิจวัตร GLP-1 ของคุณ จัดระเบียบโดยไม่รก | GLPzy,บันทึกขนาดยา น้ำหนัก อาการ ความอยากอาหาร รูปภาพ การเตือน และบริบทจาก Apple Health ในแอปส่วนตัวเดียวสำหรับการทบทวนของคุณเอง,กิจวัตร GLP-1 ของคุณ จัดระเบียบโดยไม่รก.,680,54,yes,no,no,1,no,108 alternates,yes,index
/th/,th,home,200,index,https://www.glpzy.app/th/index.html,กิจวัตร GLP-1 ของคุณ จัดระเบียบโดยไม่รก | GLPzy,บันทึกขนาดยา น้ำหนัก อาการ ความอยากอาหาร รูปภาพ การเตือน และบริบทจาก Apple Health ในแอปส่วนตัวเดียวสำหรับการทบทวนของคุณเอง,กิจวัตร GLP-1 ของคุณ จัดระเบียบโดยไม่รก.,982,137,yes,no,no,1,yes,108 alternates,yes,index
/th/local-first-private-glp-tracker.html,th,privacy,200,index,https://www.glpzy.app/th/local-first-private-glp-tracker.html,เป็นส่วนตัวโดยค่าเริ่มต้น ส่งออกได้เมื่อคุณเลือก | GLPzy,ไม่ต้องมีบัญชีเพื่อบันทึกขนาดยา น้ำหนัก อาการ การเตือน หรือการเตือน,เป็นส่วนตัวโดยค่าเริ่มต้น ส่งออกได้เมื่อคุณเลือก.,576,54,yes,no,no,1,no,108 alternates,yes,index
/th/medical-safety.html,th,trust,200,index,https://www.glpzy.app/th/medical-safety.html,ความปลอดภัยทางการแพทย์ | GLPzy,GLPzy ช่วยให้คุณเก็บบันทึกสิ่งที่เกิดขึ้นได้ชัดเจนยิ่งขึ้น ไม่ได้วินิจฉัย กำหนด หรือเลือกขนาดยาของคุณ,ความปลอดภัยทางการแพทย์,856,78,yes,no,no,1,no,105 alternates,yes,index
/th/methodology.html,th,trust,200,index,https://www.glpzy.app/th/methodology.html,ระเบียบวิธี | GLPzy,แนวโน้มการสัมผัสโดยประมาณใช้การจับเวลาปริมาณรังสีที่บันทึกไว้ บวกกับแบบจำลองการดูดซึมและการกำจัดแบบง่ายสำหรับการติดตามส่วนบุคคลเท่านั้น,ระเบียบวิธี,886,77,yes,no,no,1,no,108 alternates,yes,index
/th/mounjaro-tracker-iphone.html,th,medicine,200,index,https://www.glpzy.app/th/mounjaro-tracker-iphone.html,Mounjaro — บันทึกยาได้รวดเร็ว ไม่รก | GLPzy,Mounjaro: ติดตามกิจวัตรนี้พร้อมประวัติขนาดยา น้ำหนัก อาการ ความอยากอาหาร รูปภาพ การเตือน และการส่งออกในแอปส่วนตัวเดียว.,Mounjaro,568,57,yes,no,no,1,no,108 alternates,yes,index
/th/overview.html,th,support,200,index,https://www.glpzy.app/th/overview.html,GLPzy — นโยบายความเป็นส่วนตัว · ความปลอดภัยทางการแพทย์ · ช่วยเหลือ,ตรวจสอบขอบเขตการช่วยเหลือ ช่องทางติดต่อด้านความเป็นส่วนตัว และคำแนะนำที่ไม่ใช่เหตุฉุกเฉิน,GLPzy,512,54,yes,no,no,1,no,108 alternates,yes,index
/th/ozempic-tracker-iphone.html,th,commercial,200,index,https://www.glpzy.app/th/ozempic-tracker-iphone.html,Ozempic — บันทึกยาได้รวดเร็ว ไม่รก | GLPzy,Ozempic: ติดตามกิจวัตรนี้พร้อมประวัติขนาดยา น้ำหนัก อาการ ความอยากอาหาร รูปภาพ การเตือน และการส่งออกในแอปส่วนตัวเดียว.,Ozempic,561,58,yes,no,no,1,no,105 alternates,yes,index
/th/privacy.html,th,privacy,200,index,https://www.glpzy.app/th/privacy.html,เป็นส่วนตัวโดยค่าเริ่มต้น ส่งออกได้เมื่อคุณเลือก | GLPzy,ไม่ต้องมีบัญชีเพื่อบันทึกขนาดยา น้ำหนัก อาการ การเตือน หรือการเตือน,เป็นส่วนตัวโดยค่าเริ่มต้น ส่งออกได้เมื่อคุณเลือก.,576,113,yes,no,no,1,no,108 alternates,yes,index
/th/rybelsus-tracker-iphone.html,th,commercial,200,index,https://www.glpzy.app/th/rybelsus-tracker-iphone.html,Rybelsus — บันทึกยาได้รวดเร็ว ไม่รก | GLPzy,Rybelsus: ติดตามกิจวัตรนี้พร้อมประวัติขนาดยา น้ำหนัก อาการ ความอยากอาหาร รูปภาพ การเตือน และการส่งออกในแอปส่วนตัวเดียว.,Rybelsus,555,58,yes,no,no,1,no,105 alternates,yes,index
/th/saxenda-tracker-iphone.html,th,commercial,200,index,https://www.glpzy.app/th/saxenda-tracker-iphone.html,Saxenda — บันทึกยาได้รวดเร็ว ไม่รก | GLPzy,Saxenda: ติดตามกิจวัตรนี้พร้อมประวัติขนาดยา น้ำหนัก อาการ ความอยากอาหาร รูปภาพ การเตือน และการส่งออกในแอปส่วนตัวเดียว.,Saxenda,552,56,yes,no,no,1,no,105 alternates,yes,index
/th/semaglutide-tracker-iphone.html,th,medicine,200,index,https://www.glpzy.app/th/semaglutide-tracker-iphone.html,Semaglutide — บันทึกยาได้รวดเร็ว ไม่รก | GLPzy,Semaglutide: ติดตามกิจวัตรนี้พร้อมประวัติขนาดยา น้ำหนัก อาการ ความอยากอาหาร รูปภาพ การเตือน และการส่งออกในแอปส่วนตัวเดียว.,Semaglutide,568,60,yes,no,no,1,no,108 alternates,yes,index
/th/support.html,th,support,200,index,https://www.glpzy.app/th/support.html,ช่วยเหลือ | GLPzy,ตรวจสอบขอบเขตการช่วยเหลือ ช่องทางติดต่อด้านความเป็นส่วนตัว และคำแนะนำที่ไม่ใช่เหตุฉุกเฉิน,ช่วยเหลือ,566,100,yes,no,no,1,no,108 alternates,yes,index
/th/terms.html,th,support,200,index,https://www.glpzy.app/th/terms.html,ข้อกำหนดการใช้งาน | GLPzy,ราคา ระยะเวลาการเรียกเก็บเงิน และรายละเอียดข้อเสนอเบื้องต้นจะแสดงจากบัญชี App Store ของคุณก่อนซื้อ จัดการหรือยกเลิกในการตั้งค่า App Store,ข้อกำหนดการใช้งาน,599,77,yes,no,no,1,no,108 alternates,yes,index
/th/tirzepatide-tracker-iphone.html,th,medicine,200,index,https://www.glpzy.app/th/tirzepatide-tracker-iphone.html,Tirzepatide — บันทึกยาได้รวดเร็ว ไม่รก | GLPzy,Tirzepatide: ติดตามกิจวัตรนี้พร้อมประวัติขนาดยา น้ำหนัก อาการ ความอยากอาหาร รูปภาพ การเตือน และการส่งออกในแอปส่วนตัวเดียว.,Tirzepatide,573,59,yes,no,no,1,no,108 alternates,yes,index
/th/trulicity-tracker-iphone.html,th,commercial,200,index,https://www.glpzy.app/th/trulicity-tracker-iphone.html,Trulicity — บันทึกยาได้รวดเร็ว ไม่รก | GLPzy,Trulicity: ติดตามกิจวัตรนี้พร้อมประวัติขนาดยา น้ำหนัก อาการ ความอยากอาหาร รูปภาพ การเตือน และการส่งออกในแอปส่วนตัวเดียว.,Trulicity,554,55,yes,no,no,1,no,105 alternates,yes,index
/th/victoza-tracker-iphone.html,th,commercial,200,index,https://www.glpzy.app/th/victoza-tracker-iphone.html,Victoza — บันทึกยาได้รวดเร็ว ไม่รก | GLPzy,Victoza: ติดตามกิจวัตรนี้พร้อมประวัติขนาดยา น้ำหนัก อาการ ความอยากอาหาร รูปภาพ การเตือน และการส่งออกในแอปส่วนตัวเดียว.,Victoza,552,56,yes,no,no,1,no,105 alternates,yes,index
/th/wegovy-tracker-iphone.html,th,medicine,200,index,https://www.glpzy.app/th/wegovy-tracker-iphone.html,Wegovy — บันทึกยาได้รวดเร็ว ไม่รก | GLPzy,Wegovy: ติดตามกิจวัตรนี้พร้อมประวัติขนาดยา น้ำหนัก อาการ ความอยากอาหาร รูปภาพ การเตือน และการส่งออกในแอปส่วนตัวเดียว.,Wegovy,568,58,yes,no,no,1,no,108 alternates,yes,index
/th/zepbound-tracker-iphone.html,th,medicine,200,index,https://www.glpzy.app/th/zepbound-tracker-iphone.html,Zepbound — บันทึกยาได้รวดเร็ว ไม่รก | GLPzy,Zepbound: ติดตามกิจวัตรนี้พร้อมประวัติขนาดยา น้ำหนัก อาการ ความอยากอาหาร รูปภาพ การเตือน และการส่งออกในแอปส่วนตัวเดียว.,Zepbound,582,57,yes,no,no,1,no,108 alternates,yes,index
/tr/apple-health-glp-tracker.html,tr,commercial,200,index,https://www.glpzy.app/tr/apple-health-glp-tracker.html,Apple Health'den salt okunur içerik | GLPzy,"Apple Health erişimi isteğe bağlıdır ve verdiğiniz izinlerle sınırlıdır. GLPzy vücut ağırlığı geçmişini ve boyunu içe aktarır, ardından salt okunur modda vücut kompozisyonu, uyku, hareket, egzersiz, kalori, protein ve su özetlerini okur. Hiçbir şey geri yazılmıyor.",Apple Health'den salt okunur içerik,508,54,yes,no,no,1,no,108 alternates,yes,index
/tr/compounded-glp-tracker-iphone.html,tr,commercial,200,index,https://www.glpzy.app/tr/compounded-glp-tracker-iphone.html,Bileşik — Dağınıklık olmadan hızlı kayıt | GLPzy,"Bileşik: Bu rutini doz geçmişi, kilo, belirtiler, iştah, fotoğraflar, hatırlatıcılar ve dışa aktarımlarla tek bir özel uygulamada takip edin.",Bileşik,463,56,yes,no,no,1,no,105 alternates,yes,index
/tr/custom-medication-tracker-iphone.html,tr,commercial,200,index,https://www.glpzy.app/tr/custom-medication-tracker-iphone.html,Özel — Dağınıklık olmadan hızlı kayıt | GLPzy,"Özel: Bu rutini doz geçmişi, kilo, belirtiler, iştah, fotoğraflar, hatırlatıcılar ve dışa aktarımlarla tek bir özel uygulamada takip edin.",Özel,472,58,yes,no,no,1,no,105 alternates,yes,index
/tr/data-rights.html,tr,privacy,200,index,https://www.glpzy.app/tr/data-rights.html,Dışa aktarma geçmişi | GLPzy,"GLPzy önce yerel bir güvenlik yedeği oluşturacak, ardından bu cihazdaki yerel kayıtları değiştirecek.",Dışa aktarma geçmişi,395,77,yes,no,no,1,no,108 alternates,yes,index
/tr/foundayo-tracker-iphone.html,tr,commercial,200,index,https://www.glpzy.app/tr/foundayo-tracker-iphone.html,Foundayo — Dağınıklık olmadan hızlı kayıt | GLPzy,"Foundayo: Bu rutini doz geçmişi, kilo, belirtiler, iştah, fotoğraflar, hatırlatıcılar ve dışa aktarımlarla tek bir özel uygulamada takip edin.",Foundayo,452,55,yes,no,no,1,no,105 alternates,yes,index
/tr/glp1-weight-dose-symptom-tracker.html,tr,commercial,200,index,https://www.glpzy.app/tr/glp1-weight-dose-symptom-tracker.html,"GLP-1 rutininiz, karmaşa olmadan düzenli | GLPzy","Kişisel inceleme için dozları, kiloyu, belirtileri, iştahı, fotoğrafları, hatırlatıcıları ve Apple Health bağlamını tek bir özel uygulamada kaydedin.","GLP-1 rutininiz, karmaşa olmadan düzenli.",539,54,yes,no,no,1,no,108 alternates,yes,index
/tr/,tr,home,200,index,https://www.glpzy.app/tr/index.html,"GLP-1 rutininiz, karmaşa olmadan düzenli | GLPzy","Kişisel inceleme için dozları, kiloyu, belirtileri, iştahı, fotoğrafları, hatırlatıcıları ve Apple Health bağlamını tek bir özel uygulamada kaydedin.","GLP-1 rutininiz, karmaşa olmadan düzenli.",788,137,yes,no,no,1,yes,108 alternates,yes,index
/tr/local-first-private-glp-tracker.html,tr,privacy,200,index,https://www.glpzy.app/tr/local-first-private-glp-tracker.html,Varsayılan olarak özel. Siz seçtiğinizde dışa aktarılabilir | GLPzy,"Dozları, ağırlığı, semptomları, hatırlatıcıları veya siparişleri takip etmek için herhangi bir hesaba gerek yoktur.",Varsayılan olarak özel. Siz seçtiğinizde dışa aktarılabilir.,466,54,yes,no,no,1,no,108 alternates,yes,index
/tr/medical-safety.html,tr,trust,200,index,https://www.glpzy.app/tr/medical-safety.html,Tıbbi güvenlik | GLPzy,"GLPzy olup bitenlerin daha net kaydını tutmanıza yardımcı olur. Teşhis etmez, reçete yazmaz veya dozunuzu seçmez.",Tıbbi güvenlik,654,78,yes,no,no,1,no,105 alternates,yes,index
/tr/methodology.html,tr,trust,200,index,https://www.glpzy.app/tr/methodology.html,Metodoloji | GLPzy,"Tahmini Maruz Kalma Trendi, kayıtlı doz zamanlamasını ve yalnızca kişisel takip için basitleştirilmiş bir emilim ve eliminasyon modelini kullanır.",Metodoloji,683,77,yes,no,no,1,no,108 alternates,yes,index
/tr/mounjaro-tracker-iphone.html,tr,medicine,200,index,https://www.glpzy.app/tr/mounjaro-tracker-iphone.html,Mounjaro — Dağınıklık olmadan hızlı kayıt | GLPzy,"Mounjaro: Bu rutini doz geçmişi, kilo, belirtiler, iştah, fotoğraflar, hatırlatıcılar ve dışa aktarımlarla tek bir özel uygulamada takip edin.",Mounjaro,465,57,yes,no,no,1,no,108 alternates,yes,index
/tr/overview.html,tr,support,200,index,https://www.glpzy.app/tr/overview.html,GLPzy — Gizlilik politikası · Tıbbi güvenlik · Destek,"Destek kapsamını, gizlilik iletişim bilgilerini ve acil olmayan durum rehberliğini inceleyin.",GLPzy,410,54,yes,no,no,1,no,108 alternates,yes,index
/tr/ozempic-tracker-iphone.html,tr,commercial,200,index,https://www.glpzy.app/tr/ozempic-tracker-iphone.html,Ozempic — Dağınıklık olmadan hızlı kayıt | GLPzy,"Ozempic: Bu rutini doz geçmişi, kilo, belirtiler, iştah, fotoğraflar, hatırlatıcılar ve dışa aktarımlarla tek bir özel uygulamada takip edin.",Ozempic,461,58,yes,no,no,1,no,105 alternates,yes,index
/tr/privacy.html,tr,privacy,200,index,https://www.glpzy.app/tr/privacy.html,Varsayılan olarak özel. Siz seçtiğinizde dışa aktarılabilir | GLPzy,"Dozları, ağırlığı, semptomları, hatırlatıcıları veya siparişleri takip etmek için herhangi bir hesaba gerek yoktur.",Varsayılan olarak özel. Siz seçtiğinizde dışa aktarılabilir.,466,113,yes,no,no,1,no,108 alternates,yes,index
/tr/rybelsus-tracker-iphone.html,tr,commercial,200,index,https://www.glpzy.app/tr/rybelsus-tracker-iphone.html,Rybelsus — Dağınıklık olmadan hızlı kayıt | GLPzy,"Rybelsus: Bu rutini doz geçmişi, kilo, belirtiler, iştah, fotoğraflar, hatırlatıcılar ve dışa aktarımlarla tek bir özel uygulamada takip edin.",Rybelsus,454,58,yes,no,no,1,no,105 alternates,yes,index
/tr/saxenda-tracker-iphone.html,tr,commercial,200,index,https://www.glpzy.app/tr/saxenda-tracker-iphone.html,Saxenda — Dağınıklık olmadan hızlı kayıt | GLPzy,"Saxenda: Bu rutini doz geçmişi, kilo, belirtiler, iştah, fotoğraflar, hatırlatıcılar ve dışa aktarımlarla tek bir özel uygulamada takip edin.",Saxenda,454,56,yes,no,no,1,no,105 alternates,yes,index
/tr/semaglutide-tracker-iphone.html,tr,medicine,200,index,https://www.glpzy.app/tr/semaglutide-tracker-iphone.html,Semaglutide — Dağınıklık olmadan hızlı kayıt | GLPzy,"Semaglutide: Bu rutini doz geçmişi, kilo, belirtiler, iştah, fotoğraflar, hatırlatıcılar ve dışa aktarımlarla tek bir özel uygulamada takip edin.",Semaglutide,464,60,yes,no,no,1,no,108 alternates,yes,index
/tr/support.html,tr,support,200,index,https://www.glpzy.app/tr/support.html,Destek | GLPzy,"Destek kapsamını, gizlilik iletişim bilgilerini ve acil olmayan durum rehberliğini inceleyin.",Destek,431,100,yes,no,no,1,no,108 alternates,yes,index
/tr/terms.html,tr,support,200,index,https://www.glpzy.app/tr/terms.html,Kullanım şartları | GLPzy,"Fiyatlandırma, fatura dönemi ve tüm tanıtım teklif ayrıntıları satın almadan önce App Store hesabınızda gösterilir. App Store ayarlarında yönetin veya iptal edin.",Kullanım şartları,475,77,yes,no,no,1,no,108 alternates,yes,index
/tr/tirzepatide-tracker-iphone.html,tr,medicine,200,index,https://www.glpzy.app/tr/tirzepatide-tracker-iphone.html,Tirzepatide — Dağınıklık olmadan hızlı kayıt | GLPzy,"Tirzepatide: Bu rutini doz geçmişi, kilo, belirtiler, iştah, fotoğraflar, hatırlatıcılar ve dışa aktarımlarla tek bir özel uygulamada takip edin.",Tirzepatide,470,59,yes,no,no,1,no,108 alternates,yes,index
/tr/trulicity-tracker-iphone.html,tr,commercial,200,index,https://www.glpzy.app/tr/trulicity-tracker-iphone.html,Trulicity — Dağınıklık olmadan hızlı kayıt | GLPzy,"Trulicity: Bu rutini doz geçmişi, kilo, belirtiler, iştah, fotoğraflar, hatırlatıcılar ve dışa aktarımlarla tek bir özel uygulamada takip edin.",Trulicity,454,55,yes,no,no,1,no,105 alternates,yes,index
/tr/victoza-tracker-iphone.html,tr,commercial,200,index,https://www.glpzy.app/tr/victoza-tracker-iphone.html,Victoza — Dağınıklık olmadan hızlı kayıt | GLPzy,"Victoza: Bu rutini doz geçmişi, kilo, belirtiler, iştah, fotoğraflar, hatırlatıcılar ve dışa aktarımlarla tek bir özel uygulamada takip edin.",Victoza,454,56,yes,no,no,1,no,105 alternates,yes,index
/tr/wegovy-tracker-iphone.html,tr,medicine,200,index,https://www.glpzy.app/tr/wegovy-tracker-iphone.html,Wegovy — Dağınıklık olmadan hızlı kayıt | GLPzy,"Wegovy: Bu rutini doz geçmişi, kilo, belirtiler, iştah, fotoğraflar, hatırlatıcılar ve dışa aktarımlarla tek bir özel uygulamada takip edin.",Wegovy,464,58,yes,no,no,1,no,108 alternates,yes,index
/tr/zepbound-tracker-iphone.html,tr,medicine,200,index,https://www.glpzy.app/tr/zepbound-tracker-iphone.html,Zepbound — Dağınıklık olmadan hızlı kayıt | GLPzy,"Zepbound: Bu rutini doz geçmişi, kilo, belirtiler, iştah, fotoğraflar, hatırlatıcılar ve dışa aktarımlarla tek bir özel uygulamada takip edin.",Zepbound,476,57,yes,no,no,1,no,108 alternates,yes,index
/uk/apple-health-glp-tracker.html,uk,commercial,200,index,https://www.glpzy.app/uk/apple-health-glp-tracker.html,Контекст лише для читання з Apple Health | GLPzy,"Доступ до Apple Health необов’язковий і обмежений дозволами, які ви надаєте. GLPzy імпортує історію маси тіла та зріст, а потім зчитує підсумкові дані про склад тіла, сон, рух, тренування, калорії, білок і воду в режимі лише для читання. Нічого не написано назад.",Контекст лише для читання з Apple Health,534,54,yes,no,no,1,no,108 alternates,yes,index
/uk/compounded-glp-tracker-iphone.html,uk,commercial,200,index,https://www.glpzy.app/uk/compounded-glp-tracker-iphone.html,Складений — Швидке ведення журналу без перешкод | GLPzy,"Складений: Відстежуйте цю рутину з історією доз, вагою, симптомами, апетитом, фото, нагадуваннями та експортами в одному приватному застосунку.",Складений,479,56,yes,no,no,1,no,105 alternates,yes,index
/uk/custom-medication-tracker-iphone.html,uk,commercial,200,index,https://www.glpzy.app/uk/custom-medication-tracker-iphone.html,Власний — Швидке ведення журналу без перешкод | GLPzy,"Власний: Відстежуйте цю рутину з історією доз, вагою, симптомами, апетитом, фото, нагадуваннями та експортами в одному приватному застосунку.",Власний,487,58,yes,no,no,1,no,105 alternates,yes,index
/uk/data-rights.html,uk,privacy,200,index,https://www.glpzy.app/uk/data-rights.html,Історія експорту | GLPzy,"GLPzy спочатку створить локальну резервну копію безпеки, а потім замінить локальні записи на цьому пристрої.",Історія експорту,413,77,yes,no,no,1,no,108 alternates,yes,index
/uk/foundayo-tracker-iphone.html,uk,commercial,200,index,https://www.glpzy.app/uk/foundayo-tracker-iphone.html,Foundayo — Швидке ведення журналу без перешкод | GLPzy,"Foundayo: Відстежуйте цю рутину з історією доз, вагою, симптомами, апетитом, фото, нагадуваннями та експортами в одному приватному застосунку.",Foundayo,469,55,yes,no,no,1,no,105 alternates,yes,index
/uk/glp1-weight-dose-symptom-tracker.html,uk,commercial,200,index,https://www.glpzy.app/uk/glp1-weight-dose-symptom-tracker.html,"Ваша рутина GLP-1, впорядкована без зайвого безладу | GLPzy","Записуйте дози, вагу, симптоми, апетит, фото, нагадування та контекст Apple Health в одному приватному застосунку для особистого перегляду.","Ваша рутина GLP-1, впорядкована без зайвого безладу.",567,54,yes,no,no,1,no,108 alternates,yes,index
/uk/,uk,home,200,index,https://www.glpzy.app/uk/index.html,"Ваша рутина GLP-1, впорядкована без зайвого безладу | GLPzy","Записуйте дози, вагу, симптоми, апетит, фото, нагадування та контекст Apple Health в одному приватному застосунку для особистого перегляду.","Ваша рутина GLP-1, впорядкована без зайвого безладу.",810,137,yes,no,no,1,yes,108 alternates,yes,index
/uk/local-first-private-glp-tracker.html,uk,privacy,200,index,https://www.glpzy.app/uk/local-first-private-glp-tracker.html,"Приватно за замовчуванням. Експортується, коли ви обираєте | GLPzy","Для відстеження доз, ваги, симптомів, нагадувань або замовлень обліковий запис не потрібен.","Приватно за замовчуванням. Експортується, коли ви обираєте.",488,54,yes,no,no,1,no,108 alternates,yes,index
/uk/medical-safety.html,uk,trust,200,index,https://www.glpzy.app/uk/medical-safety.html,Медична безпека | GLPzy,"GLPzy допомагає точніше записувати те, що сталося. Він не діагностує, не призначає та не вибирає вашу дозу.",Медична безпека,698,78,yes,no,no,1,no,105 alternates,yes,index
/uk/methodology.html,uk,trust,200,index,https://www.glpzy.app/uk/methodology.html,Методологія | GLPzy,"Тенденція очікуваного опромінення використовує зареєстрований час дози, а також спрощену модель поглинання та елімінації лише для особистого відстеження.",Методологія,723,77,yes,no,no,1,no,108 alternates,yes,index
/uk/mounjaro-tracker-iphone.html,uk,medicine,200,index,https://www.glpzy.app/uk/mounjaro-tracker-iphone.html,Mounjaro — Швидке ведення журналу без перешкод | GLPzy,"Mounjaro: Відстежуйте цю рутину з історією доз, вагою, симптомами, апетитом, фото, нагадуваннями та експортами в одному приватному застосунку.",Mounjaro,479,57,yes,no,no,1,no,108 alternates,yes,index
/uk/overview.html,uk,support,200,index,https://www.glpzy.app/uk/overview.html,GLPzy — Політика конфіденційності · Медична безпека · Підтримка,"Перегляньте обсяг підтримки, контакти щодо конфіденційності та вказівки щодо ненадзвичайних ситуацій.",GLPzy,427,54,yes,no,no,1,no,108 alternates,yes,index
/uk/ozempic-tracker-iphone.html,uk,commercial,200,index,https://www.glpzy.app/uk/ozempic-tracker-iphone.html,Ozempic — Швидке ведення журналу без перешкод | GLPzy,"Ozempic: Відстежуйте цю рутину з історією доз, вагою, симптомами, апетитом, фото, нагадуваннями та експортами в одному приватному застосунку.",Ozempic,476,58,yes,no,no,1,no,105 alternates,yes,index
/uk/privacy.html,uk,privacy,200,index,https://www.glpzy.app/uk/privacy.html,"Приватно за замовчуванням. Експортується, коли ви обираєте | GLPzy","Для відстеження доз, ваги, симптомів, нагадувань або замовлень обліковий запис не потрібен.","Приватно за замовчуванням. Експортується, коли ви обираєте.",488,113,yes,no,no,1,no,108 alternates,yes,index
/uk/rybelsus-tracker-iphone.html,uk,commercial,200,index,https://www.glpzy.app/uk/rybelsus-tracker-iphone.html,Rybelsus — Швидке ведення журналу без перешкод | GLPzy,"Rybelsus: Відстежуйте цю рутину з історією доз, вагою, симптомами, апетитом, фото, нагадуваннями та експортами в одному приватному застосунку.",Rybelsus,471,58,yes,no,no,1,no,105 alternates,yes,index
/uk/saxenda-tracker-iphone.html,uk,commercial,200,index,https://www.glpzy.app/uk/saxenda-tracker-iphone.html,Saxenda — Швидке ведення журналу без перешкод | GLPzy,"Saxenda: Відстежуйте цю рутину з історією доз, вагою, симптомами, апетитом, фото, нагадуваннями та експортами в одному приватному застосунку.",Saxenda,470,56,yes,no,no,1,no,105 alternates,yes,index
/uk/semaglutide-tracker-iphone.html,uk,medicine,200,index,https://www.glpzy.app/uk/semaglutide-tracker-iphone.html,Semaglutide — Швидке ведення журналу без перешкод | GLPzy,"Semaglutide: Відстежуйте цю рутину з історією доз, вагою, симптомами, апетитом, фото, нагадуваннями та експортами в одному приватному застосунку.",Semaglutide,479,60,yes,no,no,1,no,108 alternates,yes,index
/uk/support.html,uk,support,200,index,https://www.glpzy.app/uk/support.html,Підтримка | GLPzy,"Перегляньте обсяг підтримки, контакти щодо конфіденційності та вказівки щодо ненадзвичайних ситуацій.",Підтримка,458,100,yes,no,no,1,no,108 alternates,yes,index
/uk/terms.html,uk,support,200,index,https://www.glpzy.app/uk/terms.html,Умови використання | GLPzy,"Ціни, розрахунковий період і будь-які деталі вступної пропозиції відображаються у вашому обліковому записі App Store перед покупкою. Керуйте або скасуйте в налаштуваннях App Store.",Умови використання,507,77,yes,no,no,1,no,108 alternates,yes,index
/uk/tirzepatide-tracker-iphone.html,uk,medicine,200,index,https://www.glpzy.app/uk/tirzepatide-tracker-iphone.html,Tirzepatide — Швидке ведення журналу без перешкод | GLPzy,"Tirzepatide: Відстежуйте цю рутину з історією доз, вагою, симптомами, апетитом, фото, нагадуваннями та експортами в одному приватному застосунку.",Tirzepatide,483,59,yes,no,no,1,no,108 alternates,yes,index
/uk/trulicity-tracker-iphone.html,uk,commercial,200,index,https://www.glpzy.app/uk/trulicity-tracker-iphone.html,Trulicity — Швидке ведення журналу без перешкод | GLPzy,"Trulicity: Відстежуйте цю рутину з історією доз, вагою, симптомами, апетитом, фото, нагадуваннями та експортами в одному приватному застосунку.",Trulicity,470,55,yes,no,no,1,no,105 alternates,yes,index
/uk/victoza-tracker-iphone.html,uk,commercial,200,index,https://www.glpzy.app/uk/victoza-tracker-iphone.html,Victoza — Швидке ведення журналу без перешкод | GLPzy,"Victoza: Відстежуйте цю рутину з історією доз, вагою, симптомами, апетитом, фото, нагадуваннями та експортами в одному приватному застосунку.",Victoza,470,56,yes,no,no,1,no,105 alternates,yes,index
/uk/wegovy-tracker-iphone.html,uk,medicine,200,index,https://www.glpzy.app/uk/wegovy-tracker-iphone.html,Wegovy — Швидке ведення журналу без перешкод | GLPzy,"Wegovy: Відстежуйте цю рутину з історією доз, вагою, симптомами, апетитом, фото, нагадуваннями та експортами в одному приватному застосунку.",Wegovy,479,58,yes,no,no,1,no,108 alternates,yes,index
/uk/zepbound-tracker-iphone.html,uk,medicine,200,index,https://www.glpzy.app/uk/zepbound-tracker-iphone.html,Zepbound — Швидке ведення журналу без перешкод | GLPzy,"Zepbound: Відстежуйте цю рутину з історією доз, вагою, симптомами, апетитом, фото, нагадуваннями та експортами в одному приватному застосунку.",Zepbound,489,57,yes,no,no,1,no,108 alternates,yes,index
/ur/apple-health-glp-tracker.html,ur,commercial,200,index,https://www.glpzy.app/ur/apple-health-glp-tracker.html,Apple Health سے صرف پڑھنے کے لیے سیاق و سباق | GLPzy,Apple Health رسائی اختیاری ہے اور ان اجازتوں تک محدود ہے جو آپ دیتے ہیں۔ GLPzy جسمانی وزن کی تاریخ اور قد درآمد کرتا ہے، پھر جسمانی ساخت، نیند، حرکت، ورزش، کیلوریز، پروٹین، اور پانی کے خلاصے صرف پڑھنے کے موڈ میں پڑھتا ہے۔ پیچھے کچھ نہیں لکھا۔,Apple Health سے صرف پڑھنے کے لیے سیاق و سباق,613,54,yes,no,no,1,no,108 alternates,yes,index
/ur/compounded-glp-tracker-iphone.html,ur,commercial,200,index,https://www.glpzy.app/ur/compounded-glp-tracker-iphone.html,مرکب — بے ترتیبی کے بغیر فوری لاگنگ۔ | GLPzy,مرکب: ایک نجی ایپ میں خوراک کی تاریخ، وزن، علامات، بھوک، تصاویر، یاددہانیوں اور برآمدات کے ساتھ اس معمول کو ٹریک کریں۔,مرکب,555,56,yes,no,no,1,no,105 alternates,yes,index
/ur/custom-medication-tracker-iphone.html,ur,commercial,200,index,https://www.glpzy.app/ur/custom-medication-tracker-iphone.html,حسب ضرورت — بے ترتیبی کے بغیر فوری لاگنگ۔ | GLPzy,حسب ضرورت: ایک نجی ایپ میں خوراک کی تاریخ، وزن، علامات، بھوک، تصاویر، یاددہانیوں اور برآمدات کے ساتھ اس معمول کو ٹریک کریں۔,حسب ضرورت,572,58,yes,no,no,1,no,105 alternates,yes,index
/ur/data-rights.html,ur,privacy,200,index,https://www.glpzy.app/ur/data-rights.html,ایکسپورٹ کی تاریخ | GLPzy,GLPzy پہلے مقامی حفاظتی بیک اپ بنائے گا، پھر اس ڈیوائس پر مقامی ریکارڈز کو تبدیل کرے گا۔,ایکسپورٹ کی تاریخ,482,77,yes,no,no,1,no,108 alternates,yes,index
/ur/foundayo-tracker-iphone.html,ur,commercial,200,index,https://www.glpzy.app/ur/foundayo-tracker-iphone.html,Foundayo — بے ترتیبی کے بغیر فوری لاگنگ۔ | GLPzy,Foundayo: ایک نجی ایپ میں خوراک کی تاریخ، وزن، علامات، بھوک، تصاویر، یاددہانیوں اور برآمدات کے ساتھ اس معمول کو ٹریک کریں۔,Foundayo,544,55,yes,no,no,1,no,105 alternates,yes,index
/ur/glp1-weight-dose-symptom-tracker.html,ur,commercial,200,index,https://www.glpzy.app/ur/glp1-weight-dose-symptom-tracker.html,آپ کا GLP-1 معمول، بے ترتیبی کے بغیر منظم۔ | GLPzy,ذاتی جائزے کے لیے ایک نجی ایپ میں خوراکیں، وزن، علامات، بھوک، تصاویر، یاددہانیاں اور Apple Health کا سیاق ریکارڈ کریں۔,آپ کا GLP-1 معمول، بے ترتیبی کے بغیر منظم۔,668,54,yes,no,no,1,no,108 alternates,yes,index
/ur/,ur,home,200,index,https://www.glpzy.app/ur/index.html,آپ کا GLP-1 معمول، بے ترتیبی کے بغیر منظم۔ | GLPzy,ذاتی جائزے کے لیے ایک نجی ایپ میں خوراکیں، وزن، علامات، بھوک، تصاویر، یاددہانیاں اور Apple Health کا سیاق ریکارڈ کریں۔,آپ کا GLP-1 معمول، بے ترتیبی کے بغیر منظم۔,995,137,yes,no,no,1,yes,108 alternates,yes,index
/ur/local-first-private-glp-tracker.html,ur,privacy,200,index,https://www.glpzy.app/ur/local-first-private-glp-tracker.html,بطور ڈیفالٹ نجی۔ جب آپ چاہیں برآمد کے قابل۔ | GLPzy,خوراک، وزن، علامات، یاد دہانیوں، یا آرڈرز کو ٹریک کرنے کے لیے کسی اکاؤنٹ کی ضرورت نہیں ہے۔,بطور ڈیفالٹ نجی۔ جب آپ چاہیں برآمد کے قابل۔,573,54,yes,no,no,1,no,108 alternates,yes,index
/ur/medical-safety.html,ur,trust,200,index,https://www.glpzy.app/ur/medical-safety.html,طبی حفاظت | GLPzy,GLPzy کیا ہوا اس کا واضح ریکارڈ رکھنے میں آپ کی مدد کرتا ہے۔ یہ آپ کی خوراک کی تشخیص، تجویز یا انتخاب نہیں کرتا ہے۔,طبی حفاظت,896,78,yes,no,no,1,no,105 alternates,yes,index
/ur/methodology.html,ur,trust,200,index,https://www.glpzy.app/ur/methodology.html,طریقہ کار | GLPzy,تخمینہ شدہ ایکسپوژر ٹرینڈ لاگڈ ڈوز ٹائمنگ کے علاوہ صرف ذاتی ٹریکنگ کے لیے ایک آسان جذب اور خاتمے کا ماڈل استعمال کرتا ہے۔,طریقہ کار,932,77,yes,no,no,1,no,108 alternates,yes,index
/ur/mounjaro-tracker-iphone.html,ur,medicine,200,index,https://www.glpzy.app/ur/mounjaro-tracker-iphone.html,Mounjaro — بے ترتیبی کے بغیر فوری لاگنگ۔ | GLPzy,Mounjaro: ایک نجی ایپ میں خوراک کی تاریخ، وزن، علامات، بھوک، تصاویر، یاددہانیوں اور برآمدات کے ساتھ اس معمول کو ٹریک کریں۔,Mounjaro,557,57,yes,no,no,1,no,108 alternates,yes,index
/ur/overview.html,ur,support,200,index,https://www.glpzy.app/ur/overview.html,GLPzy — رازداری کی پالیسی · طبی حفاظت · حمایت,سپورٹ کے دائرہ کار، رازداری کے رابطوں، اور غیر ہنگامی رہنمائی کا جائزہ لیں۔,GLPzy,495,54,yes,no,no,1,no,108 alternates,yes,index
/ur/ozempic-tracker-iphone.html,ur,commercial,200,index,https://www.glpzy.app/ur/ozempic-tracker-iphone.html,Ozempic — بے ترتیبی کے بغیر فوری لاگنگ۔ | GLPzy,Ozempic: ایک نجی ایپ میں خوراک کی تاریخ، وزن، علامات، بھوک، تصاویر، یاددہانیوں اور برآمدات کے ساتھ اس معمول کو ٹریک کریں۔,Ozempic,551,58,yes,no,no,1,no,105 alternates,yes,index
/ur/privacy.html,ur,privacy,200,index,https://www.glpzy.app/ur/privacy.html,بطور ڈیفالٹ نجی۔ جب آپ چاہیں برآمد کے قابل۔ | GLPzy,خوراک، وزن، علامات، یاد دہانیوں، یا آرڈرز کو ٹریک کرنے کے لیے کسی اکاؤنٹ کی ضرورت نہیں ہے۔,بطور ڈیفالٹ نجی۔ جب آپ چاہیں برآمد کے قابل۔,573,113,yes,no,no,1,no,108 alternates,yes,index
/ur/rybelsus-tracker-iphone.html,ur,commercial,200,index,https://www.glpzy.app/ur/rybelsus-tracker-iphone.html,Rybelsus — بے ترتیبی کے بغیر فوری لاگنگ۔ | GLPzy,Rybelsus: ایک نجی ایپ میں خوراک کی تاریخ، وزن، علامات، بھوک، تصاویر، یاددہانیوں اور برآمدات کے ساتھ اس معمول کو ٹریک کریں۔,Rybelsus,545,58,yes,no,no,1,no,105 alternates,yes,index
/ur/saxenda-tracker-iphone.html,ur,commercial,200,index,https://www.glpzy.app/ur/saxenda-tracker-iphone.html,Saxenda — بے ترتیبی کے بغیر فوری لاگنگ۔ | GLPzy,Saxenda: ایک نجی ایپ میں خوراک کی تاریخ، وزن، علامات، بھوک، تصاویر، یاددہانیوں اور برآمدات کے ساتھ اس معمول کو ٹریک کریں۔,Saxenda,542,56,yes,no,no,1,no,105 alternates,yes,index
/ur/semaglutide-tracker-iphone.html,ur,medicine,200,index,https://www.glpzy.app/ur/semaglutide-tracker-iphone.html,Semaglutide — بے ترتیبی کے بغیر فوری لاگنگ۔ | GLPzy,Semaglutide: ایک نجی ایپ میں خوراک کی تاریخ، وزن، علامات، بھوک، تصاویر، یاددہانیوں اور برآمدات کے ساتھ اس معمول کو ٹریک کریں۔,Semaglutide,557,60,yes,no,no,1,no,108 alternates,yes,index
/ur/support.html,ur,support,200,index,https://www.glpzy.app/ur/support.html,حمایت | GLPzy,سپورٹ کے دائرہ کار، رازداری کے رابطوں، اور غیر ہنگامی رہنمائی کا جائزہ لیں۔,حمایت,545,100,yes,no,no,1,no,108 alternates,yes,index
/ur/terms.html,ur,support,200,index,https://www.glpzy.app/ur/terms.html,استعمال کی شرائط | GLPzy,قیمتوں کا تعین، بلنگ کی مدت، اور کسی بھی تعارفی پیشکش کی تفصیلات خریداری سے پہلے آپ کے App Store اکاؤنٹ سے دکھائی جاتی ہیں۔ App Store ترتیبات میں نظم کریں یا منسوخ کریں۔,استعمال کی شرائط,627,77,yes,no,no,1,no,108 alternates,yes,index
/ur/tirzepatide-tracker-iphone.html,ur,medicine,200,index,https://www.glpzy.app/ur/tirzepatide-tracker-iphone.html,Tirzepatide — بے ترتیبی کے بغیر فوری لاگنگ۔ | GLPzy,Tirzepatide: ایک نجی ایپ میں خوراک کی تاریخ، وزن، علامات، بھوک، تصاویر، یاددہانیوں اور برآمدات کے ساتھ اس معمول کو ٹریک کریں۔,Tirzepatide,564,59,yes,no,no,1,no,108 alternates,yes,index
/ur/trulicity-tracker-iphone.html,ur,commercial,200,index,https://www.glpzy.app/ur/trulicity-tracker-iphone.html,Trulicity — بے ترتیبی کے بغیر فوری لاگنگ۔ | GLPzy,Trulicity: ایک نجی ایپ میں خوراک کی تاریخ، وزن، علامات، بھوک، تصاویر، یاددہانیوں اور برآمدات کے ساتھ اس معمول کو ٹریک کریں۔,Trulicity,544,55,yes,no,no,1,no,105 alternates,yes,index
/ur/victoza-tracker-iphone.html,ur,commercial,200,index,https://www.glpzy.app/ur/victoza-tracker-iphone.html,Victoza — بے ترتیبی کے بغیر فوری لاگنگ۔ | GLPzy,Victoza: ایک نجی ایپ میں خوراک کی تاریخ، وزن، علامات، بھوک، تصاویر، یاددہانیوں اور برآمدات کے ساتھ اس معمول کو ٹریک کریں۔,Victoza,542,56,yes,no,no,1,no,105 alternates,yes,index
/ur/wegovy-tracker-iphone.html,ur,medicine,200,index,https://www.glpzy.app/ur/wegovy-tracker-iphone.html,Wegovy — بے ترتیبی کے بغیر فوری لاگنگ۔ | GLPzy,Wegovy: ایک نجی ایپ میں خوراک کی تاریخ، وزن، علامات، بھوک، تصاویر، یاددہانیوں اور برآمدات کے ساتھ اس معمول کو ٹریک کریں۔,Wegovy,557,58,yes,no,no,1,no,108 alternates,yes,index
/ur/zepbound-tracker-iphone.html,ur,medicine,200,index,https://www.glpzy.app/ur/zepbound-tracker-iphone.html,Zepbound — بے ترتیبی کے بغیر فوری لاگنگ۔ | GLPzy,Zepbound: ایک نجی ایپ میں خوراک کی تاریخ، وزن، علامات، بھوک، تصاویر، یاددہانیوں اور برآمدات کے ساتھ اس معمول کو ٹریک کریں۔,Zepbound,573,57,yes,no,no,1,no,108 alternates,yes,index
/vi/apple-health-glp-tracker.html,vi,commercial,200,index,https://www.glpzy.app/vi/apple-health-glp-tracker.html,Ngữ cảnh chỉ đọc từ Apple Health | GLPzy,"Quyền truy cập Apple Health là tùy chọn và được giới hạn ở các quyền bạn cấp. GLPzy nhập lịch sử cân nặng và chiều cao cơ thể, sau đó đọc tóm tắt thành phần cơ thể, giấc ngủ, vận động, tập luyện, lượng calo, protein và nước ở chế độ chỉ đọc. Không có gì được viết lại.",Ngữ cảnh chỉ đọc từ Apple Health,623,54,yes,no,no,1,no,108 alternates,yes,index
/vi/compounded-glp-tracker-iphone.html,vi,commercial,200,index,https://www.glpzy.app/vi/compounded-glp-tracker-iphone.html,"Pha chế — Ghi liều nhanh, gọn gàng | GLPzy","Pha chế: Theo dõi lịch trình này với lịch sử liều, cân nặng, triệu chứng, cảm giác thèm ăn, ảnh, lời nhắc và xuất dữ liệu trong một ứng dụng riêng tư.",Pha chế,623,56,yes,no,no,1,no,105 alternates,yes,index
/vi/custom-medication-tracker-iphone.html,vi,commercial,200,index,https://www.glpzy.app/vi/custom-medication-tracker-iphone.html,"Tùy chỉnh — Ghi liều nhanh, gọn gàng | GLPzy","Tùy chỉnh: Theo dõi lịch trình này với lịch sử liều, cân nặng, triệu chứng, cảm giác thèm ăn, ảnh, lời nhắc và xuất dữ liệu trong một ứng dụng riêng tư.",Tùy chỉnh,635,58,yes,no,no,1,no,105 alternates,yes,index
/vi/data-rights.html,vi,privacy,200,index,https://www.glpzy.app/vi/data-rights.html,Xuất lịch sử | GLPzy,"GLPzy sẽ first create a local safety sao lưu, then replace bản ghi cục bộ on này device.",Xuất lịch sử,496,77,yes,no,no,1,no,108 alternates,yes,index
/vi/foundayo-tracker-iphone.html,vi,commercial,200,index,https://www.glpzy.app/vi/foundayo-tracker-iphone.html,"Foundayo — Ghi liều nhanh, gọn gàng | GLPzy","Foundayo: Theo dõi lịch trình này với lịch sử liều, cân nặng, triệu chứng, cảm giác thèm ăn, ảnh, lời nhắc và xuất dữ liệu trong một ứng dụng riêng tư.",Foundayo,608,55,yes,no,no,1,no,105 alternates,yes,index
/vi/glp1-weight-dose-symptom-tracker.html,vi,commercial,200,index,https://www.glpzy.app/vi/glp1-weight-dose-symptom-tracker.html,"Lịch trình GLP-1 của bạn, được sắp xếp gọn gàng | GLPzy","Ghi lại liều, cân nặng, triệu chứng, cảm giác thèm ăn, ảnh, lời nhắc và ngữ cảnh Apple Health trong một ứng dụng riêng tư để tự xem lại.","Lịch trình GLP-1 của bạn, được sắp xếp gọn gàng.",716,54,yes,no,no,1,no,108 alternates,yes,index
/vi/,vi,home,200,index,https://www.glpzy.app/vi/index.html,"Lịch trình GLP-1 của bạn, được sắp xếp gọn gàng | GLPzy","Ghi lại liều, cân nặng, triệu chứng, cảm giác thèm ăn, ảnh, lời nhắc và ngữ cảnh Apple Health trong một ứng dụng riêng tư để tự xem lại.","Lịch trình GLP-1 của bạn, được sắp xếp gọn gàng.",1084,137,yes,no,no,1,yes,108 alternates,yes,index
/vi/local-first-private-glp-tracker.html,vi,privacy,200,index,https://www.glpzy.app/vi/local-first-private-glp-tracker.html,Riêng tư theo mặc định. Có thể xuất khi bạn chọn | GLPzy,"Không cần tài khoản để theo dõi liều, cân nặng, triệu chứng, lời nhắc hoặc đơn hàng.",Riêng tư theo mặc định. Có thể xuất khi bạn chọn.,595,54,yes,no,no,1,no,108 alternates,yes,index
/vi/medical-safety.html,vi,trust,200,index,https://www.glpzy.app/vi/medical-safety.html,An toàn y khoa | GLPzy,"GLPzy giúp bạn ghi lại rõ ràng hơn những gì đã xảy ra. Nó không chẩn đoán, kê đơn hoặc chọn liều lượng cho bạn.",An toàn y khoa,973,78,yes,no,no,1,no,105 alternates,yes,index
/vi/methodology.html,vi,trust,200,index,https://www.glpzy.app/vi/methodology.html,Phương pháp | GLPzy,Xu hướng phơi nhiễm ước tính sử dụng thời gian đo liều đã ghi cộng với mô hình hấp thụ và loại bỏ đơn giản hóa chỉ để theo dõi cá nhân.,Phương pháp,1019,77,yes,no,no,1,no,108 alternates,yes,index
/vi/mounjaro-tracker-iphone.html,vi,medicine,200,index,https://www.glpzy.app/vi/mounjaro-tracker-iphone.html,"Mounjaro — Ghi liều nhanh, gọn gàng | GLPzy","Mounjaro: Theo dõi lịch trình này với lịch sử liều, cân nặng, triệu chứng, cảm giác thèm ăn, ảnh, lời nhắc và xuất dữ liệu trong một ứng dụng riêng tư.",Mounjaro,622,57,yes,no,no,1,no,108 alternates,yes,index
/vi/overview.html,vi,support,200,index,https://www.glpzy.app/vi/overview.html,GLPzy — Chính sách quyền riêng tư · An toàn y khoa · Hỗ trợ,"Xem phạm vi hỗ trợ, liên hệ về quyền riêng tư và hướng dẫn không khẩn cấp.",GLPzy,549,54,yes,no,no,1,no,108 alternates,yes,index
/vi/ozempic-tracker-iphone.html,vi,commercial,200,index,https://www.glpzy.app/vi/ozempic-tracker-iphone.html,"Ozempic — Ghi liều nhanh, gọn gàng | GLPzy","Ozempic: Theo dõi lịch trình này với lịch sử liều, cân nặng, triệu chứng, cảm giác thèm ăn, ảnh, lời nhắc và xuất dữ liệu trong một ứng dụng riêng tư.",Ozempic,617,58,yes,no,no,1,no,105 alternates,yes,index
/vi/privacy.html,vi,privacy,200,index,https://www.glpzy.app/vi/privacy.html,Riêng tư theo mặc định. Có thể xuất khi bạn chọn | GLPzy,"Không cần tài khoản để theo dõi liều, cân nặng, triệu chứng, lời nhắc hoặc đơn hàng.",Riêng tư theo mặc định. Có thể xuất khi bạn chọn.,595,113,yes,no,no,1,no,108 alternates,yes,index
/vi/rybelsus-tracker-iphone.html,vi,commercial,200,index,https://www.glpzy.app/vi/rybelsus-tracker-iphone.html,"Rybelsus — Ghi liều nhanh, gọn gàng | GLPzy","Rybelsus: Theo dõi lịch trình này với lịch sử liều, cân nặng, triệu chứng, cảm giác thèm ăn, ảnh, lời nhắc và xuất dữ liệu trong một ứng dụng riêng tư.",Rybelsus,609,58,yes,no,no,1,no,105 alternates,yes,index
/vi/saxenda-tracker-iphone.html,vi,commercial,200,index,https://www.glpzy.app/vi/saxenda-tracker-iphone.html,"Saxenda — Ghi liều nhanh, gọn gàng | GLPzy","Saxenda: Theo dõi lịch trình này với lịch sử liều, cân nặng, triệu chứng, cảm giác thèm ăn, ảnh, lời nhắc và xuất dữ liệu trong một ứng dụng riêng tư.",Saxenda,608,56,yes,no,no,1,no,105 alternates,yes,index
/vi/semaglutide-tracker-iphone.html,vi,medicine,200,index,https://www.glpzy.app/vi/semaglutide-tracker-iphone.html,"Semaglutide — Ghi liều nhanh, gọn gàng | GLPzy","Semaglutide: Theo dõi lịch trình này với lịch sử liều, cân nặng, triệu chứng, cảm giác thèm ăn, ảnh, lời nhắc và xuất dữ liệu trong một ứng dụng riêng tư.",Semaglutide,623,60,yes,no,no,1,no,108 alternates,yes,index
/vi/support.html,vi,support,200,index,https://www.glpzy.app/vi/support.html,Hỗ trợ | GLPzy,"Xem phạm vi hỗ trợ, liên hệ về quyền riêng tư và hướng dẫn không khẩn cấp.",Hỗ trợ,595,100,yes,no,no,1,no,108 alternates,yes,index
/vi/terms.html,vi,support,200,index,https://www.glpzy.app/vi/terms.html,Điều khoản sử dụng | GLPzy,"Giá cả, thời hạn thanh toán và mọi chi tiết ưu đãi giới thiệu đều được hiển thị từ tài khoản App Store của bạn trước khi mua hàng. Quản lý hoặc hủy trong cài đặt App Store.",Điều khoản sử dụng,684,77,yes,no,no,1,no,108 alternates,yes,index
/vi/tirzepatide-tracker-iphone.html,vi,medicine,200,index,https://www.glpzy.app/vi/tirzepatide-tracker-iphone.html,"Tirzepatide — Ghi liều nhanh, gọn gàng | GLPzy","Tirzepatide: Theo dõi lịch trình này với lịch sử liều, cân nặng, triệu chứng, cảm giác thèm ăn, ảnh, lời nhắc và xuất dữ liệu trong một ứng dụng riêng tư.",Tirzepatide,628,59,yes,no,no,1,no,108 alternates,yes,index
/vi/trulicity-tracker-iphone.html,vi,commercial,200,index,https://www.glpzy.app/vi/trulicity-tracker-iphone.html,"Trulicity — Ghi liều nhanh, gọn gàng | GLPzy","Trulicity: Theo dõi lịch trình này với lịch sử liều, cân nặng, triệu chứng, cảm giác thèm ăn, ảnh, lời nhắc và xuất dữ liệu trong một ứng dụng riêng tư.",Trulicity,609,55,yes,no,no,1,no,105 alternates,yes,index
/vi/victoza-tracker-iphone.html,vi,commercial,200,index,https://www.glpzy.app/vi/victoza-tracker-iphone.html,"Victoza — Ghi liều nhanh, gọn gàng | GLPzy","Victoza: Theo dõi lịch trình này với lịch sử liều, cân nặng, triệu chứng, cảm giác thèm ăn, ảnh, lời nhắc và xuất dữ liệu trong một ứng dụng riêng tư.",Victoza,608,56,yes,no,no,1,no,105 alternates,yes,index
/vi/wegovy-tracker-iphone.html,vi,medicine,200,index,https://www.glpzy.app/vi/wegovy-tracker-iphone.html,"Wegovy — Ghi liều nhanh, gọn gàng | GLPzy","Wegovy: Theo dõi lịch trình này với lịch sử liều, cân nặng, triệu chứng, cảm giác thèm ăn, ảnh, lời nhắc và xuất dữ liệu trong một ứng dụng riêng tư.",Wegovy,623,58,yes,no,no,1,no,108 alternates,yes,index
/vi/zepbound-tracker-iphone.html,vi,medicine,200,index,https://www.glpzy.app/vi/zepbound-tracker-iphone.html,"Zepbound — Ghi liều nhanh, gọn gàng | GLPzy","Zepbound: Theo dõi lịch trình này với lịch sử liều, cân nặng, triệu chứng, cảm giác thèm ăn, ảnh, lời nhắc và xuất dữ liệu trong một ứng dụng riêng tư.",Zepbound,637,57,yes,no,no,1,no,108 alternates,yes,index
/zh-hans/apple-health-glp-tracker.html,zh-hans,commercial,200,index,https://www.glpzy.app/zh-hans/apple-health-glp-tracker.html,Apple Health 的只读上下文 | GLPzy,Apple Health 访问是可选的，并且仅限于您授予的权限。 GLPzy 导入体重历史记录和身高，然后以只读模式读取身体成分、运动、锻炼、卡路里、蛋白质和水分摘要。什么也没有写回来。,Apple Health 的只读上下文,369,54,yes,no,no,1,no,108 alternates,yes,index
/zh-hans/compounded-glp-tracker-iphone.html,zh-hans,commercial,200,index,https://www.glpzy.app/zh-hans/compounded-glp-tracker-iphone.html,复合型 — 快速记录，不混乱。 | GLPzy,复合型: 在一个私密应用中，用剂量历史、体重、症状、食欲、照片、提醒和导出功能跟踪这一流程。,复合型,338,56,yes,no,no,1,no,105 alternates,yes,index
/zh-hans/custom-medication-tracker-iphone.html,zh-hans,commercial,200,index,https://www.glpzy.app/zh-hans/custom-medication-tracker-iphone.html,定制 — 快速记录，不混乱。 | GLPzy,定制: 在一个私密应用中，用剂量历史、体重、症状、食欲、照片、提醒和导出功能跟踪这一流程。,定制,344,58,yes,no,no,1,no,105 alternates,yes,index
/zh-hans/data-rights.html,zh-hans,privacy,200,index,https://www.glpzy.app/zh-hans/data-rights.html,导出历史记录 | GLPzy,GLPzy将首先创建本地安全备份，然后替换该设备上的本地记录。,导出历史记录,280,77,yes,no,no,1,no,108 alternates,yes,index
/zh-hans/foundayo-tracker-iphone.html,zh-hans,commercial,200,index,https://www.glpzy.app/zh-hans/foundayo-tracker-iphone.html,Foundayo — 快速记录，不混乱。 | GLPzy,Foundayo: 在一个私密应用中，用剂量历史、体重、症状、食欲、照片、提醒和导出功能跟踪这一流程。,Foundayo,330,55,yes,no,no,1,no,105 alternates,yes,index
/zh-hans/glp1-weight-dose-symptom-tracker.html,zh-hans,commercial,200,index,https://www.glpzy.app/zh-hans/glp1-weight-dose-symptom-tracker.html,你的 GLP-1 记录流程，清晰整理不杂乱。 | GLPzy,在一个私密应用中记录剂量、体重、症状、食欲、照片、提醒和 Apple Health 背景信息，用于个人回顾。,你的 GLP-1 记录流程，清晰整理不杂乱。,351,54,yes,no,no,1,no,108 alternates,yes,index
/zh-hans/,zh-hans,home,200,index,https://www.glpzy.app/zh-hans/index.html,你的 GLP-1 记录流程，清晰整理不杂乱。 | GLPzy,在一个私密应用中记录剂量、体重、症状、食欲、照片、提醒和 Apple Health 背景信息，用于个人回顾。,你的 GLP-1 记录流程，清晰整理不杂乱。,458,137,yes,no,no,1,yes,108 alternates,yes,index
/zh-hans/local-first-private-glp-tracker.html,zh-hans,privacy,200,index,https://www.glpzy.app/zh-hans/local-first-private-glp-tracker.html,默认私密。由你选择何时导出。 | GLPzy,无需帐户即可跟踪剂量、体重、症状、提醒或提醒。,默认私密。由你选择何时导出。,307,54,yes,no,no,1,no,108 alternates,yes,index
/zh-hans/medical-safety.html,zh-hans,trust,200,index,https://www.glpzy.app/zh-hans/medical-safety.html,医疗安全 | GLPzy,GLPzy 帮助您更清晰地记录所发生的事情。它不会诊断、开处方或选择您的剂量。,医疗安全,370,78,yes,no,no,1,no,105 alternates,yes,index
/zh-hans/methodology.html,zh-hans,trust,200,index,https://www.glpzy.app/zh-hans/methodology.html,方法论 | GLPzy,估计暴露趋势使用记录的剂量时间加上简化的吸收和消除模型，仅用于个人跟踪。,方法论,371,77,yes,no,no,1,no,108 alternates,yes,index
/zh-hans/mounjaro-tracker-iphone.html,zh-hans,medicine,200,index,https://www.glpzy.app/zh-hans/mounjaro-tracker-iphone.html,Mounjaro — 快速记录，不混乱。 | GLPzy,Mounjaro: 在一个私密应用中，用剂量历史、体重、症状、食欲、照片、提醒和导出功能跟踪这一流程。,Mounjaro,337,57,yes,no,no,1,no,108 alternates,yes,index
/zh-hans/overview.html,zh-hans,support,200,index,https://www.glpzy.app/zh-hans/overview.html,GLPzy — 隐私政策 · 医疗安全 · 支持,查看支持范围、隐私联系人和非紧急指导。,GLPzy,282,54,yes,no,no,1,no,108 alternates,yes,index
/zh-hans/ozempic-tracker-iphone.html,zh-hans,commercial,200,index,https://www.glpzy.app/zh-hans/ozempic-tracker-iphone.html,Ozempic — 快速记录，不混乱。 | GLPzy,Ozempic: 在一个私密应用中，用剂量历史、体重、症状、食欲、照片、提醒和导出功能跟踪这一流程。,Ozempic,335,58,yes,no,no,1,no,105 alternates,yes,index
/zh-hans/privacy.html,zh-hans,privacy,200,index,https://www.glpzy.app/zh-hans/privacy.html,默认私密。由你选择何时导出。 | GLPzy,无需帐户即可跟踪剂量、体重、症状、提醒或提醒。,默认私密。由你选择何时导出。,307,113,yes,no,no,1,no,108 alternates,yes,index
/zh-hans/rybelsus-tracker-iphone.html,zh-hans,commercial,200,index,https://www.glpzy.app/zh-hans/rybelsus-tracker-iphone.html,Rybelsus — 快速记录，不混乱。 | GLPzy,Rybelsus: 在一个私密应用中，用剂量历史、体重、症状、食欲、照片、提醒和导出功能跟踪这一流程。,Rybelsus,332,58,yes,no,no,1,no,105 alternates,yes,index
/zh-hans/saxenda-tracker-iphone.html,zh-hans,commercial,200,index,https://www.glpzy.app/zh-hans/saxenda-tracker-iphone.html,Saxenda — 快速记录，不混乱。 | GLPzy,Saxenda: 在一个私密应用中，用剂量历史、体重、症状、食欲、照片、提醒和导出功能跟踪这一流程。,Saxenda,330,56,yes,no,no,1,no,105 alternates,yes,index
/zh-hans/semaglutide-tracker-iphone.html,zh-hans,medicine,200,index,https://www.glpzy.app/zh-hans/semaglutide-tracker-iphone.html,Semaglutide — 快速记录，不混乱。 | GLPzy,Semaglutide: 在一个私密应用中，用剂量历史、体重、症状、食欲、照片、提醒和导出功能跟踪这一流程。,Semaglutide,338,60,yes,no,no,1,no,108 alternates,yes,index
/zh-hans/support.html,zh-hans,support,200,index,https://www.glpzy.app/zh-hans/support.html,支持 | GLPzy,查看支持范围、隐私联系人和非紧急指导。,支持,283,100,yes,no,no,1,no,108 alternates,yes,index
/zh-hans/terms.html,zh-hans,support,200,index,https://www.glpzy.app/zh-hans/terms.html,使用条款 | GLPzy,购买前，定价、计费周期和任何介绍性优惠详细信息都会显示在您的 App Store 帐户中。在 App Store 设置中管理或取消。,使用条款,305,77,yes,no,no,1,no,108 alternates,yes,index
/zh-hans/tirzepatide-tracker-iphone.html,zh-hans,medicine,200,index,https://www.glpzy.app/zh-hans/tirzepatide-tracker-iphone.html,Tirzepatide — 快速记录，不混乱。 | GLPzy,Tirzepatide: 在一个私密应用中，用剂量历史、体重、症状、食欲、照片、提醒和导出功能跟踪这一流程。,Tirzepatide,340,59,yes,no,no,1,no,108 alternates,yes,index
/zh-hans/trulicity-tracker-iphone.html,zh-hans,commercial,200,index,https://www.glpzy.app/zh-hans/trulicity-tracker-iphone.html,Trulicity — 快速记录，不混乱。 | GLPzy,Trulicity: 在一个私密应用中，用剂量历史、体重、症状、食欲、照片、提醒和导出功能跟踪这一流程。,Trulicity,330,55,yes,no,no,1,no,105 alternates,yes,index
/zh-hans/victoza-tracker-iphone.html,zh-hans,commercial,200,index,https://www.glpzy.app/zh-hans/victoza-tracker-iphone.html,Victoza — 快速记录，不混乱。 | GLPzy,Victoza: 在一个私密应用中，用剂量历史、体重、症状、食欲、照片、提醒和导出功能跟踪这一流程。,Victoza,330,56,yes,no,no,1,no,105 alternates,yes,index
/zh-hans/wegovy-tracker-iphone.html,zh-hans,medicine,200,index,https://www.glpzy.app/zh-hans/wegovy-tracker-iphone.html,Wegovy — 快速记录，不混乱。 | GLPzy,Wegovy: 在一个私密应用中，用剂量历史、体重、症状、食欲、照片、提醒和导出功能跟踪这一流程。,Wegovy,338,58,yes,no,no,1,no,108 alternates,yes,index
/zh-hans/zepbound-tracker-iphone.html,zh-hans,medicine,200,index,https://www.glpzy.app/zh-hans/zepbound-tracker-iphone.html,Zepbound — 快速记录，不混乱。 | GLPzy,Zepbound: 在一个私密应用中，用剂量历史、体重、症状、食欲、照片、提醒和导出功能跟踪这一流程。,Zepbound,343,57,yes,no,no,1,no,108 alternates,yes,index
/zh-hant/apple-health-glp-tracker.html,zh-hant,commercial,200,index,https://www.glpzy.app/zh-hant/apple-health-glp-tracker.html,Apple Health 的唯讀上下文 | GLPzy,Apple Health 存取是可選的，並且僅限於您授予的權限。 GLPzy 匯入體重歷史記錄和身高，然後以唯讀模式讀取身體組成、運動、運動、卡路里、蛋白質和水分摘要。什麼也沒有寫回來。,Apple Health 的唯讀上下文,369,54,yes,no,no,1,no,108 alternates,yes,index
/zh-hant/compounded-glp-tracker-iphone.html,zh-hant,commercial,200,index,https://www.glpzy.app/zh-hant/compounded-glp-tracker-iphone.html,複合型 — 快速記錄，不混亂。 | GLPzy,複合型: 在一個私密 App 中，用劑量歷史、體重、症狀、食慾、照片、提醒和匯出功能追蹤這個流程。,複合型,342,56,yes,no,no,1,no,105 alternates,yes,index
/zh-hant/custom-medication-tracker-iphone.html,zh-hant,commercial,200,index,https://www.glpzy.app/zh-hant/custom-medication-tracker-iphone.html,客製化 — 快速記錄，不混亂。 | GLPzy,客製化: 在一個私密 App 中，用劑量歷史、體重、症狀、食慾、照片、提醒和匯出功能追蹤這個流程。,客製化,348,58,yes,no,no,1,no,105 alternates,yes,index
/zh-hant/data-rights.html,zh-hant,privacy,200,index,https://www.glpzy.app/zh-hant/data-rights.html,匯出歷史記錄 | GLPzy,GLPzy將首先建立本機安全備份，然後取代該裝置上的本機記錄。,匯出歷史記錄,280,77,yes,no,no,1,no,108 alternates,yes,index
/zh-hant/foundayo-tracker-iphone.html,zh-hant,commercial,200,index,https://www.glpzy.app/zh-hant/foundayo-tracker-iphone.html,Foundayo — 快速記錄，不混亂。 | GLPzy,Foundayo: 在一個私密 App 中，用劑量歷史、體重、症狀、食慾、照片、提醒和匯出功能追蹤這個流程。,Foundayo,334,55,yes,no,no,1,no,105 alternates,yes,index
/zh-hant/glp1-weight-dose-symptom-tracker.html,zh-hant,commercial,200,index,https://www.glpzy.app/zh-hant/glp1-weight-dose-symptom-tracker.html,你的 GLP-1 記錄流程，清楚整理不雜亂。 | GLPzy,在一個私密 App 中記錄劑量、體重、症狀、食慾、照片、提醒和 Apple Health 背景資訊，用於個人回顧。,你的 GLP-1 記錄流程，清楚整理不雜亂。,353,54,yes,no,no,1,no,108 alternates,yes,index
/zh-hant/,zh-hant,home,200,index,https://www.glpzy.app/zh-hant/index.html,你的 GLP-1 記錄流程，清楚整理不雜亂。 | GLPzy,在一個私密 App 中記錄劑量、體重、症狀、食慾、照片、提醒和 Apple Health 背景資訊，用於個人回顧。,你的 GLP-1 記錄流程，清楚整理不雜亂。,460,137,yes,no,no,1,yes,108 alternates,yes,index
/zh-hant/local-first-private-glp-tracker.html,zh-hant,privacy,200,index,https://www.glpzy.app/zh-hant/local-first-private-glp-tracker.html,預設私密。由你選擇何時匯出。 | GLPzy,無需帳戶即可追蹤劑量、體重、症狀、提醒或提醒。,預設私密。由你選擇何時匯出。,307,54,yes,no,no,1,no,108 alternates,yes,index
/zh-hant/medical-safety.html,zh-hant,trust,200,index,https://www.glpzy.app/zh-hant/medical-safety.html,醫療安全 | GLPzy,GLPzy 幫助您更清晰地記錄所發生的事情。它不會診斷、開處方或選擇您的劑量。,醫療安全,370,78,yes,no,no,1,no,105 alternates,yes,index
/zh-hant/methodology.html,zh-hant,trust,200,index,https://www.glpzy.app/zh-hant/methodology.html,方法論 | GLPzy,估計暴露趨勢使用記錄的劑量時間加上簡化的吸收和消除模型，僅用於個人追蹤。,方法論,371,77,yes,no,no,1,no,108 alternates,yes,index
/zh-hant/mounjaro-tracker-iphone.html,zh-hant,medicine,200,index,https://www.glpzy.app/zh-hant/mounjaro-tracker-iphone.html,Mounjaro — 快速記錄，不混亂。 | GLPzy,Mounjaro: 在一個私密 App 中，用劑量歷史、體重、症狀、食慾、照片、提醒和匯出功能追蹤這個流程。,Mounjaro,341,57,yes,no,no,1,no,108 alternates,yes,index
/zh-hant/overview.html,zh-hant,support,200,index,https://www.glpzy.app/zh-hant/overview.html,GLPzy — 隱私權政策 · 醫療安全 · 支援,查看支援範圍、隱私聯絡人和非緊急指導。,GLPzy,282,54,yes,no,no,1,no,108 alternates,yes,index
/zh-hant/ozempic-tracker-iphone.html,zh-hant,commercial,200,index,https://www.glpzy.app/zh-hant/ozempic-tracker-iphone.html,Ozempic — 快速記錄，不混亂。 | GLPzy,Ozempic: 在一個私密 App 中，用劑量歷史、體重、症狀、食慾、照片、提醒和匯出功能追蹤這個流程。,Ozempic,339,58,yes,no,no,1,no,105 alternates,yes,index
/zh-hant/privacy.html,zh-hant,privacy,200,index,https://www.glpzy.app/zh-hant/privacy.html,預設私密。由你選擇何時匯出。 | GLPzy,無需帳戶即可追蹤劑量、體重、症狀、提醒或提醒。,預設私密。由你選擇何時匯出。,307,113,yes,no,no,1,no,108 alternates,yes,index
/zh-hant/rybelsus-tracker-iphone.html,zh-hant,commercial,200,index,https://www.glpzy.app/zh-hant/rybelsus-tracker-iphone.html,Rybelsus — 快速記錄，不混亂。 | GLPzy,Rybelsus: 在一個私密 App 中，用劑量歷史、體重、症狀、食慾、照片、提醒和匯出功能追蹤這個流程。,Rybelsus,336,58,yes,no,no,1,no,105 alternates,yes,index
/zh-hant/saxenda-tracker-iphone.html,zh-hant,commercial,200,index,https://www.glpzy.app/zh-hant/saxenda-tracker-iphone.html,Saxenda — 快速記錄，不混亂。 | GLPzy,Saxenda: 在一個私密 App 中，用劑量歷史、體重、症狀、食慾、照片、提醒和匯出功能追蹤這個流程。,Saxenda,334,56,yes,no,no,1,no,105 alternates,yes,index
/zh-hant/semaglutide-tracker-iphone.html,zh-hant,medicine,200,index,https://www.glpzy.app/zh-hant/semaglutide-tracker-iphone.html,Semaglutide — 快速記錄，不混亂。 | GLPzy,Semaglutide: 在一個私密 App 中，用劑量歷史、體重、症狀、食慾、照片、提醒和匯出功能追蹤這個流程。,Semaglutide,342,60,yes,no,no,1,no,108 alternates,yes,index
/zh-hant/support.html,zh-hant,support,200,index,https://www.glpzy.app/zh-hant/support.html,支援 | GLPzy,查看支援範圍、隱私聯絡人和非緊急指導。,支援,283,100,yes,no,no,1,no,108 alternates,yes,index
/zh-hant/terms.html,zh-hant,support,200,index,https://www.glpzy.app/zh-hant/terms.html,使用條款 | GLPzy,購買前，定價、計費週期和任何介紹性優惠詳細資訊都會顯示在您的 App Store 帳戶中。在 App Store 設定中管理或取消。,使用條款,305,77,yes,no,no,1,no,108 alternates,yes,index
/zh-hant/tirzepatide-tracker-iphone.html,zh-hant,medicine,200,index,https://www.glpzy.app/zh-hant/tirzepatide-tracker-iphone.html,Tirzepatide — 快速記錄，不混亂。 | GLPzy,Tirzepatide: 在一個私密 App 中，用劑量歷史、體重、症狀、食慾、照片、提醒和匯出功能追蹤這個流程。,Tirzepatide,344,59,yes,no,no,1,no,108 alternates,yes,index
/zh-hant/trulicity-tracker-iphone.html,zh-hant,commercial,200,index,https://www.glpzy.app/zh-hant/trulicity-tracker-iphone.html,Trulicity — 快速記錄，不混亂。 | GLPzy,Trulicity: 在一個私密 App 中，用劑量歷史、體重、症狀、食慾、照片、提醒和匯出功能追蹤這個流程。,Trulicity,334,55,yes,no,no,1,no,105 alternates,yes,index
/zh-hant/victoza-tracker-iphone.html,zh-hant,commercial,200,index,https://www.glpzy.app/zh-hant/victoza-tracker-iphone.html,Victoza — 快速記錄，不混亂。 | GLPzy,Victoza: 在一個私密 App 中，用劑量歷史、體重、症狀、食慾、照片、提醒和匯出功能追蹤這個流程。,Victoza,334,56,yes,no,no,1,no,105 alternates,yes,index
/zh-hant/wegovy-tracker-iphone.html,zh-hant,medicine,200,index,https://www.glpzy.app/zh-hant/wegovy-tracker-iphone.html,Wegovy — 快速記錄，不混亂。 | GLPzy,Wegovy: 在一個私密 App 中，用劑量歷史、體重、症狀、食慾、照片、提醒和匯出功能追蹤這個流程。,Wegovy,342,58,yes,no,no,1,no,108 alternates,yes,index
/zh-hant/zepbound-tracker-iphone.html,zh-hant,medicine,200,index,https://www.glpzy.app/zh-hant/zepbound-tracker-iphone.html,Zepbound — 快速記錄，不混亂。 | GLPzy,Zepbound: 在一個私密 App 中，用劑量歷史、體重、症狀、食慾、照片、提醒和匯出功能追蹤這個流程。,Zepbound,347,57,yes,no,no,1,no,108 alternates,yes,index
/languages.html,root,support,200,index,https://www.glpzy.app/languages.html,GLPzy languages | Multilingual GLP-1 tracker pages,"Choose a GLPzy website language. Each supported language has direct, crawlable GLP-1 tracker pages for search and sharing.",Choose your GLPzy website language,450,0,no,no,no,0,no,none,yes,index
