url,path,locale,page_family,current_index_state,in_sitemap,canonical_url,recommended_action,consolidation_target,priority,reason,evidence_required
https://www.glpzy.app/apple-health-glp-tracker.html,apple-health-glp-tracker.html,root,feature,index,yes,https://www.glpzy.app/apple-health-glp-tracker.html,keep_index_priority,,P0,"Distinct product, feature, offer or trust intent.","Monitor query match, CTR, canonical selection and conversions."
https://www.glpzy.app/apple-health-weight-loss-injection-tracker.html,apple-health-weight-loss-injection-tracker.html,root,commercial,index,yes,https://www.glpzy.app/apple-health-weight-loss-injection-tracker.html,keep_index_supporting,,P2,Indexable root page with a supporting policy or product role.,"Monitor impressions, internal links and canonical selection."
https://www.glpzy.app/ar/apple-health-glp-tracker.html,ar/apple-health-glp-tracker.html,ar,feature,index,yes,https://www.glpzy.app/ar/apple-health-glp-tracker.html,keep_index_translation,,P1,All published translations remain indexable under the owner's policy.,"Check wording, medical safety, mobile layout and Search Console coverage without adding noindex."
https://www.glpzy.app/ar/compounded-glp-tracker-iphone.html,ar/compounded-glp-tracker-iphone.html,ar,commercial,index,yes,https://www.glpzy.app/ar/compounded-glp-tracker-iphone.html,keep_index_translation,,P1,All published translations remain indexable under the owner's policy.,"Check wording, medical safety, mobile layout and Search Console coverage without adding noindex."
https://www.glpzy.app/ar/custom-medication-tracker-iphone.html,ar/custom-medication-tracker-iphone.html,ar,commercial,index,yes,https://www.glpzy.app/ar/custom-medication-tracker-iphone.html,keep_index_translation,,P1,All published translations remain indexable under the owner's policy.,"Check wording, medical safety, mobile layout and Search Console coverage without adding noindex."
https://www.glpzy.app/ar/data-rights.html,ar/data-rights.html,ar,privacy,index,yes,https://www.glpzy.app/ar/data-rights.html,keep_index_translation,,P1,All published translations remain indexable under the owner's policy.,"Check wording, medical safety, mobile layout and Search Console coverage without adding noindex."
https://www.glpzy.app/ar/foundayo-tracker-iphone.html,ar/foundayo-tracker-iphone.html,ar,commercial,index,yes,https://www.glpzy.app/ar/foundayo-tracker-iphone.html,keep_index_translation,,P1,All published translations remain indexable under the owner's policy.,"Check wording, medical safety, mobile layout and Search Console coverage without adding noindex."
https://www.glpzy.app/ar/glp1-weight-dose-symptom-tracker.html,ar/glp1-weight-dose-symptom-tracker.html,ar,commercial,index,yes,https://www.glpzy.app/ar/glp1-weight-dose-symptom-tracker.html,keep_index_translation,,P1,All published translations remain indexable under the owner's policy.,"Check wording, medical safety, mobile layout and Search Console coverage without adding noindex."
https://www.glpzy.app/ar/glpzy-is-now-oneglp/,ar/glpzy-is-now-oneglp/index.html,ar,home,index,yes,https://www.glpzy.app/ar/glpzy-is-now-oneglp/,keep_index_translation,,P1,All published translations remain indexable under the owner's policy.,"Check wording, medical safety, mobile layout and Search Console coverage without adding noindex."
https://www.glpzy.app/ar/,ar/index.html,ar,home,index,yes,https://www.glpzy.app/ar/,keep_index_translation,,P1,All published translations remain indexable under the owner's policy.,"Check wording, medical safety, mobile layout and Search Console coverage without adding noindex."
https://www.glpzy.app/ar/local-first-private-glp-tracker.html,ar/local-first-private-glp-tracker.html,ar,privacy,index,yes,https://www.glpzy.app/ar/local-first-private-glp-tracker.html,keep_index_translation,,P1,All published translations remain indexable under the owner's policy.,"Check wording, medical safety, mobile layout and Search Console coverage without adding noindex."
https://www.glpzy.app/ar/medical-safety.html,ar/medical-safety.html,ar,trust,index,yes,https://www.glpzy.app/ar/medical-safety.html,keep_index_translation,,P1,All published translations remain indexable under the owner's policy.,"Check wording, medical safety, mobile layout and Search Console coverage without adding noindex."
https://www.glpzy.app/ar/methodology.html,ar/methodology.html,ar,trust,index,yes,https://www.glpzy.app/ar/methodology.html,keep_index_translation,,P1,All published translations remain indexable under the owner's policy.,"Check wording, medical safety, mobile layout and Search Console coverage without adding noindex."
https://www.glpzy.app/ar/mounjaro-tracker-iphone.html,ar/mounjaro-tracker-iphone.html,ar,medicine,index,yes,https://www.glpzy.app/ar/mounjaro-tracker-iphone.html,keep_index_translation,,P1,All published translations remain indexable under the owner's policy.,"Check wording, medical safety, mobile layout and Search Console coverage without adding noindex."
https://www.glpzy.app/ar/overview.html,ar/overview.html,ar,other,index,yes,https://www.glpzy.app/ar/overview.html,keep_index_translation,,P1,All published translations remain indexable under the owner's policy.,"Check wording, medical safety, mobile layout and Search Console coverage without adding noindex."
https://www.glpzy.app/ar/ozempic-tracker-iphone.html,ar/ozempic-tracker-iphone.html,ar,commercial,index,yes,https://www.glpzy.app/ar/ozempic-tracker-iphone.html,keep_index_translation,,P1,All published translations remain indexable under the owner's policy.,"Check wording, medical safety, mobile layout and Search Console coverage without adding noindex."
https://www.glpzy.app/ar/privacy.html,ar/privacy.html,ar,privacy,index,yes,https://www.glpzy.app/ar/privacy.html,keep_index_translation,,P1,All published translations remain indexable under the owner's policy.,"Check wording, medical safety, mobile layout and Search Console coverage without adding noindex."
https://www.glpzy.app/ar/rybelsus-tracker-iphone.html,ar/rybelsus-tracker-iphone.html,ar,commercial,index,yes,https://www.glpzy.app/ar/rybelsus-tracker-iphone.html,keep_index_translation,,P1,All published translations remain indexable under the owner's policy.,"Check wording, medical safety, mobile layout and Search Console coverage without adding noindex."
https://www.glpzy.app/ar/saxenda-tracker-iphone.html,ar/saxenda-tracker-iphone.html,ar,commercial,index,yes,https://www.glpzy.app/ar/saxenda-tracker-iphone.html,keep_index_translation,,P1,All published translations remain indexable under the owner's policy.,"Check wording, medical safety, mobile layout and Search Console coverage without adding noindex."
https://www.glpzy.app/ar/semaglutide-tracker-iphone.html,ar/semaglutide-tracker-iphone.html,ar,ingredient,index,yes,https://www.glpzy.app/ar/semaglutide-tracker-iphone.html,keep_index_translation,,P1,All published translations remain indexable under the owner's policy.,"Check wording, medical safety, mobile layout and Search Console coverage without adding noindex."
https://www.glpzy.app/ar/support.html,ar/support.html,ar,trust,index,yes,https://www.glpzy.app/ar/support.html,keep_index_translation,,P1,All published translations remain indexable under the owner's policy.,"Check wording, medical safety, mobile layout and Search Console coverage without adding noindex."
https://www.glpzy.app/ar/terms.html,ar/terms.html,ar,trust,index,yes,https://www.glpzy.app/ar/terms.html,keep_index_translation,,P1,All published translations remain indexable under the owner's policy.,"Check wording, medical safety, mobile layout and Search Console coverage without adding noindex."
https://www.glpzy.app/ar/tirzepatide-tracker-iphone.html,ar/tirzepatide-tracker-iphone.html,ar,ingredient,index,yes,https://www.glpzy.app/ar/tirzepatide-tracker-iphone.html,keep_index_translation,,P1,All published translations remain indexable under the owner's policy.,"Check wording, medical safety, mobile layout and Search Console coverage without adding noindex."
https://www.glpzy.app/ar/trulicity-tracker-iphone.html,ar/trulicity-tracker-iphone.html,ar,commercial,index,yes,https://www.glpzy.app/ar/trulicity-tracker-iphone.html,keep_index_translation,,P1,All published translations remain indexable under the owner's policy.,"Check wording, medical safety, mobile layout and Search Console coverage without adding noindex."
https://www.glpzy.app/ar/victoza-tracker-iphone.html,ar/victoza-tracker-iphone.html,ar,commercial,index,yes,https://www.glpzy.app/ar/victoza-tracker-iphone.html,keep_index_translation,,P1,All published translations remain indexable under the owner's policy.,"Check wording, medical safety, mobile layout and Search Console coverage without adding noindex."
https://www.glpzy.app/ar/wegovy-tracker-iphone.html,ar/wegovy-tracker-iphone.html,ar,medicine,index,yes,https://www.glpzy.app/ar/wegovy-tracker-iphone.html,keep_index_translation,,P1,All published translations remain indexable under the owner's policy.,"Check wording, medical safety, mobile layout and Search Console coverage without adding noindex."
https://www.glpzy.app/ar/zepbound-tracker-iphone.html,ar/zepbound-tracker-iphone.html,ar,medicine,index,yes,https://www.glpzy.app/ar/zepbound-tracker-iphone.html,keep_index_translation,,P1,All published translations remain indexable under the owner's policy.,"Check wording, medical safety, mobile layout and Search Console coverage without adding noindex."
https://www.glpzy.app/bg/apple-health-glp-tracker.html,bg/apple-health-glp-tracker.html,bg,feature,index,yes,https://www.glpzy.app/bg/apple-health-glp-tracker.html,keep_index_translation,,P1,All published translations remain indexable under the owner's policy.,"Check wording, medical safety, mobile layout and Search Console coverage without adding noindex."
https://www.glpzy.app/bg/compounded-glp-tracker-iphone.html,bg/compounded-glp-tracker-iphone.html,bg,commercial,index,yes,https://www.glpzy.app/bg/compounded-glp-tracker-iphone.html,keep_index_translation,,P1,All published translations remain indexable under the owner's policy.,"Check wording, medical safety, mobile layout and Search Console coverage without adding noindex."
https://www.glpzy.app/bg/custom-medication-tracker-iphone.html,bg/custom-medication-tracker-iphone.html,bg,commercial,index,yes,https://www.glpzy.app/bg/custom-medication-tracker-iphone.html,keep_index_translation,,P1,All published translations remain indexable under the owner's policy.,"Check wording, medical safety, mobile layout and Search Console coverage without adding noindex."
https://www.glpzy.app/bg/data-rights.html,bg/data-rights.html,bg,privacy,index,yes,https://www.glpzy.app/bg/data-rights.html,keep_index_translation,,P1,All published translations remain indexable under the owner's policy.,"Check wording, medical safety, mobile layout and Search Console coverage without adding noindex."
https://www.glpzy.app/bg/foundayo-tracker-iphone.html,bg/foundayo-tracker-iphone.html,bg,commercial,index,yes,https://www.glpzy.app/bg/foundayo-tracker-iphone.html,keep_index_translation,,P1,All published translations remain indexable under the owner's policy.,"Check wording, medical safety, mobile layout and Search Console coverage without adding noindex."
https://www.glpzy.app/bg/glp1-weight-dose-symptom-tracker.html,bg/glp1-weight-dose-symptom-tracker.html,bg,commercial,index,yes,https://www.glpzy.app/bg/glp1-weight-dose-symptom-tracker.html,keep_index_translation,,P1,All published translations remain indexable under the owner's policy.,"Check wording, medical safety, mobile layout and Search Console coverage without adding noindex."
https://www.glpzy.app/bg/glpzy-is-now-oneglp/,bg/glpzy-is-now-oneglp/index.html,bg,home,index,yes,https://www.glpzy.app/bg/glpzy-is-now-oneglp/,keep_index_translation,,P1,All published translations remain indexable under the owner's policy.,"Check wording, medical safety, mobile layout and Search Console coverage without adding noindex."
https://www.glpzy.app/bg/,bg/index.html,bg,home,index,yes,https://www.glpzy.app/bg/,keep_index_translation,,P1,All published translations remain indexable under the owner's policy.,"Check wording, medical safety, mobile layout and Search Console coverage without adding noindex."
https://www.glpzy.app/bg/local-first-private-glp-tracker.html,bg/local-first-private-glp-tracker.html,bg,privacy,index,yes,https://www.glpzy.app/bg/local-first-private-glp-tracker.html,keep_index_translation,,P1,All published translations remain indexable under the owner's policy.,"Check wording, medical safety, mobile layout and Search Console coverage without adding noindex."
https://www.glpzy.app/bg/medical-safety.html,bg/medical-safety.html,bg,trust,index,yes,https://www.glpzy.app/bg/medical-safety.html,keep_index_translation,,P1,All published translations remain indexable under the owner's policy.,"Check wording, medical safety, mobile layout and Search Console coverage without adding noindex."
https://www.glpzy.app/bg/methodology.html,bg/methodology.html,bg,trust,index,yes,https://www.glpzy.app/bg/methodology.html,keep_index_translation,,P1,All published translations remain indexable under the owner's policy.,"Check wording, medical safety, mobile layout and Search Console coverage without adding noindex."
https://www.glpzy.app/bg/mounjaro-tracker-iphone.html,bg/mounjaro-tracker-iphone.html,bg,medicine,index,yes,https://www.glpzy.app/bg/mounjaro-tracker-iphone.html,keep_index_translation,,P1,All published translations remain indexable under the owner's policy.,"Check wording, medical safety, mobile layout and Search Console coverage without adding noindex."
https://www.glpzy.app/bg/overview.html,bg/overview.html,bg,other,index,yes,https://www.glpzy.app/bg/overview.html,keep_index_translation,,P1,All published translations remain indexable under the owner's policy.,"Check wording, medical safety, mobile layout and Search Console coverage without adding noindex."
https://www.glpzy.app/bg/ozempic-tracker-iphone.html,bg/ozempic-tracker-iphone.html,bg,commercial,index,yes,https://www.glpzy.app/bg/ozempic-tracker-iphone.html,keep_index_translation,,P1,All published translations remain indexable under the owner's policy.,"Check wording, medical safety, mobile layout and Search Console coverage without adding noindex."
https://www.glpzy.app/bg/privacy.html,bg/privacy.html,bg,privacy,index,yes,https://www.glpzy.app/bg/privacy.html,keep_index_translation,,P1,All published translations remain indexable under the owner's policy.,"Check wording, medical safety, mobile layout and Search Console coverage without adding noindex."
https://www.glpzy.app/bg/rybelsus-tracker-iphone.html,bg/rybelsus-tracker-iphone.html,bg,commercial,index,yes,https://www.glpzy.app/bg/rybelsus-tracker-iphone.html,keep_index_translation,,P1,All published translations remain indexable under the owner's policy.,"Check wording, medical safety, mobile layout and Search Console coverage without adding noindex."
https://www.glpzy.app/bg/saxenda-tracker-iphone.html,bg/saxenda-tracker-iphone.html,bg,commercial,index,yes,https://www.glpzy.app/bg/saxenda-tracker-iphone.html,keep_index_translation,,P1,All published translations remain indexable under the owner's policy.,"Check wording, medical safety, mobile layout and Search Console coverage without adding noindex."
https://www.glpzy.app/bg/semaglutide-tracker-iphone.html,bg/semaglutide-tracker-iphone.html,bg,ingredient,index,yes,https://www.glpzy.app/bg/semaglutide-tracker-iphone.html,keep_index_translation,,P1,All published translations remain indexable under the owner's policy.,"Check wording, medical safety, mobile layout and Search Console coverage without adding noindex."
https://www.glpzy.app/bg/support.html,bg/support.html,bg,trust,index,yes,https://www.glpzy.app/bg/support.html,keep_index_translation,,P1,All published translations remain indexable under the owner's policy.,"Check wording, medical safety, mobile layout and Search Console coverage without adding noindex."
https://www.glpzy.app/bg/terms.html,bg/terms.html,bg,trust,index,yes,https://www.glpzy.app/bg/terms.html,keep_index_translation,,P1,All published translations remain indexable under the owner's policy.,"Check wording, medical safety, mobile layout and Search Console coverage without adding noindex."
https://www.glpzy.app/bg/tirzepatide-tracker-iphone.html,bg/tirzepatide-tracker-iphone.html,bg,ingredient,index,yes,https://www.glpzy.app/bg/tirzepatide-tracker-iphone.html,keep_index_translation,,P1,All published translations remain indexable under the owner's policy.,"Check wording, medical safety, mobile layout and Search Console coverage without adding noindex."
https://www.glpzy.app/bg/trulicity-tracker-iphone.html,bg/trulicity-tracker-iphone.html,bg,commercial,index,yes,https://www.glpzy.app/bg/trulicity-tracker-iphone.html,keep_index_translation,,P1,All published translations remain indexable under the owner's policy.,"Check wording, medical safety, mobile layout and Search Console coverage without adding noindex."
https://www.glpzy.app/bg/victoza-tracker-iphone.html,bg/victoza-tracker-iphone.html,bg,commercial,index,yes,https://www.glpzy.app/bg/victoza-tracker-iphone.html,keep_index_translation,,P1,All published translations remain indexable under the owner's policy.,"Check wording, medical safety, mobile layout and Search Console coverage without adding noindex."
https://www.glpzy.app/bg/wegovy-tracker-iphone.html,bg/wegovy-tracker-iphone.html,bg,medicine,index,yes,https://www.glpzy.app/bg/wegovy-tracker-iphone.html,keep_index_translation,,P1,All published translations remain indexable under the owner's policy.,"Check wording, medical safety, mobile layout and Search Console coverage without adding noindex."
https://www.glpzy.app/bg/zepbound-tracker-iphone.html,bg/zepbound-tracker-iphone.html,bg,medicine,index,yes,https://www.glpzy.app/bg/zepbound-tracker-iphone.html,keep_index_translation,,P1,All published translations remain indexable under the owner's policy.,"Check wording, medical safety, mobile layout and Search Console coverage without adding noindex."
https://www.glpzy.app/bn/apple-health-glp-tracker.html,bn/apple-health-glp-tracker.html,bn,feature,index,yes,https://www.glpzy.app/bn/apple-health-glp-tracker.html,keep_index_translation,,P1,All published translations remain indexable under the owner's policy.,"Check wording, medical safety, mobile layout and Search Console coverage without adding noindex."
https://www.glpzy.app/bn/compounded-glp-tracker-iphone.html,bn/compounded-glp-tracker-iphone.html,bn,commercial,index,yes,https://www.glpzy.app/bn/compounded-glp-tracker-iphone.html,keep_index_translation,,P1,All published translations remain indexable under the owner's policy.,"Check wording, medical safety, mobile layout and Search Console coverage without adding noindex."
https://www.glpzy.app/bn/custom-medication-tracker-iphone.html,bn/custom-medication-tracker-iphone.html,bn,commercial,index,yes,https://www.glpzy.app/bn/custom-medication-tracker-iphone.html,keep_index_translation,,P1,All published translations remain indexable under the owner's policy.,"Check wording, medical safety, mobile layout and Search Console coverage without adding noindex."
https://www.glpzy.app/bn/data-rights.html,bn/data-rights.html,bn,privacy,index,yes,https://www.glpzy.app/bn/data-rights.html,keep_index_translation,,P1,All published translations remain indexable under the owner's policy.,"Check wording, medical safety, mobile layout and Search Console coverage without adding noindex."
https://www.glpzy.app/bn/foundayo-tracker-iphone.html,bn/foundayo-tracker-iphone.html,bn,commercial,index,yes,https://www.glpzy.app/bn/foundayo-tracker-iphone.html,keep_index_translation,,P1,All published translations remain indexable under the owner's policy.,"Check wording, medical safety, mobile layout and Search Console coverage without adding noindex."
https://www.glpzy.app/bn/glp1-weight-dose-symptom-tracker.html,bn/glp1-weight-dose-symptom-tracker.html,bn,commercial,index,yes,https://www.glpzy.app/bn/glp1-weight-dose-symptom-tracker.html,keep_index_translation,,P1,All published translations remain indexable under the owner's policy.,"Check wording, medical safety, mobile layout and Search Console coverage without adding noindex."
https://www.glpzy.app/bn/glpzy-is-now-oneglp/,bn/glpzy-is-now-oneglp/index.html,bn,home,index,yes,https://www.glpzy.app/bn/glpzy-is-now-oneglp/,keep_index_translation,,P1,All published translations remain indexable under the owner's policy.,"Check wording, medical safety, mobile layout and Search Console coverage without adding noindex."
https://www.glpzy.app/bn/,bn/index.html,bn,home,index,yes,https://www.glpzy.app/bn/,keep_index_translation,,P1,All published translations remain indexable under the owner's policy.,"Check wording, medical safety, mobile layout and Search Console coverage without adding noindex."
https://www.glpzy.app/bn/local-first-private-glp-tracker.html,bn/local-first-private-glp-tracker.html,bn,privacy,index,yes,https://www.glpzy.app/bn/local-first-private-glp-tracker.html,keep_index_translation,,P1,All published translations remain indexable under the owner's policy.,"Check wording, medical safety, mobile layout and Search Console coverage without adding noindex."
https://www.glpzy.app/bn/medical-safety.html,bn/medical-safety.html,bn,trust,index,yes,https://www.glpzy.app/bn/medical-safety.html,keep_index_translation,,P1,All published translations remain indexable under the owner's policy.,"Check wording, medical safety, mobile layout and Search Console coverage without adding noindex."
https://www.glpzy.app/bn/methodology.html,bn/methodology.html,bn,trust,index,yes,https://www.glpzy.app/bn/methodology.html,keep_index_translation,,P1,All published translations remain indexable under the owner's policy.,"Check wording, medical safety, mobile layout and Search Console coverage without adding noindex."
https://www.glpzy.app/bn/mounjaro-tracker-iphone.html,bn/mounjaro-tracker-iphone.html,bn,medicine,index,yes,https://www.glpzy.app/bn/mounjaro-tracker-iphone.html,keep_index_translation,,P1,All published translations remain indexable under the owner's policy.,"Check wording, medical safety, mobile layout and Search Console coverage without adding noindex."
https://www.glpzy.app/bn/overview.html,bn/overview.html,bn,other,index,yes,https://www.glpzy.app/bn/overview.html,keep_index_translation,,P1,All published translations remain indexable under the owner's policy.,"Check wording, medical safety, mobile layout and Search Console coverage without adding noindex."
https://www.glpzy.app/bn/ozempic-tracker-iphone.html,bn/ozempic-tracker-iphone.html,bn,commercial,index,yes,https://www.glpzy.app/bn/ozempic-tracker-iphone.html,keep_index_translation,,P1,All published translations remain indexable under the owner's policy.,"Check wording, medical safety, mobile layout and Search Console coverage without adding noindex."
https://www.glpzy.app/bn/privacy.html,bn/privacy.html,bn,privacy,index,yes,https://www.glpzy.app/bn/privacy.html,keep_index_translation,,P1,All published translations remain indexable under the owner's policy.,"Check wording, medical safety, mobile layout and Search Console coverage without adding noindex."
https://www.glpzy.app/bn/rybelsus-tracker-iphone.html,bn/rybelsus-tracker-iphone.html,bn,commercial,index,yes,https://www.glpzy.app/bn/rybelsus-tracker-iphone.html,keep_index_translation,,P1,All published translations remain indexable under the owner's policy.,"Check wording, medical safety, mobile layout and Search Console coverage without adding noindex."
https://www.glpzy.app/bn/saxenda-tracker-iphone.html,bn/saxenda-tracker-iphone.html,bn,commercial,index,yes,https://www.glpzy.app/bn/saxenda-tracker-iphone.html,keep_index_translation,,P1,All published translations remain indexable under the owner's policy.,"Check wording, medical safety, mobile layout and Search Console coverage without adding noindex."
https://www.glpzy.app/bn/semaglutide-tracker-iphone.html,bn/semaglutide-tracker-iphone.html,bn,ingredient,index,yes,https://www.glpzy.app/bn/semaglutide-tracker-iphone.html,keep_index_translation,,P1,All published translations remain indexable under the owner's policy.,"Check wording, medical safety, mobile layout and Search Console coverage without adding noindex."
https://www.glpzy.app/bn/support.html,bn/support.html,bn,trust,index,yes,https://www.glpzy.app/bn/support.html,keep_index_translation,,P1,All published translations remain indexable under the owner's policy.,"Check wording, medical safety, mobile layout and Search Console coverage without adding noindex."
https://www.glpzy.app/bn/terms.html,bn/terms.html,bn,trust,index,yes,https://www.glpzy.app/bn/terms.html,keep_index_translation,,P1,All published translations remain indexable under the owner's policy.,"Check wording, medical safety, mobile layout and Search Console coverage without adding noindex."
https://www.glpzy.app/bn/tirzepatide-tracker-iphone.html,bn/tirzepatide-tracker-iphone.html,bn,ingredient,index,yes,https://www.glpzy.app/bn/tirzepatide-tracker-iphone.html,keep_index_translation,,P1,All published translations remain indexable under the owner's policy.,"Check wording, medical safety, mobile layout and Search Console coverage without adding noindex."
https://www.glpzy.app/bn/trulicity-tracker-iphone.html,bn/trulicity-tracker-iphone.html,bn,commercial,index,yes,https://www.glpzy.app/bn/trulicity-tracker-iphone.html,keep_index_translation,,P1,All published translations remain indexable under the owner's policy.,"Check wording, medical safety, mobile layout and Search Console coverage without adding noindex."
https://www.glpzy.app/bn/victoza-tracker-iphone.html,bn/victoza-tracker-iphone.html,bn,commercial,index,yes,https://www.glpzy.app/bn/victoza-tracker-iphone.html,keep_index_translation,,P1,All published translations remain indexable under the owner's policy.,"Check wording, medical safety, mobile layout and Search Console coverage without adding noindex."
https://www.glpzy.app/bn/wegovy-tracker-iphone.html,bn/wegovy-tracker-iphone.html,bn,medicine,index,yes,https://www.glpzy.app/bn/wegovy-tracker-iphone.html,keep_index_translation,,P1,All published translations remain indexable under the owner's policy.,"Check wording, medical safety, mobile layout and Search Console coverage without adding noindex."
https://www.glpzy.app/bn/zepbound-tracker-iphone.html,bn/zepbound-tracker-iphone.html,bn,medicine,index,yes,https://www.glpzy.app/bn/zepbound-tracker-iphone.html,keep_index_translation,,P1,All published translations remain indexable under the owner's policy.,"Check wording, medical safety, mobile layout and Search Console coverage without adding noindex."
https://www.glpzy.app/compounded-glp-tracker-iphone.html,compounded-glp-tracker-iphone.html,root,commercial,index,yes,https://www.glpzy.app/compounded-glp-tracker-iphone.html,monitor_then_consolidate,https://www.glpzy.app/glp1-weight-dose-symptom-tracker.html,P1,The page overlaps a broader ingredient or tracker intent.,"Keep for 28 days, then merge only if Search Console shows no distinct query demand."
https://www.glpzy.app/cs/apple-health-glp-tracker.html,cs/apple-health-glp-tracker.html,cs,feature,index,yes,https://www.glpzy.app/cs/apple-health-glp-tracker.html,keep_index_translation,,P1,All published translations remain indexable under the owner's policy.,"Check wording, medical safety, mobile layout and Search Console coverage without adding noindex."
https://www.glpzy.app/cs/compounded-glp-tracker-iphone.html,cs/compounded-glp-tracker-iphone.html,cs,commercial,index,yes,https://www.glpzy.app/cs/compounded-glp-tracker-iphone.html,keep_index_translation,,P1,All published translations remain indexable under the owner's policy.,"Check wording, medical safety, mobile layout and Search Console coverage without adding noindex."
https://www.glpzy.app/cs/custom-medication-tracker-iphone.html,cs/custom-medication-tracker-iphone.html,cs,commercial,index,yes,https://www.glpzy.app/cs/custom-medication-tracker-iphone.html,keep_index_translation,,P1,All published translations remain indexable under the owner's policy.,"Check wording, medical safety, mobile layout and Search Console coverage without adding noindex."
https://www.glpzy.app/cs/data-rights.html,cs/data-rights.html,cs,privacy,index,yes,https://www.glpzy.app/cs/data-rights.html,keep_index_translation,,P1,All published translations remain indexable under the owner's policy.,"Check wording, medical safety, mobile layout and Search Console coverage without adding noindex."
https://www.glpzy.app/cs/foundayo-tracker-iphone.html,cs/foundayo-tracker-iphone.html,cs,commercial,index,yes,https://www.glpzy.app/cs/foundayo-tracker-iphone.html,keep_index_translation,,P1,All published translations remain indexable under the owner's policy.,"Check wording, medical safety, mobile layout and Search Console coverage without adding noindex."
https://www.glpzy.app/cs/glp1-weight-dose-symptom-tracker.html,cs/glp1-weight-dose-symptom-tracker.html,cs,commercial,index,yes,https://www.glpzy.app/cs/glp1-weight-dose-symptom-tracker.html,keep_index_translation,,P1,All published translations remain indexable under the owner's policy.,"Check wording, medical safety, mobile layout and Search Console coverage without adding noindex."
https://www.glpzy.app/cs/glpzy-is-now-oneglp/,cs/glpzy-is-now-oneglp/index.html,cs,home,index,yes,https://www.glpzy.app/cs/glpzy-is-now-oneglp/,keep_index_translation,,P1,All published translations remain indexable under the owner's policy.,"Check wording, medical safety, mobile layout and Search Console coverage without adding noindex."
https://www.glpzy.app/cs/,cs/index.html,cs,home,index,yes,https://www.glpzy.app/cs/,keep_index_translation,,P1,All published translations remain indexable under the owner's policy.,"Check wording, medical safety, mobile layout and Search Console coverage without adding noindex."
https://www.glpzy.app/cs/local-first-private-glp-tracker.html,cs/local-first-private-glp-tracker.html,cs,privacy,index,yes,https://www.glpzy.app/cs/local-first-private-glp-tracker.html,keep_index_translation,,P1,All published translations remain indexable under the owner's policy.,"Check wording, medical safety, mobile layout and Search Console coverage without adding noindex."
https://www.glpzy.app/cs/medical-safety.html,cs/medical-safety.html,cs,trust,index,yes,https://www.glpzy.app/cs/medical-safety.html,keep_index_translation,,P1,All published translations remain indexable under the owner's policy.,"Check wording, medical safety, mobile layout and Search Console coverage without adding noindex."
https://www.glpzy.app/cs/methodology.html,cs/methodology.html,cs,trust,index,yes,https://www.glpzy.app/cs/methodology.html,keep_index_translation,,P1,All published translations remain indexable under the owner's policy.,"Check wording, medical safety, mobile layout and Search Console coverage without adding noindex."
https://www.glpzy.app/cs/mounjaro-tracker-iphone.html,cs/mounjaro-tracker-iphone.html,cs,medicine,index,yes,https://www.glpzy.app/cs/mounjaro-tracker-iphone.html,keep_index_translation,,P1,All published translations remain indexable under the owner's policy.,"Check wording, medical safety, mobile layout and Search Console coverage without adding noindex."
https://www.glpzy.app/cs/overview.html,cs/overview.html,cs,other,index,yes,https://www.glpzy.app/cs/overview.html,keep_index_translation,,P1,All published translations remain indexable under the owner's policy.,"Check wording, medical safety, mobile layout and Search Console coverage without adding noindex."
https://www.glpzy.app/cs/ozempic-tracker-iphone.html,cs/ozempic-tracker-iphone.html,cs,commercial,index,yes,https://www.glpzy.app/cs/ozempic-tracker-iphone.html,keep_index_translation,,P1,All published translations remain indexable under the owner's policy.,"Check wording, medical safety, mobile layout and Search Console coverage without adding noindex."
https://www.glpzy.app/cs/privacy.html,cs/privacy.html,cs,privacy,index,yes,https://www.glpzy.app/cs/privacy.html,keep_index_translation,,P1,All published translations remain indexable under the owner's policy.,"Check wording, medical safety, mobile layout and Search Console coverage without adding noindex."
https://www.glpzy.app/cs/rybelsus-tracker-iphone.html,cs/rybelsus-tracker-iphone.html,cs,commercial,index,yes,https://www.glpzy.app/cs/rybelsus-tracker-iphone.html,keep_index_translation,,P1,All published translations remain indexable under the owner's policy.,"Check wording, medical safety, mobile layout and Search Console coverage without adding noindex."
https://www.glpzy.app/cs/saxenda-tracker-iphone.html,cs/saxenda-tracker-iphone.html,cs,commercial,index,yes,https://www.glpzy.app/cs/saxenda-tracker-iphone.html,keep_index_translation,,P1,All published translations remain indexable under the owner's policy.,"Check wording, medical safety, mobile layout and Search Console coverage without adding noindex."
https://www.glpzy.app/cs/semaglutide-tracker-iphone.html,cs/semaglutide-tracker-iphone.html,cs,ingredient,index,yes,https://www.glpzy.app/cs/semaglutide-tracker-iphone.html,keep_index_translation,,P1,All published translations remain indexable under the owner's policy.,"Check wording, medical safety, mobile layout and Search Console coverage without adding noindex."
https://www.glpzy.app/cs/support.html,cs/support.html,cs,trust,index,yes,https://www.glpzy.app/cs/support.html,keep_index_translation,,P1,All published translations remain indexable under the owner's policy.,"Check wording, medical safety, mobile layout and Search Console coverage without adding noindex."
https://www.glpzy.app/cs/terms.html,cs/terms.html,cs,trust,index,yes,https://www.glpzy.app/cs/terms.html,keep_index_translation,,P1,All published translations remain indexable under the owner's policy.,"Check wording, medical safety, mobile layout and Search Console coverage without adding noindex."
https://www.glpzy.app/cs/tirzepatide-tracker-iphone.html,cs/tirzepatide-tracker-iphone.html,cs,ingredient,index,yes,https://www.glpzy.app/cs/tirzepatide-tracker-iphone.html,keep_index_translation,,P1,All published translations remain indexable under the owner's policy.,"Check wording, medical safety, mobile layout and Search Console coverage without adding noindex."
https://www.glpzy.app/cs/trulicity-tracker-iphone.html,cs/trulicity-tracker-iphone.html,cs,commercial,index,yes,https://www.glpzy.app/cs/trulicity-tracker-iphone.html,keep_index_translation,,P1,All published translations remain indexable under the owner's policy.,"Check wording, medical safety, mobile layout and Search Console coverage without adding noindex."
https://www.glpzy.app/cs/victoza-tracker-iphone.html,cs/victoza-tracker-iphone.html,cs,commercial,index,yes,https://www.glpzy.app/cs/victoza-tracker-iphone.html,keep_index_translation,,P1,All published translations remain indexable under the owner's policy.,"Check wording, medical safety, mobile layout and Search Console coverage without adding noindex."
https://www.glpzy.app/cs/wegovy-tracker-iphone.html,cs/wegovy-tracker-iphone.html,cs,medicine,index,yes,https://www.glpzy.app/cs/wegovy-tracker-iphone.html,keep_index_translation,,P1,All published translations remain indexable under the owner's policy.,"Check wording, medical safety, mobile layout and Search Console coverage without adding noindex."
https://www.glpzy.app/cs/zepbound-tracker-iphone.html,cs/zepbound-tracker-iphone.html,cs,medicine,index,yes,https://www.glpzy.app/cs/zepbound-tracker-iphone.html,keep_index_translation,,P1,All published translations remain indexable under the owner's policy.,"Check wording, medical safety, mobile layout and Search Console coverage without adding noindex."
https://www.glpzy.app/custom-medication-tracker-iphone.html,custom-medication-tracker-iphone.html,root,commercial,index,yes,https://www.glpzy.app/custom-medication-tracker-iphone.html,monitor_then_consolidate,https://www.glpzy.app/glp1-weight-dose-symptom-tracker.html,P1,The page overlaps a broader ingredient or tracker intent.,"Keep for 28 days, then merge only if Search Console shows no distinct query demand."
https://www.glpzy.app/da/apple-health-glp-tracker.html,da/apple-health-glp-tracker.html,da,feature,index,yes,https://www.glpzy.app/da/apple-health-glp-tracker.html,keep_index_translation,,P1,All published translations remain indexable under the owner's policy.,"Check wording, medical safety, mobile layout and Search Console coverage without adding noindex."
https://www.glpzy.app/da/compounded-glp-tracker-iphone.html,da/compounded-glp-tracker-iphone.html,da,commercial,index,yes,https://www.glpzy.app/da/compounded-glp-tracker-iphone.html,keep_index_translation,,P1,All published translations remain indexable under the owner's policy.,"Check wording, medical safety, mobile layout and Search Console coverage without adding noindex."
https://www.glpzy.app/da/custom-medication-tracker-iphone.html,da/custom-medication-tracker-iphone.html,da,commercial,index,yes,https://www.glpzy.app/da/custom-medication-tracker-iphone.html,keep_index_translation,,P1,All published translations remain indexable under the owner's policy.,"Check wording, medical safety, mobile layout and Search Console coverage without adding noindex."
https://www.glpzy.app/da/data-rights.html,da/data-rights.html,da,privacy,index,yes,https://www.glpzy.app/da/data-rights.html,keep_index_translation,,P1,All published translations remain indexable under the owner's policy.,"Check wording, medical safety, mobile layout and Search Console coverage without adding noindex."
https://www.glpzy.app/da/foundayo-tracker-iphone.html,da/foundayo-tracker-iphone.html,da,commercial,index,yes,https://www.glpzy.app/da/foundayo-tracker-iphone.html,keep_index_translation,,P1,All published translations remain indexable under the owner's policy.,"Check wording, medical safety, mobile layout and Search Console coverage without adding noindex."
https://www.glpzy.app/da/glp1-weight-dose-symptom-tracker.html,da/glp1-weight-dose-symptom-tracker.html,da,commercial,index,yes,https://www.glpzy.app/da/glp1-weight-dose-symptom-tracker.html,keep_index_translation,,P1,All published translations remain indexable under the owner's policy.,"Check wording, medical safety, mobile layout and Search Console coverage without adding noindex."
https://www.glpzy.app/da/glpzy-is-now-oneglp/,da/glpzy-is-now-oneglp/index.html,da,home,index,yes,https://www.glpzy.app/da/glpzy-is-now-oneglp/,keep_index_translation,,P1,All published translations remain indexable under the owner's policy.,"Check wording, medical safety, mobile layout and Search Console coverage without adding noindex."
https://www.glpzy.app/da/,da/index.html,da,home,index,yes,https://www.glpzy.app/da/,keep_index_translation,,P1,All published translations remain indexable under the owner's policy.,"Check wording, medical safety, mobile layout and Search Console coverage without adding noindex."
https://www.glpzy.app/da/local-first-private-glp-tracker.html,da/local-first-private-glp-tracker.html,da,privacy,index,yes,https://www.glpzy.app/da/local-first-private-glp-tracker.html,keep_index_translation,,P1,All published translations remain indexable under the owner's policy.,"Check wording, medical safety, mobile layout and Search Console coverage without adding noindex."
https://www.glpzy.app/da/medical-safety.html,da/medical-safety.html,da,trust,index,yes,https://www.glpzy.app/da/medical-safety.html,keep_index_translation,,P1,All published translations remain indexable under the owner's policy.,"Check wording, medical safety, mobile layout and Search Console coverage without adding noindex."
https://www.glpzy.app/da/methodology.html,da/methodology.html,da,trust,index,yes,https://www.glpzy.app/da/methodology.html,keep_index_translation,,P1,All published translations remain indexable under the owner's policy.,"Check wording, medical safety, mobile layout and Search Console coverage without adding noindex."
https://www.glpzy.app/da/mounjaro-tracker-iphone.html,da/mounjaro-tracker-iphone.html,da,medicine,index,yes,https://www.glpzy.app/da/mounjaro-tracker-iphone.html,keep_index_translation,,P1,All published translations remain indexable under the owner's policy.,"Check wording, medical safety, mobile layout and Search Console coverage without adding noindex."
https://www.glpzy.app/da/overview.html,da/overview.html,da,other,index,yes,https://www.glpzy.app/da/overview.html,keep_index_translation,,P1,All published translations remain indexable under the owner's policy.,"Check wording, medical safety, mobile layout and Search Console coverage without adding noindex."
https://www.glpzy.app/da/ozempic-tracker-iphone.html,da/ozempic-tracker-iphone.html,da,commercial,index,yes,https://www.glpzy.app/da/ozempic-tracker-iphone.html,keep_index_translation,,P1,All published translations remain indexable under the owner's policy.,"Check wording, medical safety, mobile layout and Search Console coverage without adding noindex."
https://www.glpzy.app/da/privacy.html,da/privacy.html,da,privacy,index,yes,https://www.glpzy.app/da/privacy.html,keep_index_translation,,P1,All published translations remain indexable under the owner's policy.,"Check wording, medical safety, mobile layout and Search Console coverage without adding noindex."
https://www.glpzy.app/da/rybelsus-tracker-iphone.html,da/rybelsus-tracker-iphone.html,da,commercial,index,yes,https://www.glpzy.app/da/rybelsus-tracker-iphone.html,keep_index_translation,,P1,All published translations remain indexable under the owner's policy.,"Check wording, medical safety, mobile layout and Search Console coverage without adding noindex."
https://www.glpzy.app/da/saxenda-tracker-iphone.html,da/saxenda-tracker-iphone.html,da,commercial,index,yes,https://www.glpzy.app/da/saxenda-tracker-iphone.html,keep_index_translation,,P1,All published translations remain indexable under the owner's policy.,"Check wording, medical safety, mobile layout and Search Console coverage without adding noindex."
https://www.glpzy.app/da/semaglutide-tracker-iphone.html,da/semaglutide-tracker-iphone.html,da,ingredient,index,yes,https://www.glpzy.app/da/semaglutide-tracker-iphone.html,keep_index_translation,,P1,All published translations remain indexable under the owner's policy.,"Check wording, medical safety, mobile layout and Search Console coverage without adding noindex."
https://www.glpzy.app/da/support.html,da/support.html,da,trust,index,yes,https://www.glpzy.app/da/support.html,keep_index_translation,,P1,All published translations remain indexable under the owner's policy.,"Check wording, medical safety, mobile layout and Search Console coverage without adding noindex."
https://www.glpzy.app/da/terms.html,da/terms.html,da,trust,index,yes,https://www.glpzy.app/da/terms.html,keep_index_translation,,P1,All published translations remain indexable under the owner's policy.,"Check wording, medical safety, mobile layout and Search Console coverage without adding noindex."
https://www.glpzy.app/da/tirzepatide-tracker-iphone.html,da/tirzepatide-tracker-iphone.html,da,ingredient,index,yes,https://www.glpzy.app/da/tirzepatide-tracker-iphone.html,keep_index_translation,,P1,All published translations remain indexable under the owner's policy.,"Check wording, medical safety, mobile layout and Search Console coverage without adding noindex."
https://www.glpzy.app/da/trulicity-tracker-iphone.html,da/trulicity-tracker-iphone.html,da,commercial,index,yes,https://www.glpzy.app/da/trulicity-tracker-iphone.html,keep_index_translation,,P1,All published translations remain indexable under the owner's policy.,"Check wording, medical safety, mobile layout and Search Console coverage without adding noindex."
https://www.glpzy.app/da/victoza-tracker-iphone.html,da/victoza-tracker-iphone.html,da,commercial,index,yes,https://www.glpzy.app/da/victoza-tracker-iphone.html,keep_index_translation,,P1,All published translations remain indexable under the owner's policy.,"Check wording, medical safety, mobile layout and Search Console coverage without adding noindex."
https://www.glpzy.app/da/wegovy-tracker-iphone.html,da/wegovy-tracker-iphone.html,da,medicine,index,yes,https://www.glpzy.app/da/wegovy-tracker-iphone.html,keep_index_translation,,P1,All published translations remain indexable under the owner's policy.,"Check wording, medical safety, mobile layout and Search Console coverage without adding noindex."
https://www.glpzy.app/da/zepbound-tracker-iphone.html,da/zepbound-tracker-iphone.html,da,medicine,index,yes,https://www.glpzy.app/da/zepbound-tracker-iphone.html,keep_index_translation,,P1,All published translations remain indexable under the owner's policy.,"Check wording, medical safety, mobile layout and Search Console coverage without adding noindex."
https://www.glpzy.app/data-rights.html,data-rights.html,root,privacy,index,yes,https://www.glpzy.app/data-rights.html,keep_index_priority,,P0,"Distinct product, feature, offer or trust intent.","Monitor query match, CTR, canonical selection and conversions."
https://www.glpzy.app/de/apple-health-glp-tracker.html,de/apple-health-glp-tracker.html,de,feature,index,yes,https://www.glpzy.app/de/apple-health-glp-tracker.html,keep_index_translation,,P1,All published translations remain indexable under the owner's policy.,"Check wording, medical safety, mobile layout and Search Console coverage without adding noindex."
https://www.glpzy.app/de/compounded-glp-tracker-iphone.html,de/compounded-glp-tracker-iphone.html,de,commercial,index,yes,https://www.glpzy.app/de/compounded-glp-tracker-iphone.html,keep_index_translation,,P1,All published translations remain indexable under the owner's policy.,"Check wording, medical safety, mobile layout and Search Console coverage without adding noindex."
https://www.glpzy.app/de/custom-medication-tracker-iphone.html,de/custom-medication-tracker-iphone.html,de,commercial,index,yes,https://www.glpzy.app/de/custom-medication-tracker-iphone.html,keep_index_translation,,P1,All published translations remain indexable under the owner's policy.,"Check wording, medical safety, mobile layout and Search Console coverage without adding noindex."
https://www.glpzy.app/de/data-rights.html,de/data-rights.html,de,privacy,index,yes,https://www.glpzy.app/de/data-rights.html,keep_index_translation,,P1,All published translations remain indexable under the owner's policy.,"Check wording, medical safety, mobile layout and Search Console coverage without adding noindex."
https://www.glpzy.app/de/foundayo-tracker-iphone.html,de/foundayo-tracker-iphone.html,de,commercial,index,yes,https://www.glpzy.app/de/foundayo-tracker-iphone.html,keep_index_translation,,P1,All published translations remain indexable under the owner's policy.,"Check wording, medical safety, mobile layout and Search Console coverage without adding noindex."
https://www.glpzy.app/de/glp1-weight-dose-symptom-tracker.html,de/glp1-weight-dose-symptom-tracker.html,de,commercial,index,yes,https://www.glpzy.app/de/glp1-weight-dose-symptom-tracker.html,keep_index_translation,,P1,All published translations remain indexable under the owner's policy.,"Check wording, medical safety, mobile layout and Search Console coverage without adding noindex."
https://www.glpzy.app/de/glpzy-is-now-oneglp/,de/glpzy-is-now-oneglp/index.html,de,home,index,yes,https://www.glpzy.app/de/glpzy-is-now-oneglp/,keep_index_translation,,P1,All published translations remain indexable under the owner's policy.,"Check wording, medical safety, mobile layout and Search Console coverage without adding noindex."
https://www.glpzy.app/de/,de/index.html,de,home,index,yes,https://www.glpzy.app/de/,keep_index_translation,,P1,All published translations remain indexable under the owner's policy.,"Check wording, medical safety, mobile layout and Search Console coverage without adding noindex."
https://www.glpzy.app/de/local-first-private-glp-tracker.html,de/local-first-private-glp-tracker.html,de,privacy,index,yes,https://www.glpzy.app/de/local-first-private-glp-tracker.html,keep_index_translation,,P1,All published translations remain indexable under the owner's policy.,"Check wording, medical safety, mobile layout and Search Console coverage without adding noindex."
https://www.glpzy.app/de/medical-safety.html,de/medical-safety.html,de,trust,index,yes,https://www.glpzy.app/de/medical-safety.html,keep_index_translation,,P1,All published translations remain indexable under the owner's policy.,"Check wording, medical safety, mobile layout and Search Console coverage without adding noindex."
https://www.glpzy.app/de/methodology.html,de/methodology.html,de,trust,index,yes,https://www.glpzy.app/de/methodology.html,keep_index_translation,,P1,All published translations remain indexable under the owner's policy.,"Check wording, medical safety, mobile layout and Search Console coverage without adding noindex."
https://www.glpzy.app/de/mounjaro-tracker-iphone.html,de/mounjaro-tracker-iphone.html,de,medicine,index,yes,https://www.glpzy.app/de/mounjaro-tracker-iphone.html,keep_index_translation,,P1,All published translations remain indexable under the owner's policy.,"Check wording, medical safety, mobile layout and Search Console coverage without adding noindex."
https://www.glpzy.app/de/overview.html,de/overview.html,de,other,index,yes,https://www.glpzy.app/de/overview.html,keep_index_translation,,P1,All published translations remain indexable under the owner's policy.,"Check wording, medical safety, mobile layout and Search Console coverage without adding noindex."
https://www.glpzy.app/de/ozempic-tracker-iphone.html,de/ozempic-tracker-iphone.html,de,commercial,index,yes,https://www.glpzy.app/de/ozempic-tracker-iphone.html,keep_index_translation,,P1,All published translations remain indexable under the owner's policy.,"Check wording, medical safety, mobile layout and Search Console coverage without adding noindex."
https://www.glpzy.app/de/privacy.html,de/privacy.html,de,privacy,index,yes,https://www.glpzy.app/de/privacy.html,keep_index_translation,,P1,All published translations remain indexable under the owner's policy.,"Check wording, medical safety, mobile layout and Search Console coverage without adding noindex."
https://www.glpzy.app/de/rybelsus-tracker-iphone.html,de/rybelsus-tracker-iphone.html,de,commercial,index,yes,https://www.glpzy.app/de/rybelsus-tracker-iphone.html,keep_index_translation,,P1,All published translations remain indexable under the owner's policy.,"Check wording, medical safety, mobile layout and Search Console coverage without adding noindex."
https://www.glpzy.app/de/saxenda-tracker-iphone.html,de/saxenda-tracker-iphone.html,de,commercial,index,yes,https://www.glpzy.app/de/saxenda-tracker-iphone.html,keep_index_translation,,P1,All published translations remain indexable under the owner's policy.,"Check wording, medical safety, mobile layout and Search Console coverage without adding noindex."
https://www.glpzy.app/de/semaglutide-tracker-iphone.html,de/semaglutide-tracker-iphone.html,de,ingredient,index,yes,https://www.glpzy.app/de/semaglutide-tracker-iphone.html,keep_index_translation,,P1,All published translations remain indexable under the owner's policy.,"Check wording, medical safety, mobile layout and Search Console coverage without adding noindex."
https://www.glpzy.app/de/support.html,de/support.html,de,trust,index,yes,https://www.glpzy.app/de/support.html,keep_index_translation,,P1,All published translations remain indexable under the owner's policy.,"Check wording, medical safety, mobile layout and Search Console coverage without adding noindex."
https://www.glpzy.app/de/terms.html,de/terms.html,de,trust,index,yes,https://www.glpzy.app/de/terms.html,keep_index_translation,,P1,All published translations remain indexable under the owner's policy.,"Check wording, medical safety, mobile layout and Search Console coverage without adding noindex."
https://www.glpzy.app/de/tirzepatide-tracker-iphone.html,de/tirzepatide-tracker-iphone.html,de,ingredient,index,yes,https://www.glpzy.app/de/tirzepatide-tracker-iphone.html,keep_index_translation,,P1,All published translations remain indexable under the owner's policy.,"Check wording, medical safety, mobile layout and Search Console coverage without adding noindex."
https://www.glpzy.app/de/trulicity-tracker-iphone.html,de/trulicity-tracker-iphone.html,de,commercial,index,yes,https://www.glpzy.app/de/trulicity-tracker-iphone.html,keep_index_translation,,P1,All published translations remain indexable under the owner's policy.,"Check wording, medical safety, mobile layout and Search Console coverage without adding noindex."
https://www.glpzy.app/de/victoza-tracker-iphone.html,de/victoza-tracker-iphone.html,de,commercial,index,yes,https://www.glpzy.app/de/victoza-tracker-iphone.html,keep_index_translation,,P1,All published translations remain indexable under the owner's policy.,"Check wording, medical safety, mobile layout and Search Console coverage without adding noindex."
https://www.glpzy.app/de/wegovy-tracker-iphone.html,de/wegovy-tracker-iphone.html,de,medicine,index,yes,https://www.glpzy.app/de/wegovy-tracker-iphone.html,keep_index_translation,,P1,All published translations remain indexable under the owner's policy.,"Check wording, medical safety, mobile layout and Search Console coverage without adding noindex."
https://www.glpzy.app/de/zepbound-tracker-iphone.html,de/zepbound-tracker-iphone.html,de,medicine,index,yes,https://www.glpzy.app/de/zepbound-tracker-iphone.html,keep_index_translation,,P1,All published translations remain indexable under the owner's policy.,"Check wording, medical safety, mobile layout and Search Console coverage without adding noindex."
https://www.glpzy.app/el/apple-health-glp-tracker.html,el/apple-health-glp-tracker.html,el,feature,index,yes,https://www.glpzy.app/el/apple-health-glp-tracker.html,keep_index_translation,,P1,All published translations remain indexable under the owner's policy.,"Check wording, medical safety, mobile layout and Search Console coverage without adding noindex."
https://www.glpzy.app/el/compounded-glp-tracker-iphone.html,el/compounded-glp-tracker-iphone.html,el,commercial,index,yes,https://www.glpzy.app/el/compounded-glp-tracker-iphone.html,keep_index_translation,,P1,All published translations remain indexable under the owner's policy.,"Check wording, medical safety, mobile layout and Search Console coverage without adding noindex."
https://www.glpzy.app/el/custom-medication-tracker-iphone.html,el/custom-medication-tracker-iphone.html,el,commercial,index,yes,https://www.glpzy.app/el/custom-medication-tracker-iphone.html,keep_index_translation,,P1,All published translations remain indexable under the owner's policy.,"Check wording, medical safety, mobile layout and Search Console coverage without adding noindex."
https://www.glpzy.app/el/data-rights.html,el/data-rights.html,el,privacy,index,yes,https://www.glpzy.app/el/data-rights.html,keep_index_translation,,P1,All published translations remain indexable under the owner's policy.,"Check wording, medical safety, mobile layout and Search Console coverage without adding noindex."
https://www.glpzy.app/el/foundayo-tracker-iphone.html,el/foundayo-tracker-iphone.html,el,commercial,index,yes,https://www.glpzy.app/el/foundayo-tracker-iphone.html,keep_index_translation,,P1,All published translations remain indexable under the owner's policy.,"Check wording, medical safety, mobile layout and Search Console coverage without adding noindex."
https://www.glpzy.app/el/glp1-weight-dose-symptom-tracker.html,el/glp1-weight-dose-symptom-tracker.html,el,commercial,index,yes,https://www.glpzy.app/el/glp1-weight-dose-symptom-tracker.html,keep_index_translation,,P1,All published translations remain indexable under the owner's policy.,"Check wording, medical safety, mobile layout and Search Console coverage without adding noindex."
https://www.glpzy.app/el/glpzy-is-now-oneglp/,el/glpzy-is-now-oneglp/index.html,el,home,index,yes,https://www.glpzy.app/el/glpzy-is-now-oneglp/,keep_index_translation,,P1,All published translations remain indexable under the owner's policy.,"Check wording, medical safety, mobile layout and Search Console coverage without adding noindex."
https://www.glpzy.app/el/,el/index.html,el,home,index,yes,https://www.glpzy.app/el/,keep_index_translation,,P1,All published translations remain indexable under the owner's policy.,"Check wording, medical safety, mobile layout and Search Console coverage without adding noindex."
https://www.glpzy.app/el/local-first-private-glp-tracker.html,el/local-first-private-glp-tracker.html,el,privacy,index,yes,https://www.glpzy.app/el/local-first-private-glp-tracker.html,keep_index_translation,,P1,All published translations remain indexable under the owner's policy.,"Check wording, medical safety, mobile layout and Search Console coverage without adding noindex."
https://www.glpzy.app/el/medical-safety.html,el/medical-safety.html,el,trust,index,yes,https://www.glpzy.app/el/medical-safety.html,keep_index_translation,,P1,All published translations remain indexable under the owner's policy.,"Check wording, medical safety, mobile layout and Search Console coverage without adding noindex."
https://www.glpzy.app/el/methodology.html,el/methodology.html,el,trust,index,yes,https://www.glpzy.app/el/methodology.html,keep_index_translation,,P1,All published translations remain indexable under the owner's policy.,"Check wording, medical safety, mobile layout and Search Console coverage without adding noindex."
https://www.glpzy.app/el/mounjaro-tracker-iphone.html,el/mounjaro-tracker-iphone.html,el,medicine,index,yes,https://www.glpzy.app/el/mounjaro-tracker-iphone.html,keep_index_translation,,P1,All published translations remain indexable under the owner's policy.,"Check wording, medical safety, mobile layout and Search Console coverage without adding noindex."
https://www.glpzy.app/el/overview.html,el/overview.html,el,other,index,yes,https://www.glpzy.app/el/overview.html,keep_index_translation,,P1,All published translations remain indexable under the owner's policy.,"Check wording, medical safety, mobile layout and Search Console coverage without adding noindex."
https://www.glpzy.app/el/ozempic-tracker-iphone.html,el/ozempic-tracker-iphone.html,el,commercial,index,yes,https://www.glpzy.app/el/ozempic-tracker-iphone.html,keep_index_translation,,P1,All published translations remain indexable under the owner's policy.,"Check wording, medical safety, mobile layout and Search Console coverage without adding noindex."
https://www.glpzy.app/el/privacy.html,el/privacy.html,el,privacy,index,yes,https://www.glpzy.app/el/privacy.html,keep_index_translation,,P1,All published translations remain indexable under the owner's policy.,"Check wording, medical safety, mobile layout and Search Console coverage without adding noindex."
https://www.glpzy.app/el/rybelsus-tracker-iphone.html,el/rybelsus-tracker-iphone.html,el,commercial,index,yes,https://www.glpzy.app/el/rybelsus-tracker-iphone.html,keep_index_translation,,P1,All published translations remain indexable under the owner's policy.,"Check wording, medical safety, mobile layout and Search Console coverage without adding noindex."
https://www.glpzy.app/el/saxenda-tracker-iphone.html,el/saxenda-tracker-iphone.html,el,commercial,index,yes,https://www.glpzy.app/el/saxenda-tracker-iphone.html,keep_index_translation,,P1,All published translations remain indexable under the owner's policy.,"Check wording, medical safety, mobile layout and Search Console coverage without adding noindex."
https://www.glpzy.app/el/semaglutide-tracker-iphone.html,el/semaglutide-tracker-iphone.html,el,ingredient,index,yes,https://www.glpzy.app/el/semaglutide-tracker-iphone.html,keep_index_translation,,P1,All published translations remain indexable under the owner's policy.,"Check wording, medical safety, mobile layout and Search Console coverage without adding noindex."
https://www.glpzy.app/el/support.html,el/support.html,el,trust,index,yes,https://www.glpzy.app/el/support.html,keep_index_translation,,P1,All published translations remain indexable under the owner's policy.,"Check wording, medical safety, mobile layout and Search Console coverage without adding noindex."
https://www.glpzy.app/el/terms.html,el/terms.html,el,trust,index,yes,https://www.glpzy.app/el/terms.html,keep_index_translation,,P1,All published translations remain indexable under the owner's policy.,"Check wording, medical safety, mobile layout and Search Console coverage without adding noindex."
https://www.glpzy.app/el/tirzepatide-tracker-iphone.html,el/tirzepatide-tracker-iphone.html,el,ingredient,index,yes,https://www.glpzy.app/el/tirzepatide-tracker-iphone.html,keep_index_translation,,P1,All published translations remain indexable under the owner's policy.,"Check wording, medical safety, mobile layout and Search Console coverage without adding noindex."
https://www.glpzy.app/el/trulicity-tracker-iphone.html,el/trulicity-tracker-iphone.html,el,commercial,index,yes,https://www.glpzy.app/el/trulicity-tracker-iphone.html,keep_index_translation,,P1,All published translations remain indexable under the owner's policy.,"Check wording, medical safety, mobile layout and Search Console coverage without adding noindex."
https://www.glpzy.app/el/victoza-tracker-iphone.html,el/victoza-tracker-iphone.html,el,commercial,index,yes,https://www.glpzy.app/el/victoza-tracker-iphone.html,keep_index_translation,,P1,All published translations remain indexable under the owner's policy.,"Check wording, medical safety, mobile layout and Search Console coverage without adding noindex."
https://www.glpzy.app/el/wegovy-tracker-iphone.html,el/wegovy-tracker-iphone.html,el,medicine,index,yes,https://www.glpzy.app/el/wegovy-tracker-iphone.html,keep_index_translation,,P1,All published translations remain indexable under the owner's policy.,"Check wording, medical safety, mobile layout and Search Console coverage without adding noindex."
https://www.glpzy.app/el/zepbound-tracker-iphone.html,el/zepbound-tracker-iphone.html,el,medicine,index,yes,https://www.glpzy.app/el/zepbound-tracker-iphone.html,keep_index_translation,,P1,All published translations remain indexable under the owner's policy.,"Check wording, medical safety, mobile layout and Search Console coverage without adding noindex."
https://www.glpzy.app/en/apple-health-glp-tracker.html,en/apple-health-glp-tracker.html,en,feature,index,no,https://www.glpzy.app/apple-health-glp-tracker.html,keep_root_canonical_duplicate,https://www.glpzy.app/apple-health-glp-tracker.html,P0,The /en/ page duplicates the root English page.,"Keep index,follow; use the root canonical in sitemap and English hreflang entries."
https://www.glpzy.app/en/compounded-glp-tracker-iphone.html,en/compounded-glp-tracker-iphone.html,en,commercial,index,no,https://www.glpzy.app/compounded-glp-tracker-iphone.html,keep_root_canonical_duplicate,https://www.glpzy.app/compounded-glp-tracker-iphone.html,P0,The /en/ page duplicates the root English page.,"Keep index,follow; use the root canonical in sitemap and English hreflang entries."
https://www.glpzy.app/en/custom-medication-tracker-iphone.html,en/custom-medication-tracker-iphone.html,en,commercial,index,no,https://www.glpzy.app/custom-medication-tracker-iphone.html,keep_root_canonical_duplicate,https://www.glpzy.app/custom-medication-tracker-iphone.html,P0,The /en/ page duplicates the root English page.,"Keep index,follow; use the root canonical in sitemap and English hreflang entries."
https://www.glpzy.app/en/data-rights.html,en/data-rights.html,en,privacy,index,no,https://www.glpzy.app/data-rights.html,keep_root_canonical_duplicate,https://www.glpzy.app/data-rights.html,P0,The /en/ page duplicates the root English page.,"Keep index,follow; use the root canonical in sitemap and English hreflang entries."
https://www.glpzy.app/en/foundayo-tracker-iphone.html,en/foundayo-tracker-iphone.html,en,commercial,index,no,https://www.glpzy.app/foundayo-tracker-iphone.html,keep_root_canonical_duplicate,https://www.glpzy.app/foundayo-tracker-iphone.html,P0,The /en/ page duplicates the root English page.,"Keep index,follow; use the root canonical in sitemap and English hreflang entries."
https://www.glpzy.app/en/glp1-weight-dose-symptom-tracker.html,en/glp1-weight-dose-symptom-tracker.html,en,commercial,index,no,https://www.glpzy.app/glp1-weight-dose-symptom-tracker.html,keep_root_canonical_duplicate,https://www.glpzy.app/glp1-weight-dose-symptom-tracker.html,P0,The /en/ page duplicates the root English page.,"Keep index,follow; use the root canonical in sitemap and English hreflang entries."
https://www.glpzy.app/en/,en/index.html,en,home,index,no,https://www.glpzy.app/,keep_root_canonical_duplicate,https://www.glpzy.app/,P0,The /en/ page duplicates the root English page.,"Keep index,follow; use the root canonical in sitemap and English hreflang entries."
https://www.glpzy.app/en/local-first-private-glp-tracker.html,en/local-first-private-glp-tracker.html,en,privacy,index,no,https://www.glpzy.app/local-first-private-glp-tracker.html,keep_root_canonical_duplicate,https://www.glpzy.app/local-first-private-glp-tracker.html,P0,The /en/ page duplicates the root English page.,"Keep index,follow; use the root canonical in sitemap and English hreflang entries."
https://www.glpzy.app/en/medical-safety.html,en/medical-safety.html,en,trust,index,no,https://www.glpzy.app/medical-safety.html,keep_root_canonical_duplicate,https://www.glpzy.app/medical-safety.html,P0,The /en/ page duplicates the root English page.,"Keep index,follow; use the root canonical in sitemap and English hreflang entries."
https://www.glpzy.app/en/methodology.html,en/methodology.html,en,trust,index,no,https://www.glpzy.app/methodology.html,keep_root_canonical_duplicate,https://www.glpzy.app/methodology.html,P0,The /en/ page duplicates the root English page.,"Keep index,follow; use the root canonical in sitemap and English hreflang entries."
https://www.glpzy.app/en/mounjaro-tracker-iphone.html,en/mounjaro-tracker-iphone.html,en,medicine,index,no,https://www.glpzy.app/mounjaro-tracker-iphone.html,keep_root_canonical_duplicate,https://www.glpzy.app/mounjaro-tracker-iphone.html,P0,The /en/ page duplicates the root English page.,"Keep index,follow; use the root canonical in sitemap and English hreflang entries."
https://www.glpzy.app/en/overview.html,en/overview.html,en,other,index,no,https://www.glpzy.app/overview.html,keep_root_canonical_duplicate,https://www.glpzy.app/overview.html,P0,The /en/ page duplicates the root English page.,"Keep index,follow; use the root canonical in sitemap and English hreflang entries."
https://www.glpzy.app/en/ozempic-tracker-iphone.html,en/ozempic-tracker-iphone.html,en,commercial,index,no,https://www.glpzy.app/ozempic-tracker-iphone.html,keep_root_canonical_duplicate,https://www.glpzy.app/ozempic-tracker-iphone.html,P0,The /en/ page duplicates the root English page.,"Keep index,follow; use the root canonical in sitemap and English hreflang entries."
https://www.glpzy.app/en/privacy.html,en/privacy.html,en,privacy,index,no,https://www.glpzy.app/privacy.html,keep_root_canonical_duplicate,https://www.glpzy.app/privacy.html,P0,The /en/ page duplicates the root English page.,"Keep index,follow; use the root canonical in sitemap and English hreflang entries."
https://www.glpzy.app/en/rybelsus-tracker-iphone.html,en/rybelsus-tracker-iphone.html,en,commercial,index,no,https://www.glpzy.app/rybelsus-tracker-iphone.html,keep_root_canonical_duplicate,https://www.glpzy.app/rybelsus-tracker-iphone.html,P0,The /en/ page duplicates the root English page.,"Keep index,follow; use the root canonical in sitemap and English hreflang entries."
https://www.glpzy.app/en/saxenda-tracker-iphone.html,en/saxenda-tracker-iphone.html,en,commercial,index,no,https://www.glpzy.app/saxenda-tracker-iphone.html,keep_root_canonical_duplicate,https://www.glpzy.app/saxenda-tracker-iphone.html,P0,The /en/ page duplicates the root English page.,"Keep index,follow; use the root canonical in sitemap and English hreflang entries."
https://www.glpzy.app/en/semaglutide-tracker-iphone.html,en/semaglutide-tracker-iphone.html,en,ingredient,index,no,https://www.glpzy.app/semaglutide-tracker-iphone.html,keep_root_canonical_duplicate,https://www.glpzy.app/semaglutide-tracker-iphone.html,P0,The /en/ page duplicates the root English page.,"Keep index,follow; use the root canonical in sitemap and English hreflang entries."
https://www.glpzy.app/en/support.html,en/support.html,en,trust,index,no,https://www.glpzy.app/support.html,keep_root_canonical_duplicate,https://www.glpzy.app/support.html,P0,The /en/ page duplicates the root English page.,"Keep index,follow; use the root canonical in sitemap and English hreflang entries."
https://www.glpzy.app/en/terms.html,en/terms.html,en,trust,index,no,https://www.glpzy.app/terms.html,keep_root_canonical_duplicate,https://www.glpzy.app/terms.html,P0,The /en/ page duplicates the root English page.,"Keep index,follow; use the root canonical in sitemap and English hreflang entries."
https://www.glpzy.app/en/tirzepatide-tracker-iphone.html,en/tirzepatide-tracker-iphone.html,en,ingredient,index,no,https://www.glpzy.app/tirzepatide-tracker-iphone.html,keep_root_canonical_duplicate,https://www.glpzy.app/tirzepatide-tracker-iphone.html,P0,The /en/ page duplicates the root English page.,"Keep index,follow; use the root canonical in sitemap and English hreflang entries."
https://www.glpzy.app/en/trulicity-tracker-iphone.html,en/trulicity-tracker-iphone.html,en,commercial,index,no,https://www.glpzy.app/trulicity-tracker-iphone.html,keep_root_canonical_duplicate,https://www.glpzy.app/trulicity-tracker-iphone.html,P0,The /en/ page duplicates the root English page.,"Keep index,follow; use the root canonical in sitemap and English hreflang entries."
https://www.glpzy.app/en/victoza-tracker-iphone.html,en/victoza-tracker-iphone.html,en,commercial,index,no,https://www.glpzy.app/victoza-tracker-iphone.html,keep_root_canonical_duplicate,https://www.glpzy.app/victoza-tracker-iphone.html,P0,The /en/ page duplicates the root English page.,"Keep index,follow; use the root canonical in sitemap and English hreflang entries."
https://www.glpzy.app/en/wegovy-tracker-iphone.html,en/wegovy-tracker-iphone.html,en,medicine,index,no,https://www.glpzy.app/wegovy-tracker-iphone.html,keep_root_canonical_duplicate,https://www.glpzy.app/wegovy-tracker-iphone.html,P0,The /en/ page duplicates the root English page.,"Keep index,follow; use the root canonical in sitemap and English hreflang entries."
https://www.glpzy.app/en/zepbound-tracker-iphone.html,en/zepbound-tracker-iphone.html,en,medicine,index,no,https://www.glpzy.app/zepbound-tracker-iphone.html,keep_root_canonical_duplicate,https://www.glpzy.app/zepbound-tracker-iphone.html,P0,The /en/ page duplicates the root English page.,"Keep index,follow; use the root canonical in sitemap and English hreflang entries."
https://www.glpzy.app/en-gb/apple-health-glp-tracker.html,en-gb/apple-health-glp-tracker.html,en-gb,feature,index,yes,https://www.glpzy.app/en-gb/apple-health-glp-tracker.html,keep_index_translation,,P1,All published translations remain indexable under the owner's policy.,"Check wording, medical safety, mobile layout and Search Console coverage without adding noindex."
https://www.glpzy.app/en-gb/compounded-glp-tracker-iphone.html,en-gb/compounded-glp-tracker-iphone.html,en-gb,commercial,index,yes,https://www.glpzy.app/en-gb/compounded-glp-tracker-iphone.html,keep_index_translation,,P1,All published translations remain indexable under the owner's policy.,"Check wording, medical safety, mobile layout and Search Console coverage without adding noindex."
https://www.glpzy.app/en-gb/custom-medication-tracker-iphone.html,en-gb/custom-medication-tracker-iphone.html,en-gb,commercial,index,yes,https://www.glpzy.app/en-gb/custom-medication-tracker-iphone.html,keep_index_translation,,P1,All published translations remain indexable under the owner's policy.,"Check wording, medical safety, mobile layout and Search Console coverage without adding noindex."
https://www.glpzy.app/en-gb/data-rights.html,en-gb/data-rights.html,en-gb,privacy,index,yes,https://www.glpzy.app/en-gb/data-rights.html,keep_index_translation,,P1,All published translations remain indexable under the owner's policy.,"Check wording, medical safety, mobile layout and Search Console coverage without adding noindex."
https://www.glpzy.app/en-gb/foundayo-tracker-iphone.html,en-gb/foundayo-tracker-iphone.html,en-gb,commercial,index,yes,https://www.glpzy.app/en-gb/foundayo-tracker-iphone.html,keep_index_translation,,P1,All published translations remain indexable under the owner's policy.,"Check wording, medical safety, mobile layout and Search Console coverage without adding noindex."
https://www.glpzy.app/en-gb/glp1-weight-dose-symptom-tracker.html,en-gb/glp1-weight-dose-symptom-tracker.html,en-gb,commercial,index,yes,https://www.glpzy.app/en-gb/glp1-weight-dose-symptom-tracker.html,keep_index_translation,,P1,All published translations remain indexable under the owner's policy.,"Check wording, medical safety, mobile layout and Search Console coverage without adding noindex."
https://www.glpzy.app/en-gb/glpzy-is-now-oneglp/,en-gb/glpzy-is-now-oneglp/index.html,en-gb,home,index,yes,https://www.glpzy.app/en-gb/glpzy-is-now-oneglp/,keep_index_translation,,P1,All published translations remain indexable under the owner's policy.,"Check wording, medical safety, mobile layout and Search Console coverage without adding noindex."
https://www.glpzy.app/en-gb/,en-gb/index.html,en-gb,home,index,yes,https://www.glpzy.app/en-gb/,keep_index_translation,,P1,All published translations remain indexable under the owner's policy.,"Check wording, medical safety, mobile layout and Search Console coverage without adding noindex."
https://www.glpzy.app/en-gb/local-first-private-glp-tracker.html,en-gb/local-first-private-glp-tracker.html,en-gb,privacy,index,yes,https://www.glpzy.app/en-gb/local-first-private-glp-tracker.html,keep_index_translation,,P1,All published translations remain indexable under the owner's policy.,"Check wording, medical safety, mobile layout and Search Console coverage without adding noindex."
https://www.glpzy.app/en-gb/medical-safety.html,en-gb/medical-safety.html,en-gb,trust,index,yes,https://www.glpzy.app/en-gb/medical-safety.html,keep_index_translation,,P1,All published translations remain indexable under the owner's policy.,"Check wording, medical safety, mobile layout and Search Console coverage without adding noindex."
https://www.glpzy.app/en-gb/methodology.html,en-gb/methodology.html,en-gb,trust,index,yes,https://www.glpzy.app/en-gb/methodology.html,keep_index_translation,,P1,All published translations remain indexable under the owner's policy.,"Check wording, medical safety, mobile layout and Search Console coverage without adding noindex."
https://www.glpzy.app/en-gb/mounjaro-tracker-iphone.html,en-gb/mounjaro-tracker-iphone.html,en-gb,medicine,index,yes,https://www.glpzy.app/en-gb/mounjaro-tracker-iphone.html,keep_index_translation,,P1,All published translations remain indexable under the owner's policy.,"Check wording, medical safety, mobile layout and Search Console coverage without adding noindex."
https://www.glpzy.app/en-gb/overview.html,en-gb/overview.html,en-gb,other,index,yes,https://www.glpzy.app/en-gb/overview.html,keep_index_translation,,P1,All published translations remain indexable under the owner's policy.,"Check wording, medical safety, mobile layout and Search Console coverage without adding noindex."
https://www.glpzy.app/en-gb/ozempic-tracker-iphone.html,en-gb/ozempic-tracker-iphone.html,en-gb,commercial,index,yes,https://www.glpzy.app/en-gb/ozempic-tracker-iphone.html,keep_index_translation,,P1,All published translations remain indexable under the owner's policy.,"Check wording, medical safety, mobile layout and Search Console coverage without adding noindex."
https://www.glpzy.app/en-gb/privacy.html,en-gb/privacy.html,en-gb,privacy,index,yes,https://www.glpzy.app/en-gb/privacy.html,keep_index_translation,,P1,All published translations remain indexable under the owner's policy.,"Check wording, medical safety, mobile layout and Search Console coverage without adding noindex."
https://www.glpzy.app/en-gb/rybelsus-tracker-iphone.html,en-gb/rybelsus-tracker-iphone.html,en-gb,commercial,index,yes,https://www.glpzy.app/en-gb/rybelsus-tracker-iphone.html,keep_index_translation,,P1,All published translations remain indexable under the owner's policy.,"Check wording, medical safety, mobile layout and Search Console coverage without adding noindex."
https://www.glpzy.app/en-gb/saxenda-tracker-iphone.html,en-gb/saxenda-tracker-iphone.html,en-gb,commercial,index,yes,https://www.glpzy.app/en-gb/saxenda-tracker-iphone.html,keep_index_translation,,P1,All published translations remain indexable under the owner's policy.,"Check wording, medical safety, mobile layout and Search Console coverage without adding noindex."
https://www.glpzy.app/en-gb/semaglutide-tracker-iphone.html,en-gb/semaglutide-tracker-iphone.html,en-gb,ingredient,index,yes,https://www.glpzy.app/en-gb/semaglutide-tracker-iphone.html,keep_index_translation,,P1,All published translations remain indexable under the owner's policy.,"Check wording, medical safety, mobile layout and Search Console coverage without adding noindex."
https://www.glpzy.app/en-gb/support.html,en-gb/support.html,en-gb,trust,index,yes,https://www.glpzy.app/en-gb/support.html,keep_index_translation,,P1,All published translations remain indexable under the owner's policy.,"Check wording, medical safety, mobile layout and Search Console coverage without adding noindex."
https://www.glpzy.app/en-gb/terms.html,en-gb/terms.html,en-gb,trust,index,yes,https://www.glpzy.app/en-gb/terms.html,keep_index_translation,,P1,All published translations remain indexable under the owner's policy.,"Check wording, medical safety, mobile layout and Search Console coverage without adding noindex."
https://www.glpzy.app/en-gb/tirzepatide-tracker-iphone.html,en-gb/tirzepatide-tracker-iphone.html,en-gb,ingredient,index,yes,https://www.glpzy.app/en-gb/tirzepatide-tracker-iphone.html,keep_index_translation,,P1,All published translations remain indexable under the owner's policy.,"Check wording, medical safety, mobile layout and Search Console coverage without adding noindex."
https://www.glpzy.app/en-gb/trulicity-tracker-iphone.html,en-gb/trulicity-tracker-iphone.html,en-gb,commercial,index,yes,https://www.glpzy.app/en-gb/trulicity-tracker-iphone.html,keep_index_translation,,P1,All published translations remain indexable under the owner's policy.,"Check wording, medical safety, mobile layout and Search Console coverage without adding noindex."
https://www.glpzy.app/en-gb/victoza-tracker-iphone.html,en-gb/victoza-tracker-iphone.html,en-gb,commercial,index,yes,https://www.glpzy.app/en-gb/victoza-tracker-iphone.html,keep_index_translation,,P1,All published translations remain indexable under the owner's policy.,"Check wording, medical safety, mobile layout and Search Console coverage without adding noindex."
https://www.glpzy.app/en-gb/wegovy-tracker-iphone.html,en-gb/wegovy-tracker-iphone.html,en-gb,medicine,index,yes,https://www.glpzy.app/en-gb/wegovy-tracker-iphone.html,keep_index_translation,,P1,All published translations remain indexable under the owner's policy.,"Check wording, medical safety, mobile layout and Search Console coverage without adding noindex."
https://www.glpzy.app/en-gb/zepbound-tracker-iphone.html,en-gb/zepbound-tracker-iphone.html,en-gb,medicine,index,yes,https://www.glpzy.app/en-gb/zepbound-tracker-iphone.html,keep_index_translation,,P1,All published translations remain indexable under the owner's policy.,"Check wording, medical safety, mobile layout and Search Console coverage without adding noindex."
https://www.glpzy.app/es-es/apple-health-glp-tracker.html,es-es/apple-health-glp-tracker.html,es-es,feature,index,yes,https://www.glpzy.app/es-es/apple-health-glp-tracker.html,keep_index_translation,,P1,All published translations remain indexable under the owner's policy.,"Check wording, medical safety, mobile layout and Search Console coverage without adding noindex."
https://www.glpzy.app/es-es/compounded-glp-tracker-iphone.html,es-es/compounded-glp-tracker-iphone.html,es-es,commercial,index,yes,https://www.glpzy.app/es-es/compounded-glp-tracker-iphone.html,keep_index_translation,,P1,All published translations remain indexable under the owner's policy.,"Check wording, medical safety, mobile layout and Search Console coverage without adding noindex."
https://www.glpzy.app/es-es/custom-medication-tracker-iphone.html,es-es/custom-medication-tracker-iphone.html,es-es,commercial,index,yes,https://www.glpzy.app/es-es/custom-medication-tracker-iphone.html,keep_index_translation,,P1,All published translations remain indexable under the owner's policy.,"Check wording, medical safety, mobile layout and Search Console coverage without adding noindex."
https://www.glpzy.app/es-es/data-rights.html,es-es/data-rights.html,es-es,privacy,index,yes,https://www.glpzy.app/es-es/data-rights.html,keep_index_translation,,P1,All published translations remain indexable under the owner's policy.,"Check wording, medical safety, mobile layout and Search Console coverage without adding noindex."
https://www.glpzy.app/es-es/foundayo-tracker-iphone.html,es-es/foundayo-tracker-iphone.html,es-es,commercial,index,yes,https://www.glpzy.app/es-es/foundayo-tracker-iphone.html,keep_index_translation,,P1,All published translations remain indexable under the owner's policy.,"Check wording, medical safety, mobile layout and Search Console coverage without adding noindex."
https://www.glpzy.app/es-es/glp1-weight-dose-symptom-tracker.html,es-es/glp1-weight-dose-symptom-tracker.html,es-es,commercial,index,yes,https://www.glpzy.app/es-es/glp1-weight-dose-symptom-tracker.html,keep_index_translation,,P1,All published translations remain indexable under the owner's policy.,"Check wording, medical safety, mobile layout and Search Console coverage without adding noindex."
https://www.glpzy.app/es-es/glpzy-is-now-oneglp/,es-es/glpzy-is-now-oneglp/index.html,es-es,home,index,yes,https://www.glpzy.app/es-es/glpzy-is-now-oneglp/,keep_index_translation,,P1,All published translations remain indexable under the owner's policy.,"Check wording, medical safety, mobile layout and Search Console coverage without adding noindex."
https://www.glpzy.app/es-es/,es-es/index.html,es-es,home,index,yes,https://www.glpzy.app/es-es/,keep_index_translation,,P1,All published translations remain indexable under the owner's policy.,"Check wording, medical safety, mobile layout and Search Console coverage without adding noindex."
https://www.glpzy.app/es-es/local-first-private-glp-tracker.html,es-es/local-first-private-glp-tracker.html,es-es,privacy,index,yes,https://www.glpzy.app/es-es/local-first-private-glp-tracker.html,keep_index_translation,,P1,All published translations remain indexable under the owner's policy.,"Check wording, medical safety, mobile layout and Search Console coverage without adding noindex."
https://www.glpzy.app/es-es/medical-safety.html,es-es/medical-safety.html,es-es,trust,index,yes,https://www.glpzy.app/es-es/medical-safety.html,keep_index_translation,,P1,All published translations remain indexable under the owner's policy.,"Check wording, medical safety, mobile layout and Search Console coverage without adding noindex."
https://www.glpzy.app/es-es/methodology.html,es-es/methodology.html,es-es,trust,index,yes,https://www.glpzy.app/es-es/methodology.html,keep_index_translation,,P1,All published translations remain indexable under the owner's policy.,"Check wording, medical safety, mobile layout and Search Console coverage without adding noindex."
https://www.glpzy.app/es-es/mounjaro-tracker-iphone.html,es-es/mounjaro-tracker-iphone.html,es-es,medicine,index,yes,https://www.glpzy.app/es-es/mounjaro-tracker-iphone.html,keep_index_translation,,P1,All published translations remain indexable under the owner's policy.,"Check wording, medical safety, mobile layout and Search Console coverage without adding noindex."
https://www.glpzy.app/es-es/overview.html,es-es/overview.html,es-es,other,index,yes,https://www.glpzy.app/es-es/overview.html,keep_index_translation,,P1,All published translations remain indexable under the owner's policy.,"Check wording, medical safety, mobile layout and Search Console coverage without adding noindex."
https://www.glpzy.app/es-es/ozempic-tracker-iphone.html,es-es/ozempic-tracker-iphone.html,es-es,commercial,index,yes,https://www.glpzy.app/es-es/ozempic-tracker-iphone.html,keep_index_translation,,P1,All published translations remain indexable under the owner's policy.,"Check wording, medical safety, mobile layout and Search Console coverage without adding noindex."
https://www.glpzy.app/es-es/privacy.html,es-es/privacy.html,es-es,privacy,index,yes,https://www.glpzy.app/es-es/privacy.html,keep_index_translation,,P1,All published translations remain indexable under the owner's policy.,"Check wording, medical safety, mobile layout and Search Console coverage without adding noindex."
https://www.glpzy.app/es-es/rybelsus-tracker-iphone.html,es-es/rybelsus-tracker-iphone.html,es-es,commercial,index,yes,https://www.glpzy.app/es-es/rybelsus-tracker-iphone.html,keep_index_translation,,P1,All published translations remain indexable under the owner's policy.,"Check wording, medical safety, mobile layout and Search Console coverage without adding noindex."
https://www.glpzy.app/es-es/saxenda-tracker-iphone.html,es-es/saxenda-tracker-iphone.html,es-es,commercial,index,yes,https://www.glpzy.app/es-es/saxenda-tracker-iphone.html,keep_index_translation,,P1,All published translations remain indexable under the owner's policy.,"Check wording, medical safety, mobile layout and Search Console coverage without adding noindex."
https://www.glpzy.app/es-es/semaglutide-tracker-iphone.html,es-es/semaglutide-tracker-iphone.html,es-es,ingredient,index,yes,https://www.glpzy.app/es-es/semaglutide-tracker-iphone.html,keep_index_translation,,P1,All published translations remain indexable under the owner's policy.,"Check wording, medical safety, mobile layout and Search Console coverage without adding noindex."
https://www.glpzy.app/es-es/support.html,es-es/support.html,es-es,trust,index,yes,https://www.glpzy.app/es-es/support.html,keep_index_translation,,P1,All published translations remain indexable under the owner's policy.,"Check wording, medical safety, mobile layout and Search Console coverage without adding noindex."
https://www.glpzy.app/es-es/terms.html,es-es/terms.html,es-es,trust,index,yes,https://www.glpzy.app/es-es/terms.html,keep_index_translation,,P1,All published translations remain indexable under the owner's policy.,"Check wording, medical safety, mobile layout and Search Console coverage without adding noindex."
https://www.glpzy.app/es-es/tirzepatide-tracker-iphone.html,es-es/tirzepatide-tracker-iphone.html,es-es,ingredient,index,yes,https://www.glpzy.app/es-es/tirzepatide-tracker-iphone.html,keep_index_translation,,P1,All published translations remain indexable under the owner's policy.,"Check wording, medical safety, mobile layout and Search Console coverage without adding noindex."
https://www.glpzy.app/es-es/trulicity-tracker-iphone.html,es-es/trulicity-tracker-iphone.html,es-es,commercial,index,yes,https://www.glpzy.app/es-es/trulicity-tracker-iphone.html,keep_index_translation,,P1,All published translations remain indexable under the owner's policy.,"Check wording, medical safety, mobile layout and Search Console coverage without adding noindex."
https://www.glpzy.app/es-es/victoza-tracker-iphone.html,es-es/victoza-tracker-iphone.html,es-es,commercial,index,yes,https://www.glpzy.app/es-es/victoza-tracker-iphone.html,keep_index_translation,,P1,All published translations remain indexable under the owner's policy.,"Check wording, medical safety, mobile layout and Search Console coverage without adding noindex."
https://www.glpzy.app/es-es/wegovy-tracker-iphone.html,es-es/wegovy-tracker-iphone.html,es-es,medicine,index,yes,https://www.glpzy.app/es-es/wegovy-tracker-iphone.html,keep_index_translation,,P1,All published translations remain indexable under the owner's policy.,"Check wording, medical safety, mobile layout and Search Console coverage without adding noindex."
https://www.glpzy.app/es-es/zepbound-tracker-iphone.html,es-es/zepbound-tracker-iphone.html,es-es,medicine,index,yes,https://www.glpzy.app/es-es/zepbound-tracker-iphone.html,keep_index_translation,,P1,All published translations remain indexable under the owner's policy.,"Check wording, medical safety, mobile layout and Search Console coverage without adding noindex."
https://www.glpzy.app/es-mx/apple-health-glp-tracker.html,es-mx/apple-health-glp-tracker.html,es-mx,feature,index,yes,https://www.glpzy.app/es-mx/apple-health-glp-tracker.html,keep_index_translation,,P1,All published translations remain indexable under the owner's policy.,"Check wording, medical safety, mobile layout and Search Console coverage without adding noindex."
https://www.glpzy.app/es-mx/compounded-glp-tracker-iphone.html,es-mx/compounded-glp-tracker-iphone.html,es-mx,commercial,index,yes,https://www.glpzy.app/es-mx/compounded-glp-tracker-iphone.html,keep_index_translation,,P1,All published translations remain indexable under the owner's policy.,"Check wording, medical safety, mobile layout and Search Console coverage without adding noindex."
https://www.glpzy.app/es-mx/custom-medication-tracker-iphone.html,es-mx/custom-medication-tracker-iphone.html,es-mx,commercial,index,yes,https://www.glpzy.app/es-mx/custom-medication-tracker-iphone.html,keep_index_translation,,P1,All published translations remain indexable under the owner's policy.,"Check wording, medical safety, mobile layout and Search Console coverage without adding noindex."
https://www.glpzy.app/es-mx/data-rights.html,es-mx/data-rights.html,es-mx,privacy,index,yes,https://www.glpzy.app/es-mx/data-rights.html,keep_index_translation,,P1,All published translations remain indexable under the owner's policy.,"Check wording, medical safety, mobile layout and Search Console coverage without adding noindex."
https://www.glpzy.app/es-mx/foundayo-tracker-iphone.html,es-mx/foundayo-tracker-iphone.html,es-mx,commercial,index,yes,https://www.glpzy.app/es-mx/foundayo-tracker-iphone.html,keep_index_translation,,P1,All published translations remain indexable under the owner's policy.,"Check wording, medical safety, mobile layout and Search Console coverage without adding noindex."
https://www.glpzy.app/es-mx/glp1-weight-dose-symptom-tracker.html,es-mx/glp1-weight-dose-symptom-tracker.html,es-mx,commercial,index,yes,https://www.glpzy.app/es-mx/glp1-weight-dose-symptom-tracker.html,keep_index_translation,,P1,All published translations remain indexable under the owner's policy.,"Check wording, medical safety, mobile layout and Search Console coverage without adding noindex."
https://www.glpzy.app/es-mx/glpzy-is-now-oneglp/,es-mx/glpzy-is-now-oneglp/index.html,es-mx,home,index,yes,https://www.glpzy.app/es-mx/glpzy-is-now-oneglp/,keep_index_translation,,P1,All published translations remain indexable under the owner's policy.,"Check wording, medical safety, mobile layout and Search Console coverage without adding noindex."
https://www.glpzy.app/es-mx/,es-mx/index.html,es-mx,home,index,yes,https://www.glpzy.app/es-mx/,keep_index_translation,,P1,All published translations remain indexable under the owner's policy.,"Check wording, medical safety, mobile layout and Search Console coverage without adding noindex."
https://www.glpzy.app/es-mx/local-first-private-glp-tracker.html,es-mx/local-first-private-glp-tracker.html,es-mx,privacy,index,yes,https://www.glpzy.app/es-mx/local-first-private-glp-tracker.html,keep_index_translation,,P1,All published translations remain indexable under the owner's policy.,"Check wording, medical safety, mobile layout and Search Console coverage without adding noindex."
https://www.glpzy.app/es-mx/medical-safety.html,es-mx/medical-safety.html,es-mx,trust,index,yes,https://www.glpzy.app/es-mx/medical-safety.html,keep_index_translation,,P1,All published translations remain indexable under the owner's policy.,"Check wording, medical safety, mobile layout and Search Console coverage without adding noindex."
https://www.glpzy.app/es-mx/methodology.html,es-mx/methodology.html,es-mx,trust,index,yes,https://www.glpzy.app/es-mx/methodology.html,keep_index_translation,,P1,All published translations remain indexable under the owner's policy.,"Check wording, medical safety, mobile layout and Search Console coverage without adding noindex."
https://www.glpzy.app/es-mx/mounjaro-tracker-iphone.html,es-mx/mounjaro-tracker-iphone.html,es-mx,medicine,index,yes,https://www.glpzy.app/es-mx/mounjaro-tracker-iphone.html,keep_index_translation,,P1,All published translations remain indexable under the owner's policy.,"Check wording, medical safety, mobile layout and Search Console coverage without adding noindex."
https://www.glpzy.app/es-mx/overview.html,es-mx/overview.html,es-mx,other,index,yes,https://www.glpzy.app/es-mx/overview.html,keep_index_translation,,P1,All published translations remain indexable under the owner's policy.,"Check wording, medical safety, mobile layout and Search Console coverage without adding noindex."
https://www.glpzy.app/es-mx/ozempic-tracker-iphone.html,es-mx/ozempic-tracker-iphone.html,es-mx,commercial,index,yes,https://www.glpzy.app/es-mx/ozempic-tracker-iphone.html,keep_index_translation,,P1,All published translations remain indexable under the owner's policy.,"Check wording, medical safety, mobile layout and Search Console coverage without adding noindex."
https://www.glpzy.app/es-mx/privacy.html,es-mx/privacy.html,es-mx,privacy,index,yes,https://www.glpzy.app/es-mx/privacy.html,keep_index_translation,,P1,All published translations remain indexable under the owner's policy.,"Check wording, medical safety, mobile layout and Search Console coverage without adding noindex."
https://www.glpzy.app/es-mx/rybelsus-tracker-iphone.html,es-mx/rybelsus-tracker-iphone.html,es-mx,commercial,index,yes,https://www.glpzy.app/es-mx/rybelsus-tracker-iphone.html,keep_index_translation,,P1,All published translations remain indexable under the owner's policy.,"Check wording, medical safety, mobile layout and Search Console coverage without adding noindex."
https://www.glpzy.app/es-mx/saxenda-tracker-iphone.html,es-mx/saxenda-tracker-iphone.html,es-mx,commercial,index,yes,https://www.glpzy.app/es-mx/saxenda-tracker-iphone.html,keep_index_translation,,P1,All published translations remain indexable under the owner's policy.,"Check wording, medical safety, mobile layout and Search Console coverage without adding noindex."
https://www.glpzy.app/es-mx/semaglutide-tracker-iphone.html,es-mx/semaglutide-tracker-iphone.html,es-mx,ingredient,index,yes,https://www.glpzy.app/es-mx/semaglutide-tracker-iphone.html,keep_index_translation,,P1,All published translations remain indexable under the owner's policy.,"Check wording, medical safety, mobile layout and Search Console coverage without adding noindex."
https://www.glpzy.app/es-mx/support.html,es-mx/support.html,es-mx,trust,index,yes,https://www.glpzy.app/es-mx/support.html,keep_index_translation,,P1,All published translations remain indexable under the owner's policy.,"Check wording, medical safety, mobile layout and Search Console coverage without adding noindex."
https://www.glpzy.app/es-mx/terms.html,es-mx/terms.html,es-mx,trust,index,yes,https://www.glpzy.app/es-mx/terms.html,keep_index_translation,,P1,All published translations remain indexable under the owner's policy.,"Check wording, medical safety, mobile layout and Search Console coverage without adding noindex."
https://www.glpzy.app/es-mx/tirzepatide-tracker-iphone.html,es-mx/tirzepatide-tracker-iphone.html,es-mx,ingredient,index,yes,https://www.glpzy.app/es-mx/tirzepatide-tracker-iphone.html,keep_index_translation,,P1,All published translations remain indexable under the owner's policy.,"Check wording, medical safety, mobile layout and Search Console coverage without adding noindex."
https://www.glpzy.app/es-mx/trulicity-tracker-iphone.html,es-mx/trulicity-tracker-iphone.html,es-mx,commercial,index,yes,https://www.glpzy.app/es-mx/trulicity-tracker-iphone.html,keep_index_translation,,P1,All published translations remain indexable under the owner's policy.,"Check wording, medical safety, mobile layout and Search Console coverage without adding noindex."
https://www.glpzy.app/es-mx/victoza-tracker-iphone.html,es-mx/victoza-tracker-iphone.html,es-mx,commercial,index,yes,https://www.glpzy.app/es-mx/victoza-tracker-iphone.html,keep_index_translation,,P1,All published translations remain indexable under the owner's policy.,"Check wording, medical safety, mobile layout and Search Console coverage without adding noindex."
https://www.glpzy.app/es-mx/wegovy-tracker-iphone.html,es-mx/wegovy-tracker-iphone.html,es-mx,medicine,index,yes,https://www.glpzy.app/es-mx/wegovy-tracker-iphone.html,keep_index_translation,,P1,All published translations remain indexable under the owner's policy.,"Check wording, medical safety, mobile layout and Search Console coverage without adding noindex."
https://www.glpzy.app/es-mx/zepbound-tracker-iphone.html,es-mx/zepbound-tracker-iphone.html,es-mx,medicine,index,yes,https://www.glpzy.app/es-mx/zepbound-tracker-iphone.html,keep_index_translation,,P1,All published translations remain indexable under the owner's policy.,"Check wording, medical safety, mobile layout and Search Console coverage without adding noindex."
https://www.glpzy.app/et/apple-health-glp-tracker.html,et/apple-health-glp-tracker.html,et,feature,index,yes,https://www.glpzy.app/et/apple-health-glp-tracker.html,keep_index_translation,,P1,All published translations remain indexable under the owner's policy.,"Check wording, medical safety, mobile layout and Search Console coverage without adding noindex."
https://www.glpzy.app/et/compounded-glp-tracker-iphone.html,et/compounded-glp-tracker-iphone.html,et,commercial,index,yes,https://www.glpzy.app/et/compounded-glp-tracker-iphone.html,keep_index_translation,,P1,All published translations remain indexable under the owner's policy.,"Check wording, medical safety, mobile layout and Search Console coverage without adding noindex."
https://www.glpzy.app/et/custom-medication-tracker-iphone.html,et/custom-medication-tracker-iphone.html,et,commercial,index,yes,https://www.glpzy.app/et/custom-medication-tracker-iphone.html,keep_index_translation,,P1,All published translations remain indexable under the owner's policy.,"Check wording, medical safety, mobile layout and Search Console coverage without adding noindex."
https://www.glpzy.app/et/data-rights.html,et/data-rights.html,et,privacy,index,yes,https://www.glpzy.app/et/data-rights.html,keep_index_translation,,P1,All published translations remain indexable under the owner's policy.,"Check wording, medical safety, mobile layout and Search Console coverage without adding noindex."
https://www.glpzy.app/et/foundayo-tracker-iphone.html,et/foundayo-tracker-iphone.html,et,commercial,index,yes,https://www.glpzy.app/et/foundayo-tracker-iphone.html,keep_index_translation,,P1,All published translations remain indexable under the owner's policy.,"Check wording, medical safety, mobile layout and Search Console coverage without adding noindex."
https://www.glpzy.app/et/glp1-weight-dose-symptom-tracker.html,et/glp1-weight-dose-symptom-tracker.html,et,commercial,index,yes,https://www.glpzy.app/et/glp1-weight-dose-symptom-tracker.html,keep_index_translation,,P1,All published translations remain indexable under the owner's policy.,"Check wording, medical safety, mobile layout and Search Console coverage without adding noindex."
https://www.glpzy.app/et/glpzy-is-now-oneglp/,et/glpzy-is-now-oneglp/index.html,et,home,index,yes,https://www.glpzy.app/et/glpzy-is-now-oneglp/,keep_index_translation,,P1,All published translations remain indexable under the owner's policy.,"Check wording, medical safety, mobile layout and Search Console coverage without adding noindex."
https://www.glpzy.app/et/,et/index.html,et,home,index,yes,https://www.glpzy.app/et/,keep_index_translation,,P1,All published translations remain indexable under the owner's policy.,"Check wording, medical safety, mobile layout and Search Console coverage without adding noindex."
https://www.glpzy.app/et/local-first-private-glp-tracker.html,et/local-first-private-glp-tracker.html,et,privacy,index,yes,https://www.glpzy.app/et/local-first-private-glp-tracker.html,keep_index_translation,,P1,All published translations remain indexable under the owner's policy.,"Check wording, medical safety, mobile layout and Search Console coverage without adding noindex."
https://www.glpzy.app/et/medical-safety.html,et/medical-safety.html,et,trust,index,yes,https://www.glpzy.app/et/medical-safety.html,keep_index_translation,,P1,All published translations remain indexable under the owner's policy.,"Check wording, medical safety, mobile layout and Search Console coverage without adding noindex."
https://www.glpzy.app/et/methodology.html,et/methodology.html,et,trust,index,yes,https://www.glpzy.app/et/methodology.html,keep_index_translation,,P1,All published translations remain indexable under the owner's policy.,"Check wording, medical safety, mobile layout and Search Console coverage without adding noindex."
https://www.glpzy.app/et/mounjaro-tracker-iphone.html,et/mounjaro-tracker-iphone.html,et,medicine,index,yes,https://www.glpzy.app/et/mounjaro-tracker-iphone.html,keep_index_translation,,P1,All published translations remain indexable under the owner's policy.,"Check wording, medical safety, mobile layout and Search Console coverage without adding noindex."
https://www.glpzy.app/et/overview.html,et/overview.html,et,other,index,yes,https://www.glpzy.app/et/overview.html,keep_index_translation,,P1,All published translations remain indexable under the owner's policy.,"Check wording, medical safety, mobile layout and Search Console coverage without adding noindex."
https://www.glpzy.app/et/ozempic-tracker-iphone.html,et/ozempic-tracker-iphone.html,et,commercial,index,yes,https://www.glpzy.app/et/ozempic-tracker-iphone.html,keep_index_translation,,P1,All published translations remain indexable under the owner's policy.,"Check wording, medical safety, mobile layout and Search Console coverage without adding noindex."
https://www.glpzy.app/et/privacy.html,et/privacy.html,et,privacy,index,yes,https://www.glpzy.app/et/privacy.html,keep_index_translation,,P1,All published translations remain indexable under the owner's policy.,"Check wording, medical safety, mobile layout and Search Console coverage without adding noindex."
https://www.glpzy.app/et/rybelsus-tracker-iphone.html,et/rybelsus-tracker-iphone.html,et,commercial,index,yes,https://www.glpzy.app/et/rybelsus-tracker-iphone.html,keep_index_translation,,P1,All published translations remain indexable under the owner's policy.,"Check wording, medical safety, mobile layout and Search Console coverage without adding noindex."
https://www.glpzy.app/et/saxenda-tracker-iphone.html,et/saxenda-tracker-iphone.html,et,commercial,index,yes,https://www.glpzy.app/et/saxenda-tracker-iphone.html,keep_index_translation,,P1,All published translations remain indexable under the owner's policy.,"Check wording, medical safety, mobile layout and Search Console coverage without adding noindex."
https://www.glpzy.app/et/semaglutide-tracker-iphone.html,et/semaglutide-tracker-iphone.html,et,ingredient,index,yes,https://www.glpzy.app/et/semaglutide-tracker-iphone.html,keep_index_translation,,P1,All published translations remain indexable under the owner's policy.,"Check wording, medical safety, mobile layout and Search Console coverage without adding noindex."
https://www.glpzy.app/et/support.html,et/support.html,et,trust,index,yes,https://www.glpzy.app/et/support.html,keep_index_translation,,P1,All published translations remain indexable under the owner's policy.,"Check wording, medical safety, mobile layout and Search Console coverage without adding noindex."
https://www.glpzy.app/et/terms.html,et/terms.html,et,trust,index,yes,https://www.glpzy.app/et/terms.html,keep_index_translation,,P1,All published translations remain indexable under the owner's policy.,"Check wording, medical safety, mobile layout and Search Console coverage without adding noindex."
https://www.glpzy.app/et/tirzepatide-tracker-iphone.html,et/tirzepatide-tracker-iphone.html,et,ingredient,index,yes,https://www.glpzy.app/et/tirzepatide-tracker-iphone.html,keep_index_translation,,P1,All published translations remain indexable under the owner's policy.,"Check wording, medical safety, mobile layout and Search Console coverage without adding noindex."
https://www.glpzy.app/et/trulicity-tracker-iphone.html,et/trulicity-tracker-iphone.html,et,commercial,index,yes,https://www.glpzy.app/et/trulicity-tracker-iphone.html,keep_index_translation,,P1,All published translations remain indexable under the owner's policy.,"Check wording, medical safety, mobile layout and Search Console coverage without adding noindex."
https://www.glpzy.app/et/victoza-tracker-iphone.html,et/victoza-tracker-iphone.html,et,commercial,index,yes,https://www.glpzy.app/et/victoza-tracker-iphone.html,keep_index_translation,,P1,All published translations remain indexable under the owner's policy.,"Check wording, medical safety, mobile layout and Search Console coverage without adding noindex."
https://www.glpzy.app/et/wegovy-tracker-iphone.html,et/wegovy-tracker-iphone.html,et,medicine,index,yes,https://www.glpzy.app/et/wegovy-tracker-iphone.html,keep_index_translation,,P1,All published translations remain indexable under the owner's policy.,"Check wording, medical safety, mobile layout and Search Console coverage without adding noindex."
https://www.glpzy.app/et/zepbound-tracker-iphone.html,et/zepbound-tracker-iphone.html,et,medicine,index,yes,https://www.glpzy.app/et/zepbound-tracker-iphone.html,keep_index_translation,,P1,All published translations remain indexable under the owner's policy.,"Check wording, medical safety, mobile layout and Search Console coverage without adding noindex."
https://www.glpzy.app/fi/apple-health-glp-tracker.html,fi/apple-health-glp-tracker.html,fi,feature,index,yes,https://www.glpzy.app/fi/apple-health-glp-tracker.html,keep_index_translation,,P1,All published translations remain indexable under the owner's policy.,"Check wording, medical safety, mobile layout and Search Console coverage without adding noindex."
https://www.glpzy.app/fi/compounded-glp-tracker-iphone.html,fi/compounded-glp-tracker-iphone.html,fi,commercial,index,yes,https://www.glpzy.app/fi/compounded-glp-tracker-iphone.html,keep_index_translation,,P1,All published translations remain indexable under the owner's policy.,"Check wording, medical safety, mobile layout and Search Console coverage without adding noindex."
https://www.glpzy.app/fi/custom-medication-tracker-iphone.html,fi/custom-medication-tracker-iphone.html,fi,commercial,index,yes,https://www.glpzy.app/fi/custom-medication-tracker-iphone.html,keep_index_translation,,P1,All published translations remain indexable under the owner's policy.,"Check wording, medical safety, mobile layout and Search Console coverage without adding noindex."
https://www.glpzy.app/fi/data-rights.html,fi/data-rights.html,fi,privacy,index,yes,https://www.glpzy.app/fi/data-rights.html,keep_index_translation,,P1,All published translations remain indexable under the owner's policy.,"Check wording, medical safety, mobile layout and Search Console coverage without adding noindex."
https://www.glpzy.app/fi/foundayo-tracker-iphone.html,fi/foundayo-tracker-iphone.html,fi,commercial,index,yes,https://www.glpzy.app/fi/foundayo-tracker-iphone.html,keep_index_translation,,P1,All published translations remain indexable under the owner's policy.,"Check wording, medical safety, mobile layout and Search Console coverage without adding noindex."
https://www.glpzy.app/fi/glp1-weight-dose-symptom-tracker.html,fi/glp1-weight-dose-symptom-tracker.html,fi,commercial,index,yes,https://www.glpzy.app/fi/glp1-weight-dose-symptom-tracker.html,keep_index_translation,,P1,All published translations remain indexable under the owner's policy.,"Check wording, medical safety, mobile layout and Search Console coverage without adding noindex."
https://www.glpzy.app/fi/glpzy-is-now-oneglp/,fi/glpzy-is-now-oneglp/index.html,fi,home,index,yes,https://www.glpzy.app/fi/glpzy-is-now-oneglp/,keep_index_translation,,P1,All published translations remain indexable under the owner's policy.,"Check wording, medical safety, mobile layout and Search Console coverage without adding noindex."
https://www.glpzy.app/fi/,fi/index.html,fi,home,index,yes,https://www.glpzy.app/fi/,keep_index_translation,,P1,All published translations remain indexable under the owner's policy.,"Check wording, medical safety, mobile layout and Search Console coverage without adding noindex."
https://www.glpzy.app/fi/local-first-private-glp-tracker.html,fi/local-first-private-glp-tracker.html,fi,privacy,index,yes,https://www.glpzy.app/fi/local-first-private-glp-tracker.html,keep_index_translation,,P1,All published translations remain indexable under the owner's policy.,"Check wording, medical safety, mobile layout and Search Console coverage without adding noindex."
https://www.glpzy.app/fi/medical-safety.html,fi/medical-safety.html,fi,trust,index,yes,https://www.glpzy.app/fi/medical-safety.html,keep_index_translation,,P1,All published translations remain indexable under the owner's policy.,"Check wording, medical safety, mobile layout and Search Console coverage without adding noindex."
https://www.glpzy.app/fi/methodology.html,fi/methodology.html,fi,trust,index,yes,https://www.glpzy.app/fi/methodology.html,keep_index_translation,,P1,All published translations remain indexable under the owner's policy.,"Check wording, medical safety, mobile layout and Search Console coverage without adding noindex."
https://www.glpzy.app/fi/mounjaro-tracker-iphone.html,fi/mounjaro-tracker-iphone.html,fi,medicine,index,yes,https://www.glpzy.app/fi/mounjaro-tracker-iphone.html,keep_index_translation,,P1,All published translations remain indexable under the owner's policy.,"Check wording, medical safety, mobile layout and Search Console coverage without adding noindex."
https://www.glpzy.app/fi/overview.html,fi/overview.html,fi,other,index,yes,https://www.glpzy.app/fi/overview.html,keep_index_translation,,P1,All published translations remain indexable under the owner's policy.,"Check wording, medical safety, mobile layout and Search Console coverage without adding noindex."
https://www.glpzy.app/fi/ozempic-tracker-iphone.html,fi/ozempic-tracker-iphone.html,fi,commercial,index,yes,https://www.glpzy.app/fi/ozempic-tracker-iphone.html,keep_index_translation,,P1,All published translations remain indexable under the owner's policy.,"Check wording, medical safety, mobile layout and Search Console coverage without adding noindex."
https://www.glpzy.app/fi/privacy.html,fi/privacy.html,fi,privacy,index,yes,https://www.glpzy.app/fi/privacy.html,keep_index_translation,,P1,All published translations remain indexable under the owner's policy.,"Check wording, medical safety, mobile layout and Search Console coverage without adding noindex."
https://www.glpzy.app/fi/rybelsus-tracker-iphone.html,fi/rybelsus-tracker-iphone.html,fi,commercial,index,yes,https://www.glpzy.app/fi/rybelsus-tracker-iphone.html,keep_index_translation,,P1,All published translations remain indexable under the owner's policy.,"Check wording, medical safety, mobile layout and Search Console coverage without adding noindex."
https://www.glpzy.app/fi/saxenda-tracker-iphone.html,fi/saxenda-tracker-iphone.html,fi,commercial,index,yes,https://www.glpzy.app/fi/saxenda-tracker-iphone.html,keep_index_translation,,P1,All published translations remain indexable under the owner's policy.,"Check wording, medical safety, mobile layout and Search Console coverage without adding noindex."
https://www.glpzy.app/fi/semaglutide-tracker-iphone.html,fi/semaglutide-tracker-iphone.html,fi,ingredient,index,yes,https://www.glpzy.app/fi/semaglutide-tracker-iphone.html,keep_index_translation,,P1,All published translations remain indexable under the owner's policy.,"Check wording, medical safety, mobile layout and Search Console coverage without adding noindex."
https://www.glpzy.app/fi/support.html,fi/support.html,fi,trust,index,yes,https://www.glpzy.app/fi/support.html,keep_index_translation,,P1,All published translations remain indexable under the owner's policy.,"Check wording, medical safety, mobile layout and Search Console coverage without adding noindex."
https://www.glpzy.app/fi/terms.html,fi/terms.html,fi,trust,index,yes,https://www.glpzy.app/fi/terms.html,keep_index_translation,,P1,All published translations remain indexable under the owner's policy.,"Check wording, medical safety, mobile layout and Search Console coverage without adding noindex."
https://www.glpzy.app/fi/tirzepatide-tracker-iphone.html,fi/tirzepatide-tracker-iphone.html,fi,ingredient,index,yes,https://www.glpzy.app/fi/tirzepatide-tracker-iphone.html,keep_index_translation,,P1,All published translations remain indexable under the owner's policy.,"Check wording, medical safety, mobile layout and Search Console coverage without adding noindex."
https://www.glpzy.app/fi/trulicity-tracker-iphone.html,fi/trulicity-tracker-iphone.html,fi,commercial,index,yes,https://www.glpzy.app/fi/trulicity-tracker-iphone.html,keep_index_translation,,P1,All published translations remain indexable under the owner's policy.,"Check wording, medical safety, mobile layout and Search Console coverage without adding noindex."
https://www.glpzy.app/fi/victoza-tracker-iphone.html,fi/victoza-tracker-iphone.html,fi,commercial,index,yes,https://www.glpzy.app/fi/victoza-tracker-iphone.html,keep_index_translation,,P1,All published translations remain indexable under the owner's policy.,"Check wording, medical safety, mobile layout and Search Console coverage without adding noindex."
https://www.glpzy.app/fi/wegovy-tracker-iphone.html,fi/wegovy-tracker-iphone.html,fi,medicine,index,yes,https://www.glpzy.app/fi/wegovy-tracker-iphone.html,keep_index_translation,,P1,All published translations remain indexable under the owner's policy.,"Check wording, medical safety, mobile layout and Search Console coverage without adding noindex."
https://www.glpzy.app/fi/zepbound-tracker-iphone.html,fi/zepbound-tracker-iphone.html,fi,medicine,index,yes,https://www.glpzy.app/fi/zepbound-tracker-iphone.html,keep_index_translation,,P1,All published translations remain indexable under the owner's policy.,"Check wording, medical safety, mobile layout and Search Console coverage without adding noindex."
https://www.glpzy.app/fil/apple-health-glp-tracker.html,fil/apple-health-glp-tracker.html,fil,feature,index,yes,https://www.glpzy.app/fil/apple-health-glp-tracker.html,keep_index_translation,,P1,All published translations remain indexable under the owner's policy.,"Check wording, medical safety, mobile layout and Search Console coverage without adding noindex."
https://www.glpzy.app/fil/compounded-glp-tracker-iphone.html,fil/compounded-glp-tracker-iphone.html,fil,commercial,index,yes,https://www.glpzy.app/fil/compounded-glp-tracker-iphone.html,keep_index_translation,,P1,All published translations remain indexable under the owner's policy.,"Check wording, medical safety, mobile layout and Search Console coverage without adding noindex."
https://www.glpzy.app/fil/custom-medication-tracker-iphone.html,fil/custom-medication-tracker-iphone.html,fil,commercial,index,yes,https://www.glpzy.app/fil/custom-medication-tracker-iphone.html,keep_index_translation,,P1,All published translations remain indexable under the owner's policy.,"Check wording, medical safety, mobile layout and Search Console coverage without adding noindex."
https://www.glpzy.app/fil/data-rights.html,fil/data-rights.html,fil,privacy,index,yes,https://www.glpzy.app/fil/data-rights.html,keep_index_translation,,P1,All published translations remain indexable under the owner's policy.,"Check wording, medical safety, mobile layout and Search Console coverage without adding noindex."
https://www.glpzy.app/fil/foundayo-tracker-iphone.html,fil/foundayo-tracker-iphone.html,fil,commercial,index,yes,https://www.glpzy.app/fil/foundayo-tracker-iphone.html,keep_index_translation,,P1,All published translations remain indexable under the owner's policy.,"Check wording, medical safety, mobile layout and Search Console coverage without adding noindex."
https://www.glpzy.app/fil/glp1-weight-dose-symptom-tracker.html,fil/glp1-weight-dose-symptom-tracker.html,fil,commercial,index,yes,https://www.glpzy.app/fil/glp1-weight-dose-symptom-tracker.html,keep_index_translation,,P1,All published translations remain indexable under the owner's policy.,"Check wording, medical safety, mobile layout and Search Console coverage without adding noindex."
https://www.glpzy.app/fil/glpzy-is-now-oneglp/,fil/glpzy-is-now-oneglp/index.html,fil,home,index,yes,https://www.glpzy.app/fil/glpzy-is-now-oneglp/,keep_index_translation,,P1,All published translations remain indexable under the owner's policy.,"Check wording, medical safety, mobile layout and Search Console coverage without adding noindex."
https://www.glpzy.app/fil/,fil/index.html,fil,home,index,yes,https://www.glpzy.app/fil/,keep_index_translation,,P1,All published translations remain indexable under the owner's policy.,"Check wording, medical safety, mobile layout and Search Console coverage without adding noindex."
https://www.glpzy.app/fil/local-first-private-glp-tracker.html,fil/local-first-private-glp-tracker.html,fil,privacy,index,yes,https://www.glpzy.app/fil/local-first-private-glp-tracker.html,keep_index_translation,,P1,All published translations remain indexable under the owner's policy.,"Check wording, medical safety, mobile layout and Search Console coverage without adding noindex."
https://www.glpzy.app/fil/medical-safety.html,fil/medical-safety.html,fil,trust,index,yes,https://www.glpzy.app/fil/medical-safety.html,keep_index_translation,,P1,All published translations remain indexable under the owner's policy.,"Check wording, medical safety, mobile layout and Search Console coverage without adding noindex."
https://www.glpzy.app/fil/methodology.html,fil/methodology.html,fil,trust,index,yes,https://www.glpzy.app/fil/methodology.html,keep_index_translation,,P1,All published translations remain indexable under the owner's policy.,"Check wording, medical safety, mobile layout and Search Console coverage without adding noindex."
https://www.glpzy.app/fil/mounjaro-tracker-iphone.html,fil/mounjaro-tracker-iphone.html,fil,medicine,index,yes,https://www.glpzy.app/fil/mounjaro-tracker-iphone.html,keep_index_translation,,P1,All published translations remain indexable under the owner's policy.,"Check wording, medical safety, mobile layout and Search Console coverage without adding noindex."
https://www.glpzy.app/fil/overview.html,fil/overview.html,fil,other,index,yes,https://www.glpzy.app/fil/overview.html,keep_index_translation,,P1,All published translations remain indexable under the owner's policy.,"Check wording, medical safety, mobile layout and Search Console coverage without adding noindex."
https://www.glpzy.app/fil/ozempic-tracker-iphone.html,fil/ozempic-tracker-iphone.html,fil,commercial,index,yes,https://www.glpzy.app/fil/ozempic-tracker-iphone.html,keep_index_translation,,P1,All published translations remain indexable under the owner's policy.,"Check wording, medical safety, mobile layout and Search Console coverage without adding noindex."
https://www.glpzy.app/fil/privacy.html,fil/privacy.html,fil,privacy,index,yes,https://www.glpzy.app/fil/privacy.html,keep_index_translation,,P1,All published translations remain indexable under the owner's policy.,"Check wording, medical safety, mobile layout and Search Console coverage without adding noindex."
https://www.glpzy.app/fil/rybelsus-tracker-iphone.html,fil/rybelsus-tracker-iphone.html,fil,commercial,index,yes,https://www.glpzy.app/fil/rybelsus-tracker-iphone.html,keep_index_translation,,P1,All published translations remain indexable under the owner's policy.,"Check wording, medical safety, mobile layout and Search Console coverage without adding noindex."
https://www.glpzy.app/fil/saxenda-tracker-iphone.html,fil/saxenda-tracker-iphone.html,fil,commercial,index,yes,https://www.glpzy.app/fil/saxenda-tracker-iphone.html,keep_index_translation,,P1,All published translations remain indexable under the owner's policy.,"Check wording, medical safety, mobile layout and Search Console coverage without adding noindex."
https://www.glpzy.app/fil/semaglutide-tracker-iphone.html,fil/semaglutide-tracker-iphone.html,fil,ingredient,index,yes,https://www.glpzy.app/fil/semaglutide-tracker-iphone.html,keep_index_translation,,P1,All published translations remain indexable under the owner's policy.,"Check wording, medical safety, mobile layout and Search Console coverage without adding noindex."
https://www.glpzy.app/fil/support.html,fil/support.html,fil,trust,index,yes,https://www.glpzy.app/fil/support.html,keep_index_translation,,P1,All published translations remain indexable under the owner's policy.,"Check wording, medical safety, mobile layout and Search Console coverage without adding noindex."
https://www.glpzy.app/fil/terms.html,fil/terms.html,fil,trust,index,yes,https://www.glpzy.app/fil/terms.html,keep_index_translation,,P1,All published translations remain indexable under the owner's policy.,"Check wording, medical safety, mobile layout and Search Console coverage without adding noindex."
https://www.glpzy.app/fil/tirzepatide-tracker-iphone.html,fil/tirzepatide-tracker-iphone.html,fil,ingredient,index,yes,https://www.glpzy.app/fil/tirzepatide-tracker-iphone.html,keep_index_translation,,P1,All published translations remain indexable under the owner's policy.,"Check wording, medical safety, mobile layout and Search Console coverage without adding noindex."
https://www.glpzy.app/fil/trulicity-tracker-iphone.html,fil/trulicity-tracker-iphone.html,fil,commercial,index,yes,https://www.glpzy.app/fil/trulicity-tracker-iphone.html,keep_index_translation,,P1,All published translations remain indexable under the owner's policy.,"Check wording, medical safety, mobile layout and Search Console coverage without adding noindex."
https://www.glpzy.app/fil/victoza-tracker-iphone.html,fil/victoza-tracker-iphone.html,fil,commercial,index,yes,https://www.glpzy.app/fil/victoza-tracker-iphone.html,keep_index_translation,,P1,All published translations remain indexable under the owner's policy.,"Check wording, medical safety, mobile layout and Search Console coverage without adding noindex."
https://www.glpzy.app/fil/wegovy-tracker-iphone.html,fil/wegovy-tracker-iphone.html,fil,medicine,index,yes,https://www.glpzy.app/fil/wegovy-tracker-iphone.html,keep_index_translation,,P1,All published translations remain indexable under the owner's policy.,"Check wording, medical safety, mobile layout and Search Console coverage without adding noindex."
https://www.glpzy.app/fil/zepbound-tracker-iphone.html,fil/zepbound-tracker-iphone.html,fil,medicine,index,yes,https://www.glpzy.app/fil/zepbound-tracker-iphone.html,keep_index_translation,,P1,All published translations remain indexable under the owner's policy.,"Check wording, medical safety, mobile layout and Search Console coverage without adding noindex."
https://www.glpzy.app/foundayo-tracker-iphone.html,foundayo-tracker-iphone.html,root,commercial,index,yes,https://www.glpzy.app/foundayo-tracker-iphone.html,monitor_then_consolidate,https://www.glpzy.app/glp1-weight-dose-symptom-tracker.html,P1,The page overlaps a broader ingredient or tracker intent.,"Keep for 28 days, then merge only if Search Console shows no distinct query demand."
https://www.glpzy.app/fr/apple-health-glp-tracker.html,fr/apple-health-glp-tracker.html,fr,feature,index,yes,https://www.glpzy.app/fr/apple-health-glp-tracker.html,keep_index_translation,,P1,All published translations remain indexable under the owner's policy.,"Check wording, medical safety, mobile layout and Search Console coverage without adding noindex."
https://www.glpzy.app/fr/compounded-glp-tracker-iphone.html,fr/compounded-glp-tracker-iphone.html,fr,commercial,index,yes,https://www.glpzy.app/fr/compounded-glp-tracker-iphone.html,keep_index_translation,,P1,All published translations remain indexable under the owner's policy.,"Check wording, medical safety, mobile layout and Search Console coverage without adding noindex."
https://www.glpzy.app/fr/custom-medication-tracker-iphone.html,fr/custom-medication-tracker-iphone.html,fr,commercial,index,yes,https://www.glpzy.app/fr/custom-medication-tracker-iphone.html,keep_index_translation,,P1,All published translations remain indexable under the owner's policy.,"Check wording, medical safety, mobile layout and Search Console coverage without adding noindex."
https://www.glpzy.app/fr/data-rights.html,fr/data-rights.html,fr,privacy,index,yes,https://www.glpzy.app/fr/data-rights.html,keep_index_translation,,P1,All published translations remain indexable under the owner's policy.,"Check wording, medical safety, mobile layout and Search Console coverage without adding noindex."
https://www.glpzy.app/fr/foundayo-tracker-iphone.html,fr/foundayo-tracker-iphone.html,fr,commercial,index,yes,https://www.glpzy.app/fr/foundayo-tracker-iphone.html,keep_index_translation,,P1,All published translations remain indexable under the owner's policy.,"Check wording, medical safety, mobile layout and Search Console coverage without adding noindex."
https://www.glpzy.app/fr/glp1-weight-dose-symptom-tracker.html,fr/glp1-weight-dose-symptom-tracker.html,fr,commercial,index,yes,https://www.glpzy.app/fr/glp1-weight-dose-symptom-tracker.html,keep_index_translation,,P1,All published translations remain indexable under the owner's policy.,"Check wording, medical safety, mobile layout and Search Console coverage without adding noindex."
https://www.glpzy.app/fr/glpzy-is-now-oneglp/,fr/glpzy-is-now-oneglp/index.html,fr,home,index,yes,https://www.glpzy.app/fr/glpzy-is-now-oneglp/,keep_index_translation,,P1,All published translations remain indexable under the owner's policy.,"Check wording, medical safety, mobile layout and Search Console coverage without adding noindex."
https://www.glpzy.app/fr/,fr/index.html,fr,home,index,yes,https://www.glpzy.app/fr/,keep_index_translation,,P1,All published translations remain indexable under the owner's policy.,"Check wording, medical safety, mobile layout and Search Console coverage without adding noindex."
https://www.glpzy.app/fr/local-first-private-glp-tracker.html,fr/local-first-private-glp-tracker.html,fr,privacy,index,yes,https://www.glpzy.app/fr/local-first-private-glp-tracker.html,keep_index_translation,,P1,All published translations remain indexable under the owner's policy.,"Check wording, medical safety, mobile layout and Search Console coverage without adding noindex."
https://www.glpzy.app/fr/medical-safety.html,fr/medical-safety.html,fr,trust,index,yes,https://www.glpzy.app/fr/medical-safety.html,keep_index_translation,,P1,All published translations remain indexable under the owner's policy.,"Check wording, medical safety, mobile layout and Search Console coverage without adding noindex."
https://www.glpzy.app/fr/methodology.html,fr/methodology.html,fr,trust,index,yes,https://www.glpzy.app/fr/methodology.html,keep_index_translation,,P1,All published translations remain indexable under the owner's policy.,"Check wording, medical safety, mobile layout and Search Console coverage without adding noindex."
https://www.glpzy.app/fr/mounjaro-tracker-iphone.html,fr/mounjaro-tracker-iphone.html,fr,medicine,index,yes,https://www.glpzy.app/fr/mounjaro-tracker-iphone.html,keep_index_translation,,P1,All published translations remain indexable under the owner's policy.,"Check wording, medical safety, mobile layout and Search Console coverage without adding noindex."
https://www.glpzy.app/fr/overview.html,fr/overview.html,fr,other,index,yes,https://www.glpzy.app/fr/overview.html,keep_index_translation,,P1,All published translations remain indexable under the owner's policy.,"Check wording, medical safety, mobile layout and Search Console coverage without adding noindex."
https://www.glpzy.app/fr/ozempic-tracker-iphone.html,fr/ozempic-tracker-iphone.html,fr,commercial,index,yes,https://www.glpzy.app/fr/ozempic-tracker-iphone.html,keep_index_translation,,P1,All published translations remain indexable under the owner's policy.,"Check wording, medical safety, mobile layout and Search Console coverage without adding noindex."
https://www.glpzy.app/fr/privacy.html,fr/privacy.html,fr,privacy,index,yes,https://www.glpzy.app/fr/privacy.html,keep_index_translation,,P1,All published translations remain indexable under the owner's policy.,"Check wording, medical safety, mobile layout and Search Console coverage without adding noindex."
https://www.glpzy.app/fr/rybelsus-tracker-iphone.html,fr/rybelsus-tracker-iphone.html,fr,commercial,index,yes,https://www.glpzy.app/fr/rybelsus-tracker-iphone.html,keep_index_translation,,P1,All published translations remain indexable under the owner's policy.,"Check wording, medical safety, mobile layout and Search Console coverage without adding noindex."
https://www.glpzy.app/fr/saxenda-tracker-iphone.html,fr/saxenda-tracker-iphone.html,fr,commercial,index,yes,https://www.glpzy.app/fr/saxenda-tracker-iphone.html,keep_index_translation,,P1,All published translations remain indexable under the owner's policy.,"Check wording, medical safety, mobile layout and Search Console coverage without adding noindex."
https://www.glpzy.app/fr/semaglutide-tracker-iphone.html,fr/semaglutide-tracker-iphone.html,fr,ingredient,index,yes,https://www.glpzy.app/fr/semaglutide-tracker-iphone.html,keep_index_translation,,P1,All published translations remain indexable under the owner's policy.,"Check wording, medical safety, mobile layout and Search Console coverage without adding noindex."
https://www.glpzy.app/fr/support.html,fr/support.html,fr,trust,index,yes,https://www.glpzy.app/fr/support.html,keep_index_translation,,P1,All published translations remain indexable under the owner's policy.,"Check wording, medical safety, mobile layout and Search Console coverage without adding noindex."
https://www.glpzy.app/fr/terms.html,fr/terms.html,fr,trust,index,yes,https://www.glpzy.app/fr/terms.html,keep_index_translation,,P1,All published translations remain indexable under the owner's policy.,"Check wording, medical safety, mobile layout and Search Console coverage without adding noindex."
https://www.glpzy.app/fr/tirzepatide-tracker-iphone.html,fr/tirzepatide-tracker-iphone.html,fr,ingredient,index,yes,https://www.glpzy.app/fr/tirzepatide-tracker-iphone.html,keep_index_translation,,P1,All published translations remain indexable under the owner's policy.,"Check wording, medical safety, mobile layout and Search Console coverage without adding noindex."
https://www.glpzy.app/fr/trulicity-tracker-iphone.html,fr/trulicity-tracker-iphone.html,fr,commercial,index,yes,https://www.glpzy.app/fr/trulicity-tracker-iphone.html,keep_index_translation,,P1,All published translations remain indexable under the owner's policy.,"Check wording, medical safety, mobile layout and Search Console coverage without adding noindex."
https://www.glpzy.app/fr/victoza-tracker-iphone.html,fr/victoza-tracker-iphone.html,fr,commercial,index,yes,https://www.glpzy.app/fr/victoza-tracker-iphone.html,keep_index_translation,,P1,All published translations remain indexable under the owner's policy.,"Check wording, medical safety, mobile layout and Search Console coverage without adding noindex."
https://www.glpzy.app/fr/wegovy-tracker-iphone.html,fr/wegovy-tracker-iphone.html,fr,medicine,index,yes,https://www.glpzy.app/fr/wegovy-tracker-iphone.html,keep_index_translation,,P1,All published translations remain indexable under the owner's policy.,"Check wording, medical safety, mobile layout and Search Console coverage without adding noindex."
https://www.glpzy.app/fr/zepbound-tracker-iphone.html,fr/zepbound-tracker-iphone.html,fr,medicine,index,yes,https://www.glpzy.app/fr/zepbound-tracker-iphone.html,keep_index_translation,,P1,All published translations remain indexable under the owner's policy.,"Check wording, medical safety, mobile layout and Search Console coverage without adding noindex."
https://www.glpzy.app/fr-ca/apple-health-glp-tracker.html,fr-ca/apple-health-glp-tracker.html,fr-ca,feature,index,yes,https://www.glpzy.app/fr-ca/apple-health-glp-tracker.html,keep_index_translation,,P1,All published translations remain indexable under the owner's policy.,"Check wording, medical safety, mobile layout and Search Console coverage without adding noindex."
https://www.glpzy.app/fr-ca/compounded-glp-tracker-iphone.html,fr-ca/compounded-glp-tracker-iphone.html,fr-ca,commercial,index,yes,https://www.glpzy.app/fr-ca/compounded-glp-tracker-iphone.html,keep_index_translation,,P1,All published translations remain indexable under the owner's policy.,"Check wording, medical safety, mobile layout and Search Console coverage without adding noindex."
https://www.glpzy.app/fr-ca/custom-medication-tracker-iphone.html,fr-ca/custom-medication-tracker-iphone.html,fr-ca,commercial,index,yes,https://www.glpzy.app/fr-ca/custom-medication-tracker-iphone.html,keep_index_translation,,P1,All published translations remain indexable under the owner's policy.,"Check wording, medical safety, mobile layout and Search Console coverage without adding noindex."
https://www.glpzy.app/fr-ca/data-rights.html,fr-ca/data-rights.html,fr-ca,privacy,index,yes,https://www.glpzy.app/fr-ca/data-rights.html,keep_index_translation,,P1,All published translations remain indexable under the owner's policy.,"Check wording, medical safety, mobile layout and Search Console coverage without adding noindex."
https://www.glpzy.app/fr-ca/foundayo-tracker-iphone.html,fr-ca/foundayo-tracker-iphone.html,fr-ca,commercial,index,yes,https://www.glpzy.app/fr-ca/foundayo-tracker-iphone.html,keep_index_translation,,P1,All published translations remain indexable under the owner's policy.,"Check wording, medical safety, mobile layout and Search Console coverage without adding noindex."
https://www.glpzy.app/fr-ca/glp1-weight-dose-symptom-tracker.html,fr-ca/glp1-weight-dose-symptom-tracker.html,fr-ca,commercial,index,yes,https://www.glpzy.app/fr-ca/glp1-weight-dose-symptom-tracker.html,keep_index_translation,,P1,All published translations remain indexable under the owner's policy.,"Check wording, medical safety, mobile layout and Search Console coverage without adding noindex."
https://www.glpzy.app/fr-ca/glpzy-is-now-oneglp/,fr-ca/glpzy-is-now-oneglp/index.html,fr-ca,home,index,yes,https://www.glpzy.app/fr-ca/glpzy-is-now-oneglp/,keep_index_translation,,P1,All published translations remain indexable under the owner's policy.,"Check wording, medical safety, mobile layout and Search Console coverage without adding noindex."
https://www.glpzy.app/fr-ca/,fr-ca/index.html,fr-ca,home,index,yes,https://www.glpzy.app/fr-ca/,keep_index_translation,,P1,All published translations remain indexable under the owner's policy.,"Check wording, medical safety, mobile layout and Search Console coverage without adding noindex."
https://www.glpzy.app/fr-ca/local-first-private-glp-tracker.html,fr-ca/local-first-private-glp-tracker.html,fr-ca,privacy,index,yes,https://www.glpzy.app/fr-ca/local-first-private-glp-tracker.html,keep_index_translation,,P1,All published translations remain indexable under the owner's policy.,"Check wording, medical safety, mobile layout and Search Console coverage without adding noindex."
https://www.glpzy.app/fr-ca/medical-safety.html,fr-ca/medical-safety.html,fr-ca,trust,index,yes,https://www.glpzy.app/fr-ca/medical-safety.html,keep_index_translation,,P1,All published translations remain indexable under the owner's policy.,"Check wording, medical safety, mobile layout and Search Console coverage without adding noindex."
https://www.glpzy.app/fr-ca/methodology.html,fr-ca/methodology.html,fr-ca,trust,index,yes,https://www.glpzy.app/fr-ca/methodology.html,keep_index_translation,,P1,All published translations remain indexable under the owner's policy.,"Check wording, medical safety, mobile layout and Search Console coverage without adding noindex."
https://www.glpzy.app/fr-ca/mounjaro-tracker-iphone.html,fr-ca/mounjaro-tracker-iphone.html,fr-ca,medicine,index,yes,https://www.glpzy.app/fr-ca/mounjaro-tracker-iphone.html,keep_index_translation,,P1,All published translations remain indexable under the owner's policy.,"Check wording, medical safety, mobile layout and Search Console coverage without adding noindex."
https://www.glpzy.app/fr-ca/overview.html,fr-ca/overview.html,fr-ca,other,index,yes,https://www.glpzy.app/fr-ca/overview.html,keep_index_translation,,P1,All published translations remain indexable under the owner's policy.,"Check wording, medical safety, mobile layout and Search Console coverage without adding noindex."
https://www.glpzy.app/fr-ca/ozempic-tracker-iphone.html,fr-ca/ozempic-tracker-iphone.html,fr-ca,commercial,index,yes,https://www.glpzy.app/fr-ca/ozempic-tracker-iphone.html,keep_index_translation,,P1,All published translations remain indexable under the owner's policy.,"Check wording, medical safety, mobile layout and Search Console coverage without adding noindex."
https://www.glpzy.app/fr-ca/privacy.html,fr-ca/privacy.html,fr-ca,privacy,index,yes,https://www.glpzy.app/fr-ca/privacy.html,keep_index_translation,,P1,All published translations remain indexable under the owner's policy.,"Check wording, medical safety, mobile layout and Search Console coverage without adding noindex."
https://www.glpzy.app/fr-ca/rybelsus-tracker-iphone.html,fr-ca/rybelsus-tracker-iphone.html,fr-ca,commercial,index,yes,https://www.glpzy.app/fr-ca/rybelsus-tracker-iphone.html,keep_index_translation,,P1,All published translations remain indexable under the owner's policy.,"Check wording, medical safety, mobile layout and Search Console coverage without adding noindex."
https://www.glpzy.app/fr-ca/saxenda-tracker-iphone.html,fr-ca/saxenda-tracker-iphone.html,fr-ca,commercial,index,yes,https://www.glpzy.app/fr-ca/saxenda-tracker-iphone.html,keep_index_translation,,P1,All published translations remain indexable under the owner's policy.,"Check wording, medical safety, mobile layout and Search Console coverage without adding noindex."
https://www.glpzy.app/fr-ca/semaglutide-tracker-iphone.html,fr-ca/semaglutide-tracker-iphone.html,fr-ca,ingredient,index,yes,https://www.glpzy.app/fr-ca/semaglutide-tracker-iphone.html,keep_index_translation,,P1,All published translations remain indexable under the owner's policy.,"Check wording, medical safety, mobile layout and Search Console coverage without adding noindex."
https://www.glpzy.app/fr-ca/support.html,fr-ca/support.html,fr-ca,trust,index,yes,https://www.glpzy.app/fr-ca/support.html,keep_index_translation,,P1,All published translations remain indexable under the owner's policy.,"Check wording, medical safety, mobile layout and Search Console coverage without adding noindex."
https://www.glpzy.app/fr-ca/terms.html,fr-ca/terms.html,fr-ca,trust,index,yes,https://www.glpzy.app/fr-ca/terms.html,keep_index_translation,,P1,All published translations remain indexable under the owner's policy.,"Check wording, medical safety, mobile layout and Search Console coverage without adding noindex."
https://www.glpzy.app/fr-ca/tirzepatide-tracker-iphone.html,fr-ca/tirzepatide-tracker-iphone.html,fr-ca,ingredient,index,yes,https://www.glpzy.app/fr-ca/tirzepatide-tracker-iphone.html,keep_index_translation,,P1,All published translations remain indexable under the owner's policy.,"Check wording, medical safety, mobile layout and Search Console coverage without adding noindex."
https://www.glpzy.app/fr-ca/trulicity-tracker-iphone.html,fr-ca/trulicity-tracker-iphone.html,fr-ca,commercial,index,yes,https://www.glpzy.app/fr-ca/trulicity-tracker-iphone.html,keep_index_translation,,P1,All published translations remain indexable under the owner's policy.,"Check wording, medical safety, mobile layout and Search Console coverage without adding noindex."
https://www.glpzy.app/fr-ca/victoza-tracker-iphone.html,fr-ca/victoza-tracker-iphone.html,fr-ca,commercial,index,yes,https://www.glpzy.app/fr-ca/victoza-tracker-iphone.html,keep_index_translation,,P1,All published translations remain indexable under the owner's policy.,"Check wording, medical safety, mobile layout and Search Console coverage without adding noindex."
https://www.glpzy.app/fr-ca/wegovy-tracker-iphone.html,fr-ca/wegovy-tracker-iphone.html,fr-ca,medicine,index,yes,https://www.glpzy.app/fr-ca/wegovy-tracker-iphone.html,keep_index_translation,,P1,All published translations remain indexable under the owner's policy.,"Check wording, medical safety, mobile layout and Search Console coverage without adding noindex."
https://www.glpzy.app/fr-ca/zepbound-tracker-iphone.html,fr-ca/zepbound-tracker-iphone.html,fr-ca,medicine,index,yes,https://www.glpzy.app/fr-ca/zepbound-tracker-iphone.html,keep_index_translation,,P1,All published translations remain indexable under the owner's policy.,"Check wording, medical safety, mobile layout and Search Console coverage without adding noindex."
https://www.glpzy.app/free-lifetime/,free-lifetime/index.html,root,home,index,yes,https://www.glpzy.app/free-lifetime/,keep_index_priority,,P0,"Distinct product, feature, offer or trust intent.","Monitor query match, CTR, canonical selection and conversions."
https://www.glpzy.app/glp1-dose-reminder-app.html,glp1-dose-reminder-app.html,root,feature,index,yes,https://www.glpzy.app/glp1-dose-reminder-app.html,keep_index_priority,,P0,"Distinct product, feature, offer or trust intent.","Monitor query match, CTR, canonical selection and conversions."
https://www.glpzy.app/glp1-progress-photo-tracker.html,glp1-progress-photo-tracker.html,root,feature,index,yes,https://www.glpzy.app/glp1-progress-photo-tracker.html,keep_index_priority,,P0,"Distinct product, feature, offer or trust intent.","Monitor query match, CTR, canonical selection and conversions."
https://www.glpzy.app/glp1-side-effect-symptom-tracker.html,glp1-side-effect-symptom-tracker.html,root,feature,index,yes,https://www.glpzy.app/glp1-side-effect-symptom-tracker.html,keep_index_priority,,P0,"Distinct product, feature, offer or trust intent.","Monitor query match, CTR, canonical selection and conversions."
https://www.glpzy.app/glp1-weight-dose-symptom-tracker.html,glp1-weight-dose-symptom-tracker.html,root,commercial,index,yes,https://www.glpzy.app/glp1-weight-dose-symptom-tracker.html,keep_index_priority,,P0,"Distinct product, feature, offer or trust intent.","Monitor query match, CTR, canonical selection and conversions."
https://www.glpzy.app/glp1-weight-tracker.html,glp1-weight-tracker.html,root,feature,index,yes,https://www.glpzy.app/glp1-weight-tracker.html,keep_index_priority,,P0,"Distinct product, feature, offer or trust intent.","Monitor query match, CTR, canonical selection and conversions."
https://www.glpzy.app/glpzy-is-now-oneglp/,glpzy-is-now-oneglp/index.html,root,home,index,yes,https://www.glpzy.app/glpzy-is-now-oneglp/,keep_index_supporting,,P2,Indexable root page with a supporting policy or product role.,"Monitor impressions, internal links and canonical selection."
https://www.glpzy.app/gu/apple-health-glp-tracker.html,gu/apple-health-glp-tracker.html,gu,feature,index,yes,https://www.glpzy.app/gu/apple-health-glp-tracker.html,keep_index_translation,,P1,All published translations remain indexable under the owner's policy.,"Check wording, medical safety, mobile layout and Search Console coverage without adding noindex."
https://www.glpzy.app/gu/compounded-glp-tracker-iphone.html,gu/compounded-glp-tracker-iphone.html,gu,commercial,index,yes,https://www.glpzy.app/gu/compounded-glp-tracker-iphone.html,keep_index_translation,,P1,All published translations remain indexable under the owner's policy.,"Check wording, medical safety, mobile layout and Search Console coverage without adding noindex."
https://www.glpzy.app/gu/custom-medication-tracker-iphone.html,gu/custom-medication-tracker-iphone.html,gu,commercial,index,yes,https://www.glpzy.app/gu/custom-medication-tracker-iphone.html,keep_index_translation,,P1,All published translations remain indexable under the owner's policy.,"Check wording, medical safety, mobile layout and Search Console coverage without adding noindex."
https://www.glpzy.app/gu/data-rights.html,gu/data-rights.html,gu,privacy,index,yes,https://www.glpzy.app/gu/data-rights.html,keep_index_translation,,P1,All published translations remain indexable under the owner's policy.,"Check wording, medical safety, mobile layout and Search Console coverage without adding noindex."
https://www.glpzy.app/gu/foundayo-tracker-iphone.html,gu/foundayo-tracker-iphone.html,gu,commercial,index,yes,https://www.glpzy.app/gu/foundayo-tracker-iphone.html,keep_index_translation,,P1,All published translations remain indexable under the owner's policy.,"Check wording, medical safety, mobile layout and Search Console coverage without adding noindex."
https://www.glpzy.app/gu/glp1-weight-dose-symptom-tracker.html,gu/glp1-weight-dose-symptom-tracker.html,gu,commercial,index,yes,https://www.glpzy.app/gu/glp1-weight-dose-symptom-tracker.html,keep_index_translation,,P1,All published translations remain indexable under the owner's policy.,"Check wording, medical safety, mobile layout and Search Console coverage without adding noindex."
https://www.glpzy.app/gu/glpzy-is-now-oneglp/,gu/glpzy-is-now-oneglp/index.html,gu,home,index,yes,https://www.glpzy.app/gu/glpzy-is-now-oneglp/,keep_index_translation,,P1,All published translations remain indexable under the owner's policy.,"Check wording, medical safety, mobile layout and Search Console coverage without adding noindex."
https://www.glpzy.app/gu/,gu/index.html,gu,home,index,yes,https://www.glpzy.app/gu/,keep_index_translation,,P1,All published translations remain indexable under the owner's policy.,"Check wording, medical safety, mobile layout and Search Console coverage without adding noindex."
https://www.glpzy.app/gu/local-first-private-glp-tracker.html,gu/local-first-private-glp-tracker.html,gu,privacy,index,yes,https://www.glpzy.app/gu/local-first-private-glp-tracker.html,keep_index_translation,,P1,All published translations remain indexable under the owner's policy.,"Check wording, medical safety, mobile layout and Search Console coverage without adding noindex."
https://www.glpzy.app/gu/medical-safety.html,gu/medical-safety.html,gu,trust,index,yes,https://www.glpzy.app/gu/medical-safety.html,keep_index_translation,,P1,All published translations remain indexable under the owner's policy.,"Check wording, medical safety, mobile layout and Search Console coverage without adding noindex."
https://www.glpzy.app/gu/methodology.html,gu/methodology.html,gu,trust,index,yes,https://www.glpzy.app/gu/methodology.html,keep_index_translation,,P1,All published translations remain indexable under the owner's policy.,"Check wording, medical safety, mobile layout and Search Console coverage without adding noindex."
https://www.glpzy.app/gu/mounjaro-tracker-iphone.html,gu/mounjaro-tracker-iphone.html,gu,medicine,index,yes,https://www.glpzy.app/gu/mounjaro-tracker-iphone.html,keep_index_translation,,P1,All published translations remain indexable under the owner's policy.,"Check wording, medical safety, mobile layout and Search Console coverage without adding noindex."
https://www.glpzy.app/gu/overview.html,gu/overview.html,gu,other,index,yes,https://www.glpzy.app/gu/overview.html,keep_index_translation,,P1,All published translations remain indexable under the owner's policy.,"Check wording, medical safety, mobile layout and Search Console coverage without adding noindex."
https://www.glpzy.app/gu/ozempic-tracker-iphone.html,gu/ozempic-tracker-iphone.html,gu,commercial,index,yes,https://www.glpzy.app/gu/ozempic-tracker-iphone.html,keep_index_translation,,P1,All published translations remain indexable under the owner's policy.,"Check wording, medical safety, mobile layout and Search Console coverage without adding noindex."
https://www.glpzy.app/gu/privacy.html,gu/privacy.html,gu,privacy,index,yes,https://www.glpzy.app/gu/privacy.html,keep_index_translation,,P1,All published translations remain indexable under the owner's policy.,"Check wording, medical safety, mobile layout and Search Console coverage without adding noindex."
https://www.glpzy.app/gu/rybelsus-tracker-iphone.html,gu/rybelsus-tracker-iphone.html,gu,commercial,index,yes,https://www.glpzy.app/gu/rybelsus-tracker-iphone.html,keep_index_translation,,P1,All published translations remain indexable under the owner's policy.,"Check wording, medical safety, mobile layout and Search Console coverage without adding noindex."
https://www.glpzy.app/gu/saxenda-tracker-iphone.html,gu/saxenda-tracker-iphone.html,gu,commercial,index,yes,https://www.glpzy.app/gu/saxenda-tracker-iphone.html,keep_index_translation,,P1,All published translations remain indexable under the owner's policy.,"Check wording, medical safety, mobile layout and Search Console coverage without adding noindex."
https://www.glpzy.app/gu/semaglutide-tracker-iphone.html,gu/semaglutide-tracker-iphone.html,gu,ingredient,index,yes,https://www.glpzy.app/gu/semaglutide-tracker-iphone.html,keep_index_translation,,P1,All published translations remain indexable under the owner's policy.,"Check wording, medical safety, mobile layout and Search Console coverage without adding noindex."
https://www.glpzy.app/gu/support.html,gu/support.html,gu,trust,index,yes,https://www.glpzy.app/gu/support.html,keep_index_translation,,P1,All published translations remain indexable under the owner's policy.,"Check wording, medical safety, mobile layout and Search Console coverage without adding noindex."
https://www.glpzy.app/gu/terms.html,gu/terms.html,gu,trust,index,yes,https://www.glpzy.app/gu/terms.html,keep_index_translation,,P1,All published translations remain indexable under the owner's policy.,"Check wording, medical safety, mobile layout and Search Console coverage without adding noindex."
https://www.glpzy.app/gu/tirzepatide-tracker-iphone.html,gu/tirzepatide-tracker-iphone.html,gu,ingredient,index,yes,https://www.glpzy.app/gu/tirzepatide-tracker-iphone.html,keep_index_translation,,P1,All published translations remain indexable under the owner's policy.,"Check wording, medical safety, mobile layout and Search Console coverage without adding noindex."
https://www.glpzy.app/gu/trulicity-tracker-iphone.html,gu/trulicity-tracker-iphone.html,gu,commercial,index,yes,https://www.glpzy.app/gu/trulicity-tracker-iphone.html,keep_index_translation,,P1,All published translations remain indexable under the owner's policy.,"Check wording, medical safety, mobile layout and Search Console coverage without adding noindex."
https://www.glpzy.app/gu/victoza-tracker-iphone.html,gu/victoza-tracker-iphone.html,gu,commercial,index,yes,https://www.glpzy.app/gu/victoza-tracker-iphone.html,keep_index_translation,,P1,All published translations remain indexable under the owner's policy.,"Check wording, medical safety, mobile layout and Search Console coverage without adding noindex."
https://www.glpzy.app/gu/wegovy-tracker-iphone.html,gu/wegovy-tracker-iphone.html,gu,medicine,index,yes,https://www.glpzy.app/gu/wegovy-tracker-iphone.html,keep_index_translation,,P1,All published translations remain indexable under the owner's policy.,"Check wording, medical safety, mobile layout and Search Console coverage without adding noindex."
https://www.glpzy.app/gu/zepbound-tracker-iphone.html,gu/zepbound-tracker-iphone.html,gu,medicine,index,yes,https://www.glpzy.app/gu/zepbound-tracker-iphone.html,keep_index_translation,,P1,All published translations remain indexable under the owner's policy.,"Check wording, medical safety, mobile layout and Search Console coverage without adding noindex."
https://www.glpzy.app/he/apple-health-glp-tracker.html,he/apple-health-glp-tracker.html,he,feature,index,yes,https://www.glpzy.app/he/apple-health-glp-tracker.html,keep_index_translation,,P1,All published translations remain indexable under the owner's policy.,"Check wording, medical safety, mobile layout and Search Console coverage without adding noindex."
https://www.glpzy.app/he/compounded-glp-tracker-iphone.html,he/compounded-glp-tracker-iphone.html,he,commercial,index,yes,https://www.glpzy.app/he/compounded-glp-tracker-iphone.html,keep_index_translation,,P1,All published translations remain indexable under the owner's policy.,"Check wording, medical safety, mobile layout and Search Console coverage without adding noindex."
https://www.glpzy.app/he/custom-medication-tracker-iphone.html,he/custom-medication-tracker-iphone.html,he,commercial,index,yes,https://www.glpzy.app/he/custom-medication-tracker-iphone.html,keep_index_translation,,P1,All published translations remain indexable under the owner's policy.,"Check wording, medical safety, mobile layout and Search Console coverage without adding noindex."
https://www.glpzy.app/he/data-rights.html,he/data-rights.html,he,privacy,index,yes,https://www.glpzy.app/he/data-rights.html,keep_index_translation,,P1,All published translations remain indexable under the owner's policy.,"Check wording, medical safety, mobile layout and Search Console coverage without adding noindex."
https://www.glpzy.app/he/foundayo-tracker-iphone.html,he/foundayo-tracker-iphone.html,he,commercial,index,yes,https://www.glpzy.app/he/foundayo-tracker-iphone.html,keep_index_translation,,P1,All published translations remain indexable under the owner's policy.,"Check wording, medical safety, mobile layout and Search Console coverage without adding noindex."
https://www.glpzy.app/he/glp1-weight-dose-symptom-tracker.html,he/glp1-weight-dose-symptom-tracker.html,he,commercial,index,yes,https://www.glpzy.app/he/glp1-weight-dose-symptom-tracker.html,keep_index_translation,,P1,All published translations remain indexable under the owner's policy.,"Check wording, medical safety, mobile layout and Search Console coverage without adding noindex."
https://www.glpzy.app/he/glpzy-is-now-oneglp/,he/glpzy-is-now-oneglp/index.html,he,home,index,yes,https://www.glpzy.app/he/glpzy-is-now-oneglp/,keep_index_translation,,P1,All published translations remain indexable under the owner's policy.,"Check wording, medical safety, mobile layout and Search Console coverage without adding noindex."
https://www.glpzy.app/he/,he/index.html,he,home,index,yes,https://www.glpzy.app/he/,keep_index_translation,,P1,All published translations remain indexable under the owner's policy.,"Check wording, medical safety, mobile layout and Search Console coverage without adding noindex."
https://www.glpzy.app/he/local-first-private-glp-tracker.html,he/local-first-private-glp-tracker.html,he,privacy,index,yes,https://www.glpzy.app/he/local-first-private-glp-tracker.html,keep_index_translation,,P1,All published translations remain indexable under the owner's policy.,"Check wording, medical safety, mobile layout and Search Console coverage without adding noindex."
https://www.glpzy.app/he/medical-safety.html,he/medical-safety.html,he,trust,index,yes,https://www.glpzy.app/he/medical-safety.html,keep_index_translation,,P1,All published translations remain indexable under the owner's policy.,"Check wording, medical safety, mobile layout and Search Console coverage without adding noindex."
https://www.glpzy.app/he/methodology.html,he/methodology.html,he,trust,index,yes,https://www.glpzy.app/he/methodology.html,keep_index_translation,,P1,All published translations remain indexable under the owner's policy.,"Check wording, medical safety, mobile layout and Search Console coverage without adding noindex."
https://www.glpzy.app/he/mounjaro-tracker-iphone.html,he/mounjaro-tracker-iphone.html,he,medicine,index,yes,https://www.glpzy.app/he/mounjaro-tracker-iphone.html,keep_index_translation,,P1,All published translations remain indexable under the owner's policy.,"Check wording, medical safety, mobile layout and Search Console coverage without adding noindex."
https://www.glpzy.app/he/overview.html,he/overview.html,he,other,index,yes,https://www.glpzy.app/he/overview.html,keep_index_translation,,P1,All published translations remain indexable under the owner's policy.,"Check wording, medical safety, mobile layout and Search Console coverage without adding noindex."
https://www.glpzy.app/he/ozempic-tracker-iphone.html,he/ozempic-tracker-iphone.html,he,commercial,index,yes,https://www.glpzy.app/he/ozempic-tracker-iphone.html,keep_index_translation,,P1,All published translations remain indexable under the owner's policy.,"Check wording, medical safety, mobile layout and Search Console coverage without adding noindex."
https://www.glpzy.app/he/privacy.html,he/privacy.html,he,privacy,index,yes,https://www.glpzy.app/he/privacy.html,keep_index_translation,,P1,All published translations remain indexable under the owner's policy.,"Check wording, medical safety, mobile layout and Search Console coverage without adding noindex."
https://www.glpzy.app/he/rybelsus-tracker-iphone.html,he/rybelsus-tracker-iphone.html,he,commercial,index,yes,https://www.glpzy.app/he/rybelsus-tracker-iphone.html,keep_index_translation,,P1,All published translations remain indexable under the owner's policy.,"Check wording, medical safety, mobile layout and Search Console coverage without adding noindex."
https://www.glpzy.app/he/saxenda-tracker-iphone.html,he/saxenda-tracker-iphone.html,he,commercial,index,yes,https://www.glpzy.app/he/saxenda-tracker-iphone.html,keep_index_translation,,P1,All published translations remain indexable under the owner's policy.,"Check wording, medical safety, mobile layout and Search Console coverage without adding noindex."
https://www.glpzy.app/he/semaglutide-tracker-iphone.html,he/semaglutide-tracker-iphone.html,he,ingredient,index,yes,https://www.glpzy.app/he/semaglutide-tracker-iphone.html,keep_index_translation,,P1,All published translations remain indexable under the owner's policy.,"Check wording, medical safety, mobile layout and Search Console coverage without adding noindex."
https://www.glpzy.app/he/support.html,he/support.html,he,trust,index,yes,https://www.glpzy.app/he/support.html,keep_index_translation,,P1,All published translations remain indexable under the owner's policy.,"Check wording, medical safety, mobile layout and Search Console coverage without adding noindex."
https://www.glpzy.app/he/terms.html,he/terms.html,he,trust,index,yes,https://www.glpzy.app/he/terms.html,keep_index_translation,,P1,All published translations remain indexable under the owner's policy.,"Check wording, medical safety, mobile layout and Search Console coverage without adding noindex."
https://www.glpzy.app/he/tirzepatide-tracker-iphone.html,he/tirzepatide-tracker-iphone.html,he,ingredient,index,yes,https://www.glpzy.app/he/tirzepatide-tracker-iphone.html,keep_index_translation,,P1,All published translations remain indexable under the owner's policy.,"Check wording, medical safety, mobile layout and Search Console coverage without adding noindex."
https://www.glpzy.app/he/trulicity-tracker-iphone.html,he/trulicity-tracker-iphone.html,he,commercial,index,yes,https://www.glpzy.app/he/trulicity-tracker-iphone.html,keep_index_translation,,P1,All published translations remain indexable under the owner's policy.,"Check wording, medical safety, mobile layout and Search Console coverage without adding noindex."
https://www.glpzy.app/he/victoza-tracker-iphone.html,he/victoza-tracker-iphone.html,he,commercial,index,yes,https://www.glpzy.app/he/victoza-tracker-iphone.html,keep_index_translation,,P1,All published translations remain indexable under the owner's policy.,"Check wording, medical safety, mobile layout and Search Console coverage without adding noindex."
https://www.glpzy.app/he/wegovy-tracker-iphone.html,he/wegovy-tracker-iphone.html,he,medicine,index,yes,https://www.glpzy.app/he/wegovy-tracker-iphone.html,keep_index_translation,,P1,All published translations remain indexable under the owner's policy.,"Check wording, medical safety, mobile layout and Search Console coverage without adding noindex."
https://www.glpzy.app/he/zepbound-tracker-iphone.html,he/zepbound-tracker-iphone.html,he,medicine,index,yes,https://www.glpzy.app/he/zepbound-tracker-iphone.html,keep_index_translation,,P1,All published translations remain indexable under the owner's policy.,"Check wording, medical safety, mobile layout and Search Console coverage without adding noindex."
https://www.glpzy.app/hi/apple-health-glp-tracker.html,hi/apple-health-glp-tracker.html,hi,feature,index,yes,https://www.glpzy.app/hi/apple-health-glp-tracker.html,keep_index_translation,,P1,All published translations remain indexable under the owner's policy.,"Check wording, medical safety, mobile layout and Search Console coverage without adding noindex."
https://www.glpzy.app/hi/compounded-glp-tracker-iphone.html,hi/compounded-glp-tracker-iphone.html,hi,commercial,index,yes,https://www.glpzy.app/hi/compounded-glp-tracker-iphone.html,keep_index_translation,,P1,All published translations remain indexable under the owner's policy.,"Check wording, medical safety, mobile layout and Search Console coverage without adding noindex."
https://www.glpzy.app/hi/custom-medication-tracker-iphone.html,hi/custom-medication-tracker-iphone.html,hi,commercial,index,yes,https://www.glpzy.app/hi/custom-medication-tracker-iphone.html,keep_index_translation,,P1,All published translations remain indexable under the owner's policy.,"Check wording, medical safety, mobile layout and Search Console coverage without adding noindex."
https://www.glpzy.app/hi/data-rights.html,hi/data-rights.html,hi,privacy,index,yes,https://www.glpzy.app/hi/data-rights.html,keep_index_translation,,P1,All published translations remain indexable under the owner's policy.,"Check wording, medical safety, mobile layout and Search Console coverage without adding noindex."
https://www.glpzy.app/hi/foundayo-tracker-iphone.html,hi/foundayo-tracker-iphone.html,hi,commercial,index,yes,https://www.glpzy.app/hi/foundayo-tracker-iphone.html,keep_index_translation,,P1,All published translations remain indexable under the owner's policy.,"Check wording, medical safety, mobile layout and Search Console coverage without adding noindex."
https://www.glpzy.app/hi/glp1-weight-dose-symptom-tracker.html,hi/glp1-weight-dose-symptom-tracker.html,hi,commercial,index,yes,https://www.glpzy.app/hi/glp1-weight-dose-symptom-tracker.html,keep_index_translation,,P1,All published translations remain indexable under the owner's policy.,"Check wording, medical safety, mobile layout and Search Console coverage without adding noindex."
https://www.glpzy.app/hi/glpzy-is-now-oneglp/,hi/glpzy-is-now-oneglp/index.html,hi,home,index,yes,https://www.glpzy.app/hi/glpzy-is-now-oneglp/,keep_index_translation,,P1,All published translations remain indexable under the owner's policy.,"Check wording, medical safety, mobile layout and Search Console coverage without adding noindex."
https://www.glpzy.app/hi/,hi/index.html,hi,home,index,yes,https://www.glpzy.app/hi/,keep_index_translation,,P1,All published translations remain indexable under the owner's policy.,"Check wording, medical safety, mobile layout and Search Console coverage without adding noindex."
https://www.glpzy.app/hi/local-first-private-glp-tracker.html,hi/local-first-private-glp-tracker.html,hi,privacy,index,yes,https://www.glpzy.app/hi/local-first-private-glp-tracker.html,keep_index_translation,,P1,All published translations remain indexable under the owner's policy.,"Check wording, medical safety, mobile layout and Search Console coverage without adding noindex."
https://www.glpzy.app/hi/medical-safety.html,hi/medical-safety.html,hi,trust,index,yes,https://www.glpzy.app/hi/medical-safety.html,keep_index_translation,,P1,All published translations remain indexable under the owner's policy.,"Check wording, medical safety, mobile layout and Search Console coverage without adding noindex."
https://www.glpzy.app/hi/methodology.html,hi/methodology.html,hi,trust,index,yes,https://www.glpzy.app/hi/methodology.html,keep_index_translation,,P1,All published translations remain indexable under the owner's policy.,"Check wording, medical safety, mobile layout and Search Console coverage without adding noindex."
https://www.glpzy.app/hi/mounjaro-tracker-iphone.html,hi/mounjaro-tracker-iphone.html,hi,medicine,index,yes,https://www.glpzy.app/hi/mounjaro-tracker-iphone.html,keep_index_translation,,P1,All published translations remain indexable under the owner's policy.,"Check wording, medical safety, mobile layout and Search Console coverage without adding noindex."
https://www.glpzy.app/hi/overview.html,hi/overview.html,hi,other,index,yes,https://www.glpzy.app/hi/overview.html,keep_index_translation,,P1,All published translations remain indexable under the owner's policy.,"Check wording, medical safety, mobile layout and Search Console coverage without adding noindex."
https://www.glpzy.app/hi/ozempic-tracker-iphone.html,hi/ozempic-tracker-iphone.html,hi,commercial,index,yes,https://www.glpzy.app/hi/ozempic-tracker-iphone.html,keep_index_translation,,P1,All published translations remain indexable under the owner's policy.,"Check wording, medical safety, mobile layout and Search Console coverage without adding noindex."
https://www.glpzy.app/hi/privacy.html,hi/privacy.html,hi,privacy,index,yes,https://www.glpzy.app/hi/privacy.html,keep_index_translation,,P1,All published translations remain indexable under the owner's policy.,"Check wording, medical safety, mobile layout and Search Console coverage without adding noindex."
https://www.glpzy.app/hi/rybelsus-tracker-iphone.html,hi/rybelsus-tracker-iphone.html,hi,commercial,index,yes,https://www.glpzy.app/hi/rybelsus-tracker-iphone.html,keep_index_translation,,P1,All published translations remain indexable under the owner's policy.,"Check wording, medical safety, mobile layout and Search Console coverage without adding noindex."
https://www.glpzy.app/hi/saxenda-tracker-iphone.html,hi/saxenda-tracker-iphone.html,hi,commercial,index,yes,https://www.glpzy.app/hi/saxenda-tracker-iphone.html,keep_index_translation,,P1,All published translations remain indexable under the owner's policy.,"Check wording, medical safety, mobile layout and Search Console coverage without adding noindex."
https://www.glpzy.app/hi/semaglutide-tracker-iphone.html,hi/semaglutide-tracker-iphone.html,hi,ingredient,index,yes,https://www.glpzy.app/hi/semaglutide-tracker-iphone.html,keep_index_translation,,P1,All published translations remain indexable under the owner's policy.,"Check wording, medical safety, mobile layout and Search Console coverage without adding noindex."
https://www.glpzy.app/hi/support.html,hi/support.html,hi,trust,index,yes,https://www.glpzy.app/hi/support.html,keep_index_translation,,P1,All published translations remain indexable under the owner's policy.,"Check wording, medical safety, mobile layout and Search Console coverage without adding noindex."
https://www.glpzy.app/hi/terms.html,hi/terms.html,hi,trust,index,yes,https://www.glpzy.app/hi/terms.html,keep_index_translation,,P1,All published translations remain indexable under the owner's policy.,"Check wording, medical safety, mobile layout and Search Console coverage without adding noindex."
https://www.glpzy.app/hi/tirzepatide-tracker-iphone.html,hi/tirzepatide-tracker-iphone.html,hi,ingredient,index,yes,https://www.glpzy.app/hi/tirzepatide-tracker-iphone.html,keep_index_translation,,P1,All published translations remain indexable under the owner's policy.,"Check wording, medical safety, mobile layout and Search Console coverage without adding noindex."
https://www.glpzy.app/hi/trulicity-tracker-iphone.html,hi/trulicity-tracker-iphone.html,hi,commercial,index,yes,https://www.glpzy.app/hi/trulicity-tracker-iphone.html,keep_index_translation,,P1,All published translations remain indexable under the owner's policy.,"Check wording, medical safety, mobile layout and Search Console coverage without adding noindex."
https://www.glpzy.app/hi/victoza-tracker-iphone.html,hi/victoza-tracker-iphone.html,hi,commercial,index,yes,https://www.glpzy.app/hi/victoza-tracker-iphone.html,keep_index_translation,,P1,All published translations remain indexable under the owner's policy.,"Check wording, medical safety, mobile layout and Search Console coverage without adding noindex."
https://www.glpzy.app/hi/wegovy-tracker-iphone.html,hi/wegovy-tracker-iphone.html,hi,medicine,index,yes,https://www.glpzy.app/hi/wegovy-tracker-iphone.html,keep_index_translation,,P1,All published translations remain indexable under the owner's policy.,"Check wording, medical safety, mobile layout and Search Console coverage without adding noindex."
https://www.glpzy.app/hi/zepbound-tracker-iphone.html,hi/zepbound-tracker-iphone.html,hi,medicine,index,yes,https://www.glpzy.app/hi/zepbound-tracker-iphone.html,keep_index_translation,,P1,All published translations remain indexable under the owner's policy.,"Check wording, medical safety, mobile layout and Search Console coverage without adding noindex."
https://www.glpzy.app/hr/apple-health-glp-tracker.html,hr/apple-health-glp-tracker.html,hr,feature,index,yes,https://www.glpzy.app/hr/apple-health-glp-tracker.html,keep_index_translation,,P1,All published translations remain indexable under the owner's policy.,"Check wording, medical safety, mobile layout and Search Console coverage without adding noindex."
https://www.glpzy.app/hr/compounded-glp-tracker-iphone.html,hr/compounded-glp-tracker-iphone.html,hr,commercial,index,yes,https://www.glpzy.app/hr/compounded-glp-tracker-iphone.html,keep_index_translation,,P1,All published translations remain indexable under the owner's policy.,"Check wording, medical safety, mobile layout and Search Console coverage without adding noindex."
https://www.glpzy.app/hr/custom-medication-tracker-iphone.html,hr/custom-medication-tracker-iphone.html,hr,commercial,index,yes,https://www.glpzy.app/hr/custom-medication-tracker-iphone.html,keep_index_translation,,P1,All published translations remain indexable under the owner's policy.,"Check wording, medical safety, mobile layout and Search Console coverage without adding noindex."
https://www.glpzy.app/hr/data-rights.html,hr/data-rights.html,hr,privacy,index,yes,https://www.glpzy.app/hr/data-rights.html,keep_index_translation,,P1,All published translations remain indexable under the owner's policy.,"Check wording, medical safety, mobile layout and Search Console coverage without adding noindex."
https://www.glpzy.app/hr/foundayo-tracker-iphone.html,hr/foundayo-tracker-iphone.html,hr,commercial,index,yes,https://www.glpzy.app/hr/foundayo-tracker-iphone.html,keep_index_translation,,P1,All published translations remain indexable under the owner's policy.,"Check wording, medical safety, mobile layout and Search Console coverage without adding noindex."
https://www.glpzy.app/hr/glp1-weight-dose-symptom-tracker.html,hr/glp1-weight-dose-symptom-tracker.html,hr,commercial,index,yes,https://www.glpzy.app/hr/glp1-weight-dose-symptom-tracker.html,keep_index_translation,,P1,All published translations remain indexable under the owner's policy.,"Check wording, medical safety, mobile layout and Search Console coverage without adding noindex."
https://www.glpzy.app/hr/glpzy-is-now-oneglp/,hr/glpzy-is-now-oneglp/index.html,hr,home,index,yes,https://www.glpzy.app/hr/glpzy-is-now-oneglp/,keep_index_translation,,P1,All published translations remain indexable under the owner's policy.,"Check wording, medical safety, mobile layout and Search Console coverage without adding noindex."
https://www.glpzy.app/hr/,hr/index.html,hr,home,index,yes,https://www.glpzy.app/hr/,keep_index_translation,,P1,All published translations remain indexable under the owner's policy.,"Check wording, medical safety, mobile layout and Search Console coverage without adding noindex."
https://www.glpzy.app/hr/local-first-private-glp-tracker.html,hr/local-first-private-glp-tracker.html,hr,privacy,index,yes,https://www.glpzy.app/hr/local-first-private-glp-tracker.html,keep_index_translation,,P1,All published translations remain indexable under the owner's policy.,"Check wording, medical safety, mobile layout and Search Console coverage without adding noindex."
https://www.glpzy.app/hr/medical-safety.html,hr/medical-safety.html,hr,trust,index,yes,https://www.glpzy.app/hr/medical-safety.html,keep_index_translation,,P1,All published translations remain indexable under the owner's policy.,"Check wording, medical safety, mobile layout and Search Console coverage without adding noindex."
https://www.glpzy.app/hr/methodology.html,hr/methodology.html,hr,trust,index,yes,https://www.glpzy.app/hr/methodology.html,keep_index_translation,,P1,All published translations remain indexable under the owner's policy.,"Check wording, medical safety, mobile layout and Search Console coverage without adding noindex."
https://www.glpzy.app/hr/mounjaro-tracker-iphone.html,hr/mounjaro-tracker-iphone.html,hr,medicine,index,yes,https://www.glpzy.app/hr/mounjaro-tracker-iphone.html,keep_index_translation,,P1,All published translations remain indexable under the owner's policy.,"Check wording, medical safety, mobile layout and Search Console coverage without adding noindex."
https://www.glpzy.app/hr/overview.html,hr/overview.html,hr,other,index,yes,https://www.glpzy.app/hr/overview.html,keep_index_translation,,P1,All published translations remain indexable under the owner's policy.,"Check wording, medical safety, mobile layout and Search Console coverage without adding noindex."
https://www.glpzy.app/hr/ozempic-tracker-iphone.html,hr/ozempic-tracker-iphone.html,hr,commercial,index,yes,https://www.glpzy.app/hr/ozempic-tracker-iphone.html,keep_index_translation,,P1,All published translations remain indexable under the owner's policy.,"Check wording, medical safety, mobile layout and Search Console coverage without adding noindex."
https://www.glpzy.app/hr/privacy.html,hr/privacy.html,hr,privacy,index,yes,https://www.glpzy.app/hr/privacy.html,keep_index_translation,,P1,All published translations remain indexable under the owner's policy.,"Check wording, medical safety, mobile layout and Search Console coverage without adding noindex."
https://www.glpzy.app/hr/rybelsus-tracker-iphone.html,hr/rybelsus-tracker-iphone.html,hr,commercial,index,yes,https://www.glpzy.app/hr/rybelsus-tracker-iphone.html,keep_index_translation,,P1,All published translations remain indexable under the owner's policy.,"Check wording, medical safety, mobile layout and Search Console coverage without adding noindex."
https://www.glpzy.app/hr/saxenda-tracker-iphone.html,hr/saxenda-tracker-iphone.html,hr,commercial,index,yes,https://www.glpzy.app/hr/saxenda-tracker-iphone.html,keep_index_translation,,P1,All published translations remain indexable under the owner's policy.,"Check wording, medical safety, mobile layout and Search Console coverage without adding noindex."
https://www.glpzy.app/hr/semaglutide-tracker-iphone.html,hr/semaglutide-tracker-iphone.html,hr,ingredient,index,yes,https://www.glpzy.app/hr/semaglutide-tracker-iphone.html,keep_index_translation,,P1,All published translations remain indexable under the owner's policy.,"Check wording, medical safety, mobile layout and Search Console coverage without adding noindex."
https://www.glpzy.app/hr/support.html,hr/support.html,hr,trust,index,yes,https://www.glpzy.app/hr/support.html,keep_index_translation,,P1,All published translations remain indexable under the owner's policy.,"Check wording, medical safety, mobile layout and Search Console coverage without adding noindex."
https://www.glpzy.app/hr/terms.html,hr/terms.html,hr,trust,index,yes,https://www.glpzy.app/hr/terms.html,keep_index_translation,,P1,All published translations remain indexable under the owner's policy.,"Check wording, medical safety, mobile layout and Search Console coverage without adding noindex."
https://www.glpzy.app/hr/tirzepatide-tracker-iphone.html,hr/tirzepatide-tracker-iphone.html,hr,ingredient,index,yes,https://www.glpzy.app/hr/tirzepatide-tracker-iphone.html,keep_index_translation,,P1,All published translations remain indexable under the owner's policy.,"Check wording, medical safety, mobile layout and Search Console coverage without adding noindex."
https://www.glpzy.app/hr/trulicity-tracker-iphone.html,hr/trulicity-tracker-iphone.html,hr,commercial,index,yes,https://www.glpzy.app/hr/trulicity-tracker-iphone.html,keep_index_translation,,P1,All published translations remain indexable under the owner's policy.,"Check wording, medical safety, mobile layout and Search Console coverage without adding noindex."
https://www.glpzy.app/hr/victoza-tracker-iphone.html,hr/victoza-tracker-iphone.html,hr,commercial,index,yes,https://www.glpzy.app/hr/victoza-tracker-iphone.html,keep_index_translation,,P1,All published translations remain indexable under the owner's policy.,"Check wording, medical safety, mobile layout and Search Console coverage without adding noindex."
https://www.glpzy.app/hr/wegovy-tracker-iphone.html,hr/wegovy-tracker-iphone.html,hr,medicine,index,yes,https://www.glpzy.app/hr/wegovy-tracker-iphone.html,keep_index_translation,,P1,All published translations remain indexable under the owner's policy.,"Check wording, medical safety, mobile layout and Search Console coverage without adding noindex."
https://www.glpzy.app/hr/zepbound-tracker-iphone.html,hr/zepbound-tracker-iphone.html,hr,medicine,index,yes,https://www.glpzy.app/hr/zepbound-tracker-iphone.html,keep_index_translation,,P1,All published translations remain indexable under the owner's policy.,"Check wording, medical safety, mobile layout and Search Console coverage without adding noindex."
https://www.glpzy.app/hu/apple-health-glp-tracker.html,hu/apple-health-glp-tracker.html,hu,feature,index,yes,https://www.glpzy.app/hu/apple-health-glp-tracker.html,keep_index_translation,,P1,All published translations remain indexable under the owner's policy.,"Check wording, medical safety, mobile layout and Search Console coverage without adding noindex."
https://www.glpzy.app/hu/compounded-glp-tracker-iphone.html,hu/compounded-glp-tracker-iphone.html,hu,commercial,index,yes,https://www.glpzy.app/hu/compounded-glp-tracker-iphone.html,keep_index_translation,,P1,All published translations remain indexable under the owner's policy.,"Check wording, medical safety, mobile layout and Search Console coverage without adding noindex."
https://www.glpzy.app/hu/custom-medication-tracker-iphone.html,hu/custom-medication-tracker-iphone.html,hu,commercial,index,yes,https://www.glpzy.app/hu/custom-medication-tracker-iphone.html,keep_index_translation,,P1,All published translations remain indexable under the owner's policy.,"Check wording, medical safety, mobile layout and Search Console coverage without adding noindex."
https://www.glpzy.app/hu/data-rights.html,hu/data-rights.html,hu,privacy,index,yes,https://www.glpzy.app/hu/data-rights.html,keep_index_translation,,P1,All published translations remain indexable under the owner's policy.,"Check wording, medical safety, mobile layout and Search Console coverage without adding noindex."
https://www.glpzy.app/hu/foundayo-tracker-iphone.html,hu/foundayo-tracker-iphone.html,hu,commercial,index,yes,https://www.glpzy.app/hu/foundayo-tracker-iphone.html,keep_index_translation,,P1,All published translations remain indexable under the owner's policy.,"Check wording, medical safety, mobile layout and Search Console coverage without adding noindex."
https://www.glpzy.app/hu/glp1-weight-dose-symptom-tracker.html,hu/glp1-weight-dose-symptom-tracker.html,hu,commercial,index,yes,https://www.glpzy.app/hu/glp1-weight-dose-symptom-tracker.html,keep_index_translation,,P1,All published translations remain indexable under the owner's policy.,"Check wording, medical safety, mobile layout and Search Console coverage without adding noindex."
https://www.glpzy.app/hu/glpzy-is-now-oneglp/,hu/glpzy-is-now-oneglp/index.html,hu,home,index,yes,https://www.glpzy.app/hu/glpzy-is-now-oneglp/,keep_index_translation,,P1,All published translations remain indexable under the owner's policy.,"Check wording, medical safety, mobile layout and Search Console coverage without adding noindex."
https://www.glpzy.app/hu/,hu/index.html,hu,home,index,yes,https://www.glpzy.app/hu/,keep_index_translation,,P1,All published translations remain indexable under the owner's policy.,"Check wording, medical safety, mobile layout and Search Console coverage without adding noindex."
https://www.glpzy.app/hu/local-first-private-glp-tracker.html,hu/local-first-private-glp-tracker.html,hu,privacy,index,yes,https://www.glpzy.app/hu/local-first-private-glp-tracker.html,keep_index_translation,,P1,All published translations remain indexable under the owner's policy.,"Check wording, medical safety, mobile layout and Search Console coverage without adding noindex."
https://www.glpzy.app/hu/medical-safety.html,hu/medical-safety.html,hu,trust,index,yes,https://www.glpzy.app/hu/medical-safety.html,keep_index_translation,,P1,All published translations remain indexable under the owner's policy.,"Check wording, medical safety, mobile layout and Search Console coverage without adding noindex."
https://www.glpzy.app/hu/methodology.html,hu/methodology.html,hu,trust,index,yes,https://www.glpzy.app/hu/methodology.html,keep_index_translation,,P1,All published translations remain indexable under the owner's policy.,"Check wording, medical safety, mobile layout and Search Console coverage without adding noindex."
https://www.glpzy.app/hu/mounjaro-tracker-iphone.html,hu/mounjaro-tracker-iphone.html,hu,medicine,index,yes,https://www.glpzy.app/hu/mounjaro-tracker-iphone.html,keep_index_translation,,P1,All published translations remain indexable under the owner's policy.,"Check wording, medical safety, mobile layout and Search Console coverage without adding noindex."
https://www.glpzy.app/hu/overview.html,hu/overview.html,hu,other,index,yes,https://www.glpzy.app/hu/overview.html,keep_index_translation,,P1,All published translations remain indexable under the owner's policy.,"Check wording, medical safety, mobile layout and Search Console coverage without adding noindex."
https://www.glpzy.app/hu/ozempic-tracker-iphone.html,hu/ozempic-tracker-iphone.html,hu,commercial,index,yes,https://www.glpzy.app/hu/ozempic-tracker-iphone.html,keep_index_translation,,P1,All published translations remain indexable under the owner's policy.,"Check wording, medical safety, mobile layout and Search Console coverage without adding noindex."
https://www.glpzy.app/hu/privacy.html,hu/privacy.html,hu,privacy,index,yes,https://www.glpzy.app/hu/privacy.html,keep_index_translation,,P1,All published translations remain indexable under the owner's policy.,"Check wording, medical safety, mobile layout and Search Console coverage without adding noindex."
https://www.glpzy.app/hu/rybelsus-tracker-iphone.html,hu/rybelsus-tracker-iphone.html,hu,commercial,index,yes,https://www.glpzy.app/hu/rybelsus-tracker-iphone.html,keep_index_translation,,P1,All published translations remain indexable under the owner's policy.,"Check wording, medical safety, mobile layout and Search Console coverage without adding noindex."
https://www.glpzy.app/hu/saxenda-tracker-iphone.html,hu/saxenda-tracker-iphone.html,hu,commercial,index,yes,https://www.glpzy.app/hu/saxenda-tracker-iphone.html,keep_index_translation,,P1,All published translations remain indexable under the owner's policy.,"Check wording, medical safety, mobile layout and Search Console coverage without adding noindex."
https://www.glpzy.app/hu/semaglutide-tracker-iphone.html,hu/semaglutide-tracker-iphone.html,hu,ingredient,index,yes,https://www.glpzy.app/hu/semaglutide-tracker-iphone.html,keep_index_translation,,P1,All published translations remain indexable under the owner's policy.,"Check wording, medical safety, mobile layout and Search Console coverage without adding noindex."
https://www.glpzy.app/hu/support.html,hu/support.html,hu,trust,index,yes,https://www.glpzy.app/hu/support.html,keep_index_translation,,P1,All published translations remain indexable under the owner's policy.,"Check wording, medical safety, mobile layout and Search Console coverage without adding noindex."
https://www.glpzy.app/hu/terms.html,hu/terms.html,hu,trust,index,yes,https://www.glpzy.app/hu/terms.html,keep_index_translation,,P1,All published translations remain indexable under the owner's policy.,"Check wording, medical safety, mobile layout and Search Console coverage without adding noindex."
https://www.glpzy.app/hu/tirzepatide-tracker-iphone.html,hu/tirzepatide-tracker-iphone.html,hu,ingredient,index,yes,https://www.glpzy.app/hu/tirzepatide-tracker-iphone.html,keep_index_translation,,P1,All published translations remain indexable under the owner's policy.,"Check wording, medical safety, mobile layout and Search Console coverage without adding noindex."
https://www.glpzy.app/hu/trulicity-tracker-iphone.html,hu/trulicity-tracker-iphone.html,hu,commercial,index,yes,https://www.glpzy.app/hu/trulicity-tracker-iphone.html,keep_index_translation,,P1,All published translations remain indexable under the owner's policy.,"Check wording, medical safety, mobile layout and Search Console coverage without adding noindex."
https://www.glpzy.app/hu/victoza-tracker-iphone.html,hu/victoza-tracker-iphone.html,hu,commercial,index,yes,https://www.glpzy.app/hu/victoza-tracker-iphone.html,keep_index_translation,,P1,All published translations remain indexable under the owner's policy.,"Check wording, medical safety, mobile layout and Search Console coverage without adding noindex."
https://www.glpzy.app/hu/wegovy-tracker-iphone.html,hu/wegovy-tracker-iphone.html,hu,medicine,index,yes,https://www.glpzy.app/hu/wegovy-tracker-iphone.html,keep_index_translation,,P1,All published translations remain indexable under the owner's policy.,"Check wording, medical safety, mobile layout and Search Console coverage without adding noindex."
https://www.glpzy.app/hu/zepbound-tracker-iphone.html,hu/zepbound-tracker-iphone.html,hu,medicine,index,yes,https://www.glpzy.app/hu/zepbound-tracker-iphone.html,keep_index_translation,,P1,All published translations remain indexable under the owner's policy.,"Check wording, medical safety, mobile layout and Search Console coverage without adding noindex."
https://www.glpzy.app/id/apple-health-glp-tracker.html,id/apple-health-glp-tracker.html,id,feature,index,yes,https://www.glpzy.app/id/apple-health-glp-tracker.html,keep_index_translation,,P1,All published translations remain indexable under the owner's policy.,"Check wording, medical safety, mobile layout and Search Console coverage without adding noindex."
https://www.glpzy.app/id/compounded-glp-tracker-iphone.html,id/compounded-glp-tracker-iphone.html,id,commercial,index,yes,https://www.glpzy.app/id/compounded-glp-tracker-iphone.html,keep_index_translation,,P1,All published translations remain indexable under the owner's policy.,"Check wording, medical safety, mobile layout and Search Console coverage without adding noindex."
https://www.glpzy.app/id/custom-medication-tracker-iphone.html,id/custom-medication-tracker-iphone.html,id,commercial,index,yes,https://www.glpzy.app/id/custom-medication-tracker-iphone.html,keep_index_translation,,P1,All published translations remain indexable under the owner's policy.,"Check wording, medical safety, mobile layout and Search Console coverage without adding noindex."
https://www.glpzy.app/id/data-rights.html,id/data-rights.html,id,privacy,index,yes,https://www.glpzy.app/id/data-rights.html,keep_index_translation,,P1,All published translations remain indexable under the owner's policy.,"Check wording, medical safety, mobile layout and Search Console coverage without adding noindex."
https://www.glpzy.app/id/foundayo-tracker-iphone.html,id/foundayo-tracker-iphone.html,id,commercial,index,yes,https://www.glpzy.app/id/foundayo-tracker-iphone.html,keep_index_translation,,P1,All published translations remain indexable under the owner's policy.,"Check wording, medical safety, mobile layout and Search Console coverage without adding noindex."
https://www.glpzy.app/id/glp1-weight-dose-symptom-tracker.html,id/glp1-weight-dose-symptom-tracker.html,id,commercial,index,yes,https://www.glpzy.app/id/glp1-weight-dose-symptom-tracker.html,keep_index_translation,,P1,All published translations remain indexable under the owner's policy.,"Check wording, medical safety, mobile layout and Search Console coverage without adding noindex."
https://www.glpzy.app/id/glpzy-is-now-oneglp/,id/glpzy-is-now-oneglp/index.html,id,home,index,yes,https://www.glpzy.app/id/glpzy-is-now-oneglp/,keep_index_translation,,P1,All published translations remain indexable under the owner's policy.,"Check wording, medical safety, mobile layout and Search Console coverage without adding noindex."
https://www.glpzy.app/id/,id/index.html,id,home,index,yes,https://www.glpzy.app/id/,keep_index_translation,,P1,All published translations remain indexable under the owner's policy.,"Check wording, medical safety, mobile layout and Search Console coverage without adding noindex."
https://www.glpzy.app/id/local-first-private-glp-tracker.html,id/local-first-private-glp-tracker.html,id,privacy,index,yes,https://www.glpzy.app/id/local-first-private-glp-tracker.html,keep_index_translation,,P1,All published translations remain indexable under the owner's policy.,"Check wording, medical safety, mobile layout and Search Console coverage without adding noindex."
https://www.glpzy.app/id/medical-safety.html,id/medical-safety.html,id,trust,index,yes,https://www.glpzy.app/id/medical-safety.html,keep_index_translation,,P1,All published translations remain indexable under the owner's policy.,"Check wording, medical safety, mobile layout and Search Console coverage without adding noindex."
https://www.glpzy.app/id/methodology.html,id/methodology.html,id,trust,index,yes,https://www.glpzy.app/id/methodology.html,keep_index_translation,,P1,All published translations remain indexable under the owner's policy.,"Check wording, medical safety, mobile layout and Search Console coverage without adding noindex."
https://www.glpzy.app/id/mounjaro-tracker-iphone.html,id/mounjaro-tracker-iphone.html,id,medicine,index,yes,https://www.glpzy.app/id/mounjaro-tracker-iphone.html,keep_index_translation,,P1,All published translations remain indexable under the owner's policy.,"Check wording, medical safety, mobile layout and Search Console coverage without adding noindex."
https://www.glpzy.app/id/overview.html,id/overview.html,id,other,index,yes,https://www.glpzy.app/id/overview.html,keep_index_translation,,P1,All published translations remain indexable under the owner's policy.,"Check wording, medical safety, mobile layout and Search Console coverage without adding noindex."
https://www.glpzy.app/id/ozempic-tracker-iphone.html,id/ozempic-tracker-iphone.html,id,commercial,index,yes,https://www.glpzy.app/id/ozempic-tracker-iphone.html,keep_index_translation,,P1,All published translations remain indexable under the owner's policy.,"Check wording, medical safety, mobile layout and Search Console coverage without adding noindex."
https://www.glpzy.app/id/privacy.html,id/privacy.html,id,privacy,index,yes,https://www.glpzy.app/id/privacy.html,keep_index_translation,,P1,All published translations remain indexable under the owner's policy.,"Check wording, medical safety, mobile layout and Search Console coverage without adding noindex."
https://www.glpzy.app/id/rybelsus-tracker-iphone.html,id/rybelsus-tracker-iphone.html,id,commercial,index,yes,https://www.glpzy.app/id/rybelsus-tracker-iphone.html,keep_index_translation,,P1,All published translations remain indexable under the owner's policy.,"Check wording, medical safety, mobile layout and Search Console coverage without adding noindex."
https://www.glpzy.app/id/saxenda-tracker-iphone.html,id/saxenda-tracker-iphone.html,id,commercial,index,yes,https://www.glpzy.app/id/saxenda-tracker-iphone.html,keep_index_translation,,P1,All published translations remain indexable under the owner's policy.,"Check wording, medical safety, mobile layout and Search Console coverage without adding noindex."
https://www.glpzy.app/id/semaglutide-tracker-iphone.html,id/semaglutide-tracker-iphone.html,id,ingredient,index,yes,https://www.glpzy.app/id/semaglutide-tracker-iphone.html,keep_index_translation,,P1,All published translations remain indexable under the owner's policy.,"Check wording, medical safety, mobile layout and Search Console coverage without adding noindex."
https://www.glpzy.app/id/support.html,id/support.html,id,trust,index,yes,https://www.glpzy.app/id/support.html,keep_index_translation,,P1,All published translations remain indexable under the owner's policy.,"Check wording, medical safety, mobile layout and Search Console coverage without adding noindex."
https://www.glpzy.app/id/terms.html,id/terms.html,id,trust,index,yes,https://www.glpzy.app/id/terms.html,keep_index_translation,,P1,All published translations remain indexable under the owner's policy.,"Check wording, medical safety, mobile layout and Search Console coverage without adding noindex."
https://www.glpzy.app/id/tirzepatide-tracker-iphone.html,id/tirzepatide-tracker-iphone.html,id,ingredient,index,yes,https://www.glpzy.app/id/tirzepatide-tracker-iphone.html,keep_index_translation,,P1,All published translations remain indexable under the owner's policy.,"Check wording, medical safety, mobile layout and Search Console coverage without adding noindex."
https://www.glpzy.app/id/trulicity-tracker-iphone.html,id/trulicity-tracker-iphone.html,id,commercial,index,yes,https://www.glpzy.app/id/trulicity-tracker-iphone.html,keep_index_translation,,P1,All published translations remain indexable under the owner's policy.,"Check wording, medical safety, mobile layout and Search Console coverage without adding noindex."
https://www.glpzy.app/id/victoza-tracker-iphone.html,id/victoza-tracker-iphone.html,id,commercial,index,yes,https://www.glpzy.app/id/victoza-tracker-iphone.html,keep_index_translation,,P1,All published translations remain indexable under the owner's policy.,"Check wording, medical safety, mobile layout and Search Console coverage without adding noindex."
https://www.glpzy.app/id/wegovy-tracker-iphone.html,id/wegovy-tracker-iphone.html,id,medicine,index,yes,https://www.glpzy.app/id/wegovy-tracker-iphone.html,keep_index_translation,,P1,All published translations remain indexable under the owner's policy.,"Check wording, medical safety, mobile layout and Search Console coverage without adding noindex."
https://www.glpzy.app/id/zepbound-tracker-iphone.html,id/zepbound-tracker-iphone.html,id,medicine,index,yes,https://www.glpzy.app/id/zepbound-tracker-iphone.html,keep_index_translation,,P1,All published translations remain indexable under the owner's policy.,"Check wording, medical safety, mobile layout and Search Console coverage without adding noindex."
https://www.glpzy.app/,index.html,root,home,index,yes,https://www.glpzy.app/,keep_index_priority,,P0,"Distinct product, feature, offer or trust intent.","Monitor query match, CTR, canonical selection and conversions."
https://www.glpzy.app/it/apple-health-glp-tracker.html,it/apple-health-glp-tracker.html,it,feature,index,yes,https://www.glpzy.app/it/apple-health-glp-tracker.html,keep_index_translation,,P1,All published translations remain indexable under the owner's policy.,"Check wording, medical safety, mobile layout and Search Console coverage without adding noindex."
https://www.glpzy.app/it/compounded-glp-tracker-iphone.html,it/compounded-glp-tracker-iphone.html,it,commercial,index,yes,https://www.glpzy.app/it/compounded-glp-tracker-iphone.html,keep_index_translation,,P1,All published translations remain indexable under the owner's policy.,"Check wording, medical safety, mobile layout and Search Console coverage without adding noindex."
https://www.glpzy.app/it/custom-medication-tracker-iphone.html,it/custom-medication-tracker-iphone.html,it,commercial,index,yes,https://www.glpzy.app/it/custom-medication-tracker-iphone.html,keep_index_translation,,P1,All published translations remain indexable under the owner's policy.,"Check wording, medical safety, mobile layout and Search Console coverage without adding noindex."
https://www.glpzy.app/it/data-rights.html,it/data-rights.html,it,privacy,index,yes,https://www.glpzy.app/it/data-rights.html,keep_index_translation,,P1,All published translations remain indexable under the owner's policy.,"Check wording, medical safety, mobile layout and Search Console coverage without adding noindex."
https://www.glpzy.app/it/foundayo-tracker-iphone.html,it/foundayo-tracker-iphone.html,it,commercial,index,yes,https://www.glpzy.app/it/foundayo-tracker-iphone.html,keep_index_translation,,P1,All published translations remain indexable under the owner's policy.,"Check wording, medical safety, mobile layout and Search Console coverage without adding noindex."
https://www.glpzy.app/it/glp1-weight-dose-symptom-tracker.html,it/glp1-weight-dose-symptom-tracker.html,it,commercial,index,yes,https://www.glpzy.app/it/glp1-weight-dose-symptom-tracker.html,keep_index_translation,,P1,All published translations remain indexable under the owner's policy.,"Check wording, medical safety, mobile layout and Search Console coverage without adding noindex."
https://www.glpzy.app/it/glpzy-is-now-oneglp/,it/glpzy-is-now-oneglp/index.html,it,home,index,yes,https://www.glpzy.app/it/glpzy-is-now-oneglp/,keep_index_translation,,P1,All published translations remain indexable under the owner's policy.,"Check wording, medical safety, mobile layout and Search Console coverage without adding noindex."
https://www.glpzy.app/it/,it/index.html,it,home,index,yes,https://www.glpzy.app/it/,keep_index_translation,,P1,All published translations remain indexable under the owner's policy.,"Check wording, medical safety, mobile layout and Search Console coverage without adding noindex."
https://www.glpzy.app/it/local-first-private-glp-tracker.html,it/local-first-private-glp-tracker.html,it,privacy,index,yes,https://www.glpzy.app/it/local-first-private-glp-tracker.html,keep_index_translation,,P1,All published translations remain indexable under the owner's policy.,"Check wording, medical safety, mobile layout and Search Console coverage without adding noindex."
https://www.glpzy.app/it/medical-safety.html,it/medical-safety.html,it,trust,index,yes,https://www.glpzy.app/it/medical-safety.html,keep_index_translation,,P1,All published translations remain indexable under the owner's policy.,"Check wording, medical safety, mobile layout and Search Console coverage without adding noindex."
https://www.glpzy.app/it/methodology.html,it/methodology.html,it,trust,index,yes,https://www.glpzy.app/it/methodology.html,keep_index_translation,,P1,All published translations remain indexable under the owner's policy.,"Check wording, medical safety, mobile layout and Search Console coverage without adding noindex."
https://www.glpzy.app/it/mounjaro-tracker-iphone.html,it/mounjaro-tracker-iphone.html,it,medicine,index,yes,https://www.glpzy.app/it/mounjaro-tracker-iphone.html,keep_index_translation,,P1,All published translations remain indexable under the owner's policy.,"Check wording, medical safety, mobile layout and Search Console coverage without adding noindex."
https://www.glpzy.app/it/overview.html,it/overview.html,it,other,index,yes,https://www.glpzy.app/it/overview.html,keep_index_translation,,P1,All published translations remain indexable under the owner's policy.,"Check wording, medical safety, mobile layout and Search Console coverage without adding noindex."
https://www.glpzy.app/it/ozempic-tracker-iphone.html,it/ozempic-tracker-iphone.html,it,commercial,index,yes,https://www.glpzy.app/it/ozempic-tracker-iphone.html,keep_index_translation,,P1,All published translations remain indexable under the owner's policy.,"Check wording, medical safety, mobile layout and Search Console coverage without adding noindex."
https://www.glpzy.app/it/privacy.html,it/privacy.html,it,privacy,index,yes,https://www.glpzy.app/it/privacy.html,keep_index_translation,,P1,All published translations remain indexable under the owner's policy.,"Check wording, medical safety, mobile layout and Search Console coverage without adding noindex."
https://www.glpzy.app/it/rybelsus-tracker-iphone.html,it/rybelsus-tracker-iphone.html,it,commercial,index,yes,https://www.glpzy.app/it/rybelsus-tracker-iphone.html,keep_index_translation,,P1,All published translations remain indexable under the owner's policy.,"Check wording, medical safety, mobile layout and Search Console coverage without adding noindex."
https://www.glpzy.app/it/saxenda-tracker-iphone.html,it/saxenda-tracker-iphone.html,it,commercial,index,yes,https://www.glpzy.app/it/saxenda-tracker-iphone.html,keep_index_translation,,P1,All published translations remain indexable under the owner's policy.,"Check wording, medical safety, mobile layout and Search Console coverage without adding noindex."
https://www.glpzy.app/it/semaglutide-tracker-iphone.html,it/semaglutide-tracker-iphone.html,it,ingredient,index,yes,https://www.glpzy.app/it/semaglutide-tracker-iphone.html,keep_index_translation,,P1,All published translations remain indexable under the owner's policy.,"Check wording, medical safety, mobile layout and Search Console coverage without adding noindex."
https://www.glpzy.app/it/support.html,it/support.html,it,trust,index,yes,https://www.glpzy.app/it/support.html,keep_index_translation,,P1,All published translations remain indexable under the owner's policy.,"Check wording, medical safety, mobile layout and Search Console coverage without adding noindex."
https://www.glpzy.app/it/terms.html,it/terms.html,it,trust,index,yes,https://www.glpzy.app/it/terms.html,keep_index_translation,,P1,All published translations remain indexable under the owner's policy.,"Check wording, medical safety, mobile layout and Search Console coverage without adding noindex."
https://www.glpzy.app/it/tirzepatide-tracker-iphone.html,it/tirzepatide-tracker-iphone.html,it,ingredient,index,yes,https://www.glpzy.app/it/tirzepatide-tracker-iphone.html,keep_index_translation,,P1,All published translations remain indexable under the owner's policy.,"Check wording, medical safety, mobile layout and Search Console coverage without adding noindex."
https://www.glpzy.app/it/trulicity-tracker-iphone.html,it/trulicity-tracker-iphone.html,it,commercial,index,yes,https://www.glpzy.app/it/trulicity-tracker-iphone.html,keep_index_translation,,P1,All published translations remain indexable under the owner's policy.,"Check wording, medical safety, mobile layout and Search Console coverage without adding noindex."
https://www.glpzy.app/it/victoza-tracker-iphone.html,it/victoza-tracker-iphone.html,it,commercial,index,yes,https://www.glpzy.app/it/victoza-tracker-iphone.html,keep_index_translation,,P1,All published translations remain indexable under the owner's policy.,"Check wording, medical safety, mobile layout and Search Console coverage without adding noindex."
https://www.glpzy.app/it/wegovy-tracker-iphone.html,it/wegovy-tracker-iphone.html,it,medicine,index,yes,https://www.glpzy.app/it/wegovy-tracker-iphone.html,keep_index_translation,,P1,All published translations remain indexable under the owner's policy.,"Check wording, medical safety, mobile layout and Search Console coverage without adding noindex."
https://www.glpzy.app/it/zepbound-tracker-iphone.html,it/zepbound-tracker-iphone.html,it,medicine,index,yes,https://www.glpzy.app/it/zepbound-tracker-iphone.html,keep_index_translation,,P1,All published translations remain indexable under the owner's policy.,"Check wording, medical safety, mobile layout and Search Console coverage without adding noindex."
https://www.glpzy.app/ja/apple-health-glp-tracker.html,ja/apple-health-glp-tracker.html,ja,feature,index,yes,https://www.glpzy.app/ja/apple-health-glp-tracker.html,keep_index_translation,,P1,All published translations remain indexable under the owner's policy.,"Check wording, medical safety, mobile layout and Search Console coverage without adding noindex."
https://www.glpzy.app/ja/compounded-glp-tracker-iphone.html,ja/compounded-glp-tracker-iphone.html,ja,commercial,index,yes,https://www.glpzy.app/ja/compounded-glp-tracker-iphone.html,keep_index_translation,,P1,All published translations remain indexable under the owner's policy.,"Check wording, medical safety, mobile layout and Search Console coverage without adding noindex."
https://www.glpzy.app/ja/custom-medication-tracker-iphone.html,ja/custom-medication-tracker-iphone.html,ja,commercial,index,yes,https://www.glpzy.app/ja/custom-medication-tracker-iphone.html,keep_index_translation,,P1,All published translations remain indexable under the owner's policy.,"Check wording, medical safety, mobile layout and Search Console coverage without adding noindex."
https://www.glpzy.app/ja/data-rights.html,ja/data-rights.html,ja,privacy,index,yes,https://www.glpzy.app/ja/data-rights.html,keep_index_translation,,P1,All published translations remain indexable under the owner's policy.,"Check wording, medical safety, mobile layout and Search Console coverage without adding noindex."
https://www.glpzy.app/ja/foundayo-tracker-iphone.html,ja/foundayo-tracker-iphone.html,ja,commercial,index,yes,https://www.glpzy.app/ja/foundayo-tracker-iphone.html,keep_index_translation,,P1,All published translations remain indexable under the owner's policy.,"Check wording, medical safety, mobile layout and Search Console coverage without adding noindex."
https://www.glpzy.app/ja/glp1-weight-dose-symptom-tracker.html,ja/glp1-weight-dose-symptom-tracker.html,ja,commercial,index,yes,https://www.glpzy.app/ja/glp1-weight-dose-symptom-tracker.html,keep_index_translation,,P1,All published translations remain indexable under the owner's policy.,"Check wording, medical safety, mobile layout and Search Console coverage without adding noindex."
https://www.glpzy.app/ja/glpzy-is-now-oneglp/,ja/glpzy-is-now-oneglp/index.html,ja,home,index,yes,https://www.glpzy.app/ja/glpzy-is-now-oneglp/,keep_index_translation,,P1,All published translations remain indexable under the owner's policy.,"Check wording, medical safety, mobile layout and Search Console coverage without adding noindex."
https://www.glpzy.app/ja/,ja/index.html,ja,home,index,yes,https://www.glpzy.app/ja/,keep_index_translation,,P1,All published translations remain indexable under the owner's policy.,"Check wording, medical safety, mobile layout and Search Console coverage without adding noindex."
https://www.glpzy.app/ja/local-first-private-glp-tracker.html,ja/local-first-private-glp-tracker.html,ja,privacy,index,yes,https://www.glpzy.app/ja/local-first-private-glp-tracker.html,keep_index_translation,,P1,All published translations remain indexable under the owner's policy.,"Check wording, medical safety, mobile layout and Search Console coverage without adding noindex."
https://www.glpzy.app/ja/medical-safety.html,ja/medical-safety.html,ja,trust,index,yes,https://www.glpzy.app/ja/medical-safety.html,keep_index_translation,,P1,All published translations remain indexable under the owner's policy.,"Check wording, medical safety, mobile layout and Search Console coverage without adding noindex."
https://www.glpzy.app/ja/methodology.html,ja/methodology.html,ja,trust,index,yes,https://www.glpzy.app/ja/methodology.html,keep_index_translation,,P1,All published translations remain indexable under the owner's policy.,"Check wording, medical safety, mobile layout and Search Console coverage without adding noindex."
https://www.glpzy.app/ja/mounjaro-tracker-iphone.html,ja/mounjaro-tracker-iphone.html,ja,medicine,index,yes,https://www.glpzy.app/ja/mounjaro-tracker-iphone.html,keep_index_translation,,P1,All published translations remain indexable under the owner's policy.,"Check wording, medical safety, mobile layout and Search Console coverage without adding noindex."
https://www.glpzy.app/ja/overview.html,ja/overview.html,ja,other,index,yes,https://www.glpzy.app/ja/overview.html,keep_index_translation,,P1,All published translations remain indexable under the owner's policy.,"Check wording, medical safety, mobile layout and Search Console coverage without adding noindex."
https://www.glpzy.app/ja/ozempic-tracker-iphone.html,ja/ozempic-tracker-iphone.html,ja,commercial,index,yes,https://www.glpzy.app/ja/ozempic-tracker-iphone.html,keep_index_translation,,P1,All published translations remain indexable under the owner's policy.,"Check wording, medical safety, mobile layout and Search Console coverage without adding noindex."
https://www.glpzy.app/ja/privacy.html,ja/privacy.html,ja,privacy,index,yes,https://www.glpzy.app/ja/privacy.html,keep_index_translation,,P1,All published translations remain indexable under the owner's policy.,"Check wording, medical safety, mobile layout and Search Console coverage without adding noindex."
https://www.glpzy.app/ja/rybelsus-tracker-iphone.html,ja/rybelsus-tracker-iphone.html,ja,commercial,index,yes,https://www.glpzy.app/ja/rybelsus-tracker-iphone.html,keep_index_translation,,P1,All published translations remain indexable under the owner's policy.,"Check wording, medical safety, mobile layout and Search Console coverage without adding noindex."
https://www.glpzy.app/ja/saxenda-tracker-iphone.html,ja/saxenda-tracker-iphone.html,ja,commercial,index,yes,https://www.glpzy.app/ja/saxenda-tracker-iphone.html,keep_index_translation,,P1,All published translations remain indexable under the owner's policy.,"Check wording, medical safety, mobile layout and Search Console coverage without adding noindex."
https://www.glpzy.app/ja/semaglutide-tracker-iphone.html,ja/semaglutide-tracker-iphone.html,ja,ingredient,index,yes,https://www.glpzy.app/ja/semaglutide-tracker-iphone.html,keep_index_translation,,P1,All published translations remain indexable under the owner's policy.,"Check wording, medical safety, mobile layout and Search Console coverage without adding noindex."
https://www.glpzy.app/ja/support.html,ja/support.html,ja,trust,index,yes,https://www.glpzy.app/ja/support.html,keep_index_translation,,P1,All published translations remain indexable under the owner's policy.,"Check wording, medical safety, mobile layout and Search Console coverage without adding noindex."
https://www.glpzy.app/ja/terms.html,ja/terms.html,ja,trust,index,yes,https://www.glpzy.app/ja/terms.html,keep_index_translation,,P1,All published translations remain indexable under the owner's policy.,"Check wording, medical safety, mobile layout and Search Console coverage without adding noindex."
https://www.glpzy.app/ja/tirzepatide-tracker-iphone.html,ja/tirzepatide-tracker-iphone.html,ja,ingredient,index,yes,https://www.glpzy.app/ja/tirzepatide-tracker-iphone.html,keep_index_translation,,P1,All published translations remain indexable under the owner's policy.,"Check wording, medical safety, mobile layout and Search Console coverage without adding noindex."
https://www.glpzy.app/ja/trulicity-tracker-iphone.html,ja/trulicity-tracker-iphone.html,ja,commercial,index,yes,https://www.glpzy.app/ja/trulicity-tracker-iphone.html,keep_index_translation,,P1,All published translations remain indexable under the owner's policy.,"Check wording, medical safety, mobile layout and Search Console coverage without adding noindex."
https://www.glpzy.app/ja/victoza-tracker-iphone.html,ja/victoza-tracker-iphone.html,ja,commercial,index,yes,https://www.glpzy.app/ja/victoza-tracker-iphone.html,keep_index_translation,,P1,All published translations remain indexable under the owner's policy.,"Check wording, medical safety, mobile layout and Search Console coverage without adding noindex."
https://www.glpzy.app/ja/wegovy-tracker-iphone.html,ja/wegovy-tracker-iphone.html,ja,medicine,index,yes,https://www.glpzy.app/ja/wegovy-tracker-iphone.html,keep_index_translation,,P1,All published translations remain indexable under the owner's policy.,"Check wording, medical safety, mobile layout and Search Console coverage without adding noindex."
https://www.glpzy.app/ja/zepbound-tracker-iphone.html,ja/zepbound-tracker-iphone.html,ja,medicine,index,yes,https://www.glpzy.app/ja/zepbound-tracker-iphone.html,keep_index_translation,,P1,All published translations remain indexable under the owner's policy.,"Check wording, medical safety, mobile layout and Search Console coverage without adding noindex."
https://www.glpzy.app/kn/apple-health-glp-tracker.html,kn/apple-health-glp-tracker.html,kn,feature,index,yes,https://www.glpzy.app/kn/apple-health-glp-tracker.html,keep_index_translation,,P1,All published translations remain indexable under the owner's policy.,"Check wording, medical safety, mobile layout and Search Console coverage without adding noindex."
https://www.glpzy.app/kn/compounded-glp-tracker-iphone.html,kn/compounded-glp-tracker-iphone.html,kn,commercial,index,yes,https://www.glpzy.app/kn/compounded-glp-tracker-iphone.html,keep_index_translation,,P1,All published translations remain indexable under the owner's policy.,"Check wording, medical safety, mobile layout and Search Console coverage without adding noindex."
https://www.glpzy.app/kn/custom-medication-tracker-iphone.html,kn/custom-medication-tracker-iphone.html,kn,commercial,index,yes,https://www.glpzy.app/kn/custom-medication-tracker-iphone.html,keep_index_translation,,P1,All published translations remain indexable under the owner's policy.,"Check wording, medical safety, mobile layout and Search Console coverage without adding noindex."
https://www.glpzy.app/kn/data-rights.html,kn/data-rights.html,kn,privacy,index,yes,https://www.glpzy.app/kn/data-rights.html,keep_index_translation,,P1,All published translations remain indexable under the owner's policy.,"Check wording, medical safety, mobile layout and Search Console coverage without adding noindex."
https://www.glpzy.app/kn/foundayo-tracker-iphone.html,kn/foundayo-tracker-iphone.html,kn,commercial,index,yes,https://www.glpzy.app/kn/foundayo-tracker-iphone.html,keep_index_translation,,P1,All published translations remain indexable under the owner's policy.,"Check wording, medical safety, mobile layout and Search Console coverage without adding noindex."
https://www.glpzy.app/kn/glp1-weight-dose-symptom-tracker.html,kn/glp1-weight-dose-symptom-tracker.html,kn,commercial,index,yes,https://www.glpzy.app/kn/glp1-weight-dose-symptom-tracker.html,keep_index_translation,,P1,All published translations remain indexable under the owner's policy.,"Check wording, medical safety, mobile layout and Search Console coverage without adding noindex."
https://www.glpzy.app/kn/glpzy-is-now-oneglp/,kn/glpzy-is-now-oneglp/index.html,kn,home,index,yes,https://www.glpzy.app/kn/glpzy-is-now-oneglp/,keep_index_translation,,P1,All published translations remain indexable under the owner's policy.,"Check wording, medical safety, mobile layout and Search Console coverage without adding noindex."
https://www.glpzy.app/kn/,kn/index.html,kn,home,index,yes,https://www.glpzy.app/kn/,keep_index_translation,,P1,All published translations remain indexable under the owner's policy.,"Check wording, medical safety, mobile layout and Search Console coverage without adding noindex."
https://www.glpzy.app/kn/local-first-private-glp-tracker.html,kn/local-first-private-glp-tracker.html,kn,privacy,index,yes,https://www.glpzy.app/kn/local-first-private-glp-tracker.html,keep_index_translation,,P1,All published translations remain indexable under the owner's policy.,"Check wording, medical safety, mobile layout and Search Console coverage without adding noindex."
https://www.glpzy.app/kn/medical-safety.html,kn/medical-safety.html,kn,trust,index,yes,https://www.glpzy.app/kn/medical-safety.html,keep_index_translation,,P1,All published translations remain indexable under the owner's policy.,"Check wording, medical safety, mobile layout and Search Console coverage without adding noindex."
https://www.glpzy.app/kn/methodology.html,kn/methodology.html,kn,trust,index,yes,https://www.glpzy.app/kn/methodology.html,keep_index_translation,,P1,All published translations remain indexable under the owner's policy.,"Check wording, medical safety, mobile layout and Search Console coverage without adding noindex."
https://www.glpzy.app/kn/mounjaro-tracker-iphone.html,kn/mounjaro-tracker-iphone.html,kn,medicine,index,yes,https://www.glpzy.app/kn/mounjaro-tracker-iphone.html,keep_index_translation,,P1,All published translations remain indexable under the owner's policy.,"Check wording, medical safety, mobile layout and Search Console coverage without adding noindex."
https://www.glpzy.app/kn/overview.html,kn/overview.html,kn,other,index,yes,https://www.glpzy.app/kn/overview.html,keep_index_translation,,P1,All published translations remain indexable under the owner's policy.,"Check wording, medical safety, mobile layout and Search Console coverage without adding noindex."
https://www.glpzy.app/kn/ozempic-tracker-iphone.html,kn/ozempic-tracker-iphone.html,kn,commercial,index,yes,https://www.glpzy.app/kn/ozempic-tracker-iphone.html,keep_index_translation,,P1,All published translations remain indexable under the owner's policy.,"Check wording, medical safety, mobile layout and Search Console coverage without adding noindex."
https://www.glpzy.app/kn/privacy.html,kn/privacy.html,kn,privacy,index,yes,https://www.glpzy.app/kn/privacy.html,keep_index_translation,,P1,All published translations remain indexable under the owner's policy.,"Check wording, medical safety, mobile layout and Search Console coverage without adding noindex."
https://www.glpzy.app/kn/rybelsus-tracker-iphone.html,kn/rybelsus-tracker-iphone.html,kn,commercial,index,yes,https://www.glpzy.app/kn/rybelsus-tracker-iphone.html,keep_index_translation,,P1,All published translations remain indexable under the owner's policy.,"Check wording, medical safety, mobile layout and Search Console coverage without adding noindex."
https://www.glpzy.app/kn/saxenda-tracker-iphone.html,kn/saxenda-tracker-iphone.html,kn,commercial,index,yes,https://www.glpzy.app/kn/saxenda-tracker-iphone.html,keep_index_translation,,P1,All published translations remain indexable under the owner's policy.,"Check wording, medical safety, mobile layout and Search Console coverage without adding noindex."
https://www.glpzy.app/kn/semaglutide-tracker-iphone.html,kn/semaglutide-tracker-iphone.html,kn,ingredient,index,yes,https://www.glpzy.app/kn/semaglutide-tracker-iphone.html,keep_index_translation,,P1,All published translations remain indexable under the owner's policy.,"Check wording, medical safety, mobile layout and Search Console coverage without adding noindex."
https://www.glpzy.app/kn/support.html,kn/support.html,kn,trust,index,yes,https://www.glpzy.app/kn/support.html,keep_index_translation,,P1,All published translations remain indexable under the owner's policy.,"Check wording, medical safety, mobile layout and Search Console coverage without adding noindex."
https://www.glpzy.app/kn/terms.html,kn/terms.html,kn,trust,index,yes,https://www.glpzy.app/kn/terms.html,keep_index_translation,,P1,All published translations remain indexable under the owner's policy.,"Check wording, medical safety, mobile layout and Search Console coverage without adding noindex."
https://www.glpzy.app/kn/tirzepatide-tracker-iphone.html,kn/tirzepatide-tracker-iphone.html,kn,ingredient,index,yes,https://www.glpzy.app/kn/tirzepatide-tracker-iphone.html,keep_index_translation,,P1,All published translations remain indexable under the owner's policy.,"Check wording, medical safety, mobile layout and Search Console coverage without adding noindex."
https://www.glpzy.app/kn/trulicity-tracker-iphone.html,kn/trulicity-tracker-iphone.html,kn,commercial,index,yes,https://www.glpzy.app/kn/trulicity-tracker-iphone.html,keep_index_translation,,P1,All published translations remain indexable under the owner's policy.,"Check wording, medical safety, mobile layout and Search Console coverage without adding noindex."
https://www.glpzy.app/kn/victoza-tracker-iphone.html,kn/victoza-tracker-iphone.html,kn,commercial,index,yes,https://www.glpzy.app/kn/victoza-tracker-iphone.html,keep_index_translation,,P1,All published translations remain indexable under the owner's policy.,"Check wording, medical safety, mobile layout and Search Console coverage without adding noindex."
https://www.glpzy.app/kn/wegovy-tracker-iphone.html,kn/wegovy-tracker-iphone.html,kn,medicine,index,yes,https://www.glpzy.app/kn/wegovy-tracker-iphone.html,keep_index_translation,,P1,All published translations remain indexable under the owner's policy.,"Check wording, medical safety, mobile layout and Search Console coverage without adding noindex."
https://www.glpzy.app/kn/zepbound-tracker-iphone.html,kn/zepbound-tracker-iphone.html,kn,medicine,index,yes,https://www.glpzy.app/kn/zepbound-tracker-iphone.html,keep_index_translation,,P1,All published translations remain indexable under the owner's policy.,"Check wording, medical safety, mobile layout and Search Console coverage without adding noindex."
https://www.glpzy.app/ko/apple-health-glp-tracker.html,ko/apple-health-glp-tracker.html,ko,feature,index,yes,https://www.glpzy.app/ko/apple-health-glp-tracker.html,keep_index_translation,,P1,All published translations remain indexable under the owner's policy.,"Check wording, medical safety, mobile layout and Search Console coverage without adding noindex."
https://www.glpzy.app/ko/compounded-glp-tracker-iphone.html,ko/compounded-glp-tracker-iphone.html,ko,commercial,index,yes,https://www.glpzy.app/ko/compounded-glp-tracker-iphone.html,keep_index_translation,,P1,All published translations remain indexable under the owner's policy.,"Check wording, medical safety, mobile layout and Search Console coverage without adding noindex."
https://www.glpzy.app/ko/custom-medication-tracker-iphone.html,ko/custom-medication-tracker-iphone.html,ko,commercial,index,yes,https://www.glpzy.app/ko/custom-medication-tracker-iphone.html,keep_index_translation,,P1,All published translations remain indexable under the owner's policy.,"Check wording, medical safety, mobile layout and Search Console coverage without adding noindex."
https://www.glpzy.app/ko/data-rights.html,ko/data-rights.html,ko,privacy,index,yes,https://www.glpzy.app/ko/data-rights.html,keep_index_translation,,P1,All published translations remain indexable under the owner's policy.,"Check wording, medical safety, mobile layout and Search Console coverage without adding noindex."
https://www.glpzy.app/ko/foundayo-tracker-iphone.html,ko/foundayo-tracker-iphone.html,ko,commercial,index,yes,https://www.glpzy.app/ko/foundayo-tracker-iphone.html,keep_index_translation,,P1,All published translations remain indexable under the owner's policy.,"Check wording, medical safety, mobile layout and Search Console coverage without adding noindex."
https://www.glpzy.app/ko/glp1-weight-dose-symptom-tracker.html,ko/glp1-weight-dose-symptom-tracker.html,ko,commercial,index,yes,https://www.glpzy.app/ko/glp1-weight-dose-symptom-tracker.html,keep_index_translation,,P1,All published translations remain indexable under the owner's policy.,"Check wording, medical safety, mobile layout and Search Console coverage without adding noindex."
https://www.glpzy.app/ko/glpzy-is-now-oneglp/,ko/glpzy-is-now-oneglp/index.html,ko,home,index,yes,https://www.glpzy.app/ko/glpzy-is-now-oneglp/,keep_index_translation,,P1,All published translations remain indexable under the owner's policy.,"Check wording, medical safety, mobile layout and Search Console coverage without adding noindex."
https://www.glpzy.app/ko/,ko/index.html,ko,home,index,yes,https://www.glpzy.app/ko/,keep_index_translation,,P1,All published translations remain indexable under the owner's policy.,"Check wording, medical safety, mobile layout and Search Console coverage without adding noindex."
https://www.glpzy.app/ko/local-first-private-glp-tracker.html,ko/local-first-private-glp-tracker.html,ko,privacy,index,yes,https://www.glpzy.app/ko/local-first-private-glp-tracker.html,keep_index_translation,,P1,All published translations remain indexable under the owner's policy.,"Check wording, medical safety, mobile layout and Search Console coverage without adding noindex."
https://www.glpzy.app/ko/medical-safety.html,ko/medical-safety.html,ko,trust,index,yes,https://www.glpzy.app/ko/medical-safety.html,keep_index_translation,,P1,All published translations remain indexable under the owner's policy.,"Check wording, medical safety, mobile layout and Search Console coverage without adding noindex."
https://www.glpzy.app/ko/methodology.html,ko/methodology.html,ko,trust,index,yes,https://www.glpzy.app/ko/methodology.html,keep_index_translation,,P1,All published translations remain indexable under the owner's policy.,"Check wording, medical safety, mobile layout and Search Console coverage without adding noindex."
https://www.glpzy.app/ko/mounjaro-tracker-iphone.html,ko/mounjaro-tracker-iphone.html,ko,medicine,index,yes,https://www.glpzy.app/ko/mounjaro-tracker-iphone.html,keep_index_translation,,P1,All published translations remain indexable under the owner's policy.,"Check wording, medical safety, mobile layout and Search Console coverage without adding noindex."
https://www.glpzy.app/ko/overview.html,ko/overview.html,ko,other,index,yes,https://www.glpzy.app/ko/overview.html,keep_index_translation,,P1,All published translations remain indexable under the owner's policy.,"Check wording, medical safety, mobile layout and Search Console coverage without adding noindex."
https://www.glpzy.app/ko/ozempic-tracker-iphone.html,ko/ozempic-tracker-iphone.html,ko,commercial,index,yes,https://www.glpzy.app/ko/ozempic-tracker-iphone.html,keep_index_translation,,P1,All published translations remain indexable under the owner's policy.,"Check wording, medical safety, mobile layout and Search Console coverage without adding noindex."
https://www.glpzy.app/ko/privacy.html,ko/privacy.html,ko,privacy,index,yes,https://www.glpzy.app/ko/privacy.html,keep_index_translation,,P1,All published translations remain indexable under the owner's policy.,"Check wording, medical safety, mobile layout and Search Console coverage without adding noindex."
https://www.glpzy.app/ko/rybelsus-tracker-iphone.html,ko/rybelsus-tracker-iphone.html,ko,commercial,index,yes,https://www.glpzy.app/ko/rybelsus-tracker-iphone.html,keep_index_translation,,P1,All published translations remain indexable under the owner's policy.,"Check wording, medical safety, mobile layout and Search Console coverage without adding noindex."
https://www.glpzy.app/ko/saxenda-tracker-iphone.html,ko/saxenda-tracker-iphone.html,ko,commercial,index,yes,https://www.glpzy.app/ko/saxenda-tracker-iphone.html,keep_index_translation,,P1,All published translations remain indexable under the owner's policy.,"Check wording, medical safety, mobile layout and Search Console coverage without adding noindex."
https://www.glpzy.app/ko/semaglutide-tracker-iphone.html,ko/semaglutide-tracker-iphone.html,ko,ingredient,index,yes,https://www.glpzy.app/ko/semaglutide-tracker-iphone.html,keep_index_translation,,P1,All published translations remain indexable under the owner's policy.,"Check wording, medical safety, mobile layout and Search Console coverage without adding noindex."
https://www.glpzy.app/ko/support.html,ko/support.html,ko,trust,index,yes,https://www.glpzy.app/ko/support.html,keep_index_translation,,P1,All published translations remain indexable under the owner's policy.,"Check wording, medical safety, mobile layout and Search Console coverage without adding noindex."
https://www.glpzy.app/ko/terms.html,ko/terms.html,ko,trust,index,yes,https://www.glpzy.app/ko/terms.html,keep_index_translation,,P1,All published translations remain indexable under the owner's policy.,"Check wording, medical safety, mobile layout and Search Console coverage without adding noindex."
https://www.glpzy.app/ko/tirzepatide-tracker-iphone.html,ko/tirzepatide-tracker-iphone.html,ko,ingredient,index,yes,https://www.glpzy.app/ko/tirzepatide-tracker-iphone.html,keep_index_translation,,P1,All published translations remain indexable under the owner's policy.,"Check wording, medical safety, mobile layout and Search Console coverage without adding noindex."
https://www.glpzy.app/ko/trulicity-tracker-iphone.html,ko/trulicity-tracker-iphone.html,ko,commercial,index,yes,https://www.glpzy.app/ko/trulicity-tracker-iphone.html,keep_index_translation,,P1,All published translations remain indexable under the owner's policy.,"Check wording, medical safety, mobile layout and Search Console coverage without adding noindex."
https://www.glpzy.app/ko/victoza-tracker-iphone.html,ko/victoza-tracker-iphone.html,ko,commercial,index,yes,https://www.glpzy.app/ko/victoza-tracker-iphone.html,keep_index_translation,,P1,All published translations remain indexable under the owner's policy.,"Check wording, medical safety, mobile layout and Search Console coverage without adding noindex."
https://www.glpzy.app/ko/wegovy-tracker-iphone.html,ko/wegovy-tracker-iphone.html,ko,medicine,index,yes,https://www.glpzy.app/ko/wegovy-tracker-iphone.html,keep_index_translation,,P1,All published translations remain indexable under the owner's policy.,"Check wording, medical safety, mobile layout and Search Console coverage without adding noindex."
https://www.glpzy.app/ko/zepbound-tracker-iphone.html,ko/zepbound-tracker-iphone.html,ko,medicine,index,yes,https://www.glpzy.app/ko/zepbound-tracker-iphone.html,keep_index_translation,,P1,All published translations remain indexable under the owner's policy.,"Check wording, medical safety, mobile layout and Search Console coverage without adding noindex."
https://www.glpzy.app/languages.html,languages.html,root,other,index,yes,https://www.glpzy.app/languages.html,keep_index_supporting,,P2,Indexable root page with a supporting policy or product role.,"Monitor impressions, internal links and canonical selection."
https://www.glpzy.app/local-first-private-glp-tracker.html,local-first-private-glp-tracker.html,root,privacy,index,yes,https://www.glpzy.app/local-first-private-glp-tracker.html,keep_index_priority,,P0,"Distinct product, feature, offer or trust intent.","Monitor query match, CTR, canonical selection and conversions."
https://www.glpzy.app/lt/apple-health-glp-tracker.html,lt/apple-health-glp-tracker.html,lt,feature,index,yes,https://www.glpzy.app/lt/apple-health-glp-tracker.html,keep_index_translation,,P1,All published translations remain indexable under the owner's policy.,"Check wording, medical safety, mobile layout and Search Console coverage without adding noindex."
https://www.glpzy.app/lt/compounded-glp-tracker-iphone.html,lt/compounded-glp-tracker-iphone.html,lt,commercial,index,yes,https://www.glpzy.app/lt/compounded-glp-tracker-iphone.html,keep_index_translation,,P1,All published translations remain indexable under the owner's policy.,"Check wording, medical safety, mobile layout and Search Console coverage without adding noindex."
https://www.glpzy.app/lt/custom-medication-tracker-iphone.html,lt/custom-medication-tracker-iphone.html,lt,commercial,index,yes,https://www.glpzy.app/lt/custom-medication-tracker-iphone.html,keep_index_translation,,P1,All published translations remain indexable under the owner's policy.,"Check wording, medical safety, mobile layout and Search Console coverage without adding noindex."
https://www.glpzy.app/lt/data-rights.html,lt/data-rights.html,lt,privacy,index,yes,https://www.glpzy.app/lt/data-rights.html,keep_index_translation,,P1,All published translations remain indexable under the owner's policy.,"Check wording, medical safety, mobile layout and Search Console coverage without adding noindex."
https://www.glpzy.app/lt/foundayo-tracker-iphone.html,lt/foundayo-tracker-iphone.html,lt,commercial,index,yes,https://www.glpzy.app/lt/foundayo-tracker-iphone.html,keep_index_translation,,P1,All published translations remain indexable under the owner's policy.,"Check wording, medical safety, mobile layout and Search Console coverage without adding noindex."
https://www.glpzy.app/lt/glp1-weight-dose-symptom-tracker.html,lt/glp1-weight-dose-symptom-tracker.html,lt,commercial,index,yes,https://www.glpzy.app/lt/glp1-weight-dose-symptom-tracker.html,keep_index_translation,,P1,All published translations remain indexable under the owner's policy.,"Check wording, medical safety, mobile layout and Search Console coverage without adding noindex."
https://www.glpzy.app/lt/glpzy-is-now-oneglp/,lt/glpzy-is-now-oneglp/index.html,lt,home,index,yes,https://www.glpzy.app/lt/glpzy-is-now-oneglp/,keep_index_translation,,P1,All published translations remain indexable under the owner's policy.,"Check wording, medical safety, mobile layout and Search Console coverage without adding noindex."
https://www.glpzy.app/lt/,lt/index.html,lt,home,index,yes,https://www.glpzy.app/lt/,keep_index_translation,,P1,All published translations remain indexable under the owner's policy.,"Check wording, medical safety, mobile layout and Search Console coverage without adding noindex."
https://www.glpzy.app/lt/local-first-private-glp-tracker.html,lt/local-first-private-glp-tracker.html,lt,privacy,index,yes,https://www.glpzy.app/lt/local-first-private-glp-tracker.html,keep_index_translation,,P1,All published translations remain indexable under the owner's policy.,"Check wording, medical safety, mobile layout and Search Console coverage without adding noindex."
https://www.glpzy.app/lt/medical-safety.html,lt/medical-safety.html,lt,trust,index,yes,https://www.glpzy.app/lt/medical-safety.html,keep_index_translation,,P1,All published translations remain indexable under the owner's policy.,"Check wording, medical safety, mobile layout and Search Console coverage without adding noindex."
https://www.glpzy.app/lt/methodology.html,lt/methodology.html,lt,trust,index,yes,https://www.glpzy.app/lt/methodology.html,keep_index_translation,,P1,All published translations remain indexable under the owner's policy.,"Check wording, medical safety, mobile layout and Search Console coverage without adding noindex."
https://www.glpzy.app/lt/mounjaro-tracker-iphone.html,lt/mounjaro-tracker-iphone.html,lt,medicine,index,yes,https://www.glpzy.app/lt/mounjaro-tracker-iphone.html,keep_index_translation,,P1,All published translations remain indexable under the owner's policy.,"Check wording, medical safety, mobile layout and Search Console coverage without adding noindex."
https://www.glpzy.app/lt/overview.html,lt/overview.html,lt,other,index,yes,https://www.glpzy.app/lt/overview.html,keep_index_translation,,P1,All published translations remain indexable under the owner's policy.,"Check wording, medical safety, mobile layout and Search Console coverage without adding noindex."
https://www.glpzy.app/lt/ozempic-tracker-iphone.html,lt/ozempic-tracker-iphone.html,lt,commercial,index,yes,https://www.glpzy.app/lt/ozempic-tracker-iphone.html,keep_index_translation,,P1,All published translations remain indexable under the owner's policy.,"Check wording, medical safety, mobile layout and Search Console coverage without adding noindex."
https://www.glpzy.app/lt/privacy.html,lt/privacy.html,lt,privacy,index,yes,https://www.glpzy.app/lt/privacy.html,keep_index_translation,,P1,All published translations remain indexable under the owner's policy.,"Check wording, medical safety, mobile layout and Search Console coverage without adding noindex."
https://www.glpzy.app/lt/rybelsus-tracker-iphone.html,lt/rybelsus-tracker-iphone.html,lt,commercial,index,yes,https://www.glpzy.app/lt/rybelsus-tracker-iphone.html,keep_index_translation,,P1,All published translations remain indexable under the owner's policy.,"Check wording, medical safety, mobile layout and Search Console coverage without adding noindex."
https://www.glpzy.app/lt/saxenda-tracker-iphone.html,lt/saxenda-tracker-iphone.html,lt,commercial,index,yes,https://www.glpzy.app/lt/saxenda-tracker-iphone.html,keep_index_translation,,P1,All published translations remain indexable under the owner's policy.,"Check wording, medical safety, mobile layout and Search Console coverage without adding noindex."
https://www.glpzy.app/lt/semaglutide-tracker-iphone.html,lt/semaglutide-tracker-iphone.html,lt,ingredient,index,yes,https://www.glpzy.app/lt/semaglutide-tracker-iphone.html,keep_index_translation,,P1,All published translations remain indexable under the owner's policy.,"Check wording, medical safety, mobile layout and Search Console coverage without adding noindex."
https://www.glpzy.app/lt/support.html,lt/support.html,lt,trust,index,yes,https://www.glpzy.app/lt/support.html,keep_index_translation,,P1,All published translations remain indexable under the owner's policy.,"Check wording, medical safety, mobile layout and Search Console coverage without adding noindex."
https://www.glpzy.app/lt/terms.html,lt/terms.html,lt,trust,index,yes,https://www.glpzy.app/lt/terms.html,keep_index_translation,,P1,All published translations remain indexable under the owner's policy.,"Check wording, medical safety, mobile layout and Search Console coverage without adding noindex."
https://www.glpzy.app/lt/tirzepatide-tracker-iphone.html,lt/tirzepatide-tracker-iphone.html,lt,ingredient,index,yes,https://www.glpzy.app/lt/tirzepatide-tracker-iphone.html,keep_index_translation,,P1,All published translations remain indexable under the owner's policy.,"Check wording, medical safety, mobile layout and Search Console coverage without adding noindex."
https://www.glpzy.app/lt/trulicity-tracker-iphone.html,lt/trulicity-tracker-iphone.html,lt,commercial,index,yes,https://www.glpzy.app/lt/trulicity-tracker-iphone.html,keep_index_translation,,P1,All published translations remain indexable under the owner's policy.,"Check wording, medical safety, mobile layout and Search Console coverage without adding noindex."
https://www.glpzy.app/lt/victoza-tracker-iphone.html,lt/victoza-tracker-iphone.html,lt,commercial,index,yes,https://www.glpzy.app/lt/victoza-tracker-iphone.html,keep_index_translation,,P1,All published translations remain indexable under the owner's policy.,"Check wording, medical safety, mobile layout and Search Console coverage without adding noindex."
https://www.glpzy.app/lt/wegovy-tracker-iphone.html,lt/wegovy-tracker-iphone.html,lt,medicine,index,yes,https://www.glpzy.app/lt/wegovy-tracker-iphone.html,keep_index_translation,,P1,All published translations remain indexable under the owner's policy.,"Check wording, medical safety, mobile layout and Search Console coverage without adding noindex."
https://www.glpzy.app/lt/zepbound-tracker-iphone.html,lt/zepbound-tracker-iphone.html,lt,medicine,index,yes,https://www.glpzy.app/lt/zepbound-tracker-iphone.html,keep_index_translation,,P1,All published translations remain indexable under the owner's policy.,"Check wording, medical safety, mobile layout and Search Console coverage without adding noindex."
https://www.glpzy.app/lv/apple-health-glp-tracker.html,lv/apple-health-glp-tracker.html,lv,feature,index,yes,https://www.glpzy.app/lv/apple-health-glp-tracker.html,keep_index_translation,,P1,All published translations remain indexable under the owner's policy.,"Check wording, medical safety, mobile layout and Search Console coverage without adding noindex."
https://www.glpzy.app/lv/compounded-glp-tracker-iphone.html,lv/compounded-glp-tracker-iphone.html,lv,commercial,index,yes,https://www.glpzy.app/lv/compounded-glp-tracker-iphone.html,keep_index_translation,,P1,All published translations remain indexable under the owner's policy.,"Check wording, medical safety, mobile layout and Search Console coverage without adding noindex."
https://www.glpzy.app/lv/custom-medication-tracker-iphone.html,lv/custom-medication-tracker-iphone.html,lv,commercial,index,yes,https://www.glpzy.app/lv/custom-medication-tracker-iphone.html,keep_index_translation,,P1,All published translations remain indexable under the owner's policy.,"Check wording, medical safety, mobile layout and Search Console coverage without adding noindex."
https://www.glpzy.app/lv/data-rights.html,lv/data-rights.html,lv,privacy,index,yes,https://www.glpzy.app/lv/data-rights.html,keep_index_translation,,P1,All published translations remain indexable under the owner's policy.,"Check wording, medical safety, mobile layout and Search Console coverage without adding noindex."
https://www.glpzy.app/lv/foundayo-tracker-iphone.html,lv/foundayo-tracker-iphone.html,lv,commercial,index,yes,https://www.glpzy.app/lv/foundayo-tracker-iphone.html,keep_index_translation,,P1,All published translations remain indexable under the owner's policy.,"Check wording, medical safety, mobile layout and Search Console coverage without adding noindex."
https://www.glpzy.app/lv/glp1-weight-dose-symptom-tracker.html,lv/glp1-weight-dose-symptom-tracker.html,lv,commercial,index,yes,https://www.glpzy.app/lv/glp1-weight-dose-symptom-tracker.html,keep_index_translation,,P1,All published translations remain indexable under the owner's policy.,"Check wording, medical safety, mobile layout and Search Console coverage without adding noindex."
https://www.glpzy.app/lv/glpzy-is-now-oneglp/,lv/glpzy-is-now-oneglp/index.html,lv,home,index,yes,https://www.glpzy.app/lv/glpzy-is-now-oneglp/,keep_index_translation,,P1,All published translations remain indexable under the owner's policy.,"Check wording, medical safety, mobile layout and Search Console coverage without adding noindex."
https://www.glpzy.app/lv/,lv/index.html,lv,home,index,yes,https://www.glpzy.app/lv/,keep_index_translation,,P1,All published translations remain indexable under the owner's policy.,"Check wording, medical safety, mobile layout and Search Console coverage without adding noindex."
https://www.glpzy.app/lv/local-first-private-glp-tracker.html,lv/local-first-private-glp-tracker.html,lv,privacy,index,yes,https://www.glpzy.app/lv/local-first-private-glp-tracker.html,keep_index_translation,,P1,All published translations remain indexable under the owner's policy.,"Check wording, medical safety, mobile layout and Search Console coverage without adding noindex."
https://www.glpzy.app/lv/medical-safety.html,lv/medical-safety.html,lv,trust,index,yes,https://www.glpzy.app/lv/medical-safety.html,keep_index_translation,,P1,All published translations remain indexable under the owner's policy.,"Check wording, medical safety, mobile layout and Search Console coverage without adding noindex."
https://www.glpzy.app/lv/methodology.html,lv/methodology.html,lv,trust,index,yes,https://www.glpzy.app/lv/methodology.html,keep_index_translation,,P1,All published translations remain indexable under the owner's policy.,"Check wording, medical safety, mobile layout and Search Console coverage without adding noindex."
https://www.glpzy.app/lv/mounjaro-tracker-iphone.html,lv/mounjaro-tracker-iphone.html,lv,medicine,index,yes,https://www.glpzy.app/lv/mounjaro-tracker-iphone.html,keep_index_translation,,P1,All published translations remain indexable under the owner's policy.,"Check wording, medical safety, mobile layout and Search Console coverage without adding noindex."
https://www.glpzy.app/lv/overview.html,lv/overview.html,lv,other,index,yes,https://www.glpzy.app/lv/overview.html,keep_index_translation,,P1,All published translations remain indexable under the owner's policy.,"Check wording, medical safety, mobile layout and Search Console coverage without adding noindex."
https://www.glpzy.app/lv/ozempic-tracker-iphone.html,lv/ozempic-tracker-iphone.html,lv,commercial,index,yes,https://www.glpzy.app/lv/ozempic-tracker-iphone.html,keep_index_translation,,P1,All published translations remain indexable under the owner's policy.,"Check wording, medical safety, mobile layout and Search Console coverage without adding noindex."
https://www.glpzy.app/lv/privacy.html,lv/privacy.html,lv,privacy,index,yes,https://www.glpzy.app/lv/privacy.html,keep_index_translation,,P1,All published translations remain indexable under the owner's policy.,"Check wording, medical safety, mobile layout and Search Console coverage without adding noindex."
https://www.glpzy.app/lv/rybelsus-tracker-iphone.html,lv/rybelsus-tracker-iphone.html,lv,commercial,index,yes,https://www.glpzy.app/lv/rybelsus-tracker-iphone.html,keep_index_translation,,P1,All published translations remain indexable under the owner's policy.,"Check wording, medical safety, mobile layout and Search Console coverage without adding noindex."
https://www.glpzy.app/lv/saxenda-tracker-iphone.html,lv/saxenda-tracker-iphone.html,lv,commercial,index,yes,https://www.glpzy.app/lv/saxenda-tracker-iphone.html,keep_index_translation,,P1,All published translations remain indexable under the owner's policy.,"Check wording, medical safety, mobile layout and Search Console coverage without adding noindex."
https://www.glpzy.app/lv/semaglutide-tracker-iphone.html,lv/semaglutide-tracker-iphone.html,lv,ingredient,index,yes,https://www.glpzy.app/lv/semaglutide-tracker-iphone.html,keep_index_translation,,P1,All published translations remain indexable under the owner's policy.,"Check wording, medical safety, mobile layout and Search Console coverage without adding noindex."
https://www.glpzy.app/lv/support.html,lv/support.html,lv,trust,index,yes,https://www.glpzy.app/lv/support.html,keep_index_translation,,P1,All published translations remain indexable under the owner's policy.,"Check wording, medical safety, mobile layout and Search Console coverage without adding noindex."
https://www.glpzy.app/lv/terms.html,lv/terms.html,lv,trust,index,yes,https://www.glpzy.app/lv/terms.html,keep_index_translation,,P1,All published translations remain indexable under the owner's policy.,"Check wording, medical safety, mobile layout and Search Console coverage without adding noindex."
https://www.glpzy.app/lv/tirzepatide-tracker-iphone.html,lv/tirzepatide-tracker-iphone.html,lv,ingredient,index,yes,https://www.glpzy.app/lv/tirzepatide-tracker-iphone.html,keep_index_translation,,P1,All published translations remain indexable under the owner's policy.,"Check wording, medical safety, mobile layout and Search Console coverage without adding noindex."
https://www.glpzy.app/lv/trulicity-tracker-iphone.html,lv/trulicity-tracker-iphone.html,lv,commercial,index,yes,https://www.glpzy.app/lv/trulicity-tracker-iphone.html,keep_index_translation,,P1,All published translations remain indexable under the owner's policy.,"Check wording, medical safety, mobile layout and Search Console coverage without adding noindex."
https://www.glpzy.app/lv/victoza-tracker-iphone.html,lv/victoza-tracker-iphone.html,lv,commercial,index,yes,https://www.glpzy.app/lv/victoza-tracker-iphone.html,keep_index_translation,,P1,All published translations remain indexable under the owner's policy.,"Check wording, medical safety, mobile layout and Search Console coverage without adding noindex."
https://www.glpzy.app/lv/wegovy-tracker-iphone.html,lv/wegovy-tracker-iphone.html,lv,medicine,index,yes,https://www.glpzy.app/lv/wegovy-tracker-iphone.html,keep_index_translation,,P1,All published translations remain indexable under the owner's policy.,"Check wording, medical safety, mobile layout and Search Console coverage without adding noindex."
https://www.glpzy.app/lv/zepbound-tracker-iphone.html,lv/zepbound-tracker-iphone.html,lv,medicine,index,yes,https://www.glpzy.app/lv/zepbound-tracker-iphone.html,keep_index_translation,,P1,All published translations remain indexable under the owner's policy.,"Check wording, medical safety, mobile layout and Search Console coverage without adding noindex."
https://www.glpzy.app/medical-safety.html,medical-safety.html,root,trust,index,yes,https://www.glpzy.app/medical-safety.html,keep_index_priority,,P0,"Distinct product, feature, offer or trust intent.","Monitor query match, CTR, canonical selection and conversions."
https://www.glpzy.app/methodology.html,methodology.html,root,trust,index,yes,https://www.glpzy.app/methodology.html,keep_index_priority,,P0,"Distinct product, feature, offer or trust intent.","Monitor query match, CTR, canonical selection and conversions."
https://www.glpzy.app/ml/apple-health-glp-tracker.html,ml/apple-health-glp-tracker.html,ml,feature,index,yes,https://www.glpzy.app/ml/apple-health-glp-tracker.html,keep_index_translation,,P1,All published translations remain indexable under the owner's policy.,"Check wording, medical safety, mobile layout and Search Console coverage without adding noindex."
https://www.glpzy.app/ml/compounded-glp-tracker-iphone.html,ml/compounded-glp-tracker-iphone.html,ml,commercial,index,yes,https://www.glpzy.app/ml/compounded-glp-tracker-iphone.html,keep_index_translation,,P1,All published translations remain indexable under the owner's policy.,"Check wording, medical safety, mobile layout and Search Console coverage without adding noindex."
https://www.glpzy.app/ml/custom-medication-tracker-iphone.html,ml/custom-medication-tracker-iphone.html,ml,commercial,index,yes,https://www.glpzy.app/ml/custom-medication-tracker-iphone.html,keep_index_translation,,P1,All published translations remain indexable under the owner's policy.,"Check wording, medical safety, mobile layout and Search Console coverage without adding noindex."
https://www.glpzy.app/ml/data-rights.html,ml/data-rights.html,ml,privacy,index,yes,https://www.glpzy.app/ml/data-rights.html,keep_index_translation,,P1,All published translations remain indexable under the owner's policy.,"Check wording, medical safety, mobile layout and Search Console coverage without adding noindex."
https://www.glpzy.app/ml/foundayo-tracker-iphone.html,ml/foundayo-tracker-iphone.html,ml,commercial,index,yes,https://www.glpzy.app/ml/foundayo-tracker-iphone.html,keep_index_translation,,P1,All published translations remain indexable under the owner's policy.,"Check wording, medical safety, mobile layout and Search Console coverage without adding noindex."
https://www.glpzy.app/ml/glp1-weight-dose-symptom-tracker.html,ml/glp1-weight-dose-symptom-tracker.html,ml,commercial,index,yes,https://www.glpzy.app/ml/glp1-weight-dose-symptom-tracker.html,keep_index_translation,,P1,All published translations remain indexable under the owner's policy.,"Check wording, medical safety, mobile layout and Search Console coverage without adding noindex."
https://www.glpzy.app/ml/glpzy-is-now-oneglp/,ml/glpzy-is-now-oneglp/index.html,ml,home,index,yes,https://www.glpzy.app/ml/glpzy-is-now-oneglp/,keep_index_translation,,P1,All published translations remain indexable under the owner's policy.,"Check wording, medical safety, mobile layout and Search Console coverage without adding noindex."
https://www.glpzy.app/ml/,ml/index.html,ml,home,index,yes,https://www.glpzy.app/ml/,keep_index_translation,,P1,All published translations remain indexable under the owner's policy.,"Check wording, medical safety, mobile layout and Search Console coverage without adding noindex."
https://www.glpzy.app/ml/local-first-private-glp-tracker.html,ml/local-first-private-glp-tracker.html,ml,privacy,index,yes,https://www.glpzy.app/ml/local-first-private-glp-tracker.html,keep_index_translation,,P1,All published translations remain indexable under the owner's policy.,"Check wording, medical safety, mobile layout and Search Console coverage without adding noindex."
https://www.glpzy.app/ml/medical-safety.html,ml/medical-safety.html,ml,trust,index,yes,https://www.glpzy.app/ml/medical-safety.html,keep_index_translation,,P1,All published translations remain indexable under the owner's policy.,"Check wording, medical safety, mobile layout and Search Console coverage without adding noindex."
https://www.glpzy.app/ml/methodology.html,ml/methodology.html,ml,trust,index,yes,https://www.glpzy.app/ml/methodology.html,keep_index_translation,,P1,All published translations remain indexable under the owner's policy.,"Check wording, medical safety, mobile layout and Search Console coverage without adding noindex."
https://www.glpzy.app/ml/mounjaro-tracker-iphone.html,ml/mounjaro-tracker-iphone.html,ml,medicine,index,yes,https://www.glpzy.app/ml/mounjaro-tracker-iphone.html,keep_index_translation,,P1,All published translations remain indexable under the owner's policy.,"Check wording, medical safety, mobile layout and Search Console coverage without adding noindex."
https://www.glpzy.app/ml/overview.html,ml/overview.html,ml,other,index,yes,https://www.glpzy.app/ml/overview.html,keep_index_translation,,P1,All published translations remain indexable under the owner's policy.,"Check wording, medical safety, mobile layout and Search Console coverage without adding noindex."
https://www.glpzy.app/ml/ozempic-tracker-iphone.html,ml/ozempic-tracker-iphone.html,ml,commercial,index,yes,https://www.glpzy.app/ml/ozempic-tracker-iphone.html,keep_index_translation,,P1,All published translations remain indexable under the owner's policy.,"Check wording, medical safety, mobile layout and Search Console coverage without adding noindex."
https://www.glpzy.app/ml/privacy.html,ml/privacy.html,ml,privacy,index,yes,https://www.glpzy.app/ml/privacy.html,keep_index_translation,,P1,All published translations remain indexable under the owner's policy.,"Check wording, medical safety, mobile layout and Search Console coverage without adding noindex."
https://www.glpzy.app/ml/rybelsus-tracker-iphone.html,ml/rybelsus-tracker-iphone.html,ml,commercial,index,yes,https://www.glpzy.app/ml/rybelsus-tracker-iphone.html,keep_index_translation,,P1,All published translations remain indexable under the owner's policy.,"Check wording, medical safety, mobile layout and Search Console coverage without adding noindex."
https://www.glpzy.app/ml/saxenda-tracker-iphone.html,ml/saxenda-tracker-iphone.html,ml,commercial,index,yes,https://www.glpzy.app/ml/saxenda-tracker-iphone.html,keep_index_translation,,P1,All published translations remain indexable under the owner's policy.,"Check wording, medical safety, mobile layout and Search Console coverage without adding noindex."
https://www.glpzy.app/ml/semaglutide-tracker-iphone.html,ml/semaglutide-tracker-iphone.html,ml,ingredient,index,yes,https://www.glpzy.app/ml/semaglutide-tracker-iphone.html,keep_index_translation,,P1,All published translations remain indexable under the owner's policy.,"Check wording, medical safety, mobile layout and Search Console coverage without adding noindex."
https://www.glpzy.app/ml/support.html,ml/support.html,ml,trust,index,yes,https://www.glpzy.app/ml/support.html,keep_index_translation,,P1,All published translations remain indexable under the owner's policy.,"Check wording, medical safety, mobile layout and Search Console coverage without adding noindex."
https://www.glpzy.app/ml/terms.html,ml/terms.html,ml,trust,index,yes,https://www.glpzy.app/ml/terms.html,keep_index_translation,,P1,All published translations remain indexable under the owner's policy.,"Check wording, medical safety, mobile layout and Search Console coverage without adding noindex."
https://www.glpzy.app/ml/tirzepatide-tracker-iphone.html,ml/tirzepatide-tracker-iphone.html,ml,ingredient,index,yes,https://www.glpzy.app/ml/tirzepatide-tracker-iphone.html,keep_index_translation,,P1,All published translations remain indexable under the owner's policy.,"Check wording, medical safety, mobile layout and Search Console coverage without adding noindex."
https://www.glpzy.app/ml/trulicity-tracker-iphone.html,ml/trulicity-tracker-iphone.html,ml,commercial,index,yes,https://www.glpzy.app/ml/trulicity-tracker-iphone.html,keep_index_translation,,P1,All published translations remain indexable under the owner's policy.,"Check wording, medical safety, mobile layout and Search Console coverage without adding noindex."
https://www.glpzy.app/ml/victoza-tracker-iphone.html,ml/victoza-tracker-iphone.html,ml,commercial,index,yes,https://www.glpzy.app/ml/victoza-tracker-iphone.html,keep_index_translation,,P1,All published translations remain indexable under the owner's policy.,"Check wording, medical safety, mobile layout and Search Console coverage without adding noindex."
https://www.glpzy.app/ml/wegovy-tracker-iphone.html,ml/wegovy-tracker-iphone.html,ml,medicine,index,yes,https://www.glpzy.app/ml/wegovy-tracker-iphone.html,keep_index_translation,,P1,All published translations remain indexable under the owner's policy.,"Check wording, medical safety, mobile layout and Search Console coverage without adding noindex."
https://www.glpzy.app/ml/zepbound-tracker-iphone.html,ml/zepbound-tracker-iphone.html,ml,medicine,index,yes,https://www.glpzy.app/ml/zepbound-tracker-iphone.html,keep_index_translation,,P1,All published translations remain indexable under the owner's policy.,"Check wording, medical safety, mobile layout and Search Console coverage without adding noindex."
https://www.glpzy.app/mounjaro-tracker-iphone.html,mounjaro-tracker-iphone.html,root,medicine,index,yes,https://www.glpzy.app/mounjaro-tracker-iphone.html,keep_index_priority,,P0,"Distinct product, feature, offer or trust intent.","Monitor query match, CTR, canonical selection and conversions."
https://www.glpzy.app/mr/apple-health-glp-tracker.html,mr/apple-health-glp-tracker.html,mr,feature,index,yes,https://www.glpzy.app/mr/apple-health-glp-tracker.html,keep_index_translation,,P1,All published translations remain indexable under the owner's policy.,"Check wording, medical safety, mobile layout and Search Console coverage without adding noindex."
https://www.glpzy.app/mr/compounded-glp-tracker-iphone.html,mr/compounded-glp-tracker-iphone.html,mr,commercial,index,yes,https://www.glpzy.app/mr/compounded-glp-tracker-iphone.html,keep_index_translation,,P1,All published translations remain indexable under the owner's policy.,"Check wording, medical safety, mobile layout and Search Console coverage without adding noindex."
https://www.glpzy.app/mr/custom-medication-tracker-iphone.html,mr/custom-medication-tracker-iphone.html,mr,commercial,index,yes,https://www.glpzy.app/mr/custom-medication-tracker-iphone.html,keep_index_translation,,P1,All published translations remain indexable under the owner's policy.,"Check wording, medical safety, mobile layout and Search Console coverage without adding noindex."
https://www.glpzy.app/mr/data-rights.html,mr/data-rights.html,mr,privacy,index,yes,https://www.glpzy.app/mr/data-rights.html,keep_index_translation,,P1,All published translations remain indexable under the owner's policy.,"Check wording, medical safety, mobile layout and Search Console coverage without adding noindex."
https://www.glpzy.app/mr/foundayo-tracker-iphone.html,mr/foundayo-tracker-iphone.html,mr,commercial,index,yes,https://www.glpzy.app/mr/foundayo-tracker-iphone.html,keep_index_translation,,P1,All published translations remain indexable under the owner's policy.,"Check wording, medical safety, mobile layout and Search Console coverage without adding noindex."
https://www.glpzy.app/mr/glp1-weight-dose-symptom-tracker.html,mr/glp1-weight-dose-symptom-tracker.html,mr,commercial,index,yes,https://www.glpzy.app/mr/glp1-weight-dose-symptom-tracker.html,keep_index_translation,,P1,All published translations remain indexable under the owner's policy.,"Check wording, medical safety, mobile layout and Search Console coverage without adding noindex."
https://www.glpzy.app/mr/glpzy-is-now-oneglp/,mr/glpzy-is-now-oneglp/index.html,mr,home,index,yes,https://www.glpzy.app/mr/glpzy-is-now-oneglp/,keep_index_translation,,P1,All published translations remain indexable under the owner's policy.,"Check wording, medical safety, mobile layout and Search Console coverage without adding noindex."
https://www.glpzy.app/mr/,mr/index.html,mr,home,index,yes,https://www.glpzy.app/mr/,keep_index_translation,,P1,All published translations remain indexable under the owner's policy.,"Check wording, medical safety, mobile layout and Search Console coverage without adding noindex."
https://www.glpzy.app/mr/local-first-private-glp-tracker.html,mr/local-first-private-glp-tracker.html,mr,privacy,index,yes,https://www.glpzy.app/mr/local-first-private-glp-tracker.html,keep_index_translation,,P1,All published translations remain indexable under the owner's policy.,"Check wording, medical safety, mobile layout and Search Console coverage without adding noindex."
https://www.glpzy.app/mr/medical-safety.html,mr/medical-safety.html,mr,trust,index,yes,https://www.glpzy.app/mr/medical-safety.html,keep_index_translation,,P1,All published translations remain indexable under the owner's policy.,"Check wording, medical safety, mobile layout and Search Console coverage without adding noindex."
https://www.glpzy.app/mr/methodology.html,mr/methodology.html,mr,trust,index,yes,https://www.glpzy.app/mr/methodology.html,keep_index_translation,,P1,All published translations remain indexable under the owner's policy.,"Check wording, medical safety, mobile layout and Search Console coverage without adding noindex."
https://www.glpzy.app/mr/mounjaro-tracker-iphone.html,mr/mounjaro-tracker-iphone.html,mr,medicine,index,yes,https://www.glpzy.app/mr/mounjaro-tracker-iphone.html,keep_index_translation,,P1,All published translations remain indexable under the owner's policy.,"Check wording, medical safety, mobile layout and Search Console coverage without adding noindex."
https://www.glpzy.app/mr/overview.html,mr/overview.html,mr,other,index,yes,https://www.glpzy.app/mr/overview.html,keep_index_translation,,P1,All published translations remain indexable under the owner's policy.,"Check wording, medical safety, mobile layout and Search Console coverage without adding noindex."
https://www.glpzy.app/mr/ozempic-tracker-iphone.html,mr/ozempic-tracker-iphone.html,mr,commercial,index,yes,https://www.glpzy.app/mr/ozempic-tracker-iphone.html,keep_index_translation,,P1,All published translations remain indexable under the owner's policy.,"Check wording, medical safety, mobile layout and Search Console coverage without adding noindex."
https://www.glpzy.app/mr/privacy.html,mr/privacy.html,mr,privacy,index,yes,https://www.glpzy.app/mr/privacy.html,keep_index_translation,,P1,All published translations remain indexable under the owner's policy.,"Check wording, medical safety, mobile layout and Search Console coverage without adding noindex."
https://www.glpzy.app/mr/rybelsus-tracker-iphone.html,mr/rybelsus-tracker-iphone.html,mr,commercial,index,yes,https://www.glpzy.app/mr/rybelsus-tracker-iphone.html,keep_index_translation,,P1,All published translations remain indexable under the owner's policy.,"Check wording, medical safety, mobile layout and Search Console coverage without adding noindex."
https://www.glpzy.app/mr/saxenda-tracker-iphone.html,mr/saxenda-tracker-iphone.html,mr,commercial,index,yes,https://www.glpzy.app/mr/saxenda-tracker-iphone.html,keep_index_translation,,P1,All published translations remain indexable under the owner's policy.,"Check wording, medical safety, mobile layout and Search Console coverage without adding noindex."
https://www.glpzy.app/mr/semaglutide-tracker-iphone.html,mr/semaglutide-tracker-iphone.html,mr,ingredient,index,yes,https://www.glpzy.app/mr/semaglutide-tracker-iphone.html,keep_index_translation,,P1,All published translations remain indexable under the owner's policy.,"Check wording, medical safety, mobile layout and Search Console coverage without adding noindex."
https://www.glpzy.app/mr/support.html,mr/support.html,mr,trust,index,yes,https://www.glpzy.app/mr/support.html,keep_index_translation,,P1,All published translations remain indexable under the owner's policy.,"Check wording, medical safety, mobile layout and Search Console coverage without adding noindex."
https://www.glpzy.app/mr/terms.html,mr/terms.html,mr,trust,index,yes,https://www.glpzy.app/mr/terms.html,keep_index_translation,,P1,All published translations remain indexable under the owner's policy.,"Check wording, medical safety, mobile layout and Search Console coverage without adding noindex."
https://www.glpzy.app/mr/tirzepatide-tracker-iphone.html,mr/tirzepatide-tracker-iphone.html,mr,ingredient,index,yes,https://www.glpzy.app/mr/tirzepatide-tracker-iphone.html,keep_index_translation,,P1,All published translations remain indexable under the owner's policy.,"Check wording, medical safety, mobile layout and Search Console coverage without adding noindex."
https://www.glpzy.app/mr/trulicity-tracker-iphone.html,mr/trulicity-tracker-iphone.html,mr,commercial,index,yes,https://www.glpzy.app/mr/trulicity-tracker-iphone.html,keep_index_translation,,P1,All published translations remain indexable under the owner's policy.,"Check wording, medical safety, mobile layout and Search Console coverage without adding noindex."
https://www.glpzy.app/mr/victoza-tracker-iphone.html,mr/victoza-tracker-iphone.html,mr,commercial,index,yes,https://www.glpzy.app/mr/victoza-tracker-iphone.html,keep_index_translation,,P1,All published translations remain indexable under the owner's policy.,"Check wording, medical safety, mobile layout and Search Console coverage without adding noindex."
https://www.glpzy.app/mr/wegovy-tracker-iphone.html,mr/wegovy-tracker-iphone.html,mr,medicine,index,yes,https://www.glpzy.app/mr/wegovy-tracker-iphone.html,keep_index_translation,,P1,All published translations remain indexable under the owner's policy.,"Check wording, medical safety, mobile layout and Search Console coverage without adding noindex."
https://www.glpzy.app/mr/zepbound-tracker-iphone.html,mr/zepbound-tracker-iphone.html,mr,medicine,index,yes,https://www.glpzy.app/mr/zepbound-tracker-iphone.html,keep_index_translation,,P1,All published translations remain indexable under the owner's policy.,"Check wording, medical safety, mobile layout and Search Console coverage without adding noindex."
https://www.glpzy.app/ms/apple-health-glp-tracker.html,ms/apple-health-glp-tracker.html,ms,feature,index,yes,https://www.glpzy.app/ms/apple-health-glp-tracker.html,keep_index_translation,,P1,All published translations remain indexable under the owner's policy.,"Check wording, medical safety, mobile layout and Search Console coverage without adding noindex."
https://www.glpzy.app/ms/compounded-glp-tracker-iphone.html,ms/compounded-glp-tracker-iphone.html,ms,commercial,index,yes,https://www.glpzy.app/ms/compounded-glp-tracker-iphone.html,keep_index_translation,,P1,All published translations remain indexable under the owner's policy.,"Check wording, medical safety, mobile layout and Search Console coverage without adding noindex."
https://www.glpzy.app/ms/custom-medication-tracker-iphone.html,ms/custom-medication-tracker-iphone.html,ms,commercial,index,yes,https://www.glpzy.app/ms/custom-medication-tracker-iphone.html,keep_index_translation,,P1,All published translations remain indexable under the owner's policy.,"Check wording, medical safety, mobile layout and Search Console coverage without adding noindex."
https://www.glpzy.app/ms/data-rights.html,ms/data-rights.html,ms,privacy,index,yes,https://www.glpzy.app/ms/data-rights.html,keep_index_translation,,P1,All published translations remain indexable under the owner's policy.,"Check wording, medical safety, mobile layout and Search Console coverage without adding noindex."
https://www.glpzy.app/ms/foundayo-tracker-iphone.html,ms/foundayo-tracker-iphone.html,ms,commercial,index,yes,https://www.glpzy.app/ms/foundayo-tracker-iphone.html,keep_index_translation,,P1,All published translations remain indexable under the owner's policy.,"Check wording, medical safety, mobile layout and Search Console coverage without adding noindex."
https://www.glpzy.app/ms/glp1-weight-dose-symptom-tracker.html,ms/glp1-weight-dose-symptom-tracker.html,ms,commercial,index,yes,https://www.glpzy.app/ms/glp1-weight-dose-symptom-tracker.html,keep_index_translation,,P1,All published translations remain indexable under the owner's policy.,"Check wording, medical safety, mobile layout and Search Console coverage without adding noindex."
https://www.glpzy.app/ms/glpzy-is-now-oneglp/,ms/glpzy-is-now-oneglp/index.html,ms,home,index,yes,https://www.glpzy.app/ms/glpzy-is-now-oneglp/,keep_index_translation,,P1,All published translations remain indexable under the owner's policy.,"Check wording, medical safety, mobile layout and Search Console coverage without adding noindex."
https://www.glpzy.app/ms/,ms/index.html,ms,home,index,yes,https://www.glpzy.app/ms/,keep_index_translation,,P1,All published translations remain indexable under the owner's policy.,"Check wording, medical safety, mobile layout and Search Console coverage without adding noindex."
https://www.glpzy.app/ms/local-first-private-glp-tracker.html,ms/local-first-private-glp-tracker.html,ms,privacy,index,yes,https://www.glpzy.app/ms/local-first-private-glp-tracker.html,keep_index_translation,,P1,All published translations remain indexable under the owner's policy.,"Check wording, medical safety, mobile layout and Search Console coverage without adding noindex."
https://www.glpzy.app/ms/medical-safety.html,ms/medical-safety.html,ms,trust,index,yes,https://www.glpzy.app/ms/medical-safety.html,keep_index_translation,,P1,All published translations remain indexable under the owner's policy.,"Check wording, medical safety, mobile layout and Search Console coverage without adding noindex."
https://www.glpzy.app/ms/methodology.html,ms/methodology.html,ms,trust,index,yes,https://www.glpzy.app/ms/methodology.html,keep_index_translation,,P1,All published translations remain indexable under the owner's policy.,"Check wording, medical safety, mobile layout and Search Console coverage without adding noindex."
https://www.glpzy.app/ms/mounjaro-tracker-iphone.html,ms/mounjaro-tracker-iphone.html,ms,medicine,index,yes,https://www.glpzy.app/ms/mounjaro-tracker-iphone.html,keep_index_translation,,P1,All published translations remain indexable under the owner's policy.,"Check wording, medical safety, mobile layout and Search Console coverage without adding noindex."
https://www.glpzy.app/ms/overview.html,ms/overview.html,ms,other,index,yes,https://www.glpzy.app/ms/overview.html,keep_index_translation,,P1,All published translations remain indexable under the owner's policy.,"Check wording, medical safety, mobile layout and Search Console coverage without adding noindex."
https://www.glpzy.app/ms/ozempic-tracker-iphone.html,ms/ozempic-tracker-iphone.html,ms,commercial,index,yes,https://www.glpzy.app/ms/ozempic-tracker-iphone.html,keep_index_translation,,P1,All published translations remain indexable under the owner's policy.,"Check wording, medical safety, mobile layout and Search Console coverage without adding noindex."
https://www.glpzy.app/ms/privacy.html,ms/privacy.html,ms,privacy,index,yes,https://www.glpzy.app/ms/privacy.html,keep_index_translation,,P1,All published translations remain indexable under the owner's policy.,"Check wording, medical safety, mobile layout and Search Console coverage without adding noindex."
https://www.glpzy.app/ms/rybelsus-tracker-iphone.html,ms/rybelsus-tracker-iphone.html,ms,commercial,index,yes,https://www.glpzy.app/ms/rybelsus-tracker-iphone.html,keep_index_translation,,P1,All published translations remain indexable under the owner's policy.,"Check wording, medical safety, mobile layout and Search Console coverage without adding noindex."
https://www.glpzy.app/ms/saxenda-tracker-iphone.html,ms/saxenda-tracker-iphone.html,ms,commercial,index,yes,https://www.glpzy.app/ms/saxenda-tracker-iphone.html,keep_index_translation,,P1,All published translations remain indexable under the owner's policy.,"Check wording, medical safety, mobile layout and Search Console coverage without adding noindex."
https://www.glpzy.app/ms/semaglutide-tracker-iphone.html,ms/semaglutide-tracker-iphone.html,ms,ingredient,index,yes,https://www.glpzy.app/ms/semaglutide-tracker-iphone.html,keep_index_translation,,P1,All published translations remain indexable under the owner's policy.,"Check wording, medical safety, mobile layout and Search Console coverage without adding noindex."
https://www.glpzy.app/ms/support.html,ms/support.html,ms,trust,index,yes,https://www.glpzy.app/ms/support.html,keep_index_translation,,P1,All published translations remain indexable under the owner's policy.,"Check wording, medical safety, mobile layout and Search Console coverage without adding noindex."
https://www.glpzy.app/ms/terms.html,ms/terms.html,ms,trust,index,yes,https://www.glpzy.app/ms/terms.html,keep_index_translation,,P1,All published translations remain indexable under the owner's policy.,"Check wording, medical safety, mobile layout and Search Console coverage without adding noindex."
https://www.glpzy.app/ms/tirzepatide-tracker-iphone.html,ms/tirzepatide-tracker-iphone.html,ms,ingredient,index,yes,https://www.glpzy.app/ms/tirzepatide-tracker-iphone.html,keep_index_translation,,P1,All published translations remain indexable under the owner's policy.,"Check wording, medical safety, mobile layout and Search Console coverage without adding noindex."
https://www.glpzy.app/ms/trulicity-tracker-iphone.html,ms/trulicity-tracker-iphone.html,ms,commercial,index,yes,https://www.glpzy.app/ms/trulicity-tracker-iphone.html,keep_index_translation,,P1,All published translations remain indexable under the owner's policy.,"Check wording, medical safety, mobile layout and Search Console coverage without adding noindex."
https://www.glpzy.app/ms/victoza-tracker-iphone.html,ms/victoza-tracker-iphone.html,ms,commercial,index,yes,https://www.glpzy.app/ms/victoza-tracker-iphone.html,keep_index_translation,,P1,All published translations remain indexable under the owner's policy.,"Check wording, medical safety, mobile layout and Search Console coverage without adding noindex."
https://www.glpzy.app/ms/wegovy-tracker-iphone.html,ms/wegovy-tracker-iphone.html,ms,medicine,index,yes,https://www.glpzy.app/ms/wegovy-tracker-iphone.html,keep_index_translation,,P1,All published translations remain indexable under the owner's policy.,"Check wording, medical safety, mobile layout and Search Console coverage without adding noindex."
https://www.glpzy.app/ms/zepbound-tracker-iphone.html,ms/zepbound-tracker-iphone.html,ms,medicine,index,yes,https://www.glpzy.app/ms/zepbound-tracker-iphone.html,keep_index_translation,,P1,All published translations remain indexable under the owner's policy.,"Check wording, medical safety, mobile layout and Search Console coverage without adding noindex."
https://www.glpzy.app/nb/apple-health-glp-tracker.html,nb/apple-health-glp-tracker.html,nb,feature,index,yes,https://www.glpzy.app/nb/apple-health-glp-tracker.html,keep_index_translation,,P1,All published translations remain indexable under the owner's policy.,"Check wording, medical safety, mobile layout and Search Console coverage without adding noindex."
https://www.glpzy.app/nb/compounded-glp-tracker-iphone.html,nb/compounded-glp-tracker-iphone.html,nb,commercial,index,yes,https://www.glpzy.app/nb/compounded-glp-tracker-iphone.html,keep_index_translation,,P1,All published translations remain indexable under the owner's policy.,"Check wording, medical safety, mobile layout and Search Console coverage without adding noindex."
https://www.glpzy.app/nb/custom-medication-tracker-iphone.html,nb/custom-medication-tracker-iphone.html,nb,commercial,index,yes,https://www.glpzy.app/nb/custom-medication-tracker-iphone.html,keep_index_translation,,P1,All published translations remain indexable under the owner's policy.,"Check wording, medical safety, mobile layout and Search Console coverage without adding noindex."
https://www.glpzy.app/nb/data-rights.html,nb/data-rights.html,nb,privacy,index,yes,https://www.glpzy.app/nb/data-rights.html,keep_index_translation,,P1,All published translations remain indexable under the owner's policy.,"Check wording, medical safety, mobile layout and Search Console coverage without adding noindex."
https://www.glpzy.app/nb/foundayo-tracker-iphone.html,nb/foundayo-tracker-iphone.html,nb,commercial,index,yes,https://www.glpzy.app/nb/foundayo-tracker-iphone.html,keep_index_translation,,P1,All published translations remain indexable under the owner's policy.,"Check wording, medical safety, mobile layout and Search Console coverage without adding noindex."
https://www.glpzy.app/nb/glp1-weight-dose-symptom-tracker.html,nb/glp1-weight-dose-symptom-tracker.html,nb,commercial,index,yes,https://www.glpzy.app/nb/glp1-weight-dose-symptom-tracker.html,keep_index_translation,,P1,All published translations remain indexable under the owner's policy.,"Check wording, medical safety, mobile layout and Search Console coverage without adding noindex."
https://www.glpzy.app/nb/glpzy-is-now-oneglp/,nb/glpzy-is-now-oneglp/index.html,nb,home,index,yes,https://www.glpzy.app/nb/glpzy-is-now-oneglp/,keep_index_translation,,P1,All published translations remain indexable under the owner's policy.,"Check wording, medical safety, mobile layout and Search Console coverage without adding noindex."
https://www.glpzy.app/nb/,nb/index.html,nb,home,index,yes,https://www.glpzy.app/nb/,keep_index_translation,,P1,All published translations remain indexable under the owner's policy.,"Check wording, medical safety, mobile layout and Search Console coverage without adding noindex."
https://www.glpzy.app/nb/local-first-private-glp-tracker.html,nb/local-first-private-glp-tracker.html,nb,privacy,index,yes,https://www.glpzy.app/nb/local-first-private-glp-tracker.html,keep_index_translation,,P1,All published translations remain indexable under the owner's policy.,"Check wording, medical safety, mobile layout and Search Console coverage without adding noindex."
https://www.glpzy.app/nb/medical-safety.html,nb/medical-safety.html,nb,trust,index,yes,https://www.glpzy.app/nb/medical-safety.html,keep_index_translation,,P1,All published translations remain indexable under the owner's policy.,"Check wording, medical safety, mobile layout and Search Console coverage without adding noindex."
https://www.glpzy.app/nb/methodology.html,nb/methodology.html,nb,trust,index,yes,https://www.glpzy.app/nb/methodology.html,keep_index_translation,,P1,All published translations remain indexable under the owner's policy.,"Check wording, medical safety, mobile layout and Search Console coverage without adding noindex."
https://www.glpzy.app/nb/mounjaro-tracker-iphone.html,nb/mounjaro-tracker-iphone.html,nb,medicine,index,yes,https://www.glpzy.app/nb/mounjaro-tracker-iphone.html,keep_index_translation,,P1,All published translations remain indexable under the owner's policy.,"Check wording, medical safety, mobile layout and Search Console coverage without adding noindex."
https://www.glpzy.app/nb/overview.html,nb/overview.html,nb,other,index,yes,https://www.glpzy.app/nb/overview.html,keep_index_translation,,P1,All published translations remain indexable under the owner's policy.,"Check wording, medical safety, mobile layout and Search Console coverage without adding noindex."
https://www.glpzy.app/nb/ozempic-tracker-iphone.html,nb/ozempic-tracker-iphone.html,nb,commercial,index,yes,https://www.glpzy.app/nb/ozempic-tracker-iphone.html,keep_index_translation,,P1,All published translations remain indexable under the owner's policy.,"Check wording, medical safety, mobile layout and Search Console coverage without adding noindex."
https://www.glpzy.app/nb/privacy.html,nb/privacy.html,nb,privacy,index,yes,https://www.glpzy.app/nb/privacy.html,keep_index_translation,,P1,All published translations remain indexable under the owner's policy.,"Check wording, medical safety, mobile layout and Search Console coverage without adding noindex."
https://www.glpzy.app/nb/rybelsus-tracker-iphone.html,nb/rybelsus-tracker-iphone.html,nb,commercial,index,yes,https://www.glpzy.app/nb/rybelsus-tracker-iphone.html,keep_index_translation,,P1,All published translations remain indexable under the owner's policy.,"Check wording, medical safety, mobile layout and Search Console coverage without adding noindex."
https://www.glpzy.app/nb/saxenda-tracker-iphone.html,nb/saxenda-tracker-iphone.html,nb,commercial,index,yes,https://www.glpzy.app/nb/saxenda-tracker-iphone.html,keep_index_translation,,P1,All published translations remain indexable under the owner's policy.,"Check wording, medical safety, mobile layout and Search Console coverage without adding noindex."
https://www.glpzy.app/nb/semaglutide-tracker-iphone.html,nb/semaglutide-tracker-iphone.html,nb,ingredient,index,yes,https://www.glpzy.app/nb/semaglutide-tracker-iphone.html,keep_index_translation,,P1,All published translations remain indexable under the owner's policy.,"Check wording, medical safety, mobile layout and Search Console coverage without adding noindex."
https://www.glpzy.app/nb/support.html,nb/support.html,nb,trust,index,yes,https://www.glpzy.app/nb/support.html,keep_index_translation,,P1,All published translations remain indexable under the owner's policy.,"Check wording, medical safety, mobile layout and Search Console coverage without adding noindex."
https://www.glpzy.app/nb/terms.html,nb/terms.html,nb,trust,index,yes,https://www.glpzy.app/nb/terms.html,keep_index_translation,,P1,All published translations remain indexable under the owner's policy.,"Check wording, medical safety, mobile layout and Search Console coverage without adding noindex."
https://www.glpzy.app/nb/tirzepatide-tracker-iphone.html,nb/tirzepatide-tracker-iphone.html,nb,ingredient,index,yes,https://www.glpzy.app/nb/tirzepatide-tracker-iphone.html,keep_index_translation,,P1,All published translations remain indexable under the owner's policy.,"Check wording, medical safety, mobile layout and Search Console coverage without adding noindex."
https://www.glpzy.app/nb/trulicity-tracker-iphone.html,nb/trulicity-tracker-iphone.html,nb,commercial,index,yes,https://www.glpzy.app/nb/trulicity-tracker-iphone.html,keep_index_translation,,P1,All published translations remain indexable under the owner's policy.,"Check wording, medical safety, mobile layout and Search Console coverage without adding noindex."
https://www.glpzy.app/nb/victoza-tracker-iphone.html,nb/victoza-tracker-iphone.html,nb,commercial,index,yes,https://www.glpzy.app/nb/victoza-tracker-iphone.html,keep_index_translation,,P1,All published translations remain indexable under the owner's policy.,"Check wording, medical safety, mobile layout and Search Console coverage without adding noindex."
https://www.glpzy.app/nb/wegovy-tracker-iphone.html,nb/wegovy-tracker-iphone.html,nb,medicine,index,yes,https://www.glpzy.app/nb/wegovy-tracker-iphone.html,keep_index_translation,,P1,All published translations remain indexable under the owner's policy.,"Check wording, medical safety, mobile layout and Search Console coverage without adding noindex."
https://www.glpzy.app/nb/zepbound-tracker-iphone.html,nb/zepbound-tracker-iphone.html,nb,medicine,index,yes,https://www.glpzy.app/nb/zepbound-tracker-iphone.html,keep_index_translation,,P1,All published translations remain indexable under the owner's policy.,"Check wording, medical safety, mobile layout and Search Console coverage without adding noindex."
https://www.glpzy.app/nl/apple-health-glp-tracker.html,nl/apple-health-glp-tracker.html,nl,feature,index,yes,https://www.glpzy.app/nl/apple-health-glp-tracker.html,keep_index_translation,,P1,All published translations remain indexable under the owner's policy.,"Check wording, medical safety, mobile layout and Search Console coverage without adding noindex."
https://www.glpzy.app/nl/compounded-glp-tracker-iphone.html,nl/compounded-glp-tracker-iphone.html,nl,commercial,index,yes,https://www.glpzy.app/nl/compounded-glp-tracker-iphone.html,keep_index_translation,,P1,All published translations remain indexable under the owner's policy.,"Check wording, medical safety, mobile layout and Search Console coverage without adding noindex."
https://www.glpzy.app/nl/custom-medication-tracker-iphone.html,nl/custom-medication-tracker-iphone.html,nl,commercial,index,yes,https://www.glpzy.app/nl/custom-medication-tracker-iphone.html,keep_index_translation,,P1,All published translations remain indexable under the owner's policy.,"Check wording, medical safety, mobile layout and Search Console coverage without adding noindex."
https://www.glpzy.app/nl/data-rights.html,nl/data-rights.html,nl,privacy,index,yes,https://www.glpzy.app/nl/data-rights.html,keep_index_translation,,P1,All published translations remain indexable under the owner's policy.,"Check wording, medical safety, mobile layout and Search Console coverage without adding noindex."
https://www.glpzy.app/nl/foundayo-tracker-iphone.html,nl/foundayo-tracker-iphone.html,nl,commercial,index,yes,https://www.glpzy.app/nl/foundayo-tracker-iphone.html,keep_index_translation,,P1,All published translations remain indexable under the owner's policy.,"Check wording, medical safety, mobile layout and Search Console coverage without adding noindex."
https://www.glpzy.app/nl/glp1-weight-dose-symptom-tracker.html,nl/glp1-weight-dose-symptom-tracker.html,nl,commercial,index,yes,https://www.glpzy.app/nl/glp1-weight-dose-symptom-tracker.html,keep_index_translation,,P1,All published translations remain indexable under the owner's policy.,"Check wording, medical safety, mobile layout and Search Console coverage without adding noindex."
https://www.glpzy.app/nl/glpzy-is-now-oneglp/,nl/glpzy-is-now-oneglp/index.html,nl,home,index,yes,https://www.glpzy.app/nl/glpzy-is-now-oneglp/,keep_index_translation,,P1,All published translations remain indexable under the owner's policy.,"Check wording, medical safety, mobile layout and Search Console coverage without adding noindex."
https://www.glpzy.app/nl/,nl/index.html,nl,home,index,yes,https://www.glpzy.app/nl/,keep_index_translation,,P1,All published translations remain indexable under the owner's policy.,"Check wording, medical safety, mobile layout and Search Console coverage without adding noindex."
https://www.glpzy.app/nl/local-first-private-glp-tracker.html,nl/local-first-private-glp-tracker.html,nl,privacy,index,yes,https://www.glpzy.app/nl/local-first-private-glp-tracker.html,keep_index_translation,,P1,All published translations remain indexable under the owner's policy.,"Check wording, medical safety, mobile layout and Search Console coverage without adding noindex."
https://www.glpzy.app/nl/medical-safety.html,nl/medical-safety.html,nl,trust,index,yes,https://www.glpzy.app/nl/medical-safety.html,keep_index_translation,,P1,All published translations remain indexable under the owner's policy.,"Check wording, medical safety, mobile layout and Search Console coverage without adding noindex."
https://www.glpzy.app/nl/methodology.html,nl/methodology.html,nl,trust,index,yes,https://www.glpzy.app/nl/methodology.html,keep_index_translation,,P1,All published translations remain indexable under the owner's policy.,"Check wording, medical safety, mobile layout and Search Console coverage without adding noindex."
https://www.glpzy.app/nl/mounjaro-tracker-iphone.html,nl/mounjaro-tracker-iphone.html,nl,medicine,index,yes,https://www.glpzy.app/nl/mounjaro-tracker-iphone.html,keep_index_translation,,P1,All published translations remain indexable under the owner's policy.,"Check wording, medical safety, mobile layout and Search Console coverage without adding noindex."
https://www.glpzy.app/nl/overview.html,nl/overview.html,nl,other,index,yes,https://www.glpzy.app/nl/overview.html,keep_index_translation,,P1,All published translations remain indexable under the owner's policy.,"Check wording, medical safety, mobile layout and Search Console coverage without adding noindex."
https://www.glpzy.app/nl/ozempic-tracker-iphone.html,nl/ozempic-tracker-iphone.html,nl,commercial,index,yes,https://www.glpzy.app/nl/ozempic-tracker-iphone.html,keep_index_translation,,P1,All published translations remain indexable under the owner's policy.,"Check wording, medical safety, mobile layout and Search Console coverage without adding noindex."
https://www.glpzy.app/nl/privacy.html,nl/privacy.html,nl,privacy,index,yes,https://www.glpzy.app/nl/privacy.html,keep_index_translation,,P1,All published translations remain indexable under the owner's policy.,"Check wording, medical safety, mobile layout and Search Console coverage without adding noindex."
https://www.glpzy.app/nl/rybelsus-tracker-iphone.html,nl/rybelsus-tracker-iphone.html,nl,commercial,index,yes,https://www.glpzy.app/nl/rybelsus-tracker-iphone.html,keep_index_translation,,P1,All published translations remain indexable under the owner's policy.,"Check wording, medical safety, mobile layout and Search Console coverage without adding noindex."
https://www.glpzy.app/nl/saxenda-tracker-iphone.html,nl/saxenda-tracker-iphone.html,nl,commercial,index,yes,https://www.glpzy.app/nl/saxenda-tracker-iphone.html,keep_index_translation,,P1,All published translations remain indexable under the owner's policy.,"Check wording, medical safety, mobile layout and Search Console coverage without adding noindex."
https://www.glpzy.app/nl/semaglutide-tracker-iphone.html,nl/semaglutide-tracker-iphone.html,nl,ingredient,index,yes,https://www.glpzy.app/nl/semaglutide-tracker-iphone.html,keep_index_translation,,P1,All published translations remain indexable under the owner's policy.,"Check wording, medical safety, mobile layout and Search Console coverage without adding noindex."
https://www.glpzy.app/nl/support.html,nl/support.html,nl,trust,index,yes,https://www.glpzy.app/nl/support.html,keep_index_translation,,P1,All published translations remain indexable under the owner's policy.,"Check wording, medical safety, mobile layout and Search Console coverage without adding noindex."
https://www.glpzy.app/nl/terms.html,nl/terms.html,nl,trust,index,yes,https://www.glpzy.app/nl/terms.html,keep_index_translation,,P1,All published translations remain indexable under the owner's policy.,"Check wording, medical safety, mobile layout and Search Console coverage without adding noindex."
https://www.glpzy.app/nl/tirzepatide-tracker-iphone.html,nl/tirzepatide-tracker-iphone.html,nl,ingredient,index,yes,https://www.glpzy.app/nl/tirzepatide-tracker-iphone.html,keep_index_translation,,P1,All published translations remain indexable under the owner's policy.,"Check wording, medical safety, mobile layout and Search Console coverage without adding noindex."
https://www.glpzy.app/nl/trulicity-tracker-iphone.html,nl/trulicity-tracker-iphone.html,nl,commercial,index,yes,https://www.glpzy.app/nl/trulicity-tracker-iphone.html,keep_index_translation,,P1,All published translations remain indexable under the owner's policy.,"Check wording, medical safety, mobile layout and Search Console coverage without adding noindex."
https://www.glpzy.app/nl/victoza-tracker-iphone.html,nl/victoza-tracker-iphone.html,nl,commercial,index,yes,https://www.glpzy.app/nl/victoza-tracker-iphone.html,keep_index_translation,,P1,All published translations remain indexable under the owner's policy.,"Check wording, medical safety, mobile layout and Search Console coverage without adding noindex."
https://www.glpzy.app/nl/wegovy-tracker-iphone.html,nl/wegovy-tracker-iphone.html,nl,medicine,index,yes,https://www.glpzy.app/nl/wegovy-tracker-iphone.html,keep_index_translation,,P1,All published translations remain indexable under the owner's policy.,"Check wording, medical safety, mobile layout and Search Console coverage without adding noindex."
https://www.glpzy.app/nl/zepbound-tracker-iphone.html,nl/zepbound-tracker-iphone.html,nl,medicine,index,yes,https://www.glpzy.app/nl/zepbound-tracker-iphone.html,keep_index_translation,,P1,All published translations remain indexable under the owner's policy.,"Check wording, medical safety, mobile layout and Search Console coverage without adding noindex."
https://www.glpzy.app/or/apple-health-glp-tracker.html,or/apple-health-glp-tracker.html,or,feature,index,yes,https://www.glpzy.app/or/apple-health-glp-tracker.html,keep_index_translation,,P1,All published translations remain indexable under the owner's policy.,"Check wording, medical safety, mobile layout and Search Console coverage without adding noindex."
https://www.glpzy.app/or/compounded-glp-tracker-iphone.html,or/compounded-glp-tracker-iphone.html,or,commercial,index,yes,https://www.glpzy.app/or/compounded-glp-tracker-iphone.html,keep_index_translation,,P1,All published translations remain indexable under the owner's policy.,"Check wording, medical safety, mobile layout and Search Console coverage without adding noindex."
https://www.glpzy.app/or/custom-medication-tracker-iphone.html,or/custom-medication-tracker-iphone.html,or,commercial,index,yes,https://www.glpzy.app/or/custom-medication-tracker-iphone.html,keep_index_translation,,P1,All published translations remain indexable under the owner's policy.,"Check wording, medical safety, mobile layout and Search Console coverage without adding noindex."
https://www.glpzy.app/or/data-rights.html,or/data-rights.html,or,privacy,index,yes,https://www.glpzy.app/or/data-rights.html,keep_index_translation,,P1,All published translations remain indexable under the owner's policy.,"Check wording, medical safety, mobile layout and Search Console coverage without adding noindex."
https://www.glpzy.app/or/foundayo-tracker-iphone.html,or/foundayo-tracker-iphone.html,or,commercial,index,yes,https://www.glpzy.app/or/foundayo-tracker-iphone.html,keep_index_translation,,P1,All published translations remain indexable under the owner's policy.,"Check wording, medical safety, mobile layout and Search Console coverage without adding noindex."
https://www.glpzy.app/or/glp1-weight-dose-symptom-tracker.html,or/glp1-weight-dose-symptom-tracker.html,or,commercial,index,yes,https://www.glpzy.app/or/glp1-weight-dose-symptom-tracker.html,keep_index_translation,,P1,All published translations remain indexable under the owner's policy.,"Check wording, medical safety, mobile layout and Search Console coverage without adding noindex."
https://www.glpzy.app/or/glpzy-is-now-oneglp/,or/glpzy-is-now-oneglp/index.html,or,home,index,yes,https://www.glpzy.app/or/glpzy-is-now-oneglp/,keep_index_translation,,P1,All published translations remain indexable under the owner's policy.,"Check wording, medical safety, mobile layout and Search Console coverage without adding noindex."
https://www.glpzy.app/or/,or/index.html,or,home,index,yes,https://www.glpzy.app/or/,keep_index_translation,,P1,All published translations remain indexable under the owner's policy.,"Check wording, medical safety, mobile layout and Search Console coverage without adding noindex."
https://www.glpzy.app/or/local-first-private-glp-tracker.html,or/local-first-private-glp-tracker.html,or,privacy,index,yes,https://www.glpzy.app/or/local-first-private-glp-tracker.html,keep_index_translation,,P1,All published translations remain indexable under the owner's policy.,"Check wording, medical safety, mobile layout and Search Console coverage without adding noindex."
https://www.glpzy.app/or/medical-safety.html,or/medical-safety.html,or,trust,index,yes,https://www.glpzy.app/or/medical-safety.html,keep_index_translation,,P1,All published translations remain indexable under the owner's policy.,"Check wording, medical safety, mobile layout and Search Console coverage without adding noindex."
https://www.glpzy.app/or/methodology.html,or/methodology.html,or,trust,index,yes,https://www.glpzy.app/or/methodology.html,keep_index_translation,,P1,All published translations remain indexable under the owner's policy.,"Check wording, medical safety, mobile layout and Search Console coverage without adding noindex."
https://www.glpzy.app/or/mounjaro-tracker-iphone.html,or/mounjaro-tracker-iphone.html,or,medicine,index,yes,https://www.glpzy.app/or/mounjaro-tracker-iphone.html,keep_index_translation,,P1,All published translations remain indexable under the owner's policy.,"Check wording, medical safety, mobile layout and Search Console coverage without adding noindex."
https://www.glpzy.app/or/overview.html,or/overview.html,or,other,index,yes,https://www.glpzy.app/or/overview.html,keep_index_translation,,P1,All published translations remain indexable under the owner's policy.,"Check wording, medical safety, mobile layout and Search Console coverage without adding noindex."
https://www.glpzy.app/or/ozempic-tracker-iphone.html,or/ozempic-tracker-iphone.html,or,commercial,index,yes,https://www.glpzy.app/or/ozempic-tracker-iphone.html,keep_index_translation,,P1,All published translations remain indexable under the owner's policy.,"Check wording, medical safety, mobile layout and Search Console coverage without adding noindex."
https://www.glpzy.app/or/privacy.html,or/privacy.html,or,privacy,index,yes,https://www.glpzy.app/or/privacy.html,keep_index_translation,,P1,All published translations remain indexable under the owner's policy.,"Check wording, medical safety, mobile layout and Search Console coverage without adding noindex."
https://www.glpzy.app/or/rybelsus-tracker-iphone.html,or/rybelsus-tracker-iphone.html,or,commercial,index,yes,https://www.glpzy.app/or/rybelsus-tracker-iphone.html,keep_index_translation,,P1,All published translations remain indexable under the owner's policy.,"Check wording, medical safety, mobile layout and Search Console coverage without adding noindex."
https://www.glpzy.app/or/saxenda-tracker-iphone.html,or/saxenda-tracker-iphone.html,or,commercial,index,yes,https://www.glpzy.app/or/saxenda-tracker-iphone.html,keep_index_translation,,P1,All published translations remain indexable under the owner's policy.,"Check wording, medical safety, mobile layout and Search Console coverage without adding noindex."
https://www.glpzy.app/or/semaglutide-tracker-iphone.html,or/semaglutide-tracker-iphone.html,or,ingredient,index,yes,https://www.glpzy.app/or/semaglutide-tracker-iphone.html,keep_index_translation,,P1,All published translations remain indexable under the owner's policy.,"Check wording, medical safety, mobile layout and Search Console coverage without adding noindex."
https://www.glpzy.app/or/support.html,or/support.html,or,trust,index,yes,https://www.glpzy.app/or/support.html,keep_index_translation,,P1,All published translations remain indexable under the owner's policy.,"Check wording, medical safety, mobile layout and Search Console coverage without adding noindex."
https://www.glpzy.app/or/terms.html,or/terms.html,or,trust,index,yes,https://www.glpzy.app/or/terms.html,keep_index_translation,,P1,All published translations remain indexable under the owner's policy.,"Check wording, medical safety, mobile layout and Search Console coverage without adding noindex."
https://www.glpzy.app/or/tirzepatide-tracker-iphone.html,or/tirzepatide-tracker-iphone.html,or,ingredient,index,yes,https://www.glpzy.app/or/tirzepatide-tracker-iphone.html,keep_index_translation,,P1,All published translations remain indexable under the owner's policy.,"Check wording, medical safety, mobile layout and Search Console coverage without adding noindex."
https://www.glpzy.app/or/trulicity-tracker-iphone.html,or/trulicity-tracker-iphone.html,or,commercial,index,yes,https://www.glpzy.app/or/trulicity-tracker-iphone.html,keep_index_translation,,P1,All published translations remain indexable under the owner's policy.,"Check wording, medical safety, mobile layout and Search Console coverage without adding noindex."
https://www.glpzy.app/or/victoza-tracker-iphone.html,or/victoza-tracker-iphone.html,or,commercial,index,yes,https://www.glpzy.app/or/victoza-tracker-iphone.html,keep_index_translation,,P1,All published translations remain indexable under the owner's policy.,"Check wording, medical safety, mobile layout and Search Console coverage without adding noindex."
https://www.glpzy.app/or/wegovy-tracker-iphone.html,or/wegovy-tracker-iphone.html,or,medicine,index,yes,https://www.glpzy.app/or/wegovy-tracker-iphone.html,keep_index_translation,,P1,All published translations remain indexable under the owner's policy.,"Check wording, medical safety, mobile layout and Search Console coverage without adding noindex."
https://www.glpzy.app/or/zepbound-tracker-iphone.html,or/zepbound-tracker-iphone.html,or,medicine,index,yes,https://www.glpzy.app/or/zepbound-tracker-iphone.html,keep_index_translation,,P1,All published translations remain indexable under the owner's policy.,"Check wording, medical safety, mobile layout and Search Console coverage without adding noindex."
https://www.glpzy.app/overview.html,overview.html,root,other,index,yes,https://www.glpzy.app/overview.html,keep_index_supporting,,P2,Indexable root page with a supporting policy or product role.,"Monitor impressions, internal links and canonical selection."
https://www.glpzy.app/ozempic-tracker-iphone.html,ozempic-tracker-iphone.html,root,commercial,index,yes,https://www.glpzy.app/ozempic-tracker-iphone.html,monitor_then_consolidate,https://www.glpzy.app/semaglutide-tracker-iphone.html,P1,The page overlaps a broader ingredient or tracker intent.,"Keep for 28 days, then merge only if Search Console shows no distinct query demand."
https://www.glpzy.app/pa/apple-health-glp-tracker.html,pa/apple-health-glp-tracker.html,pa,feature,index,yes,https://www.glpzy.app/pa/apple-health-glp-tracker.html,keep_index_translation,,P1,All published translations remain indexable under the owner's policy.,"Check wording, medical safety, mobile layout and Search Console coverage without adding noindex."
https://www.glpzy.app/pa/compounded-glp-tracker-iphone.html,pa/compounded-glp-tracker-iphone.html,pa,commercial,index,yes,https://www.glpzy.app/pa/compounded-glp-tracker-iphone.html,keep_index_translation,,P1,All published translations remain indexable under the owner's policy.,"Check wording, medical safety, mobile layout and Search Console coverage without adding noindex."
https://www.glpzy.app/pa/custom-medication-tracker-iphone.html,pa/custom-medication-tracker-iphone.html,pa,commercial,index,yes,https://www.glpzy.app/pa/custom-medication-tracker-iphone.html,keep_index_translation,,P1,All published translations remain indexable under the owner's policy.,"Check wording, medical safety, mobile layout and Search Console coverage without adding noindex."
https://www.glpzy.app/pa/data-rights.html,pa/data-rights.html,pa,privacy,index,yes,https://www.glpzy.app/pa/data-rights.html,keep_index_translation,,P1,All published translations remain indexable under the owner's policy.,"Check wording, medical safety, mobile layout and Search Console coverage without adding noindex."
https://www.glpzy.app/pa/foundayo-tracker-iphone.html,pa/foundayo-tracker-iphone.html,pa,commercial,index,yes,https://www.glpzy.app/pa/foundayo-tracker-iphone.html,keep_index_translation,,P1,All published translations remain indexable under the owner's policy.,"Check wording, medical safety, mobile layout and Search Console coverage without adding noindex."
https://www.glpzy.app/pa/glp1-weight-dose-symptom-tracker.html,pa/glp1-weight-dose-symptom-tracker.html,pa,commercial,index,yes,https://www.glpzy.app/pa/glp1-weight-dose-symptom-tracker.html,keep_index_translation,,P1,All published translations remain indexable under the owner's policy.,"Check wording, medical safety, mobile layout and Search Console coverage without adding noindex."
https://www.glpzy.app/pa/glpzy-is-now-oneglp/,pa/glpzy-is-now-oneglp/index.html,pa,home,index,yes,https://www.glpzy.app/pa/glpzy-is-now-oneglp/,keep_index_translation,,P1,All published translations remain indexable under the owner's policy.,"Check wording, medical safety, mobile layout and Search Console coverage without adding noindex."
https://www.glpzy.app/pa/,pa/index.html,pa,home,index,yes,https://www.glpzy.app/pa/,keep_index_translation,,P1,All published translations remain indexable under the owner's policy.,"Check wording, medical safety, mobile layout and Search Console coverage without adding noindex."
https://www.glpzy.app/pa/local-first-private-glp-tracker.html,pa/local-first-private-glp-tracker.html,pa,privacy,index,yes,https://www.glpzy.app/pa/local-first-private-glp-tracker.html,keep_index_translation,,P1,All published translations remain indexable under the owner's policy.,"Check wording, medical safety, mobile layout and Search Console coverage without adding noindex."
https://www.glpzy.app/pa/medical-safety.html,pa/medical-safety.html,pa,trust,index,yes,https://www.glpzy.app/pa/medical-safety.html,keep_index_translation,,P1,All published translations remain indexable under the owner's policy.,"Check wording, medical safety, mobile layout and Search Console coverage without adding noindex."
https://www.glpzy.app/pa/methodology.html,pa/methodology.html,pa,trust,index,yes,https://www.glpzy.app/pa/methodology.html,keep_index_translation,,P1,All published translations remain indexable under the owner's policy.,"Check wording, medical safety, mobile layout and Search Console coverage without adding noindex."
https://www.glpzy.app/pa/mounjaro-tracker-iphone.html,pa/mounjaro-tracker-iphone.html,pa,medicine,index,yes,https://www.glpzy.app/pa/mounjaro-tracker-iphone.html,keep_index_translation,,P1,All published translations remain indexable under the owner's policy.,"Check wording, medical safety, mobile layout and Search Console coverage without adding noindex."
https://www.glpzy.app/pa/overview.html,pa/overview.html,pa,other,index,yes,https://www.glpzy.app/pa/overview.html,keep_index_translation,,P1,All published translations remain indexable under the owner's policy.,"Check wording, medical safety, mobile layout and Search Console coverage without adding noindex."
https://www.glpzy.app/pa/ozempic-tracker-iphone.html,pa/ozempic-tracker-iphone.html,pa,commercial,index,yes,https://www.glpzy.app/pa/ozempic-tracker-iphone.html,keep_index_translation,,P1,All published translations remain indexable under the owner's policy.,"Check wording, medical safety, mobile layout and Search Console coverage without adding noindex."
https://www.glpzy.app/pa/privacy.html,pa/privacy.html,pa,privacy,index,yes,https://www.glpzy.app/pa/privacy.html,keep_index_translation,,P1,All published translations remain indexable under the owner's policy.,"Check wording, medical safety, mobile layout and Search Console coverage without adding noindex."
https://www.glpzy.app/pa/rybelsus-tracker-iphone.html,pa/rybelsus-tracker-iphone.html,pa,commercial,index,yes,https://www.glpzy.app/pa/rybelsus-tracker-iphone.html,keep_index_translation,,P1,All published translations remain indexable under the owner's policy.,"Check wording, medical safety, mobile layout and Search Console coverage without adding noindex."
https://www.glpzy.app/pa/saxenda-tracker-iphone.html,pa/saxenda-tracker-iphone.html,pa,commercial,index,yes,https://www.glpzy.app/pa/saxenda-tracker-iphone.html,keep_index_translation,,P1,All published translations remain indexable under the owner's policy.,"Check wording, medical safety, mobile layout and Search Console coverage without adding noindex."
https://www.glpzy.app/pa/semaglutide-tracker-iphone.html,pa/semaglutide-tracker-iphone.html,pa,ingredient,index,yes,https://www.glpzy.app/pa/semaglutide-tracker-iphone.html,keep_index_translation,,P1,All published translations remain indexable under the owner's policy.,"Check wording, medical safety, mobile layout and Search Console coverage without adding noindex."
https://www.glpzy.app/pa/support.html,pa/support.html,pa,trust,index,yes,https://www.glpzy.app/pa/support.html,keep_index_translation,,P1,All published translations remain indexable under the owner's policy.,"Check wording, medical safety, mobile layout and Search Console coverage without adding noindex."
https://www.glpzy.app/pa/terms.html,pa/terms.html,pa,trust,index,yes,https://www.glpzy.app/pa/terms.html,keep_index_translation,,P1,All published translations remain indexable under the owner's policy.,"Check wording, medical safety, mobile layout and Search Console coverage without adding noindex."
https://www.glpzy.app/pa/tirzepatide-tracker-iphone.html,pa/tirzepatide-tracker-iphone.html,pa,ingredient,index,yes,https://www.glpzy.app/pa/tirzepatide-tracker-iphone.html,keep_index_translation,,P1,All published translations remain indexable under the owner's policy.,"Check wording, medical safety, mobile layout and Search Console coverage without adding noindex."
https://www.glpzy.app/pa/trulicity-tracker-iphone.html,pa/trulicity-tracker-iphone.html,pa,commercial,index,yes,https://www.glpzy.app/pa/trulicity-tracker-iphone.html,keep_index_translation,,P1,All published translations remain indexable under the owner's policy.,"Check wording, medical safety, mobile layout and Search Console coverage without adding noindex."
https://www.glpzy.app/pa/victoza-tracker-iphone.html,pa/victoza-tracker-iphone.html,pa,commercial,index,yes,https://www.glpzy.app/pa/victoza-tracker-iphone.html,keep_index_translation,,P1,All published translations remain indexable under the owner's policy.,"Check wording, medical safety, mobile layout and Search Console coverage without adding noindex."
https://www.glpzy.app/pa/wegovy-tracker-iphone.html,pa/wegovy-tracker-iphone.html,pa,medicine,index,yes,https://www.glpzy.app/pa/wegovy-tracker-iphone.html,keep_index_translation,,P1,All published translations remain indexable under the owner's policy.,"Check wording, medical safety, mobile layout and Search Console coverage without adding noindex."
https://www.glpzy.app/pa/zepbound-tracker-iphone.html,pa/zepbound-tracker-iphone.html,pa,medicine,index,yes,https://www.glpzy.app/pa/zepbound-tracker-iphone.html,keep_index_translation,,P1,All published translations remain indexable under the owner's policy.,"Check wording, medical safety, mobile layout and Search Console coverage without adding noindex."
https://www.glpzy.app/pl/apple-health-glp-tracker.html,pl/apple-health-glp-tracker.html,pl,feature,index,yes,https://www.glpzy.app/pl/apple-health-glp-tracker.html,keep_index_translation,,P1,All published translations remain indexable under the owner's policy.,"Check wording, medical safety, mobile layout and Search Console coverage without adding noindex."
https://www.glpzy.app/pl/compounded-glp-tracker-iphone.html,pl/compounded-glp-tracker-iphone.html,pl,commercial,index,yes,https://www.glpzy.app/pl/compounded-glp-tracker-iphone.html,keep_index_translation,,P1,All published translations remain indexable under the owner's policy.,"Check wording, medical safety, mobile layout and Search Console coverage without adding noindex."
https://www.glpzy.app/pl/custom-medication-tracker-iphone.html,pl/custom-medication-tracker-iphone.html,pl,commercial,index,yes,https://www.glpzy.app/pl/custom-medication-tracker-iphone.html,keep_index_translation,,P1,All published translations remain indexable under the owner's policy.,"Check wording, medical safety, mobile layout and Search Console coverage without adding noindex."
https://www.glpzy.app/pl/data-rights.html,pl/data-rights.html,pl,privacy,index,yes,https://www.glpzy.app/pl/data-rights.html,keep_index_translation,,P1,All published translations remain indexable under the owner's policy.,"Check wording, medical safety, mobile layout and Search Console coverage without adding noindex."
https://www.glpzy.app/pl/foundayo-tracker-iphone.html,pl/foundayo-tracker-iphone.html,pl,commercial,index,yes,https://www.glpzy.app/pl/foundayo-tracker-iphone.html,keep_index_translation,,P1,All published translations remain indexable under the owner's policy.,"Check wording, medical safety, mobile layout and Search Console coverage without adding noindex."
https://www.glpzy.app/pl/glp1-weight-dose-symptom-tracker.html,pl/glp1-weight-dose-symptom-tracker.html,pl,commercial,index,yes,https://www.glpzy.app/pl/glp1-weight-dose-symptom-tracker.html,keep_index_translation,,P1,All published translations remain indexable under the owner's policy.,"Check wording, medical safety, mobile layout and Search Console coverage without adding noindex."
https://www.glpzy.app/pl/glpzy-is-now-oneglp/,pl/glpzy-is-now-oneglp/index.html,pl,home,index,yes,https://www.glpzy.app/pl/glpzy-is-now-oneglp/,keep_index_translation,,P1,All published translations remain indexable under the owner's policy.,"Check wording, medical safety, mobile layout and Search Console coverage without adding noindex."
https://www.glpzy.app/pl/,pl/index.html,pl,home,index,yes,https://www.glpzy.app/pl/,keep_index_translation,,P1,All published translations remain indexable under the owner's policy.,"Check wording, medical safety, mobile layout and Search Console coverage without adding noindex."
https://www.glpzy.app/pl/local-first-private-glp-tracker.html,pl/local-first-private-glp-tracker.html,pl,privacy,index,yes,https://www.glpzy.app/pl/local-first-private-glp-tracker.html,keep_index_translation,,P1,All published translations remain indexable under the owner's policy.,"Check wording, medical safety, mobile layout and Search Console coverage without adding noindex."
https://www.glpzy.app/pl/medical-safety.html,pl/medical-safety.html,pl,trust,index,yes,https://www.glpzy.app/pl/medical-safety.html,keep_index_translation,,P1,All published translations remain indexable under the owner's policy.,"Check wording, medical safety, mobile layout and Search Console coverage without adding noindex."
https://www.glpzy.app/pl/methodology.html,pl/methodology.html,pl,trust,index,yes,https://www.glpzy.app/pl/methodology.html,keep_index_translation,,P1,All published translations remain indexable under the owner's policy.,"Check wording, medical safety, mobile layout and Search Console coverage without adding noindex."
https://www.glpzy.app/pl/mounjaro-tracker-iphone.html,pl/mounjaro-tracker-iphone.html,pl,medicine,index,yes,https://www.glpzy.app/pl/mounjaro-tracker-iphone.html,keep_index_translation,,P1,All published translations remain indexable under the owner's policy.,"Check wording, medical safety, mobile layout and Search Console coverage without adding noindex."
https://www.glpzy.app/pl/overview.html,pl/overview.html,pl,other,index,yes,https://www.glpzy.app/pl/overview.html,keep_index_translation,,P1,All published translations remain indexable under the owner's policy.,"Check wording, medical safety, mobile layout and Search Console coverage without adding noindex."
https://www.glpzy.app/pl/ozempic-tracker-iphone.html,pl/ozempic-tracker-iphone.html,pl,commercial,index,yes,https://www.glpzy.app/pl/ozempic-tracker-iphone.html,keep_index_translation,,P1,All published translations remain indexable under the owner's policy.,"Check wording, medical safety, mobile layout and Search Console coverage without adding noindex."
https://www.glpzy.app/pl/privacy.html,pl/privacy.html,pl,privacy,index,yes,https://www.glpzy.app/pl/privacy.html,keep_index_translation,,P1,All published translations remain indexable under the owner's policy.,"Check wording, medical safety, mobile layout and Search Console coverage without adding noindex."
https://www.glpzy.app/pl/rybelsus-tracker-iphone.html,pl/rybelsus-tracker-iphone.html,pl,commercial,index,yes,https://www.glpzy.app/pl/rybelsus-tracker-iphone.html,keep_index_translation,,P1,All published translations remain indexable under the owner's policy.,"Check wording, medical safety, mobile layout and Search Console coverage without adding noindex."
https://www.glpzy.app/pl/saxenda-tracker-iphone.html,pl/saxenda-tracker-iphone.html,pl,commercial,index,yes,https://www.glpzy.app/pl/saxenda-tracker-iphone.html,keep_index_translation,,P1,All published translations remain indexable under the owner's policy.,"Check wording, medical safety, mobile layout and Search Console coverage without adding noindex."
https://www.glpzy.app/pl/semaglutide-tracker-iphone.html,pl/semaglutide-tracker-iphone.html,pl,ingredient,index,yes,https://www.glpzy.app/pl/semaglutide-tracker-iphone.html,keep_index_translation,,P1,All published translations remain indexable under the owner's policy.,"Check wording, medical safety, mobile layout and Search Console coverage without adding noindex."
https://www.glpzy.app/pl/support.html,pl/support.html,pl,trust,index,yes,https://www.glpzy.app/pl/support.html,keep_index_translation,,P1,All published translations remain indexable under the owner's policy.,"Check wording, medical safety, mobile layout and Search Console coverage without adding noindex."
https://www.glpzy.app/pl/terms.html,pl/terms.html,pl,trust,index,yes,https://www.glpzy.app/pl/terms.html,keep_index_translation,,P1,All published translations remain indexable under the owner's policy.,"Check wording, medical safety, mobile layout and Search Console coverage without adding noindex."
https://www.glpzy.app/pl/tirzepatide-tracker-iphone.html,pl/tirzepatide-tracker-iphone.html,pl,ingredient,index,yes,https://www.glpzy.app/pl/tirzepatide-tracker-iphone.html,keep_index_translation,,P1,All published translations remain indexable under the owner's policy.,"Check wording, medical safety, mobile layout and Search Console coverage without adding noindex."
https://www.glpzy.app/pl/trulicity-tracker-iphone.html,pl/trulicity-tracker-iphone.html,pl,commercial,index,yes,https://www.glpzy.app/pl/trulicity-tracker-iphone.html,keep_index_translation,,P1,All published translations remain indexable under the owner's policy.,"Check wording, medical safety, mobile layout and Search Console coverage without adding noindex."
https://www.glpzy.app/pl/victoza-tracker-iphone.html,pl/victoza-tracker-iphone.html,pl,commercial,index,yes,https://www.glpzy.app/pl/victoza-tracker-iphone.html,keep_index_translation,,P1,All published translations remain indexable under the owner's policy.,"Check wording, medical safety, mobile layout and Search Console coverage without adding noindex."
https://www.glpzy.app/pl/wegovy-tracker-iphone.html,pl/wegovy-tracker-iphone.html,pl,medicine,index,yes,https://www.glpzy.app/pl/wegovy-tracker-iphone.html,keep_index_translation,,P1,All published translations remain indexable under the owner's policy.,"Check wording, medical safety, mobile layout and Search Console coverage without adding noindex."
https://www.glpzy.app/pl/zepbound-tracker-iphone.html,pl/zepbound-tracker-iphone.html,pl,medicine,index,yes,https://www.glpzy.app/pl/zepbound-tracker-iphone.html,keep_index_translation,,P1,All published translations remain indexable under the owner's policy.,"Check wording, medical safety, mobile layout and Search Console coverage without adding noindex."
https://www.glpzy.app/privacy.html,privacy.html,root,privacy,index,yes,https://www.glpzy.app/privacy.html,keep_index_priority,,P0,"Distinct product, feature, offer or trust intent.","Monitor query match, CTR, canonical selection and conversions."
https://www.glpzy.app/pt-br/apple-health-glp-tracker.html,pt-br/apple-health-glp-tracker.html,pt-br,feature,index,yes,https://www.glpzy.app/pt-br/apple-health-glp-tracker.html,keep_index_translation,,P1,All published translations remain indexable under the owner's policy.,"Check wording, medical safety, mobile layout and Search Console coverage without adding noindex."
https://www.glpzy.app/pt-br/compounded-glp-tracker-iphone.html,pt-br/compounded-glp-tracker-iphone.html,pt-br,commercial,index,yes,https://www.glpzy.app/pt-br/compounded-glp-tracker-iphone.html,keep_index_translation,,P1,All published translations remain indexable under the owner's policy.,"Check wording, medical safety, mobile layout and Search Console coverage without adding noindex."
https://www.glpzy.app/pt-br/custom-medication-tracker-iphone.html,pt-br/custom-medication-tracker-iphone.html,pt-br,commercial,index,yes,https://www.glpzy.app/pt-br/custom-medication-tracker-iphone.html,keep_index_translation,,P1,All published translations remain indexable under the owner's policy.,"Check wording, medical safety, mobile layout and Search Console coverage without adding noindex."
https://www.glpzy.app/pt-br/data-rights.html,pt-br/data-rights.html,pt-br,privacy,index,yes,https://www.glpzy.app/pt-br/data-rights.html,keep_index_translation,,P1,All published translations remain indexable under the owner's policy.,"Check wording, medical safety, mobile layout and Search Console coverage without adding noindex."
https://www.glpzy.app/pt-br/foundayo-tracker-iphone.html,pt-br/foundayo-tracker-iphone.html,pt-br,commercial,index,yes,https://www.glpzy.app/pt-br/foundayo-tracker-iphone.html,keep_index_translation,,P1,All published translations remain indexable under the owner's policy.,"Check wording, medical safety, mobile layout and Search Console coverage without adding noindex."
https://www.glpzy.app/pt-br/glp1-weight-dose-symptom-tracker.html,pt-br/glp1-weight-dose-symptom-tracker.html,pt-br,commercial,index,yes,https://www.glpzy.app/pt-br/glp1-weight-dose-symptom-tracker.html,keep_index_translation,,P1,All published translations remain indexable under the owner's policy.,"Check wording, medical safety, mobile layout and Search Console coverage without adding noindex."
https://www.glpzy.app/pt-br/glpzy-is-now-oneglp/,pt-br/glpzy-is-now-oneglp/index.html,pt-br,home,index,yes,https://www.glpzy.app/pt-br/glpzy-is-now-oneglp/,keep_index_translation,,P1,All published translations remain indexable under the owner's policy.,"Check wording, medical safety, mobile layout and Search Console coverage without adding noindex."
https://www.glpzy.app/pt-br/,pt-br/index.html,pt-br,home,index,yes,https://www.glpzy.app/pt-br/,keep_index_translation,,P1,All published translations remain indexable under the owner's policy.,"Check wording, medical safety, mobile layout and Search Console coverage without adding noindex."
https://www.glpzy.app/pt-br/local-first-private-glp-tracker.html,pt-br/local-first-private-glp-tracker.html,pt-br,privacy,index,yes,https://www.glpzy.app/pt-br/local-first-private-glp-tracker.html,keep_index_translation,,P1,All published translations remain indexable under the owner's policy.,"Check wording, medical safety, mobile layout and Search Console coverage without adding noindex."
https://www.glpzy.app/pt-br/medical-safety.html,pt-br/medical-safety.html,pt-br,trust,index,yes,https://www.glpzy.app/pt-br/medical-safety.html,keep_index_translation,,P1,All published translations remain indexable under the owner's policy.,"Check wording, medical safety, mobile layout and Search Console coverage without adding noindex."
https://www.glpzy.app/pt-br/methodology.html,pt-br/methodology.html,pt-br,trust,index,yes,https://www.glpzy.app/pt-br/methodology.html,keep_index_translation,,P1,All published translations remain indexable under the owner's policy.,"Check wording, medical safety, mobile layout and Search Console coverage without adding noindex."
https://www.glpzy.app/pt-br/mounjaro-tracker-iphone.html,pt-br/mounjaro-tracker-iphone.html,pt-br,medicine,index,yes,https://www.glpzy.app/pt-br/mounjaro-tracker-iphone.html,keep_index_translation,,P1,All published translations remain indexable under the owner's policy.,"Check wording, medical safety, mobile layout and Search Console coverage without adding noindex."
https://www.glpzy.app/pt-br/overview.html,pt-br/overview.html,pt-br,other,index,yes,https://www.glpzy.app/pt-br/overview.html,keep_index_translation,,P1,All published translations remain indexable under the owner's policy.,"Check wording, medical safety, mobile layout and Search Console coverage without adding noindex."
https://www.glpzy.app/pt-br/ozempic-tracker-iphone.html,pt-br/ozempic-tracker-iphone.html,pt-br,commercial,index,yes,https://www.glpzy.app/pt-br/ozempic-tracker-iphone.html,keep_index_translation,,P1,All published translations remain indexable under the owner's policy.,"Check wording, medical safety, mobile layout and Search Console coverage without adding noindex."
https://www.glpzy.app/pt-br/privacy.html,pt-br/privacy.html,pt-br,privacy,index,yes,https://www.glpzy.app/pt-br/privacy.html,keep_index_translation,,P1,All published translations remain indexable under the owner's policy.,"Check wording, medical safety, mobile layout and Search Console coverage without adding noindex."
https://www.glpzy.app/pt-br/rybelsus-tracker-iphone.html,pt-br/rybelsus-tracker-iphone.html,pt-br,commercial,index,yes,https://www.glpzy.app/pt-br/rybelsus-tracker-iphone.html,keep_index_translation,,P1,All published translations remain indexable under the owner's policy.,"Check wording, medical safety, mobile layout and Search Console coverage without adding noindex."
https://www.glpzy.app/pt-br/saxenda-tracker-iphone.html,pt-br/saxenda-tracker-iphone.html,pt-br,commercial,index,yes,https://www.glpzy.app/pt-br/saxenda-tracker-iphone.html,keep_index_translation,,P1,All published translations remain indexable under the owner's policy.,"Check wording, medical safety, mobile layout and Search Console coverage without adding noindex."
https://www.glpzy.app/pt-br/semaglutide-tracker-iphone.html,pt-br/semaglutide-tracker-iphone.html,pt-br,ingredient,index,yes,https://www.glpzy.app/pt-br/semaglutide-tracker-iphone.html,keep_index_translation,,P1,All published translations remain indexable under the owner's policy.,"Check wording, medical safety, mobile layout and Search Console coverage without adding noindex."
https://www.glpzy.app/pt-br/support.html,pt-br/support.html,pt-br,trust,index,yes,https://www.glpzy.app/pt-br/support.html,keep_index_translation,,P1,All published translations remain indexable under the owner's policy.,"Check wording, medical safety, mobile layout and Search Console coverage without adding noindex."
https://www.glpzy.app/pt-br/terms.html,pt-br/terms.html,pt-br,trust,index,yes,https://www.glpzy.app/pt-br/terms.html,keep_index_translation,,P1,All published translations remain indexable under the owner's policy.,"Check wording, medical safety, mobile layout and Search Console coverage without adding noindex."
https://www.glpzy.app/pt-br/tirzepatide-tracker-iphone.html,pt-br/tirzepatide-tracker-iphone.html,pt-br,ingredient,index,yes,https://www.glpzy.app/pt-br/tirzepatide-tracker-iphone.html,keep_index_translation,,P1,All published translations remain indexable under the owner's policy.,"Check wording, medical safety, mobile layout and Search Console coverage without adding noindex."
https://www.glpzy.app/pt-br/trulicity-tracker-iphone.html,pt-br/trulicity-tracker-iphone.html,pt-br,commercial,index,yes,https://www.glpzy.app/pt-br/trulicity-tracker-iphone.html,keep_index_translation,,P1,All published translations remain indexable under the owner's policy.,"Check wording, medical safety, mobile layout and Search Console coverage without adding noindex."
https://www.glpzy.app/pt-br/victoza-tracker-iphone.html,pt-br/victoza-tracker-iphone.html,pt-br,commercial,index,yes,https://www.glpzy.app/pt-br/victoza-tracker-iphone.html,keep_index_translation,,P1,All published translations remain indexable under the owner's policy.,"Check wording, medical safety, mobile layout and Search Console coverage without adding noindex."
https://www.glpzy.app/pt-br/wegovy-tracker-iphone.html,pt-br/wegovy-tracker-iphone.html,pt-br,medicine,index,yes,https://www.glpzy.app/pt-br/wegovy-tracker-iphone.html,keep_index_translation,,P1,All published translations remain indexable under the owner's policy.,"Check wording, medical safety, mobile layout and Search Console coverage without adding noindex."
https://www.glpzy.app/pt-br/zepbound-tracker-iphone.html,pt-br/zepbound-tracker-iphone.html,pt-br,medicine,index,yes,https://www.glpzy.app/pt-br/zepbound-tracker-iphone.html,keep_index_translation,,P1,All published translations remain indexable under the owner's policy.,"Check wording, medical safety, mobile layout and Search Console coverage without adding noindex."
https://www.glpzy.app/pt-pt/apple-health-glp-tracker.html,pt-pt/apple-health-glp-tracker.html,pt-pt,feature,index,yes,https://www.glpzy.app/pt-pt/apple-health-glp-tracker.html,keep_index_translation,,P1,All published translations remain indexable under the owner's policy.,"Check wording, medical safety, mobile layout and Search Console coverage without adding noindex."
https://www.glpzy.app/pt-pt/compounded-glp-tracker-iphone.html,pt-pt/compounded-glp-tracker-iphone.html,pt-pt,commercial,index,yes,https://www.glpzy.app/pt-pt/compounded-glp-tracker-iphone.html,keep_index_translation,,P1,All published translations remain indexable under the owner's policy.,"Check wording, medical safety, mobile layout and Search Console coverage without adding noindex."
https://www.glpzy.app/pt-pt/custom-medication-tracker-iphone.html,pt-pt/custom-medication-tracker-iphone.html,pt-pt,commercial,index,yes,https://www.glpzy.app/pt-pt/custom-medication-tracker-iphone.html,keep_index_translation,,P1,All published translations remain indexable under the owner's policy.,"Check wording, medical safety, mobile layout and Search Console coverage without adding noindex."
https://www.glpzy.app/pt-pt/data-rights.html,pt-pt/data-rights.html,pt-pt,privacy,index,yes,https://www.glpzy.app/pt-pt/data-rights.html,keep_index_translation,,P1,All published translations remain indexable under the owner's policy.,"Check wording, medical safety, mobile layout and Search Console coverage without adding noindex."
https://www.glpzy.app/pt-pt/foundayo-tracker-iphone.html,pt-pt/foundayo-tracker-iphone.html,pt-pt,commercial,index,yes,https://www.glpzy.app/pt-pt/foundayo-tracker-iphone.html,keep_index_translation,,P1,All published translations remain indexable under the owner's policy.,"Check wording, medical safety, mobile layout and Search Console coverage without adding noindex."
https://www.glpzy.app/pt-pt/glp1-weight-dose-symptom-tracker.html,pt-pt/glp1-weight-dose-symptom-tracker.html,pt-pt,commercial,index,yes,https://www.glpzy.app/pt-pt/glp1-weight-dose-symptom-tracker.html,keep_index_translation,,P1,All published translations remain indexable under the owner's policy.,"Check wording, medical safety, mobile layout and Search Console coverage without adding noindex."
https://www.glpzy.app/pt-pt/glpzy-is-now-oneglp/,pt-pt/glpzy-is-now-oneglp/index.html,pt-pt,home,index,yes,https://www.glpzy.app/pt-pt/glpzy-is-now-oneglp/,keep_index_translation,,P1,All published translations remain indexable under the owner's policy.,"Check wording, medical safety, mobile layout and Search Console coverage without adding noindex."
https://www.glpzy.app/pt-pt/,pt-pt/index.html,pt-pt,home,index,yes,https://www.glpzy.app/pt-pt/,keep_index_translation,,P1,All published translations remain indexable under the owner's policy.,"Check wording, medical safety, mobile layout and Search Console coverage without adding noindex."
https://www.glpzy.app/pt-pt/local-first-private-glp-tracker.html,pt-pt/local-first-private-glp-tracker.html,pt-pt,privacy,index,yes,https://www.glpzy.app/pt-pt/local-first-private-glp-tracker.html,keep_index_translation,,P1,All published translations remain indexable under the owner's policy.,"Check wording, medical safety, mobile layout and Search Console coverage without adding noindex."
https://www.glpzy.app/pt-pt/medical-safety.html,pt-pt/medical-safety.html,pt-pt,trust,index,yes,https://www.glpzy.app/pt-pt/medical-safety.html,keep_index_translation,,P1,All published translations remain indexable under the owner's policy.,"Check wording, medical safety, mobile layout and Search Console coverage without adding noindex."
https://www.glpzy.app/pt-pt/methodology.html,pt-pt/methodology.html,pt-pt,trust,index,yes,https://www.glpzy.app/pt-pt/methodology.html,keep_index_translation,,P1,All published translations remain indexable under the owner's policy.,"Check wording, medical safety, mobile layout and Search Console coverage without adding noindex."
https://www.glpzy.app/pt-pt/mounjaro-tracker-iphone.html,pt-pt/mounjaro-tracker-iphone.html,pt-pt,medicine,index,yes,https://www.glpzy.app/pt-pt/mounjaro-tracker-iphone.html,keep_index_translation,,P1,All published translations remain indexable under the owner's policy.,"Check wording, medical safety, mobile layout and Search Console coverage without adding noindex."
https://www.glpzy.app/pt-pt/overview.html,pt-pt/overview.html,pt-pt,other,index,yes,https://www.glpzy.app/pt-pt/overview.html,keep_index_translation,,P1,All published translations remain indexable under the owner's policy.,"Check wording, medical safety, mobile layout and Search Console coverage without adding noindex."
https://www.glpzy.app/pt-pt/ozempic-tracker-iphone.html,pt-pt/ozempic-tracker-iphone.html,pt-pt,commercial,index,yes,https://www.glpzy.app/pt-pt/ozempic-tracker-iphone.html,keep_index_translation,,P1,All published translations remain indexable under the owner's policy.,"Check wording, medical safety, mobile layout and Search Console coverage without adding noindex."
https://www.glpzy.app/pt-pt/privacy.html,pt-pt/privacy.html,pt-pt,privacy,index,yes,https://www.glpzy.app/pt-pt/privacy.html,keep_index_translation,,P1,All published translations remain indexable under the owner's policy.,"Check wording, medical safety, mobile layout and Search Console coverage without adding noindex."
https://www.glpzy.app/pt-pt/rybelsus-tracker-iphone.html,pt-pt/rybelsus-tracker-iphone.html,pt-pt,commercial,index,yes,https://www.glpzy.app/pt-pt/rybelsus-tracker-iphone.html,keep_index_translation,,P1,All published translations remain indexable under the owner's policy.,"Check wording, medical safety, mobile layout and Search Console coverage without adding noindex."
https://www.glpzy.app/pt-pt/saxenda-tracker-iphone.html,pt-pt/saxenda-tracker-iphone.html,pt-pt,commercial,index,yes,https://www.glpzy.app/pt-pt/saxenda-tracker-iphone.html,keep_index_translation,,P1,All published translations remain indexable under the owner's policy.,"Check wording, medical safety, mobile layout and Search Console coverage without adding noindex."
https://www.glpzy.app/pt-pt/semaglutide-tracker-iphone.html,pt-pt/semaglutide-tracker-iphone.html,pt-pt,ingredient,index,yes,https://www.glpzy.app/pt-pt/semaglutide-tracker-iphone.html,keep_index_translation,,P1,All published translations remain indexable under the owner's policy.,"Check wording, medical safety, mobile layout and Search Console coverage without adding noindex."
https://www.glpzy.app/pt-pt/support.html,pt-pt/support.html,pt-pt,trust,index,yes,https://www.glpzy.app/pt-pt/support.html,keep_index_translation,,P1,All published translations remain indexable under the owner's policy.,"Check wording, medical safety, mobile layout and Search Console coverage without adding noindex."
https://www.glpzy.app/pt-pt/terms.html,pt-pt/terms.html,pt-pt,trust,index,yes,https://www.glpzy.app/pt-pt/terms.html,keep_index_translation,,P1,All published translations remain indexable under the owner's policy.,"Check wording, medical safety, mobile layout and Search Console coverage without adding noindex."
https://www.glpzy.app/pt-pt/tirzepatide-tracker-iphone.html,pt-pt/tirzepatide-tracker-iphone.html,pt-pt,ingredient,index,yes,https://www.glpzy.app/pt-pt/tirzepatide-tracker-iphone.html,keep_index_translation,,P1,All published translations remain indexable under the owner's policy.,"Check wording, medical safety, mobile layout and Search Console coverage without adding noindex."
https://www.glpzy.app/pt-pt/trulicity-tracker-iphone.html,pt-pt/trulicity-tracker-iphone.html,pt-pt,commercial,index,yes,https://www.glpzy.app/pt-pt/trulicity-tracker-iphone.html,keep_index_translation,,P1,All published translations remain indexable under the owner's policy.,"Check wording, medical safety, mobile layout and Search Console coverage without adding noindex."
https://www.glpzy.app/pt-pt/victoza-tracker-iphone.html,pt-pt/victoza-tracker-iphone.html,pt-pt,commercial,index,yes,https://www.glpzy.app/pt-pt/victoza-tracker-iphone.html,keep_index_translation,,P1,All published translations remain indexable under the owner's policy.,"Check wording, medical safety, mobile layout and Search Console coverage without adding noindex."
https://www.glpzy.app/pt-pt/wegovy-tracker-iphone.html,pt-pt/wegovy-tracker-iphone.html,pt-pt,medicine,index,yes,https://www.glpzy.app/pt-pt/wegovy-tracker-iphone.html,keep_index_translation,,P1,All published translations remain indexable under the owner's policy.,"Check wording, medical safety, mobile layout and Search Console coverage without adding noindex."
https://www.glpzy.app/pt-pt/zepbound-tracker-iphone.html,pt-pt/zepbound-tracker-iphone.html,pt-pt,medicine,index,yes,https://www.glpzy.app/pt-pt/zepbound-tracker-iphone.html,keep_index_translation,,P1,All published translations remain indexable under the owner's policy.,"Check wording, medical safety, mobile layout and Search Console coverage without adding noindex."
https://www.glpzy.app/ro/apple-health-glp-tracker.html,ro/apple-health-glp-tracker.html,ro,feature,index,yes,https://www.glpzy.app/ro/apple-health-glp-tracker.html,keep_index_translation,,P1,All published translations remain indexable under the owner's policy.,"Check wording, medical safety, mobile layout and Search Console coverage without adding noindex."
https://www.glpzy.app/ro/compounded-glp-tracker-iphone.html,ro/compounded-glp-tracker-iphone.html,ro,commercial,index,yes,https://www.glpzy.app/ro/compounded-glp-tracker-iphone.html,keep_index_translation,,P1,All published translations remain indexable under the owner's policy.,"Check wording, medical safety, mobile layout and Search Console coverage without adding noindex."
https://www.glpzy.app/ro/custom-medication-tracker-iphone.html,ro/custom-medication-tracker-iphone.html,ro,commercial,index,yes,https://www.glpzy.app/ro/custom-medication-tracker-iphone.html,keep_index_translation,,P1,All published translations remain indexable under the owner's policy.,"Check wording, medical safety, mobile layout and Search Console coverage without adding noindex."
https://www.glpzy.app/ro/data-rights.html,ro/data-rights.html,ro,privacy,index,yes,https://www.glpzy.app/ro/data-rights.html,keep_index_translation,,P1,All published translations remain indexable under the owner's policy.,"Check wording, medical safety, mobile layout and Search Console coverage without adding noindex."
https://www.glpzy.app/ro/foundayo-tracker-iphone.html,ro/foundayo-tracker-iphone.html,ro,commercial,index,yes,https://www.glpzy.app/ro/foundayo-tracker-iphone.html,keep_index_translation,,P1,All published translations remain indexable under the owner's policy.,"Check wording, medical safety, mobile layout and Search Console coverage without adding noindex."
https://www.glpzy.app/ro/glp1-weight-dose-symptom-tracker.html,ro/glp1-weight-dose-symptom-tracker.html,ro,commercial,index,yes,https://www.glpzy.app/ro/glp1-weight-dose-symptom-tracker.html,keep_index_translation,,P1,All published translations remain indexable under the owner's policy.,"Check wording, medical safety, mobile layout and Search Console coverage without adding noindex."
https://www.glpzy.app/ro/glpzy-is-now-oneglp/,ro/glpzy-is-now-oneglp/index.html,ro,home,index,yes,https://www.glpzy.app/ro/glpzy-is-now-oneglp/,keep_index_translation,,P1,All published translations remain indexable under the owner's policy.,"Check wording, medical safety, mobile layout and Search Console coverage without adding noindex."
https://www.glpzy.app/ro/,ro/index.html,ro,home,index,yes,https://www.glpzy.app/ro/,keep_index_translation,,P1,All published translations remain indexable under the owner's policy.,"Check wording, medical safety, mobile layout and Search Console coverage without adding noindex."
https://www.glpzy.app/ro/local-first-private-glp-tracker.html,ro/local-first-private-glp-tracker.html,ro,privacy,index,yes,https://www.glpzy.app/ro/local-first-private-glp-tracker.html,keep_index_translation,,P1,All published translations remain indexable under the owner's policy.,"Check wording, medical safety, mobile layout and Search Console coverage without adding noindex."
https://www.glpzy.app/ro/medical-safety.html,ro/medical-safety.html,ro,trust,index,yes,https://www.glpzy.app/ro/medical-safety.html,keep_index_translation,,P1,All published translations remain indexable under the owner's policy.,"Check wording, medical safety, mobile layout and Search Console coverage without adding noindex."
https://www.glpzy.app/ro/methodology.html,ro/methodology.html,ro,trust,index,yes,https://www.glpzy.app/ro/methodology.html,keep_index_translation,,P1,All published translations remain indexable under the owner's policy.,"Check wording, medical safety, mobile layout and Search Console coverage without adding noindex."
https://www.glpzy.app/ro/mounjaro-tracker-iphone.html,ro/mounjaro-tracker-iphone.html,ro,medicine,index,yes,https://www.glpzy.app/ro/mounjaro-tracker-iphone.html,keep_index_translation,,P1,All published translations remain indexable under the owner's policy.,"Check wording, medical safety, mobile layout and Search Console coverage without adding noindex."
https://www.glpzy.app/ro/overview.html,ro/overview.html,ro,other,index,yes,https://www.glpzy.app/ro/overview.html,keep_index_translation,,P1,All published translations remain indexable under the owner's policy.,"Check wording, medical safety, mobile layout and Search Console coverage without adding noindex."
https://www.glpzy.app/ro/ozempic-tracker-iphone.html,ro/ozempic-tracker-iphone.html,ro,commercial,index,yes,https://www.glpzy.app/ro/ozempic-tracker-iphone.html,keep_index_translation,,P1,All published translations remain indexable under the owner's policy.,"Check wording, medical safety, mobile layout and Search Console coverage without adding noindex."
https://www.glpzy.app/ro/privacy.html,ro/privacy.html,ro,privacy,index,yes,https://www.glpzy.app/ro/privacy.html,keep_index_translation,,P1,All published translations remain indexable under the owner's policy.,"Check wording, medical safety, mobile layout and Search Console coverage without adding noindex."
https://www.glpzy.app/ro/rybelsus-tracker-iphone.html,ro/rybelsus-tracker-iphone.html,ro,commercial,index,yes,https://www.glpzy.app/ro/rybelsus-tracker-iphone.html,keep_index_translation,,P1,All published translations remain indexable under the owner's policy.,"Check wording, medical safety, mobile layout and Search Console coverage without adding noindex."
https://www.glpzy.app/ro/saxenda-tracker-iphone.html,ro/saxenda-tracker-iphone.html,ro,commercial,index,yes,https://www.glpzy.app/ro/saxenda-tracker-iphone.html,keep_index_translation,,P1,All published translations remain indexable under the owner's policy.,"Check wording, medical safety, mobile layout and Search Console coverage without adding noindex."
https://www.glpzy.app/ro/semaglutide-tracker-iphone.html,ro/semaglutide-tracker-iphone.html,ro,ingredient,index,yes,https://www.glpzy.app/ro/semaglutide-tracker-iphone.html,keep_index_translation,,P1,All published translations remain indexable under the owner's policy.,"Check wording, medical safety, mobile layout and Search Console coverage without adding noindex."
https://www.glpzy.app/ro/support.html,ro/support.html,ro,trust,index,yes,https://www.glpzy.app/ro/support.html,keep_index_translation,,P1,All published translations remain indexable under the owner's policy.,"Check wording, medical safety, mobile layout and Search Console coverage without adding noindex."
https://www.glpzy.app/ro/terms.html,ro/terms.html,ro,trust,index,yes,https://www.glpzy.app/ro/terms.html,keep_index_translation,,P1,All published translations remain indexable under the owner's policy.,"Check wording, medical safety, mobile layout and Search Console coverage without adding noindex."
https://www.glpzy.app/ro/tirzepatide-tracker-iphone.html,ro/tirzepatide-tracker-iphone.html,ro,ingredient,index,yes,https://www.glpzy.app/ro/tirzepatide-tracker-iphone.html,keep_index_translation,,P1,All published translations remain indexable under the owner's policy.,"Check wording, medical safety, mobile layout and Search Console coverage without adding noindex."
https://www.glpzy.app/ro/trulicity-tracker-iphone.html,ro/trulicity-tracker-iphone.html,ro,commercial,index,yes,https://www.glpzy.app/ro/trulicity-tracker-iphone.html,keep_index_translation,,P1,All published translations remain indexable under the owner's policy.,"Check wording, medical safety, mobile layout and Search Console coverage without adding noindex."
https://www.glpzy.app/ro/victoza-tracker-iphone.html,ro/victoza-tracker-iphone.html,ro,commercial,index,yes,https://www.glpzy.app/ro/victoza-tracker-iphone.html,keep_index_translation,,P1,All published translations remain indexable under the owner's policy.,"Check wording, medical safety, mobile layout and Search Console coverage without adding noindex."
https://www.glpzy.app/ro/wegovy-tracker-iphone.html,ro/wegovy-tracker-iphone.html,ro,medicine,index,yes,https://www.glpzy.app/ro/wegovy-tracker-iphone.html,keep_index_translation,,P1,All published translations remain indexable under the owner's policy.,"Check wording, medical safety, mobile layout and Search Console coverage without adding noindex."
https://www.glpzy.app/ro/zepbound-tracker-iphone.html,ro/zepbound-tracker-iphone.html,ro,medicine,index,yes,https://www.glpzy.app/ro/zepbound-tracker-iphone.html,keep_index_translation,,P1,All published translations remain indexable under the owner's policy.,"Check wording, medical safety, mobile layout and Search Console coverage without adding noindex."
https://www.glpzy.app/ru/apple-health-glp-tracker.html,ru/apple-health-glp-tracker.html,ru,feature,index,yes,https://www.glpzy.app/ru/apple-health-glp-tracker.html,keep_index_translation,,P1,All published translations remain indexable under the owner's policy.,"Check wording, medical safety, mobile layout and Search Console coverage without adding noindex."
https://www.glpzy.app/ru/compounded-glp-tracker-iphone.html,ru/compounded-glp-tracker-iphone.html,ru,commercial,index,yes,https://www.glpzy.app/ru/compounded-glp-tracker-iphone.html,keep_index_translation,,P1,All published translations remain indexable under the owner's policy.,"Check wording, medical safety, mobile layout and Search Console coverage without adding noindex."
https://www.glpzy.app/ru/custom-medication-tracker-iphone.html,ru/custom-medication-tracker-iphone.html,ru,commercial,index,yes,https://www.glpzy.app/ru/custom-medication-tracker-iphone.html,keep_index_translation,,P1,All published translations remain indexable under the owner's policy.,"Check wording, medical safety, mobile layout and Search Console coverage without adding noindex."
https://www.glpzy.app/ru/data-rights.html,ru/data-rights.html,ru,privacy,index,yes,https://www.glpzy.app/ru/data-rights.html,keep_index_translation,,P1,All published translations remain indexable under the owner's policy.,"Check wording, medical safety, mobile layout and Search Console coverage without adding noindex."
https://www.glpzy.app/ru/foundayo-tracker-iphone.html,ru/foundayo-tracker-iphone.html,ru,commercial,index,yes,https://www.glpzy.app/ru/foundayo-tracker-iphone.html,keep_index_translation,,P1,All published translations remain indexable under the owner's policy.,"Check wording, medical safety, mobile layout and Search Console coverage without adding noindex."
https://www.glpzy.app/ru/glp1-weight-dose-symptom-tracker.html,ru/glp1-weight-dose-symptom-tracker.html,ru,commercial,index,yes,https://www.glpzy.app/ru/glp1-weight-dose-symptom-tracker.html,keep_index_translation,,P1,All published translations remain indexable under the owner's policy.,"Check wording, medical safety, mobile layout and Search Console coverage without adding noindex."
https://www.glpzy.app/ru/glpzy-is-now-oneglp/,ru/glpzy-is-now-oneglp/index.html,ru,home,index,yes,https://www.glpzy.app/ru/glpzy-is-now-oneglp/,keep_index_translation,,P1,All published translations remain indexable under the owner's policy.,"Check wording, medical safety, mobile layout and Search Console coverage without adding noindex."
https://www.glpzy.app/ru/,ru/index.html,ru,home,index,yes,https://www.glpzy.app/ru/,keep_index_translation,,P1,All published translations remain indexable under the owner's policy.,"Check wording, medical safety, mobile layout and Search Console coverage without adding noindex."
https://www.glpzy.app/ru/local-first-private-glp-tracker.html,ru/local-first-private-glp-tracker.html,ru,privacy,index,yes,https://www.glpzy.app/ru/local-first-private-glp-tracker.html,keep_index_translation,,P1,All published translations remain indexable under the owner's policy.,"Check wording, medical safety, mobile layout and Search Console coverage without adding noindex."
https://www.glpzy.app/ru/medical-safety.html,ru/medical-safety.html,ru,trust,index,yes,https://www.glpzy.app/ru/medical-safety.html,keep_index_translation,,P1,All published translations remain indexable under the owner's policy.,"Check wording, medical safety, mobile layout and Search Console coverage without adding noindex."
https://www.glpzy.app/ru/methodology.html,ru/methodology.html,ru,trust,index,yes,https://www.glpzy.app/ru/methodology.html,keep_index_translation,,P1,All published translations remain indexable under the owner's policy.,"Check wording, medical safety, mobile layout and Search Console coverage without adding noindex."
https://www.glpzy.app/ru/mounjaro-tracker-iphone.html,ru/mounjaro-tracker-iphone.html,ru,medicine,index,yes,https://www.glpzy.app/ru/mounjaro-tracker-iphone.html,keep_index_translation,,P1,All published translations remain indexable under the owner's policy.,"Check wording, medical safety, mobile layout and Search Console coverage without adding noindex."
https://www.glpzy.app/ru/overview.html,ru/overview.html,ru,other,index,yes,https://www.glpzy.app/ru/overview.html,keep_index_translation,,P1,All published translations remain indexable under the owner's policy.,"Check wording, medical safety, mobile layout and Search Console coverage without adding noindex."
https://www.glpzy.app/ru/ozempic-tracker-iphone.html,ru/ozempic-tracker-iphone.html,ru,commercial,index,yes,https://www.glpzy.app/ru/ozempic-tracker-iphone.html,keep_index_translation,,P1,All published translations remain indexable under the owner's policy.,"Check wording, medical safety, mobile layout and Search Console coverage without adding noindex."
https://www.glpzy.app/ru/privacy.html,ru/privacy.html,ru,privacy,index,yes,https://www.glpzy.app/ru/privacy.html,keep_index_translation,,P1,All published translations remain indexable under the owner's policy.,"Check wording, medical safety, mobile layout and Search Console coverage without adding noindex."
https://www.glpzy.app/ru/rybelsus-tracker-iphone.html,ru/rybelsus-tracker-iphone.html,ru,commercial,index,yes,https://www.glpzy.app/ru/rybelsus-tracker-iphone.html,keep_index_translation,,P1,All published translations remain indexable under the owner's policy.,"Check wording, medical safety, mobile layout and Search Console coverage without adding noindex."
https://www.glpzy.app/ru/saxenda-tracker-iphone.html,ru/saxenda-tracker-iphone.html,ru,commercial,index,yes,https://www.glpzy.app/ru/saxenda-tracker-iphone.html,keep_index_translation,,P1,All published translations remain indexable under the owner's policy.,"Check wording, medical safety, mobile layout and Search Console coverage without adding noindex."
https://www.glpzy.app/ru/semaglutide-tracker-iphone.html,ru/semaglutide-tracker-iphone.html,ru,ingredient,index,yes,https://www.glpzy.app/ru/semaglutide-tracker-iphone.html,keep_index_translation,,P1,All published translations remain indexable under the owner's policy.,"Check wording, medical safety, mobile layout and Search Console coverage without adding noindex."
https://www.glpzy.app/ru/support.html,ru/support.html,ru,trust,index,yes,https://www.glpzy.app/ru/support.html,keep_index_translation,,P1,All published translations remain indexable under the owner's policy.,"Check wording, medical safety, mobile layout and Search Console coverage without adding noindex."
https://www.glpzy.app/ru/terms.html,ru/terms.html,ru,trust,index,yes,https://www.glpzy.app/ru/terms.html,keep_index_translation,,P1,All published translations remain indexable under the owner's policy.,"Check wording, medical safety, mobile layout and Search Console coverage without adding noindex."
https://www.glpzy.app/ru/tirzepatide-tracker-iphone.html,ru/tirzepatide-tracker-iphone.html,ru,ingredient,index,yes,https://www.glpzy.app/ru/tirzepatide-tracker-iphone.html,keep_index_translation,,P1,All published translations remain indexable under the owner's policy.,"Check wording, medical safety, mobile layout and Search Console coverage without adding noindex."
https://www.glpzy.app/ru/trulicity-tracker-iphone.html,ru/trulicity-tracker-iphone.html,ru,commercial,index,yes,https://www.glpzy.app/ru/trulicity-tracker-iphone.html,keep_index_translation,,P1,All published translations remain indexable under the owner's policy.,"Check wording, medical safety, mobile layout and Search Console coverage without adding noindex."
https://www.glpzy.app/ru/victoza-tracker-iphone.html,ru/victoza-tracker-iphone.html,ru,commercial,index,yes,https://www.glpzy.app/ru/victoza-tracker-iphone.html,keep_index_translation,,P1,All published translations remain indexable under the owner's policy.,"Check wording, medical safety, mobile layout and Search Console coverage without adding noindex."
https://www.glpzy.app/ru/wegovy-tracker-iphone.html,ru/wegovy-tracker-iphone.html,ru,medicine,index,yes,https://www.glpzy.app/ru/wegovy-tracker-iphone.html,keep_index_translation,,P1,All published translations remain indexable under the owner's policy.,"Check wording, medical safety, mobile layout and Search Console coverage without adding noindex."
https://www.glpzy.app/ru/zepbound-tracker-iphone.html,ru/zepbound-tracker-iphone.html,ru,medicine,index,yes,https://www.glpzy.app/ru/zepbound-tracker-iphone.html,keep_index_translation,,P1,All published translations remain indexable under the owner's policy.,"Check wording, medical safety, mobile layout and Search Console coverage without adding noindex."
https://www.glpzy.app/rybelsus-tracker-iphone.html,rybelsus-tracker-iphone.html,root,commercial,index,yes,https://www.glpzy.app/rybelsus-tracker-iphone.html,monitor_then_consolidate,https://www.glpzy.app/semaglutide-tracker-iphone.html,P1,The page overlaps a broader ingredient or tracker intent.,"Keep for 28 days, then merge only if Search Console shows no distinct query demand."
https://www.glpzy.app/saxenda-tracker-iphone.html,saxenda-tracker-iphone.html,root,commercial,index,yes,https://www.glpzy.app/saxenda-tracker-iphone.html,monitor_then_consolidate,https://www.glpzy.app/glp1-weight-dose-symptom-tracker.html,P1,The page overlaps a broader ingredient or tracker intent.,"Keep for 28 days, then merge only if Search Console shows no distinct query demand."
https://www.glpzy.app/semaglutide-tracker-iphone.html,semaglutide-tracker-iphone.html,root,ingredient,index,yes,https://www.glpzy.app/semaglutide-tracker-iphone.html,keep_index_priority,,P0,"Distinct product, feature, offer or trust intent.","Monitor query match, CTR, canonical selection and conversions."
https://www.glpzy.app/sk/apple-health-glp-tracker.html,sk/apple-health-glp-tracker.html,sk,feature,index,yes,https://www.glpzy.app/sk/apple-health-glp-tracker.html,keep_index_translation,,P1,All published translations remain indexable under the owner's policy.,"Check wording, medical safety, mobile layout and Search Console coverage without adding noindex."
https://www.glpzy.app/sk/compounded-glp-tracker-iphone.html,sk/compounded-glp-tracker-iphone.html,sk,commercial,index,yes,https://www.glpzy.app/sk/compounded-glp-tracker-iphone.html,keep_index_translation,,P1,All published translations remain indexable under the owner's policy.,"Check wording, medical safety, mobile layout and Search Console coverage without adding noindex."
https://www.glpzy.app/sk/custom-medication-tracker-iphone.html,sk/custom-medication-tracker-iphone.html,sk,commercial,index,yes,https://www.glpzy.app/sk/custom-medication-tracker-iphone.html,keep_index_translation,,P1,All published translations remain indexable under the owner's policy.,"Check wording, medical safety, mobile layout and Search Console coverage without adding noindex."
https://www.glpzy.app/sk/data-rights.html,sk/data-rights.html,sk,privacy,index,yes,https://www.glpzy.app/sk/data-rights.html,keep_index_translation,,P1,All published translations remain indexable under the owner's policy.,"Check wording, medical safety, mobile layout and Search Console coverage without adding noindex."
https://www.glpzy.app/sk/foundayo-tracker-iphone.html,sk/foundayo-tracker-iphone.html,sk,commercial,index,yes,https://www.glpzy.app/sk/foundayo-tracker-iphone.html,keep_index_translation,,P1,All published translations remain indexable under the owner's policy.,"Check wording, medical safety, mobile layout and Search Console coverage without adding noindex."
https://www.glpzy.app/sk/glp1-weight-dose-symptom-tracker.html,sk/glp1-weight-dose-symptom-tracker.html,sk,commercial,index,yes,https://www.glpzy.app/sk/glp1-weight-dose-symptom-tracker.html,keep_index_translation,,P1,All published translations remain indexable under the owner's policy.,"Check wording, medical safety, mobile layout and Search Console coverage without adding noindex."
https://www.glpzy.app/sk/glpzy-is-now-oneglp/,sk/glpzy-is-now-oneglp/index.html,sk,home,index,yes,https://www.glpzy.app/sk/glpzy-is-now-oneglp/,keep_index_translation,,P1,All published translations remain indexable under the owner's policy.,"Check wording, medical safety, mobile layout and Search Console coverage without adding noindex."
https://www.glpzy.app/sk/,sk/index.html,sk,home,index,yes,https://www.glpzy.app/sk/,keep_index_translation,,P1,All published translations remain indexable under the owner's policy.,"Check wording, medical safety, mobile layout and Search Console coverage without adding noindex."
https://www.glpzy.app/sk/local-first-private-glp-tracker.html,sk/local-first-private-glp-tracker.html,sk,privacy,index,yes,https://www.glpzy.app/sk/local-first-private-glp-tracker.html,keep_index_translation,,P1,All published translations remain indexable under the owner's policy.,"Check wording, medical safety, mobile layout and Search Console coverage without adding noindex."
https://www.glpzy.app/sk/medical-safety.html,sk/medical-safety.html,sk,trust,index,yes,https://www.glpzy.app/sk/medical-safety.html,keep_index_translation,,P1,All published translations remain indexable under the owner's policy.,"Check wording, medical safety, mobile layout and Search Console coverage without adding noindex."
https://www.glpzy.app/sk/methodology.html,sk/methodology.html,sk,trust,index,yes,https://www.glpzy.app/sk/methodology.html,keep_index_translation,,P1,All published translations remain indexable under the owner's policy.,"Check wording, medical safety, mobile layout and Search Console coverage without adding noindex."
https://www.glpzy.app/sk/mounjaro-tracker-iphone.html,sk/mounjaro-tracker-iphone.html,sk,medicine,index,yes,https://www.glpzy.app/sk/mounjaro-tracker-iphone.html,keep_index_translation,,P1,All published translations remain indexable under the owner's policy.,"Check wording, medical safety, mobile layout and Search Console coverage without adding noindex."
https://www.glpzy.app/sk/overview.html,sk/overview.html,sk,other,index,yes,https://www.glpzy.app/sk/overview.html,keep_index_translation,,P1,All published translations remain indexable under the owner's policy.,"Check wording, medical safety, mobile layout and Search Console coverage without adding noindex."
https://www.glpzy.app/sk/ozempic-tracker-iphone.html,sk/ozempic-tracker-iphone.html,sk,commercial,index,yes,https://www.glpzy.app/sk/ozempic-tracker-iphone.html,keep_index_translation,,P1,All published translations remain indexable under the owner's policy.,"Check wording, medical safety, mobile layout and Search Console coverage without adding noindex."
https://www.glpzy.app/sk/privacy.html,sk/privacy.html,sk,privacy,index,yes,https://www.glpzy.app/sk/privacy.html,keep_index_translation,,P1,All published translations remain indexable under the owner's policy.,"Check wording, medical safety, mobile layout and Search Console coverage without adding noindex."
https://www.glpzy.app/sk/rybelsus-tracker-iphone.html,sk/rybelsus-tracker-iphone.html,sk,commercial,index,yes,https://www.glpzy.app/sk/rybelsus-tracker-iphone.html,keep_index_translation,,P1,All published translations remain indexable under the owner's policy.,"Check wording, medical safety, mobile layout and Search Console coverage without adding noindex."
https://www.glpzy.app/sk/saxenda-tracker-iphone.html,sk/saxenda-tracker-iphone.html,sk,commercial,index,yes,https://www.glpzy.app/sk/saxenda-tracker-iphone.html,keep_index_translation,,P1,All published translations remain indexable under the owner's policy.,"Check wording, medical safety, mobile layout and Search Console coverage without adding noindex."
https://www.glpzy.app/sk/semaglutide-tracker-iphone.html,sk/semaglutide-tracker-iphone.html,sk,ingredient,index,yes,https://www.glpzy.app/sk/semaglutide-tracker-iphone.html,keep_index_translation,,P1,All published translations remain indexable under the owner's policy.,"Check wording, medical safety, mobile layout and Search Console coverage without adding noindex."
https://www.glpzy.app/sk/support.html,sk/support.html,sk,trust,index,yes,https://www.glpzy.app/sk/support.html,keep_index_translation,,P1,All published translations remain indexable under the owner's policy.,"Check wording, medical safety, mobile layout and Search Console coverage without adding noindex."
https://www.glpzy.app/sk/terms.html,sk/terms.html,sk,trust,index,yes,https://www.glpzy.app/sk/terms.html,keep_index_translation,,P1,All published translations remain indexable under the owner's policy.,"Check wording, medical safety, mobile layout and Search Console coverage without adding noindex."
https://www.glpzy.app/sk/tirzepatide-tracker-iphone.html,sk/tirzepatide-tracker-iphone.html,sk,ingredient,index,yes,https://www.glpzy.app/sk/tirzepatide-tracker-iphone.html,keep_index_translation,,P1,All published translations remain indexable under the owner's policy.,"Check wording, medical safety, mobile layout and Search Console coverage without adding noindex."
https://www.glpzy.app/sk/trulicity-tracker-iphone.html,sk/trulicity-tracker-iphone.html,sk,commercial,index,yes,https://www.glpzy.app/sk/trulicity-tracker-iphone.html,keep_index_translation,,P1,All published translations remain indexable under the owner's policy.,"Check wording, medical safety, mobile layout and Search Console coverage without adding noindex."
https://www.glpzy.app/sk/victoza-tracker-iphone.html,sk/victoza-tracker-iphone.html,sk,commercial,index,yes,https://www.glpzy.app/sk/victoza-tracker-iphone.html,keep_index_translation,,P1,All published translations remain indexable under the owner's policy.,"Check wording, medical safety, mobile layout and Search Console coverage without adding noindex."
https://www.glpzy.app/sk/wegovy-tracker-iphone.html,sk/wegovy-tracker-iphone.html,sk,medicine,index,yes,https://www.glpzy.app/sk/wegovy-tracker-iphone.html,keep_index_translation,,P1,All published translations remain indexable under the owner's policy.,"Check wording, medical safety, mobile layout and Search Console coverage without adding noindex."
https://www.glpzy.app/sk/zepbound-tracker-iphone.html,sk/zepbound-tracker-iphone.html,sk,medicine,index,yes,https://www.glpzy.app/sk/zepbound-tracker-iphone.html,keep_index_translation,,P1,All published translations remain indexable under the owner's policy.,"Check wording, medical safety, mobile layout and Search Console coverage without adding noindex."
https://www.glpzy.app/sl/apple-health-glp-tracker.html,sl/apple-health-glp-tracker.html,sl,feature,index,yes,https://www.glpzy.app/sl/apple-health-glp-tracker.html,keep_index_translation,,P1,All published translations remain indexable under the owner's policy.,"Check wording, medical safety, mobile layout and Search Console coverage without adding noindex."
https://www.glpzy.app/sl/compounded-glp-tracker-iphone.html,sl/compounded-glp-tracker-iphone.html,sl,commercial,index,yes,https://www.glpzy.app/sl/compounded-glp-tracker-iphone.html,keep_index_translation,,P1,All published translations remain indexable under the owner's policy.,"Check wording, medical safety, mobile layout and Search Console coverage without adding noindex."
https://www.glpzy.app/sl/custom-medication-tracker-iphone.html,sl/custom-medication-tracker-iphone.html,sl,commercial,index,yes,https://www.glpzy.app/sl/custom-medication-tracker-iphone.html,keep_index_translation,,P1,All published translations remain indexable under the owner's policy.,"Check wording, medical safety, mobile layout and Search Console coverage without adding noindex."
https://www.glpzy.app/sl/data-rights.html,sl/data-rights.html,sl,privacy,index,yes,https://www.glpzy.app/sl/data-rights.html,keep_index_translation,,P1,All published translations remain indexable under the owner's policy.,"Check wording, medical safety, mobile layout and Search Console coverage without adding noindex."
https://www.glpzy.app/sl/foundayo-tracker-iphone.html,sl/foundayo-tracker-iphone.html,sl,commercial,index,yes,https://www.glpzy.app/sl/foundayo-tracker-iphone.html,keep_index_translation,,P1,All published translations remain indexable under the owner's policy.,"Check wording, medical safety, mobile layout and Search Console coverage without adding noindex."
https://www.glpzy.app/sl/glp1-weight-dose-symptom-tracker.html,sl/glp1-weight-dose-symptom-tracker.html,sl,commercial,index,yes,https://www.glpzy.app/sl/glp1-weight-dose-symptom-tracker.html,keep_index_translation,,P1,All published translations remain indexable under the owner's policy.,"Check wording, medical safety, mobile layout and Search Console coverage without adding noindex."
https://www.glpzy.app/sl/glpzy-is-now-oneglp/,sl/glpzy-is-now-oneglp/index.html,sl,home,index,yes,https://www.glpzy.app/sl/glpzy-is-now-oneglp/,keep_index_translation,,P1,All published translations remain indexable under the owner's policy.,"Check wording, medical safety, mobile layout and Search Console coverage without adding noindex."
https://www.glpzy.app/sl/,sl/index.html,sl,home,index,yes,https://www.glpzy.app/sl/,keep_index_translation,,P1,All published translations remain indexable under the owner's policy.,"Check wording, medical safety, mobile layout and Search Console coverage without adding noindex."
https://www.glpzy.app/sl/local-first-private-glp-tracker.html,sl/local-first-private-glp-tracker.html,sl,privacy,index,yes,https://www.glpzy.app/sl/local-first-private-glp-tracker.html,keep_index_translation,,P1,All published translations remain indexable under the owner's policy.,"Check wording, medical safety, mobile layout and Search Console coverage without adding noindex."
https://www.glpzy.app/sl/medical-safety.html,sl/medical-safety.html,sl,trust,index,yes,https://www.glpzy.app/sl/medical-safety.html,keep_index_translation,,P1,All published translations remain indexable under the owner's policy.,"Check wording, medical safety, mobile layout and Search Console coverage without adding noindex."
https://www.glpzy.app/sl/methodology.html,sl/methodology.html,sl,trust,index,yes,https://www.glpzy.app/sl/methodology.html,keep_index_translation,,P1,All published translations remain indexable under the owner's policy.,"Check wording, medical safety, mobile layout and Search Console coverage without adding noindex."
https://www.glpzy.app/sl/mounjaro-tracker-iphone.html,sl/mounjaro-tracker-iphone.html,sl,medicine,index,yes,https://www.glpzy.app/sl/mounjaro-tracker-iphone.html,keep_index_translation,,P1,All published translations remain indexable under the owner's policy.,"Check wording, medical safety, mobile layout and Search Console coverage without adding noindex."
https://www.glpzy.app/sl/overview.html,sl/overview.html,sl,other,index,yes,https://www.glpzy.app/sl/overview.html,keep_index_translation,,P1,All published translations remain indexable under the owner's policy.,"Check wording, medical safety, mobile layout and Search Console coverage without adding noindex."
https://www.glpzy.app/sl/ozempic-tracker-iphone.html,sl/ozempic-tracker-iphone.html,sl,commercial,index,yes,https://www.glpzy.app/sl/ozempic-tracker-iphone.html,keep_index_translation,,P1,All published translations remain indexable under the owner's policy.,"Check wording, medical safety, mobile layout and Search Console coverage without adding noindex."
https://www.glpzy.app/sl/privacy.html,sl/privacy.html,sl,privacy,index,yes,https://www.glpzy.app/sl/privacy.html,keep_index_translation,,P1,All published translations remain indexable under the owner's policy.,"Check wording, medical safety, mobile layout and Search Console coverage without adding noindex."
https://www.glpzy.app/sl/rybelsus-tracker-iphone.html,sl/rybelsus-tracker-iphone.html,sl,commercial,index,yes,https://www.glpzy.app/sl/rybelsus-tracker-iphone.html,keep_index_translation,,P1,All published translations remain indexable under the owner's policy.,"Check wording, medical safety, mobile layout and Search Console coverage without adding noindex."
https://www.glpzy.app/sl/saxenda-tracker-iphone.html,sl/saxenda-tracker-iphone.html,sl,commercial,index,yes,https://www.glpzy.app/sl/saxenda-tracker-iphone.html,keep_index_translation,,P1,All published translations remain indexable under the owner's policy.,"Check wording, medical safety, mobile layout and Search Console coverage without adding noindex."
https://www.glpzy.app/sl/semaglutide-tracker-iphone.html,sl/semaglutide-tracker-iphone.html,sl,ingredient,index,yes,https://www.glpzy.app/sl/semaglutide-tracker-iphone.html,keep_index_translation,,P1,All published translations remain indexable under the owner's policy.,"Check wording, medical safety, mobile layout and Search Console coverage without adding noindex."
https://www.glpzy.app/sl/support.html,sl/support.html,sl,trust,index,yes,https://www.glpzy.app/sl/support.html,keep_index_translation,,P1,All published translations remain indexable under the owner's policy.,"Check wording, medical safety, mobile layout and Search Console coverage without adding noindex."
https://www.glpzy.app/sl/terms.html,sl/terms.html,sl,trust,index,yes,https://www.glpzy.app/sl/terms.html,keep_index_translation,,P1,All published translations remain indexable under the owner's policy.,"Check wording, medical safety, mobile layout and Search Console coverage without adding noindex."
https://www.glpzy.app/sl/tirzepatide-tracker-iphone.html,sl/tirzepatide-tracker-iphone.html,sl,ingredient,index,yes,https://www.glpzy.app/sl/tirzepatide-tracker-iphone.html,keep_index_translation,,P1,All published translations remain indexable under the owner's policy.,"Check wording, medical safety, mobile layout and Search Console coverage without adding noindex."
https://www.glpzy.app/sl/trulicity-tracker-iphone.html,sl/trulicity-tracker-iphone.html,sl,commercial,index,yes,https://www.glpzy.app/sl/trulicity-tracker-iphone.html,keep_index_translation,,P1,All published translations remain indexable under the owner's policy.,"Check wording, medical safety, mobile layout and Search Console coverage without adding noindex."
https://www.glpzy.app/sl/victoza-tracker-iphone.html,sl/victoza-tracker-iphone.html,sl,commercial,index,yes,https://www.glpzy.app/sl/victoza-tracker-iphone.html,keep_index_translation,,P1,All published translations remain indexable under the owner's policy.,"Check wording, medical safety, mobile layout and Search Console coverage without adding noindex."
https://www.glpzy.app/sl/wegovy-tracker-iphone.html,sl/wegovy-tracker-iphone.html,sl,medicine,index,yes,https://www.glpzy.app/sl/wegovy-tracker-iphone.html,keep_index_translation,,P1,All published translations remain indexable under the owner's policy.,"Check wording, medical safety, mobile layout and Search Console coverage without adding noindex."
https://www.glpzy.app/sl/zepbound-tracker-iphone.html,sl/zepbound-tracker-iphone.html,sl,medicine,index,yes,https://www.glpzy.app/sl/zepbound-tracker-iphone.html,keep_index_translation,,P1,All published translations remain indexable under the owner's policy.,"Check wording, medical safety, mobile layout and Search Console coverage without adding noindex."
https://www.glpzy.app/sr/apple-health-glp-tracker.html,sr/apple-health-glp-tracker.html,sr,feature,index,yes,https://www.glpzy.app/sr/apple-health-glp-tracker.html,keep_index_translation,,P1,All published translations remain indexable under the owner's policy.,"Check wording, medical safety, mobile layout and Search Console coverage without adding noindex."
https://www.glpzy.app/sr/compounded-glp-tracker-iphone.html,sr/compounded-glp-tracker-iphone.html,sr,commercial,index,yes,https://www.glpzy.app/sr/compounded-glp-tracker-iphone.html,keep_index_translation,,P1,All published translations remain indexable under the owner's policy.,"Check wording, medical safety, mobile layout and Search Console coverage without adding noindex."
https://www.glpzy.app/sr/custom-medication-tracker-iphone.html,sr/custom-medication-tracker-iphone.html,sr,commercial,index,yes,https://www.glpzy.app/sr/custom-medication-tracker-iphone.html,keep_index_translation,,P1,All published translations remain indexable under the owner's policy.,"Check wording, medical safety, mobile layout and Search Console coverage without adding noindex."
https://www.glpzy.app/sr/data-rights.html,sr/data-rights.html,sr,privacy,index,yes,https://www.glpzy.app/sr/data-rights.html,keep_index_translation,,P1,All published translations remain indexable under the owner's policy.,"Check wording, medical safety, mobile layout and Search Console coverage without adding noindex."
https://www.glpzy.app/sr/foundayo-tracker-iphone.html,sr/foundayo-tracker-iphone.html,sr,commercial,index,yes,https://www.glpzy.app/sr/foundayo-tracker-iphone.html,keep_index_translation,,P1,All published translations remain indexable under the owner's policy.,"Check wording, medical safety, mobile layout and Search Console coverage without adding noindex."
https://www.glpzy.app/sr/glp1-weight-dose-symptom-tracker.html,sr/glp1-weight-dose-symptom-tracker.html,sr,commercial,index,yes,https://www.glpzy.app/sr/glp1-weight-dose-symptom-tracker.html,keep_index_translation,,P1,All published translations remain indexable under the owner's policy.,"Check wording, medical safety, mobile layout and Search Console coverage without adding noindex."
https://www.glpzy.app/sr/glpzy-is-now-oneglp/,sr/glpzy-is-now-oneglp/index.html,sr,home,index,yes,https://www.glpzy.app/sr/glpzy-is-now-oneglp/,keep_index_translation,,P1,All published translations remain indexable under the owner's policy.,"Check wording, medical safety, mobile layout and Search Console coverage without adding noindex."
https://www.glpzy.app/sr/,sr/index.html,sr,home,index,yes,https://www.glpzy.app/sr/,keep_index_translation,,P1,All published translations remain indexable under the owner's policy.,"Check wording, medical safety, mobile layout and Search Console coverage without adding noindex."
https://www.glpzy.app/sr/local-first-private-glp-tracker.html,sr/local-first-private-glp-tracker.html,sr,privacy,index,yes,https://www.glpzy.app/sr/local-first-private-glp-tracker.html,keep_index_translation,,P1,All published translations remain indexable under the owner's policy.,"Check wording, medical safety, mobile layout and Search Console coverage without adding noindex."
https://www.glpzy.app/sr/medical-safety.html,sr/medical-safety.html,sr,trust,index,yes,https://www.glpzy.app/sr/medical-safety.html,keep_index_translation,,P1,All published translations remain indexable under the owner's policy.,"Check wording, medical safety, mobile layout and Search Console coverage without adding noindex."
https://www.glpzy.app/sr/methodology.html,sr/methodology.html,sr,trust,index,yes,https://www.glpzy.app/sr/methodology.html,keep_index_translation,,P1,All published translations remain indexable under the owner's policy.,"Check wording, medical safety, mobile layout and Search Console coverage without adding noindex."
https://www.glpzy.app/sr/mounjaro-tracker-iphone.html,sr/mounjaro-tracker-iphone.html,sr,medicine,index,yes,https://www.glpzy.app/sr/mounjaro-tracker-iphone.html,keep_index_translation,,P1,All published translations remain indexable under the owner's policy.,"Check wording, medical safety, mobile layout and Search Console coverage without adding noindex."
https://www.glpzy.app/sr/overview.html,sr/overview.html,sr,other,index,yes,https://www.glpzy.app/sr/overview.html,keep_index_translation,,P1,All published translations remain indexable under the owner's policy.,"Check wording, medical safety, mobile layout and Search Console coverage without adding noindex."
https://www.glpzy.app/sr/ozempic-tracker-iphone.html,sr/ozempic-tracker-iphone.html,sr,commercial,index,yes,https://www.glpzy.app/sr/ozempic-tracker-iphone.html,keep_index_translation,,P1,All published translations remain indexable under the owner's policy.,"Check wording, medical safety, mobile layout and Search Console coverage without adding noindex."
https://www.glpzy.app/sr/privacy.html,sr/privacy.html,sr,privacy,index,yes,https://www.glpzy.app/sr/privacy.html,keep_index_translation,,P1,All published translations remain indexable under the owner's policy.,"Check wording, medical safety, mobile layout and Search Console coverage without adding noindex."
https://www.glpzy.app/sr/rybelsus-tracker-iphone.html,sr/rybelsus-tracker-iphone.html,sr,commercial,index,yes,https://www.glpzy.app/sr/rybelsus-tracker-iphone.html,keep_index_translation,,P1,All published translations remain indexable under the owner's policy.,"Check wording, medical safety, mobile layout and Search Console coverage without adding noindex."
https://www.glpzy.app/sr/saxenda-tracker-iphone.html,sr/saxenda-tracker-iphone.html,sr,commercial,index,yes,https://www.glpzy.app/sr/saxenda-tracker-iphone.html,keep_index_translation,,P1,All published translations remain indexable under the owner's policy.,"Check wording, medical safety, mobile layout and Search Console coverage without adding noindex."
https://www.glpzy.app/sr/semaglutide-tracker-iphone.html,sr/semaglutide-tracker-iphone.html,sr,ingredient,index,yes,https://www.glpzy.app/sr/semaglutide-tracker-iphone.html,keep_index_translation,,P1,All published translations remain indexable under the owner's policy.,"Check wording, medical safety, mobile layout and Search Console coverage without adding noindex."
https://www.glpzy.app/sr/support.html,sr/support.html,sr,trust,index,yes,https://www.glpzy.app/sr/support.html,keep_index_translation,,P1,All published translations remain indexable under the owner's policy.,"Check wording, medical safety, mobile layout and Search Console coverage without adding noindex."
https://www.glpzy.app/sr/terms.html,sr/terms.html,sr,trust,index,yes,https://www.glpzy.app/sr/terms.html,keep_index_translation,,P1,All published translations remain indexable under the owner's policy.,"Check wording, medical safety, mobile layout and Search Console coverage without adding noindex."
https://www.glpzy.app/sr/tirzepatide-tracker-iphone.html,sr/tirzepatide-tracker-iphone.html,sr,ingredient,index,yes,https://www.glpzy.app/sr/tirzepatide-tracker-iphone.html,keep_index_translation,,P1,All published translations remain indexable under the owner's policy.,"Check wording, medical safety, mobile layout and Search Console coverage without adding noindex."
https://www.glpzy.app/sr/trulicity-tracker-iphone.html,sr/trulicity-tracker-iphone.html,sr,commercial,index,yes,https://www.glpzy.app/sr/trulicity-tracker-iphone.html,keep_index_translation,,P1,All published translations remain indexable under the owner's policy.,"Check wording, medical safety, mobile layout and Search Console coverage without adding noindex."
https://www.glpzy.app/sr/victoza-tracker-iphone.html,sr/victoza-tracker-iphone.html,sr,commercial,index,yes,https://www.glpzy.app/sr/victoza-tracker-iphone.html,keep_index_translation,,P1,All published translations remain indexable under the owner's policy.,"Check wording, medical safety, mobile layout and Search Console coverage without adding noindex."
https://www.glpzy.app/sr/wegovy-tracker-iphone.html,sr/wegovy-tracker-iphone.html,sr,medicine,index,yes,https://www.glpzy.app/sr/wegovy-tracker-iphone.html,keep_index_translation,,P1,All published translations remain indexable under the owner's policy.,"Check wording, medical safety, mobile layout and Search Console coverage without adding noindex."
https://www.glpzy.app/sr/zepbound-tracker-iphone.html,sr/zepbound-tracker-iphone.html,sr,medicine,index,yes,https://www.glpzy.app/sr/zepbound-tracker-iphone.html,keep_index_translation,,P1,All published translations remain indexable under the owner's policy.,"Check wording, medical safety, mobile layout and Search Console coverage without adding noindex."
https://www.glpzy.app/support.html,support.html,root,trust,index,yes,https://www.glpzy.app/support.html,keep_index_priority,,P0,"Distinct product, feature, offer or trust intent.","Monitor query match, CTR, canonical selection and conversions."
https://www.glpzy.app/sv/apple-health-glp-tracker.html,sv/apple-health-glp-tracker.html,sv,feature,index,yes,https://www.glpzy.app/sv/apple-health-glp-tracker.html,keep_index_translation,,P1,All published translations remain indexable under the owner's policy.,"Check wording, medical safety, mobile layout and Search Console coverage without adding noindex."
https://www.glpzy.app/sv/compounded-glp-tracker-iphone.html,sv/compounded-glp-tracker-iphone.html,sv,commercial,index,yes,https://www.glpzy.app/sv/compounded-glp-tracker-iphone.html,keep_index_translation,,P1,All published translations remain indexable under the owner's policy.,"Check wording, medical safety, mobile layout and Search Console coverage without adding noindex."
https://www.glpzy.app/sv/custom-medication-tracker-iphone.html,sv/custom-medication-tracker-iphone.html,sv,commercial,index,yes,https://www.glpzy.app/sv/custom-medication-tracker-iphone.html,keep_index_translation,,P1,All published translations remain indexable under the owner's policy.,"Check wording, medical safety, mobile layout and Search Console coverage without adding noindex."
https://www.glpzy.app/sv/data-rights.html,sv/data-rights.html,sv,privacy,index,yes,https://www.glpzy.app/sv/data-rights.html,keep_index_translation,,P1,All published translations remain indexable under the owner's policy.,"Check wording, medical safety, mobile layout and Search Console coverage without adding noindex."
https://www.glpzy.app/sv/foundayo-tracker-iphone.html,sv/foundayo-tracker-iphone.html,sv,commercial,index,yes,https://www.glpzy.app/sv/foundayo-tracker-iphone.html,keep_index_translation,,P1,All published translations remain indexable under the owner's policy.,"Check wording, medical safety, mobile layout and Search Console coverage without adding noindex."
https://www.glpzy.app/sv/glp1-weight-dose-symptom-tracker.html,sv/glp1-weight-dose-symptom-tracker.html,sv,commercial,index,yes,https://www.glpzy.app/sv/glp1-weight-dose-symptom-tracker.html,keep_index_translation,,P1,All published translations remain indexable under the owner's policy.,"Check wording, medical safety, mobile layout and Search Console coverage without adding noindex."
https://www.glpzy.app/sv/glpzy-is-now-oneglp/,sv/glpzy-is-now-oneglp/index.html,sv,home,index,yes,https://www.glpzy.app/sv/glpzy-is-now-oneglp/,keep_index_translation,,P1,All published translations remain indexable under the owner's policy.,"Check wording, medical safety, mobile layout and Search Console coverage without adding noindex."
https://www.glpzy.app/sv/,sv/index.html,sv,home,index,yes,https://www.glpzy.app/sv/,keep_index_translation,,P1,All published translations remain indexable under the owner's policy.,"Check wording, medical safety, mobile layout and Search Console coverage without adding noindex."
https://www.glpzy.app/sv/local-first-private-glp-tracker.html,sv/local-first-private-glp-tracker.html,sv,privacy,index,yes,https://www.glpzy.app/sv/local-first-private-glp-tracker.html,keep_index_translation,,P1,All published translations remain indexable under the owner's policy.,"Check wording, medical safety, mobile layout and Search Console coverage without adding noindex."
https://www.glpzy.app/sv/medical-safety.html,sv/medical-safety.html,sv,trust,index,yes,https://www.glpzy.app/sv/medical-safety.html,keep_index_translation,,P1,All published translations remain indexable under the owner's policy.,"Check wording, medical safety, mobile layout and Search Console coverage without adding noindex."
https://www.glpzy.app/sv/methodology.html,sv/methodology.html,sv,trust,index,yes,https://www.glpzy.app/sv/methodology.html,keep_index_translation,,P1,All published translations remain indexable under the owner's policy.,"Check wording, medical safety, mobile layout and Search Console coverage without adding noindex."
https://www.glpzy.app/sv/mounjaro-tracker-iphone.html,sv/mounjaro-tracker-iphone.html,sv,medicine,index,yes,https://www.glpzy.app/sv/mounjaro-tracker-iphone.html,keep_index_translation,,P1,All published translations remain indexable under the owner's policy.,"Check wording, medical safety, mobile layout and Search Console coverage without adding noindex."
https://www.glpzy.app/sv/overview.html,sv/overview.html,sv,other,index,yes,https://www.glpzy.app/sv/overview.html,keep_index_translation,,P1,All published translations remain indexable under the owner's policy.,"Check wording, medical safety, mobile layout and Search Console coverage without adding noindex."
https://www.glpzy.app/sv/ozempic-tracker-iphone.html,sv/ozempic-tracker-iphone.html,sv,commercial,index,yes,https://www.glpzy.app/sv/ozempic-tracker-iphone.html,keep_index_translation,,P1,All published translations remain indexable under the owner's policy.,"Check wording, medical safety, mobile layout and Search Console coverage without adding noindex."
https://www.glpzy.app/sv/privacy.html,sv/privacy.html,sv,privacy,index,yes,https://www.glpzy.app/sv/privacy.html,keep_index_translation,,P1,All published translations remain indexable under the owner's policy.,"Check wording, medical safety, mobile layout and Search Console coverage without adding noindex."
https://www.glpzy.app/sv/rybelsus-tracker-iphone.html,sv/rybelsus-tracker-iphone.html,sv,commercial,index,yes,https://www.glpzy.app/sv/rybelsus-tracker-iphone.html,keep_index_translation,,P1,All published translations remain indexable under the owner's policy.,"Check wording, medical safety, mobile layout and Search Console coverage without adding noindex."
https://www.glpzy.app/sv/saxenda-tracker-iphone.html,sv/saxenda-tracker-iphone.html,sv,commercial,index,yes,https://www.glpzy.app/sv/saxenda-tracker-iphone.html,keep_index_translation,,P1,All published translations remain indexable under the owner's policy.,"Check wording, medical safety, mobile layout and Search Console coverage without adding noindex."
https://www.glpzy.app/sv/semaglutide-tracker-iphone.html,sv/semaglutide-tracker-iphone.html,sv,ingredient,index,yes,https://www.glpzy.app/sv/semaglutide-tracker-iphone.html,keep_index_translation,,P1,All published translations remain indexable under the owner's policy.,"Check wording, medical safety, mobile layout and Search Console coverage without adding noindex."
https://www.glpzy.app/sv/support.html,sv/support.html,sv,trust,index,yes,https://www.glpzy.app/sv/support.html,keep_index_translation,,P1,All published translations remain indexable under the owner's policy.,"Check wording, medical safety, mobile layout and Search Console coverage without adding noindex."
https://www.glpzy.app/sv/terms.html,sv/terms.html,sv,trust,index,yes,https://www.glpzy.app/sv/terms.html,keep_index_translation,,P1,All published translations remain indexable under the owner's policy.,"Check wording, medical safety, mobile layout and Search Console coverage without adding noindex."
https://www.glpzy.app/sv/tirzepatide-tracker-iphone.html,sv/tirzepatide-tracker-iphone.html,sv,ingredient,index,yes,https://www.glpzy.app/sv/tirzepatide-tracker-iphone.html,keep_index_translation,,P1,All published translations remain indexable under the owner's policy.,"Check wording, medical safety, mobile layout and Search Console coverage without adding noindex."
https://www.glpzy.app/sv/trulicity-tracker-iphone.html,sv/trulicity-tracker-iphone.html,sv,commercial,index,yes,https://www.glpzy.app/sv/trulicity-tracker-iphone.html,keep_index_translation,,P1,All published translations remain indexable under the owner's policy.,"Check wording, medical safety, mobile layout and Search Console coverage without adding noindex."
https://www.glpzy.app/sv/victoza-tracker-iphone.html,sv/victoza-tracker-iphone.html,sv,commercial,index,yes,https://www.glpzy.app/sv/victoza-tracker-iphone.html,keep_index_translation,,P1,All published translations remain indexable under the owner's policy.,"Check wording, medical safety, mobile layout and Search Console coverage without adding noindex."
https://www.glpzy.app/sv/wegovy-tracker-iphone.html,sv/wegovy-tracker-iphone.html,sv,medicine,index,yes,https://www.glpzy.app/sv/wegovy-tracker-iphone.html,keep_index_translation,,P1,All published translations remain indexable under the owner's policy.,"Check wording, medical safety, mobile layout and Search Console coverage without adding noindex."
https://www.glpzy.app/sv/zepbound-tracker-iphone.html,sv/zepbound-tracker-iphone.html,sv,medicine,index,yes,https://www.glpzy.app/sv/zepbound-tracker-iphone.html,keep_index_translation,,P1,All published translations remain indexable under the owner's policy.,"Check wording, medical safety, mobile layout and Search Console coverage without adding noindex."
https://www.glpzy.app/ta/apple-health-glp-tracker.html,ta/apple-health-glp-tracker.html,ta,feature,index,yes,https://www.glpzy.app/ta/apple-health-glp-tracker.html,keep_index_translation,,P1,All published translations remain indexable under the owner's policy.,"Check wording, medical safety, mobile layout and Search Console coverage without adding noindex."
https://www.glpzy.app/ta/compounded-glp-tracker-iphone.html,ta/compounded-glp-tracker-iphone.html,ta,commercial,index,yes,https://www.glpzy.app/ta/compounded-glp-tracker-iphone.html,keep_index_translation,,P1,All published translations remain indexable under the owner's policy.,"Check wording, medical safety, mobile layout and Search Console coverage without adding noindex."
https://www.glpzy.app/ta/custom-medication-tracker-iphone.html,ta/custom-medication-tracker-iphone.html,ta,commercial,index,yes,https://www.glpzy.app/ta/custom-medication-tracker-iphone.html,keep_index_translation,,P1,All published translations remain indexable under the owner's policy.,"Check wording, medical safety, mobile layout and Search Console coverage without adding noindex."
https://www.glpzy.app/ta/data-rights.html,ta/data-rights.html,ta,privacy,index,yes,https://www.glpzy.app/ta/data-rights.html,keep_index_translation,,P1,All published translations remain indexable under the owner's policy.,"Check wording, medical safety, mobile layout and Search Console coverage without adding noindex."
https://www.glpzy.app/ta/foundayo-tracker-iphone.html,ta/foundayo-tracker-iphone.html,ta,commercial,index,yes,https://www.glpzy.app/ta/foundayo-tracker-iphone.html,keep_index_translation,,P1,All published translations remain indexable under the owner's policy.,"Check wording, medical safety, mobile layout and Search Console coverage without adding noindex."
https://www.glpzy.app/ta/glp1-weight-dose-symptom-tracker.html,ta/glp1-weight-dose-symptom-tracker.html,ta,commercial,index,yes,https://www.glpzy.app/ta/glp1-weight-dose-symptom-tracker.html,keep_index_translation,,P1,All published translations remain indexable under the owner's policy.,"Check wording, medical safety, mobile layout and Search Console coverage without adding noindex."
https://www.glpzy.app/ta/glpzy-is-now-oneglp/,ta/glpzy-is-now-oneglp/index.html,ta,home,index,yes,https://www.glpzy.app/ta/glpzy-is-now-oneglp/,keep_index_translation,,P1,All published translations remain indexable under the owner's policy.,"Check wording, medical safety, mobile layout and Search Console coverage without adding noindex."
https://www.glpzy.app/ta/,ta/index.html,ta,home,index,yes,https://www.glpzy.app/ta/,keep_index_translation,,P1,All published translations remain indexable under the owner's policy.,"Check wording, medical safety, mobile layout and Search Console coverage without adding noindex."
https://www.glpzy.app/ta/local-first-private-glp-tracker.html,ta/local-first-private-glp-tracker.html,ta,privacy,index,yes,https://www.glpzy.app/ta/local-first-private-glp-tracker.html,keep_index_translation,,P1,All published translations remain indexable under the owner's policy.,"Check wording, medical safety, mobile layout and Search Console coverage without adding noindex."
https://www.glpzy.app/ta/medical-safety.html,ta/medical-safety.html,ta,trust,index,yes,https://www.glpzy.app/ta/medical-safety.html,keep_index_translation,,P1,All published translations remain indexable under the owner's policy.,"Check wording, medical safety, mobile layout and Search Console coverage without adding noindex."
https://www.glpzy.app/ta/methodology.html,ta/methodology.html,ta,trust,index,yes,https://www.glpzy.app/ta/methodology.html,keep_index_translation,,P1,All published translations remain indexable under the owner's policy.,"Check wording, medical safety, mobile layout and Search Console coverage without adding noindex."
https://www.glpzy.app/ta/mounjaro-tracker-iphone.html,ta/mounjaro-tracker-iphone.html,ta,medicine,index,yes,https://www.glpzy.app/ta/mounjaro-tracker-iphone.html,keep_index_translation,,P1,All published translations remain indexable under the owner's policy.,"Check wording, medical safety, mobile layout and Search Console coverage without adding noindex."
https://www.glpzy.app/ta/overview.html,ta/overview.html,ta,other,index,yes,https://www.glpzy.app/ta/overview.html,keep_index_translation,,P1,All published translations remain indexable under the owner's policy.,"Check wording, medical safety, mobile layout and Search Console coverage without adding noindex."
https://www.glpzy.app/ta/ozempic-tracker-iphone.html,ta/ozempic-tracker-iphone.html,ta,commercial,index,yes,https://www.glpzy.app/ta/ozempic-tracker-iphone.html,keep_index_translation,,P1,All published translations remain indexable under the owner's policy.,"Check wording, medical safety, mobile layout and Search Console coverage without adding noindex."
https://www.glpzy.app/ta/privacy.html,ta/privacy.html,ta,privacy,index,yes,https://www.glpzy.app/ta/privacy.html,keep_index_translation,,P1,All published translations remain indexable under the owner's policy.,"Check wording, medical safety, mobile layout and Search Console coverage without adding noindex."
https://www.glpzy.app/ta/rybelsus-tracker-iphone.html,ta/rybelsus-tracker-iphone.html,ta,commercial,index,yes,https://www.glpzy.app/ta/rybelsus-tracker-iphone.html,keep_index_translation,,P1,All published translations remain indexable under the owner's policy.,"Check wording, medical safety, mobile layout and Search Console coverage without adding noindex."
https://www.glpzy.app/ta/saxenda-tracker-iphone.html,ta/saxenda-tracker-iphone.html,ta,commercial,index,yes,https://www.glpzy.app/ta/saxenda-tracker-iphone.html,keep_index_translation,,P1,All published translations remain indexable under the owner's policy.,"Check wording, medical safety, mobile layout and Search Console coverage without adding noindex."
https://www.glpzy.app/ta/semaglutide-tracker-iphone.html,ta/semaglutide-tracker-iphone.html,ta,ingredient,index,yes,https://www.glpzy.app/ta/semaglutide-tracker-iphone.html,keep_index_translation,,P1,All published translations remain indexable under the owner's policy.,"Check wording, medical safety, mobile layout and Search Console coverage without adding noindex."
https://www.glpzy.app/ta/support.html,ta/support.html,ta,trust,index,yes,https://www.glpzy.app/ta/support.html,keep_index_translation,,P1,All published translations remain indexable under the owner's policy.,"Check wording, medical safety, mobile layout and Search Console coverage without adding noindex."
https://www.glpzy.app/ta/terms.html,ta/terms.html,ta,trust,index,yes,https://www.glpzy.app/ta/terms.html,keep_index_translation,,P1,All published translations remain indexable under the owner's policy.,"Check wording, medical safety, mobile layout and Search Console coverage without adding noindex."
https://www.glpzy.app/ta/tirzepatide-tracker-iphone.html,ta/tirzepatide-tracker-iphone.html,ta,ingredient,index,yes,https://www.glpzy.app/ta/tirzepatide-tracker-iphone.html,keep_index_translation,,P1,All published translations remain indexable under the owner's policy.,"Check wording, medical safety, mobile layout and Search Console coverage without adding noindex."
https://www.glpzy.app/ta/trulicity-tracker-iphone.html,ta/trulicity-tracker-iphone.html,ta,commercial,index,yes,https://www.glpzy.app/ta/trulicity-tracker-iphone.html,keep_index_translation,,P1,All published translations remain indexable under the owner's policy.,"Check wording, medical safety, mobile layout and Search Console coverage without adding noindex."
https://www.glpzy.app/ta/victoza-tracker-iphone.html,ta/victoza-tracker-iphone.html,ta,commercial,index,yes,https://www.glpzy.app/ta/victoza-tracker-iphone.html,keep_index_translation,,P1,All published translations remain indexable under the owner's policy.,"Check wording, medical safety, mobile layout and Search Console coverage without adding noindex."
https://www.glpzy.app/ta/wegovy-tracker-iphone.html,ta/wegovy-tracker-iphone.html,ta,medicine,index,yes,https://www.glpzy.app/ta/wegovy-tracker-iphone.html,keep_index_translation,,P1,All published translations remain indexable under the owner's policy.,"Check wording, medical safety, mobile layout and Search Console coverage without adding noindex."
https://www.glpzy.app/ta/zepbound-tracker-iphone.html,ta/zepbound-tracker-iphone.html,ta,medicine,index,yes,https://www.glpzy.app/ta/zepbound-tracker-iphone.html,keep_index_translation,,P1,All published translations remain indexable under the owner's policy.,"Check wording, medical safety, mobile layout and Search Console coverage without adding noindex."
https://www.glpzy.app/te/apple-health-glp-tracker.html,te/apple-health-glp-tracker.html,te,feature,index,yes,https://www.glpzy.app/te/apple-health-glp-tracker.html,keep_index_translation,,P1,All published translations remain indexable under the owner's policy.,"Check wording, medical safety, mobile layout and Search Console coverage without adding noindex."
https://www.glpzy.app/te/compounded-glp-tracker-iphone.html,te/compounded-glp-tracker-iphone.html,te,commercial,index,yes,https://www.glpzy.app/te/compounded-glp-tracker-iphone.html,keep_index_translation,,P1,All published translations remain indexable under the owner's policy.,"Check wording, medical safety, mobile layout and Search Console coverage without adding noindex."
https://www.glpzy.app/te/custom-medication-tracker-iphone.html,te/custom-medication-tracker-iphone.html,te,commercial,index,yes,https://www.glpzy.app/te/custom-medication-tracker-iphone.html,keep_index_translation,,P1,All published translations remain indexable under the owner's policy.,"Check wording, medical safety, mobile layout and Search Console coverage without adding noindex."
https://www.glpzy.app/te/data-rights.html,te/data-rights.html,te,privacy,index,yes,https://www.glpzy.app/te/data-rights.html,keep_index_translation,,P1,All published translations remain indexable under the owner's policy.,"Check wording, medical safety, mobile layout and Search Console coverage without adding noindex."
https://www.glpzy.app/te/foundayo-tracker-iphone.html,te/foundayo-tracker-iphone.html,te,commercial,index,yes,https://www.glpzy.app/te/foundayo-tracker-iphone.html,keep_index_translation,,P1,All published translations remain indexable under the owner's policy.,"Check wording, medical safety, mobile layout and Search Console coverage without adding noindex."
https://www.glpzy.app/te/glp1-weight-dose-symptom-tracker.html,te/glp1-weight-dose-symptom-tracker.html,te,commercial,index,yes,https://www.glpzy.app/te/glp1-weight-dose-symptom-tracker.html,keep_index_translation,,P1,All published translations remain indexable under the owner's policy.,"Check wording, medical safety, mobile layout and Search Console coverage without adding noindex."
https://www.glpzy.app/te/glpzy-is-now-oneglp/,te/glpzy-is-now-oneglp/index.html,te,home,index,yes,https://www.glpzy.app/te/glpzy-is-now-oneglp/,keep_index_translation,,P1,All published translations remain indexable under the owner's policy.,"Check wording, medical safety, mobile layout and Search Console coverage without adding noindex."
https://www.glpzy.app/te/,te/index.html,te,home,index,yes,https://www.glpzy.app/te/,keep_index_translation,,P1,All published translations remain indexable under the owner's policy.,"Check wording, medical safety, mobile layout and Search Console coverage without adding noindex."
https://www.glpzy.app/te/local-first-private-glp-tracker.html,te/local-first-private-glp-tracker.html,te,privacy,index,yes,https://www.glpzy.app/te/local-first-private-glp-tracker.html,keep_index_translation,,P1,All published translations remain indexable under the owner's policy.,"Check wording, medical safety, mobile layout and Search Console coverage without adding noindex."
https://www.glpzy.app/te/medical-safety.html,te/medical-safety.html,te,trust,index,yes,https://www.glpzy.app/te/medical-safety.html,keep_index_translation,,P1,All published translations remain indexable under the owner's policy.,"Check wording, medical safety, mobile layout and Search Console coverage without adding noindex."
https://www.glpzy.app/te/methodology.html,te/methodology.html,te,trust,index,yes,https://www.glpzy.app/te/methodology.html,keep_index_translation,,P1,All published translations remain indexable under the owner's policy.,"Check wording, medical safety, mobile layout and Search Console coverage without adding noindex."
https://www.glpzy.app/te/mounjaro-tracker-iphone.html,te/mounjaro-tracker-iphone.html,te,medicine,index,yes,https://www.glpzy.app/te/mounjaro-tracker-iphone.html,keep_index_translation,,P1,All published translations remain indexable under the owner's policy.,"Check wording, medical safety, mobile layout and Search Console coverage without adding noindex."
https://www.glpzy.app/te/overview.html,te/overview.html,te,other,index,yes,https://www.glpzy.app/te/overview.html,keep_index_translation,,P1,All published translations remain indexable under the owner's policy.,"Check wording, medical safety, mobile layout and Search Console coverage without adding noindex."
https://www.glpzy.app/te/ozempic-tracker-iphone.html,te/ozempic-tracker-iphone.html,te,commercial,index,yes,https://www.glpzy.app/te/ozempic-tracker-iphone.html,keep_index_translation,,P1,All published translations remain indexable under the owner's policy.,"Check wording, medical safety, mobile layout and Search Console coverage without adding noindex."
https://www.glpzy.app/te/privacy.html,te/privacy.html,te,privacy,index,yes,https://www.glpzy.app/te/privacy.html,keep_index_translation,,P1,All published translations remain indexable under the owner's policy.,"Check wording, medical safety, mobile layout and Search Console coverage without adding noindex."
https://www.glpzy.app/te/rybelsus-tracker-iphone.html,te/rybelsus-tracker-iphone.html,te,commercial,index,yes,https://www.glpzy.app/te/rybelsus-tracker-iphone.html,keep_index_translation,,P1,All published translations remain indexable under the owner's policy.,"Check wording, medical safety, mobile layout and Search Console coverage without adding noindex."
https://www.glpzy.app/te/saxenda-tracker-iphone.html,te/saxenda-tracker-iphone.html,te,commercial,index,yes,https://www.glpzy.app/te/saxenda-tracker-iphone.html,keep_index_translation,,P1,All published translations remain indexable under the owner's policy.,"Check wording, medical safety, mobile layout and Search Console coverage without adding noindex."
https://www.glpzy.app/te/semaglutide-tracker-iphone.html,te/semaglutide-tracker-iphone.html,te,ingredient,index,yes,https://www.glpzy.app/te/semaglutide-tracker-iphone.html,keep_index_translation,,P1,All published translations remain indexable under the owner's policy.,"Check wording, medical safety, mobile layout and Search Console coverage without adding noindex."
https://www.glpzy.app/te/support.html,te/support.html,te,trust,index,yes,https://www.glpzy.app/te/support.html,keep_index_translation,,P1,All published translations remain indexable under the owner's policy.,"Check wording, medical safety, mobile layout and Search Console coverage without adding noindex."
https://www.glpzy.app/te/terms.html,te/terms.html,te,trust,index,yes,https://www.glpzy.app/te/terms.html,keep_index_translation,,P1,All published translations remain indexable under the owner's policy.,"Check wording, medical safety, mobile layout and Search Console coverage without adding noindex."
https://www.glpzy.app/te/tirzepatide-tracker-iphone.html,te/tirzepatide-tracker-iphone.html,te,ingredient,index,yes,https://www.glpzy.app/te/tirzepatide-tracker-iphone.html,keep_index_translation,,P1,All published translations remain indexable under the owner's policy.,"Check wording, medical safety, mobile layout and Search Console coverage without adding noindex."
https://www.glpzy.app/te/trulicity-tracker-iphone.html,te/trulicity-tracker-iphone.html,te,commercial,index,yes,https://www.glpzy.app/te/trulicity-tracker-iphone.html,keep_index_translation,,P1,All published translations remain indexable under the owner's policy.,"Check wording, medical safety, mobile layout and Search Console coverage without adding noindex."
https://www.glpzy.app/te/victoza-tracker-iphone.html,te/victoza-tracker-iphone.html,te,commercial,index,yes,https://www.glpzy.app/te/victoza-tracker-iphone.html,keep_index_translation,,P1,All published translations remain indexable under the owner's policy.,"Check wording, medical safety, mobile layout and Search Console coverage without adding noindex."
https://www.glpzy.app/te/wegovy-tracker-iphone.html,te/wegovy-tracker-iphone.html,te,medicine,index,yes,https://www.glpzy.app/te/wegovy-tracker-iphone.html,keep_index_translation,,P1,All published translations remain indexable under the owner's policy.,"Check wording, medical safety, mobile layout and Search Console coverage without adding noindex."
https://www.glpzy.app/te/zepbound-tracker-iphone.html,te/zepbound-tracker-iphone.html,te,medicine,index,yes,https://www.glpzy.app/te/zepbound-tracker-iphone.html,keep_index_translation,,P1,All published translations remain indexable under the owner's policy.,"Check wording, medical safety, mobile layout and Search Console coverage without adding noindex."
https://www.glpzy.app/terms.html,terms.html,root,trust,index,yes,https://www.glpzy.app/terms.html,keep_index_supporting,,P2,Indexable root page with a supporting policy or product role.,"Monitor impressions, internal links and canonical selection."
https://www.glpzy.app/th/apple-health-glp-tracker.html,th/apple-health-glp-tracker.html,th,feature,index,yes,https://www.glpzy.app/th/apple-health-glp-tracker.html,keep_index_translation,,P1,All published translations remain indexable under the owner's policy.,"Check wording, medical safety, mobile layout and Search Console coverage without adding noindex."
https://www.glpzy.app/th/compounded-glp-tracker-iphone.html,th/compounded-glp-tracker-iphone.html,th,commercial,index,yes,https://www.glpzy.app/th/compounded-glp-tracker-iphone.html,keep_index_translation,,P1,All published translations remain indexable under the owner's policy.,"Check wording, medical safety, mobile layout and Search Console coverage without adding noindex."
https://www.glpzy.app/th/custom-medication-tracker-iphone.html,th/custom-medication-tracker-iphone.html,th,commercial,index,yes,https://www.glpzy.app/th/custom-medication-tracker-iphone.html,keep_index_translation,,P1,All published translations remain indexable under the owner's policy.,"Check wording, medical safety, mobile layout and Search Console coverage without adding noindex."
https://www.glpzy.app/th/data-rights.html,th/data-rights.html,th,privacy,index,yes,https://www.glpzy.app/th/data-rights.html,keep_index_translation,,P1,All published translations remain indexable under the owner's policy.,"Check wording, medical safety, mobile layout and Search Console coverage without adding noindex."
https://www.glpzy.app/th/foundayo-tracker-iphone.html,th/foundayo-tracker-iphone.html,th,commercial,index,yes,https://www.glpzy.app/th/foundayo-tracker-iphone.html,keep_index_translation,,P1,All published translations remain indexable under the owner's policy.,"Check wording, medical safety, mobile layout and Search Console coverage without adding noindex."
https://www.glpzy.app/th/glp1-weight-dose-symptom-tracker.html,th/glp1-weight-dose-symptom-tracker.html,th,commercial,index,yes,https://www.glpzy.app/th/glp1-weight-dose-symptom-tracker.html,keep_index_translation,,P1,All published translations remain indexable under the owner's policy.,"Check wording, medical safety, mobile layout and Search Console coverage without adding noindex."
https://www.glpzy.app/th/glpzy-is-now-oneglp/,th/glpzy-is-now-oneglp/index.html,th,home,index,yes,https://www.glpzy.app/th/glpzy-is-now-oneglp/,keep_index_translation,,P1,All published translations remain indexable under the owner's policy.,"Check wording, medical safety, mobile layout and Search Console coverage without adding noindex."
https://www.glpzy.app/th/,th/index.html,th,home,index,yes,https://www.glpzy.app/th/,keep_index_translation,,P1,All published translations remain indexable under the owner's policy.,"Check wording, medical safety, mobile layout and Search Console coverage without adding noindex."
https://www.glpzy.app/th/local-first-private-glp-tracker.html,th/local-first-private-glp-tracker.html,th,privacy,index,yes,https://www.glpzy.app/th/local-first-private-glp-tracker.html,keep_index_translation,,P1,All published translations remain indexable under the owner's policy.,"Check wording, medical safety, mobile layout and Search Console coverage without adding noindex."
https://www.glpzy.app/th/medical-safety.html,th/medical-safety.html,th,trust,index,yes,https://www.glpzy.app/th/medical-safety.html,keep_index_translation,,P1,All published translations remain indexable under the owner's policy.,"Check wording, medical safety, mobile layout and Search Console coverage without adding noindex."
https://www.glpzy.app/th/methodology.html,th/methodology.html,th,trust,index,yes,https://www.glpzy.app/th/methodology.html,keep_index_translation,,P1,All published translations remain indexable under the owner's policy.,"Check wording, medical safety, mobile layout and Search Console coverage without adding noindex."
https://www.glpzy.app/th/mounjaro-tracker-iphone.html,th/mounjaro-tracker-iphone.html,th,medicine,index,yes,https://www.glpzy.app/th/mounjaro-tracker-iphone.html,keep_index_translation,,P1,All published translations remain indexable under the owner's policy.,"Check wording, medical safety, mobile layout and Search Console coverage without adding noindex."
https://www.glpzy.app/th/overview.html,th/overview.html,th,other,index,yes,https://www.glpzy.app/th/overview.html,keep_index_translation,,P1,All published translations remain indexable under the owner's policy.,"Check wording, medical safety, mobile layout and Search Console coverage without adding noindex."
https://www.glpzy.app/th/ozempic-tracker-iphone.html,th/ozempic-tracker-iphone.html,th,commercial,index,yes,https://www.glpzy.app/th/ozempic-tracker-iphone.html,keep_index_translation,,P1,All published translations remain indexable under the owner's policy.,"Check wording, medical safety, mobile layout and Search Console coverage without adding noindex."
https://www.glpzy.app/th/privacy.html,th/privacy.html,th,privacy,index,yes,https://www.glpzy.app/th/privacy.html,keep_index_translation,,P1,All published translations remain indexable under the owner's policy.,"Check wording, medical safety, mobile layout and Search Console coverage without adding noindex."
https://www.glpzy.app/th/rybelsus-tracker-iphone.html,th/rybelsus-tracker-iphone.html,th,commercial,index,yes,https://www.glpzy.app/th/rybelsus-tracker-iphone.html,keep_index_translation,,P1,All published translations remain indexable under the owner's policy.,"Check wording, medical safety, mobile layout and Search Console coverage without adding noindex."
https://www.glpzy.app/th/saxenda-tracker-iphone.html,th/saxenda-tracker-iphone.html,th,commercial,index,yes,https://www.glpzy.app/th/saxenda-tracker-iphone.html,keep_index_translation,,P1,All published translations remain indexable under the owner's policy.,"Check wording, medical safety, mobile layout and Search Console coverage without adding noindex."
https://www.glpzy.app/th/semaglutide-tracker-iphone.html,th/semaglutide-tracker-iphone.html,th,ingredient,index,yes,https://www.glpzy.app/th/semaglutide-tracker-iphone.html,keep_index_translation,,P1,All published translations remain indexable under the owner's policy.,"Check wording, medical safety, mobile layout and Search Console coverage without adding noindex."
https://www.glpzy.app/th/support.html,th/support.html,th,trust,index,yes,https://www.glpzy.app/th/support.html,keep_index_translation,,P1,All published translations remain indexable under the owner's policy.,"Check wording, medical safety, mobile layout and Search Console coverage without adding noindex."
https://www.glpzy.app/th/terms.html,th/terms.html,th,trust,index,yes,https://www.glpzy.app/th/terms.html,keep_index_translation,,P1,All published translations remain indexable under the owner's policy.,"Check wording, medical safety, mobile layout and Search Console coverage without adding noindex."
https://www.glpzy.app/th/tirzepatide-tracker-iphone.html,th/tirzepatide-tracker-iphone.html,th,ingredient,index,yes,https://www.glpzy.app/th/tirzepatide-tracker-iphone.html,keep_index_translation,,P1,All published translations remain indexable under the owner's policy.,"Check wording, medical safety, mobile layout and Search Console coverage without adding noindex."
https://www.glpzy.app/th/trulicity-tracker-iphone.html,th/trulicity-tracker-iphone.html,th,commercial,index,yes,https://www.glpzy.app/th/trulicity-tracker-iphone.html,keep_index_translation,,P1,All published translations remain indexable under the owner's policy.,"Check wording, medical safety, mobile layout and Search Console coverage without adding noindex."
https://www.glpzy.app/th/victoza-tracker-iphone.html,th/victoza-tracker-iphone.html,th,commercial,index,yes,https://www.glpzy.app/th/victoza-tracker-iphone.html,keep_index_translation,,P1,All published translations remain indexable under the owner's policy.,"Check wording, medical safety, mobile layout and Search Console coverage without adding noindex."
https://www.glpzy.app/th/wegovy-tracker-iphone.html,th/wegovy-tracker-iphone.html,th,medicine,index,yes,https://www.glpzy.app/th/wegovy-tracker-iphone.html,keep_index_translation,,P1,All published translations remain indexable under the owner's policy.,"Check wording, medical safety, mobile layout and Search Console coverage without adding noindex."
https://www.glpzy.app/th/zepbound-tracker-iphone.html,th/zepbound-tracker-iphone.html,th,medicine,index,yes,https://www.glpzy.app/th/zepbound-tracker-iphone.html,keep_index_translation,,P1,All published translations remain indexable under the owner's policy.,"Check wording, medical safety, mobile layout and Search Console coverage without adding noindex."
https://www.glpzy.app/tirzepatide-tracker-iphone.html,tirzepatide-tracker-iphone.html,root,ingredient,index,yes,https://www.glpzy.app/tirzepatide-tracker-iphone.html,keep_index_priority,,P0,"Distinct product, feature, offer or trust intent.","Monitor query match, CTR, canonical selection and conversions."
https://www.glpzy.app/tr/apple-health-glp-tracker.html,tr/apple-health-glp-tracker.html,tr,feature,index,yes,https://www.glpzy.app/tr/apple-health-glp-tracker.html,keep_index_translation,,P1,All published translations remain indexable under the owner's policy.,"Check wording, medical safety, mobile layout and Search Console coverage without adding noindex."
https://www.glpzy.app/tr/compounded-glp-tracker-iphone.html,tr/compounded-glp-tracker-iphone.html,tr,commercial,index,yes,https://www.glpzy.app/tr/compounded-glp-tracker-iphone.html,keep_index_translation,,P1,All published translations remain indexable under the owner's policy.,"Check wording, medical safety, mobile layout and Search Console coverage without adding noindex."
https://www.glpzy.app/tr/custom-medication-tracker-iphone.html,tr/custom-medication-tracker-iphone.html,tr,commercial,index,yes,https://www.glpzy.app/tr/custom-medication-tracker-iphone.html,keep_index_translation,,P1,All published translations remain indexable under the owner's policy.,"Check wording, medical safety, mobile layout and Search Console coverage without adding noindex."
https://www.glpzy.app/tr/data-rights.html,tr/data-rights.html,tr,privacy,index,yes,https://www.glpzy.app/tr/data-rights.html,keep_index_translation,,P1,All published translations remain indexable under the owner's policy.,"Check wording, medical safety, mobile layout and Search Console coverage without adding noindex."
https://www.glpzy.app/tr/foundayo-tracker-iphone.html,tr/foundayo-tracker-iphone.html,tr,commercial,index,yes,https://www.glpzy.app/tr/foundayo-tracker-iphone.html,keep_index_translation,,P1,All published translations remain indexable under the owner's policy.,"Check wording, medical safety, mobile layout and Search Console coverage without adding noindex."
https://www.glpzy.app/tr/glp1-weight-dose-symptom-tracker.html,tr/glp1-weight-dose-symptom-tracker.html,tr,commercial,index,yes,https://www.glpzy.app/tr/glp1-weight-dose-symptom-tracker.html,keep_index_translation,,P1,All published translations remain indexable under the owner's policy.,"Check wording, medical safety, mobile layout and Search Console coverage without adding noindex."
https://www.glpzy.app/tr/glpzy-is-now-oneglp/,tr/glpzy-is-now-oneglp/index.html,tr,home,index,yes,https://www.glpzy.app/tr/glpzy-is-now-oneglp/,keep_index_translation,,P1,All published translations remain indexable under the owner's policy.,"Check wording, medical safety, mobile layout and Search Console coverage without adding noindex."
https://www.glpzy.app/tr/,tr/index.html,tr,home,index,yes,https://www.glpzy.app/tr/,keep_index_translation,,P1,All published translations remain indexable under the owner's policy.,"Check wording, medical safety, mobile layout and Search Console coverage without adding noindex."
https://www.glpzy.app/tr/local-first-private-glp-tracker.html,tr/local-first-private-glp-tracker.html,tr,privacy,index,yes,https://www.glpzy.app/tr/local-first-private-glp-tracker.html,keep_index_translation,,P1,All published translations remain indexable under the owner's policy.,"Check wording, medical safety, mobile layout and Search Console coverage without adding noindex."
https://www.glpzy.app/tr/medical-safety.html,tr/medical-safety.html,tr,trust,index,yes,https://www.glpzy.app/tr/medical-safety.html,keep_index_translation,,P1,All published translations remain indexable under the owner's policy.,"Check wording, medical safety, mobile layout and Search Console coverage without adding noindex."
https://www.glpzy.app/tr/methodology.html,tr/methodology.html,tr,trust,index,yes,https://www.glpzy.app/tr/methodology.html,keep_index_translation,,P1,All published translations remain indexable under the owner's policy.,"Check wording, medical safety, mobile layout and Search Console coverage without adding noindex."
https://www.glpzy.app/tr/mounjaro-tracker-iphone.html,tr/mounjaro-tracker-iphone.html,tr,medicine,index,yes,https://www.glpzy.app/tr/mounjaro-tracker-iphone.html,keep_index_translation,,P1,All published translations remain indexable under the owner's policy.,"Check wording, medical safety, mobile layout and Search Console coverage without adding noindex."
https://www.glpzy.app/tr/overview.html,tr/overview.html,tr,other,index,yes,https://www.glpzy.app/tr/overview.html,keep_index_translation,,P1,All published translations remain indexable under the owner's policy.,"Check wording, medical safety, mobile layout and Search Console coverage without adding noindex."
https://www.glpzy.app/tr/ozempic-tracker-iphone.html,tr/ozempic-tracker-iphone.html,tr,commercial,index,yes,https://www.glpzy.app/tr/ozempic-tracker-iphone.html,keep_index_translation,,P1,All published translations remain indexable under the owner's policy.,"Check wording, medical safety, mobile layout and Search Console coverage without adding noindex."
https://www.glpzy.app/tr/privacy.html,tr/privacy.html,tr,privacy,index,yes,https://www.glpzy.app/tr/privacy.html,keep_index_translation,,P1,All published translations remain indexable under the owner's policy.,"Check wording, medical safety, mobile layout and Search Console coverage without adding noindex."
https://www.glpzy.app/tr/rybelsus-tracker-iphone.html,tr/rybelsus-tracker-iphone.html,tr,commercial,index,yes,https://www.glpzy.app/tr/rybelsus-tracker-iphone.html,keep_index_translation,,P1,All published translations remain indexable under the owner's policy.,"Check wording, medical safety, mobile layout and Search Console coverage without adding noindex."
https://www.glpzy.app/tr/saxenda-tracker-iphone.html,tr/saxenda-tracker-iphone.html,tr,commercial,index,yes,https://www.glpzy.app/tr/saxenda-tracker-iphone.html,keep_index_translation,,P1,All published translations remain indexable under the owner's policy.,"Check wording, medical safety, mobile layout and Search Console coverage without adding noindex."
https://www.glpzy.app/tr/semaglutide-tracker-iphone.html,tr/semaglutide-tracker-iphone.html,tr,ingredient,index,yes,https://www.glpzy.app/tr/semaglutide-tracker-iphone.html,keep_index_translation,,P1,All published translations remain indexable under the owner's policy.,"Check wording, medical safety, mobile layout and Search Console coverage without adding noindex."
https://www.glpzy.app/tr/support.html,tr/support.html,tr,trust,index,yes,https://www.glpzy.app/tr/support.html,keep_index_translation,,P1,All published translations remain indexable under the owner's policy.,"Check wording, medical safety, mobile layout and Search Console coverage without adding noindex."
https://www.glpzy.app/tr/terms.html,tr/terms.html,tr,trust,index,yes,https://www.glpzy.app/tr/terms.html,keep_index_translation,,P1,All published translations remain indexable under the owner's policy.,"Check wording, medical safety, mobile layout and Search Console coverage without adding noindex."
https://www.glpzy.app/tr/tirzepatide-tracker-iphone.html,tr/tirzepatide-tracker-iphone.html,tr,ingredient,index,yes,https://www.glpzy.app/tr/tirzepatide-tracker-iphone.html,keep_index_translation,,P1,All published translations remain indexable under the owner's policy.,"Check wording, medical safety, mobile layout and Search Console coverage without adding noindex."
https://www.glpzy.app/tr/trulicity-tracker-iphone.html,tr/trulicity-tracker-iphone.html,tr,commercial,index,yes,https://www.glpzy.app/tr/trulicity-tracker-iphone.html,keep_index_translation,,P1,All published translations remain indexable under the owner's policy.,"Check wording, medical safety, mobile layout and Search Console coverage without adding noindex."
https://www.glpzy.app/tr/victoza-tracker-iphone.html,tr/victoza-tracker-iphone.html,tr,commercial,index,yes,https://www.glpzy.app/tr/victoza-tracker-iphone.html,keep_index_translation,,P1,All published translations remain indexable under the owner's policy.,"Check wording, medical safety, mobile layout and Search Console coverage without adding noindex."
https://www.glpzy.app/tr/wegovy-tracker-iphone.html,tr/wegovy-tracker-iphone.html,tr,medicine,index,yes,https://www.glpzy.app/tr/wegovy-tracker-iphone.html,keep_index_translation,,P1,All published translations remain indexable under the owner's policy.,"Check wording, medical safety, mobile layout and Search Console coverage without adding noindex."
https://www.glpzy.app/tr/zepbound-tracker-iphone.html,tr/zepbound-tracker-iphone.html,tr,medicine,index,yes,https://www.glpzy.app/tr/zepbound-tracker-iphone.html,keep_index_translation,,P1,All published translations remain indexable under the owner's policy.,"Check wording, medical safety, mobile layout and Search Console coverage without adding noindex."
https://www.glpzy.app/trulicity-tracker-iphone.html,trulicity-tracker-iphone.html,root,commercial,index,yes,https://www.glpzy.app/trulicity-tracker-iphone.html,monitor_then_consolidate,https://www.glpzy.app/glp1-weight-dose-symptom-tracker.html,P1,The page overlaps a broader ingredient or tracker intent.,"Keep for 28 days, then merge only if Search Console shows no distinct query demand."
https://www.glpzy.app/uk/apple-health-glp-tracker.html,uk/apple-health-glp-tracker.html,uk,feature,index,yes,https://www.glpzy.app/uk/apple-health-glp-tracker.html,keep_index_translation,,P1,All published translations remain indexable under the owner's policy.,"Check wording, medical safety, mobile layout and Search Console coverage without adding noindex."
https://www.glpzy.app/uk/compounded-glp-tracker-iphone.html,uk/compounded-glp-tracker-iphone.html,uk,commercial,index,yes,https://www.glpzy.app/uk/compounded-glp-tracker-iphone.html,keep_index_translation,,P1,All published translations remain indexable under the owner's policy.,"Check wording, medical safety, mobile layout and Search Console coverage without adding noindex."
https://www.glpzy.app/uk/custom-medication-tracker-iphone.html,uk/custom-medication-tracker-iphone.html,uk,commercial,index,yes,https://www.glpzy.app/uk/custom-medication-tracker-iphone.html,keep_index_translation,,P1,All published translations remain indexable under the owner's policy.,"Check wording, medical safety, mobile layout and Search Console coverage without adding noindex."
https://www.glpzy.app/uk/data-rights.html,uk/data-rights.html,uk,privacy,index,yes,https://www.glpzy.app/uk/data-rights.html,keep_index_translation,,P1,All published translations remain indexable under the owner's policy.,"Check wording, medical safety, mobile layout and Search Console coverage without adding noindex."
https://www.glpzy.app/uk/foundayo-tracker-iphone.html,uk/foundayo-tracker-iphone.html,uk,commercial,index,yes,https://www.glpzy.app/uk/foundayo-tracker-iphone.html,keep_index_translation,,P1,All published translations remain indexable under the owner's policy.,"Check wording, medical safety, mobile layout and Search Console coverage without adding noindex."
https://www.glpzy.app/uk/glp1-weight-dose-symptom-tracker.html,uk/glp1-weight-dose-symptom-tracker.html,uk,commercial,index,yes,https://www.glpzy.app/uk/glp1-weight-dose-symptom-tracker.html,keep_index_translation,,P1,All published translations remain indexable under the owner's policy.,"Check wording, medical safety, mobile layout and Search Console coverage without adding noindex."
https://www.glpzy.app/uk/glpzy-is-now-oneglp/,uk/glpzy-is-now-oneglp/index.html,uk,home,index,yes,https://www.glpzy.app/uk/glpzy-is-now-oneglp/,keep_index_translation,,P1,All published translations remain indexable under the owner's policy.,"Check wording, medical safety, mobile layout and Search Console coverage without adding noindex."
https://www.glpzy.app/uk/,uk/index.html,uk,home,index,yes,https://www.glpzy.app/uk/,keep_index_translation,,P1,All published translations remain indexable under the owner's policy.,"Check wording, medical safety, mobile layout and Search Console coverage without adding noindex."
https://www.glpzy.app/uk/local-first-private-glp-tracker.html,uk/local-first-private-glp-tracker.html,uk,privacy,index,yes,https://www.glpzy.app/uk/local-first-private-glp-tracker.html,keep_index_translation,,P1,All published translations remain indexable under the owner's policy.,"Check wording, medical safety, mobile layout and Search Console coverage without adding noindex."
https://www.glpzy.app/uk/medical-safety.html,uk/medical-safety.html,uk,trust,index,yes,https://www.glpzy.app/uk/medical-safety.html,keep_index_translation,,P1,All published translations remain indexable under the owner's policy.,"Check wording, medical safety, mobile layout and Search Console coverage without adding noindex."
https://www.glpzy.app/uk/methodology.html,uk/methodology.html,uk,trust,index,yes,https://www.glpzy.app/uk/methodology.html,keep_index_translation,,P1,All published translations remain indexable under the owner's policy.,"Check wording, medical safety, mobile layout and Search Console coverage without adding noindex."
https://www.glpzy.app/uk/mounjaro-tracker-iphone.html,uk/mounjaro-tracker-iphone.html,uk,medicine,index,yes,https://www.glpzy.app/uk/mounjaro-tracker-iphone.html,keep_index_translation,,P1,All published translations remain indexable under the owner's policy.,"Check wording, medical safety, mobile layout and Search Console coverage without adding noindex."
https://www.glpzy.app/uk/overview.html,uk/overview.html,uk,other,index,yes,https://www.glpzy.app/uk/overview.html,keep_index_translation,,P1,All published translations remain indexable under the owner's policy.,"Check wording, medical safety, mobile layout and Search Console coverage without adding noindex."
https://www.glpzy.app/uk/ozempic-tracker-iphone.html,uk/ozempic-tracker-iphone.html,uk,commercial,index,yes,https://www.glpzy.app/uk/ozempic-tracker-iphone.html,keep_index_translation,,P1,All published translations remain indexable under the owner's policy.,"Check wording, medical safety, mobile layout and Search Console coverage without adding noindex."
https://www.glpzy.app/uk/privacy.html,uk/privacy.html,uk,privacy,index,yes,https://www.glpzy.app/uk/privacy.html,keep_index_translation,,P1,All published translations remain indexable under the owner's policy.,"Check wording, medical safety, mobile layout and Search Console coverage without adding noindex."
https://www.glpzy.app/uk/rybelsus-tracker-iphone.html,uk/rybelsus-tracker-iphone.html,uk,commercial,index,yes,https://www.glpzy.app/uk/rybelsus-tracker-iphone.html,keep_index_translation,,P1,All published translations remain indexable under the owner's policy.,"Check wording, medical safety, mobile layout and Search Console coverage without adding noindex."
https://www.glpzy.app/uk/saxenda-tracker-iphone.html,uk/saxenda-tracker-iphone.html,uk,commercial,index,yes,https://www.glpzy.app/uk/saxenda-tracker-iphone.html,keep_index_translation,,P1,All published translations remain indexable under the owner's policy.,"Check wording, medical safety, mobile layout and Search Console coverage without adding noindex."
https://www.glpzy.app/uk/semaglutide-tracker-iphone.html,uk/semaglutide-tracker-iphone.html,uk,ingredient,index,yes,https://www.glpzy.app/uk/semaglutide-tracker-iphone.html,keep_index_translation,,P1,All published translations remain indexable under the owner's policy.,"Check wording, medical safety, mobile layout and Search Console coverage without adding noindex."
https://www.glpzy.app/uk/support.html,uk/support.html,uk,trust,index,yes,https://www.glpzy.app/uk/support.html,keep_index_translation,,P1,All published translations remain indexable under the owner's policy.,"Check wording, medical safety, mobile layout and Search Console coverage without adding noindex."
https://www.glpzy.app/uk/terms.html,uk/terms.html,uk,trust,index,yes,https://www.glpzy.app/uk/terms.html,keep_index_translation,,P1,All published translations remain indexable under the owner's policy.,"Check wording, medical safety, mobile layout and Search Console coverage without adding noindex."
https://www.glpzy.app/uk/tirzepatide-tracker-iphone.html,uk/tirzepatide-tracker-iphone.html,uk,ingredient,index,yes,https://www.glpzy.app/uk/tirzepatide-tracker-iphone.html,keep_index_translation,,P1,All published translations remain indexable under the owner's policy.,"Check wording, medical safety, mobile layout and Search Console coverage without adding noindex."
https://www.glpzy.app/uk/trulicity-tracker-iphone.html,uk/trulicity-tracker-iphone.html,uk,commercial,index,yes,https://www.glpzy.app/uk/trulicity-tracker-iphone.html,keep_index_translation,,P1,All published translations remain indexable under the owner's policy.,"Check wording, medical safety, mobile layout and Search Console coverage without adding noindex."
https://www.glpzy.app/uk/victoza-tracker-iphone.html,uk/victoza-tracker-iphone.html,uk,commercial,index,yes,https://www.glpzy.app/uk/victoza-tracker-iphone.html,keep_index_translation,,P1,All published translations remain indexable under the owner's policy.,"Check wording, medical safety, mobile layout and Search Console coverage without adding noindex."
https://www.glpzy.app/uk/wegovy-tracker-iphone.html,uk/wegovy-tracker-iphone.html,uk,medicine,index,yes,https://www.glpzy.app/uk/wegovy-tracker-iphone.html,keep_index_translation,,P1,All published translations remain indexable under the owner's policy.,"Check wording, medical safety, mobile layout and Search Console coverage without adding noindex."
https://www.glpzy.app/uk/zepbound-tracker-iphone.html,uk/zepbound-tracker-iphone.html,uk,medicine,index,yes,https://www.glpzy.app/uk/zepbound-tracker-iphone.html,keep_index_translation,,P1,All published translations remain indexable under the owner's policy.,"Check wording, medical safety, mobile layout and Search Console coverage without adding noindex."
https://www.glpzy.app/ur/apple-health-glp-tracker.html,ur/apple-health-glp-tracker.html,ur,feature,index,yes,https://www.glpzy.app/ur/apple-health-glp-tracker.html,keep_index_translation,,P1,All published translations remain indexable under the owner's policy.,"Check wording, medical safety, mobile layout and Search Console coverage without adding noindex."
https://www.glpzy.app/ur/compounded-glp-tracker-iphone.html,ur/compounded-glp-tracker-iphone.html,ur,commercial,index,yes,https://www.glpzy.app/ur/compounded-glp-tracker-iphone.html,keep_index_translation,,P1,All published translations remain indexable under the owner's policy.,"Check wording, medical safety, mobile layout and Search Console coverage without adding noindex."
https://www.glpzy.app/ur/custom-medication-tracker-iphone.html,ur/custom-medication-tracker-iphone.html,ur,commercial,index,yes,https://www.glpzy.app/ur/custom-medication-tracker-iphone.html,keep_index_translation,,P1,All published translations remain indexable under the owner's policy.,"Check wording, medical safety, mobile layout and Search Console coverage without adding noindex."
https://www.glpzy.app/ur/data-rights.html,ur/data-rights.html,ur,privacy,index,yes,https://www.glpzy.app/ur/data-rights.html,keep_index_translation,,P1,All published translations remain indexable under the owner's policy.,"Check wording, medical safety, mobile layout and Search Console coverage without adding noindex."
https://www.glpzy.app/ur/foundayo-tracker-iphone.html,ur/foundayo-tracker-iphone.html,ur,commercial,index,yes,https://www.glpzy.app/ur/foundayo-tracker-iphone.html,keep_index_translation,,P1,All published translations remain indexable under the owner's policy.,"Check wording, medical safety, mobile layout and Search Console coverage without adding noindex."
https://www.glpzy.app/ur/glp1-weight-dose-symptom-tracker.html,ur/glp1-weight-dose-symptom-tracker.html,ur,commercial,index,yes,https://www.glpzy.app/ur/glp1-weight-dose-symptom-tracker.html,keep_index_translation,,P1,All published translations remain indexable under the owner's policy.,"Check wording, medical safety, mobile layout and Search Console coverage without adding noindex."
https://www.glpzy.app/ur/glpzy-is-now-oneglp/,ur/glpzy-is-now-oneglp/index.html,ur,home,index,yes,https://www.glpzy.app/ur/glpzy-is-now-oneglp/,keep_index_translation,,P1,All published translations remain indexable under the owner's policy.,"Check wording, medical safety, mobile layout and Search Console coverage without adding noindex."
https://www.glpzy.app/ur/,ur/index.html,ur,home,index,yes,https://www.glpzy.app/ur/,keep_index_translation,,P1,All published translations remain indexable under the owner's policy.,"Check wording, medical safety, mobile layout and Search Console coverage without adding noindex."
https://www.glpzy.app/ur/local-first-private-glp-tracker.html,ur/local-first-private-glp-tracker.html,ur,privacy,index,yes,https://www.glpzy.app/ur/local-first-private-glp-tracker.html,keep_index_translation,,P1,All published translations remain indexable under the owner's policy.,"Check wording, medical safety, mobile layout and Search Console coverage without adding noindex."
https://www.glpzy.app/ur/medical-safety.html,ur/medical-safety.html,ur,trust,index,yes,https://www.glpzy.app/ur/medical-safety.html,keep_index_translation,,P1,All published translations remain indexable under the owner's policy.,"Check wording, medical safety, mobile layout and Search Console coverage without adding noindex."
https://www.glpzy.app/ur/methodology.html,ur/methodology.html,ur,trust,index,yes,https://www.glpzy.app/ur/methodology.html,keep_index_translation,,P1,All published translations remain indexable under the owner's policy.,"Check wording, medical safety, mobile layout and Search Console coverage without adding noindex."
https://www.glpzy.app/ur/mounjaro-tracker-iphone.html,ur/mounjaro-tracker-iphone.html,ur,medicine,index,yes,https://www.glpzy.app/ur/mounjaro-tracker-iphone.html,keep_index_translation,,P1,All published translations remain indexable under the owner's policy.,"Check wording, medical safety, mobile layout and Search Console coverage without adding noindex."
https://www.glpzy.app/ur/overview.html,ur/overview.html,ur,other,index,yes,https://www.glpzy.app/ur/overview.html,keep_index_translation,,P1,All published translations remain indexable under the owner's policy.,"Check wording, medical safety, mobile layout and Search Console coverage without adding noindex."
https://www.glpzy.app/ur/ozempic-tracker-iphone.html,ur/ozempic-tracker-iphone.html,ur,commercial,index,yes,https://www.glpzy.app/ur/ozempic-tracker-iphone.html,keep_index_translation,,P1,All published translations remain indexable under the owner's policy.,"Check wording, medical safety, mobile layout and Search Console coverage without adding noindex."
https://www.glpzy.app/ur/privacy.html,ur/privacy.html,ur,privacy,index,yes,https://www.glpzy.app/ur/privacy.html,keep_index_translation,,P1,All published translations remain indexable under the owner's policy.,"Check wording, medical safety, mobile layout and Search Console coverage without adding noindex."
https://www.glpzy.app/ur/rybelsus-tracker-iphone.html,ur/rybelsus-tracker-iphone.html,ur,commercial,index,yes,https://www.glpzy.app/ur/rybelsus-tracker-iphone.html,keep_index_translation,,P1,All published translations remain indexable under the owner's policy.,"Check wording, medical safety, mobile layout and Search Console coverage without adding noindex."
https://www.glpzy.app/ur/saxenda-tracker-iphone.html,ur/saxenda-tracker-iphone.html,ur,commercial,index,yes,https://www.glpzy.app/ur/saxenda-tracker-iphone.html,keep_index_translation,,P1,All published translations remain indexable under the owner's policy.,"Check wording, medical safety, mobile layout and Search Console coverage without adding noindex."
https://www.glpzy.app/ur/semaglutide-tracker-iphone.html,ur/semaglutide-tracker-iphone.html,ur,ingredient,index,yes,https://www.glpzy.app/ur/semaglutide-tracker-iphone.html,keep_index_translation,,P1,All published translations remain indexable under the owner's policy.,"Check wording, medical safety, mobile layout and Search Console coverage without adding noindex."
https://www.glpzy.app/ur/support.html,ur/support.html,ur,trust,index,yes,https://www.glpzy.app/ur/support.html,keep_index_translation,,P1,All published translations remain indexable under the owner's policy.,"Check wording, medical safety, mobile layout and Search Console coverage without adding noindex."
https://www.glpzy.app/ur/terms.html,ur/terms.html,ur,trust,index,yes,https://www.glpzy.app/ur/terms.html,keep_index_translation,,P1,All published translations remain indexable under the owner's policy.,"Check wording, medical safety, mobile layout and Search Console coverage without adding noindex."
https://www.glpzy.app/ur/tirzepatide-tracker-iphone.html,ur/tirzepatide-tracker-iphone.html,ur,ingredient,index,yes,https://www.glpzy.app/ur/tirzepatide-tracker-iphone.html,keep_index_translation,,P1,All published translations remain indexable under the owner's policy.,"Check wording, medical safety, mobile layout and Search Console coverage without adding noindex."
https://www.glpzy.app/ur/trulicity-tracker-iphone.html,ur/trulicity-tracker-iphone.html,ur,commercial,index,yes,https://www.glpzy.app/ur/trulicity-tracker-iphone.html,keep_index_translation,,P1,All published translations remain indexable under the owner's policy.,"Check wording, medical safety, mobile layout and Search Console coverage without adding noindex."
https://www.glpzy.app/ur/victoza-tracker-iphone.html,ur/victoza-tracker-iphone.html,ur,commercial,index,yes,https://www.glpzy.app/ur/victoza-tracker-iphone.html,keep_index_translation,,P1,All published translations remain indexable under the owner's policy.,"Check wording, medical safety, mobile layout and Search Console coverage without adding noindex."
https://www.glpzy.app/ur/wegovy-tracker-iphone.html,ur/wegovy-tracker-iphone.html,ur,medicine,index,yes,https://www.glpzy.app/ur/wegovy-tracker-iphone.html,keep_index_translation,,P1,All published translations remain indexable under the owner's policy.,"Check wording, medical safety, mobile layout and Search Console coverage without adding noindex."
https://www.glpzy.app/ur/zepbound-tracker-iphone.html,ur/zepbound-tracker-iphone.html,ur,medicine,index,yes,https://www.glpzy.app/ur/zepbound-tracker-iphone.html,keep_index_translation,,P1,All published translations remain indexable under the owner's policy.,"Check wording, medical safety, mobile layout and Search Console coverage without adding noindex."
https://www.glpzy.app/vi/apple-health-glp-tracker.html,vi/apple-health-glp-tracker.html,vi,feature,index,yes,https://www.glpzy.app/vi/apple-health-glp-tracker.html,keep_index_translation,,P1,All published translations remain indexable under the owner's policy.,"Check wording, medical safety, mobile layout and Search Console coverage without adding noindex."
https://www.glpzy.app/vi/compounded-glp-tracker-iphone.html,vi/compounded-glp-tracker-iphone.html,vi,commercial,index,yes,https://www.glpzy.app/vi/compounded-glp-tracker-iphone.html,keep_index_translation,,P1,All published translations remain indexable under the owner's policy.,"Check wording, medical safety, mobile layout and Search Console coverage without adding noindex."
https://www.glpzy.app/vi/custom-medication-tracker-iphone.html,vi/custom-medication-tracker-iphone.html,vi,commercial,index,yes,https://www.glpzy.app/vi/custom-medication-tracker-iphone.html,keep_index_translation,,P1,All published translations remain indexable under the owner's policy.,"Check wording, medical safety, mobile layout and Search Console coverage without adding noindex."
https://www.glpzy.app/vi/data-rights.html,vi/data-rights.html,vi,privacy,index,yes,https://www.glpzy.app/vi/data-rights.html,keep_index_translation,,P1,All published translations remain indexable under the owner's policy.,"Check wording, medical safety, mobile layout and Search Console coverage without adding noindex."
https://www.glpzy.app/vi/foundayo-tracker-iphone.html,vi/foundayo-tracker-iphone.html,vi,commercial,index,yes,https://www.glpzy.app/vi/foundayo-tracker-iphone.html,keep_index_translation,,P1,All published translations remain indexable under the owner's policy.,"Check wording, medical safety, mobile layout and Search Console coverage without adding noindex."
https://www.glpzy.app/vi/glp1-weight-dose-symptom-tracker.html,vi/glp1-weight-dose-symptom-tracker.html,vi,commercial,index,yes,https://www.glpzy.app/vi/glp1-weight-dose-symptom-tracker.html,keep_index_translation,,P1,All published translations remain indexable under the owner's policy.,"Check wording, medical safety, mobile layout and Search Console coverage without adding noindex."
https://www.glpzy.app/vi/glpzy-is-now-oneglp/,vi/glpzy-is-now-oneglp/index.html,vi,home,index,yes,https://www.glpzy.app/vi/glpzy-is-now-oneglp/,keep_index_translation,,P1,All published translations remain indexable under the owner's policy.,"Check wording, medical safety, mobile layout and Search Console coverage without adding noindex."
https://www.glpzy.app/vi/,vi/index.html,vi,home,index,yes,https://www.glpzy.app/vi/,keep_index_translation,,P1,All published translations remain indexable under the owner's policy.,"Check wording, medical safety, mobile layout and Search Console coverage without adding noindex."
https://www.glpzy.app/vi/local-first-private-glp-tracker.html,vi/local-first-private-glp-tracker.html,vi,privacy,index,yes,https://www.glpzy.app/vi/local-first-private-glp-tracker.html,keep_index_translation,,P1,All published translations remain indexable under the owner's policy.,"Check wording, medical safety, mobile layout and Search Console coverage without adding noindex."
https://www.glpzy.app/vi/medical-safety.html,vi/medical-safety.html,vi,trust,index,yes,https://www.glpzy.app/vi/medical-safety.html,keep_index_translation,,P1,All published translations remain indexable under the owner's policy.,"Check wording, medical safety, mobile layout and Search Console coverage without adding noindex."
https://www.glpzy.app/vi/methodology.html,vi/methodology.html,vi,trust,index,yes,https://www.glpzy.app/vi/methodology.html,keep_index_translation,,P1,All published translations remain indexable under the owner's policy.,"Check wording, medical safety, mobile layout and Search Console coverage without adding noindex."
https://www.glpzy.app/vi/mounjaro-tracker-iphone.html,vi/mounjaro-tracker-iphone.html,vi,medicine,index,yes,https://www.glpzy.app/vi/mounjaro-tracker-iphone.html,keep_index_translation,,P1,All published translations remain indexable under the owner's policy.,"Check wording, medical safety, mobile layout and Search Console coverage without adding noindex."
https://www.glpzy.app/vi/overview.html,vi/overview.html,vi,other,index,yes,https://www.glpzy.app/vi/overview.html,keep_index_translation,,P1,All published translations remain indexable under the owner's policy.,"Check wording, medical safety, mobile layout and Search Console coverage without adding noindex."
https://www.glpzy.app/vi/ozempic-tracker-iphone.html,vi/ozempic-tracker-iphone.html,vi,commercial,index,yes,https://www.glpzy.app/vi/ozempic-tracker-iphone.html,keep_index_translation,,P1,All published translations remain indexable under the owner's policy.,"Check wording, medical safety, mobile layout and Search Console coverage without adding noindex."
https://www.glpzy.app/vi/privacy.html,vi/privacy.html,vi,privacy,index,yes,https://www.glpzy.app/vi/privacy.html,keep_index_translation,,P1,All published translations remain indexable under the owner's policy.,"Check wording, medical safety, mobile layout and Search Console coverage without adding noindex."
https://www.glpzy.app/vi/rybelsus-tracker-iphone.html,vi/rybelsus-tracker-iphone.html,vi,commercial,index,yes,https://www.glpzy.app/vi/rybelsus-tracker-iphone.html,keep_index_translation,,P1,All published translations remain indexable under the owner's policy.,"Check wording, medical safety, mobile layout and Search Console coverage without adding noindex."
https://www.glpzy.app/vi/saxenda-tracker-iphone.html,vi/saxenda-tracker-iphone.html,vi,commercial,index,yes,https://www.glpzy.app/vi/saxenda-tracker-iphone.html,keep_index_translation,,P1,All published translations remain indexable under the owner's policy.,"Check wording, medical safety, mobile layout and Search Console coverage without adding noindex."
https://www.glpzy.app/vi/semaglutide-tracker-iphone.html,vi/semaglutide-tracker-iphone.html,vi,ingredient,index,yes,https://www.glpzy.app/vi/semaglutide-tracker-iphone.html,keep_index_translation,,P1,All published translations remain indexable under the owner's policy.,"Check wording, medical safety, mobile layout and Search Console coverage without adding noindex."
https://www.glpzy.app/vi/support.html,vi/support.html,vi,trust,index,yes,https://www.glpzy.app/vi/support.html,keep_index_translation,,P1,All published translations remain indexable under the owner's policy.,"Check wording, medical safety, mobile layout and Search Console coverage without adding noindex."
https://www.glpzy.app/vi/terms.html,vi/terms.html,vi,trust,index,yes,https://www.glpzy.app/vi/terms.html,keep_index_translation,,P1,All published translations remain indexable under the owner's policy.,"Check wording, medical safety, mobile layout and Search Console coverage without adding noindex."
https://www.glpzy.app/vi/tirzepatide-tracker-iphone.html,vi/tirzepatide-tracker-iphone.html,vi,ingredient,index,yes,https://www.glpzy.app/vi/tirzepatide-tracker-iphone.html,keep_index_translation,,P1,All published translations remain indexable under the owner's policy.,"Check wording, medical safety, mobile layout and Search Console coverage without adding noindex."
https://www.glpzy.app/vi/trulicity-tracker-iphone.html,vi/trulicity-tracker-iphone.html,vi,commercial,index,yes,https://www.glpzy.app/vi/trulicity-tracker-iphone.html,keep_index_translation,,P1,All published translations remain indexable under the owner's policy.,"Check wording, medical safety, mobile layout and Search Console coverage without adding noindex."
https://www.glpzy.app/vi/victoza-tracker-iphone.html,vi/victoza-tracker-iphone.html,vi,commercial,index,yes,https://www.glpzy.app/vi/victoza-tracker-iphone.html,keep_index_translation,,P1,All published translations remain indexable under the owner's policy.,"Check wording, medical safety, mobile layout and Search Console coverage without adding noindex."
https://www.glpzy.app/vi/wegovy-tracker-iphone.html,vi/wegovy-tracker-iphone.html,vi,medicine,index,yes,https://www.glpzy.app/vi/wegovy-tracker-iphone.html,keep_index_translation,,P1,All published translations remain indexable under the owner's policy.,"Check wording, medical safety, mobile layout and Search Console coverage without adding noindex."
https://www.glpzy.app/vi/zepbound-tracker-iphone.html,vi/zepbound-tracker-iphone.html,vi,medicine,index,yes,https://www.glpzy.app/vi/zepbound-tracker-iphone.html,keep_index_translation,,P1,All published translations remain indexable under the owner's policy.,"Check wording, medical safety, mobile layout and Search Console coverage without adding noindex."
https://www.glpzy.app/victoza-tracker-iphone.html,victoza-tracker-iphone.html,root,commercial,index,yes,https://www.glpzy.app/victoza-tracker-iphone.html,monitor_then_consolidate,https://www.glpzy.app/glp1-weight-dose-symptom-tracker.html,P1,The page overlaps a broader ingredient or tracker intent.,"Keep for 28 days, then merge only if Search Console shows no distinct query demand."
https://www.glpzy.app/wegovy-tracker-iphone.html,wegovy-tracker-iphone.html,root,medicine,index,yes,https://www.glpzy.app/wegovy-tracker-iphone.html,keep_index_priority,,P0,"Distinct product, feature, offer or trust intent.","Monitor query match, CTR, canonical selection and conversions."
https://www.glpzy.app/weight-loss-injection-tracker.html,weight-loss-injection-tracker.html,root,commercial,index,yes,https://www.glpzy.app/weight-loss-injection-tracker.html,keep_index_supporting,,P2,Indexable root page with a supporting policy or product role.,"Monitor impressions, internal links and canonical selection."
https://www.glpzy.app/zepbound-tracker-iphone.html,zepbound-tracker-iphone.html,root,medicine,index,yes,https://www.glpzy.app/zepbound-tracker-iphone.html,keep_index_priority,,P0,"Distinct product, feature, offer or trust intent.","Monitor query match, CTR, canonical selection and conversions."
https://www.glpzy.app/zh-hans/apple-health-glp-tracker.html,zh-hans/apple-health-glp-tracker.html,zh-hans,feature,index,yes,https://www.glpzy.app/zh-hans/apple-health-glp-tracker.html,keep_index_translation,,P1,All published translations remain indexable under the owner's policy.,"Check wording, medical safety, mobile layout and Search Console coverage without adding noindex."
https://www.glpzy.app/zh-hans/compounded-glp-tracker-iphone.html,zh-hans/compounded-glp-tracker-iphone.html,zh-hans,commercial,index,yes,https://www.glpzy.app/zh-hans/compounded-glp-tracker-iphone.html,keep_index_translation,,P1,All published translations remain indexable under the owner's policy.,"Check wording, medical safety, mobile layout and Search Console coverage without adding noindex."
https://www.glpzy.app/zh-hans/custom-medication-tracker-iphone.html,zh-hans/custom-medication-tracker-iphone.html,zh-hans,commercial,index,yes,https://www.glpzy.app/zh-hans/custom-medication-tracker-iphone.html,keep_index_translation,,P1,All published translations remain indexable under the owner's policy.,"Check wording, medical safety, mobile layout and Search Console coverage without adding noindex."
https://www.glpzy.app/zh-hans/data-rights.html,zh-hans/data-rights.html,zh-hans,privacy,index,yes,https://www.glpzy.app/zh-hans/data-rights.html,keep_index_translation,,P1,All published translations remain indexable under the owner's policy.,"Check wording, medical safety, mobile layout and Search Console coverage without adding noindex."
https://www.glpzy.app/zh-hans/foundayo-tracker-iphone.html,zh-hans/foundayo-tracker-iphone.html,zh-hans,commercial,index,yes,https://www.glpzy.app/zh-hans/foundayo-tracker-iphone.html,keep_index_translation,,P1,All published translations remain indexable under the owner's policy.,"Check wording, medical safety, mobile layout and Search Console coverage without adding noindex."
https://www.glpzy.app/zh-hans/glp1-weight-dose-symptom-tracker.html,zh-hans/glp1-weight-dose-symptom-tracker.html,zh-hans,commercial,index,yes,https://www.glpzy.app/zh-hans/glp1-weight-dose-symptom-tracker.html,keep_index_translation,,P1,All published translations remain indexable under the owner's policy.,"Check wording, medical safety, mobile layout and Search Console coverage without adding noindex."
https://www.glpzy.app/zh-hans/glpzy-is-now-oneglp/,zh-hans/glpzy-is-now-oneglp/index.html,zh-hans,home,index,yes,https://www.glpzy.app/zh-hans/glpzy-is-now-oneglp/,keep_index_translation,,P1,All published translations remain indexable under the owner's policy.,"Check wording, medical safety, mobile layout and Search Console coverage without adding noindex."
https://www.glpzy.app/zh-hans/,zh-hans/index.html,zh-hans,home,index,yes,https://www.glpzy.app/zh-hans/,keep_index_translation,,P1,All published translations remain indexable under the owner's policy.,"Check wording, medical safety, mobile layout and Search Console coverage without adding noindex."
https://www.glpzy.app/zh-hans/local-first-private-glp-tracker.html,zh-hans/local-first-private-glp-tracker.html,zh-hans,privacy,index,yes,https://www.glpzy.app/zh-hans/local-first-private-glp-tracker.html,keep_index_translation,,P1,All published translations remain indexable under the owner's policy.,"Check wording, medical safety, mobile layout and Search Console coverage without adding noindex."
https://www.glpzy.app/zh-hans/medical-safety.html,zh-hans/medical-safety.html,zh-hans,trust,index,yes,https://www.glpzy.app/zh-hans/medical-safety.html,keep_index_translation,,P1,All published translations remain indexable under the owner's policy.,"Check wording, medical safety, mobile layout and Search Console coverage without adding noindex."
https://www.glpzy.app/zh-hans/methodology.html,zh-hans/methodology.html,zh-hans,trust,index,yes,https://www.glpzy.app/zh-hans/methodology.html,keep_index_translation,,P1,All published translations remain indexable under the owner's policy.,"Check wording, medical safety, mobile layout and Search Console coverage without adding noindex."
https://www.glpzy.app/zh-hans/mounjaro-tracker-iphone.html,zh-hans/mounjaro-tracker-iphone.html,zh-hans,medicine,index,yes,https://www.glpzy.app/zh-hans/mounjaro-tracker-iphone.html,keep_index_translation,,P1,All published translations remain indexable under the owner's policy.,"Check wording, medical safety, mobile layout and Search Console coverage without adding noindex."
https://www.glpzy.app/zh-hans/overview.html,zh-hans/overview.html,zh-hans,other,index,yes,https://www.glpzy.app/zh-hans/overview.html,keep_index_translation,,P1,All published translations remain indexable under the owner's policy.,"Check wording, medical safety, mobile layout and Search Console coverage without adding noindex."
https://www.glpzy.app/zh-hans/ozempic-tracker-iphone.html,zh-hans/ozempic-tracker-iphone.html,zh-hans,commercial,index,yes,https://www.glpzy.app/zh-hans/ozempic-tracker-iphone.html,keep_index_translation,,P1,All published translations remain indexable under the owner's policy.,"Check wording, medical safety, mobile layout and Search Console coverage without adding noindex."
https://www.glpzy.app/zh-hans/privacy.html,zh-hans/privacy.html,zh-hans,privacy,index,yes,https://www.glpzy.app/zh-hans/privacy.html,keep_index_translation,,P1,All published translations remain indexable under the owner's policy.,"Check wording, medical safety, mobile layout and Search Console coverage without adding noindex."
https://www.glpzy.app/zh-hans/rybelsus-tracker-iphone.html,zh-hans/rybelsus-tracker-iphone.html,zh-hans,commercial,index,yes,https://www.glpzy.app/zh-hans/rybelsus-tracker-iphone.html,keep_index_translation,,P1,All published translations remain indexable under the owner's policy.,"Check wording, medical safety, mobile layout and Search Console coverage without adding noindex."
https://www.glpzy.app/zh-hans/saxenda-tracker-iphone.html,zh-hans/saxenda-tracker-iphone.html,zh-hans,commercial,index,yes,https://www.glpzy.app/zh-hans/saxenda-tracker-iphone.html,keep_index_translation,,P1,All published translations remain indexable under the owner's policy.,"Check wording, medical safety, mobile layout and Search Console coverage without adding noindex."
https://www.glpzy.app/zh-hans/semaglutide-tracker-iphone.html,zh-hans/semaglutide-tracker-iphone.html,zh-hans,ingredient,index,yes,https://www.glpzy.app/zh-hans/semaglutide-tracker-iphone.html,keep_index_translation,,P1,All published translations remain indexable under the owner's policy.,"Check wording, medical safety, mobile layout and Search Console coverage without adding noindex."
https://www.glpzy.app/zh-hans/support.html,zh-hans/support.html,zh-hans,trust,index,yes,https://www.glpzy.app/zh-hans/support.html,keep_index_translation,,P1,All published translations remain indexable under the owner's policy.,"Check wording, medical safety, mobile layout and Search Console coverage without adding noindex."
https://www.glpzy.app/zh-hans/terms.html,zh-hans/terms.html,zh-hans,trust,index,yes,https://www.glpzy.app/zh-hans/terms.html,keep_index_translation,,P1,All published translations remain indexable under the owner's policy.,"Check wording, medical safety, mobile layout and Search Console coverage without adding noindex."
https://www.glpzy.app/zh-hans/tirzepatide-tracker-iphone.html,zh-hans/tirzepatide-tracker-iphone.html,zh-hans,ingredient,index,yes,https://www.glpzy.app/zh-hans/tirzepatide-tracker-iphone.html,keep_index_translation,,P1,All published translations remain indexable under the owner's policy.,"Check wording, medical safety, mobile layout and Search Console coverage without adding noindex."
https://www.glpzy.app/zh-hans/trulicity-tracker-iphone.html,zh-hans/trulicity-tracker-iphone.html,zh-hans,commercial,index,yes,https://www.glpzy.app/zh-hans/trulicity-tracker-iphone.html,keep_index_translation,,P1,All published translations remain indexable under the owner's policy.,"Check wording, medical safety, mobile layout and Search Console coverage without adding noindex."
https://www.glpzy.app/zh-hans/victoza-tracker-iphone.html,zh-hans/victoza-tracker-iphone.html,zh-hans,commercial,index,yes,https://www.glpzy.app/zh-hans/victoza-tracker-iphone.html,keep_index_translation,,P1,All published translations remain indexable under the owner's policy.,"Check wording, medical safety, mobile layout and Search Console coverage without adding noindex."
https://www.glpzy.app/zh-hans/wegovy-tracker-iphone.html,zh-hans/wegovy-tracker-iphone.html,zh-hans,medicine,index,yes,https://www.glpzy.app/zh-hans/wegovy-tracker-iphone.html,keep_index_translation,,P1,All published translations remain indexable under the owner's policy.,"Check wording, medical safety, mobile layout and Search Console coverage without adding noindex."
https://www.glpzy.app/zh-hans/zepbound-tracker-iphone.html,zh-hans/zepbound-tracker-iphone.html,zh-hans,medicine,index,yes,https://www.glpzy.app/zh-hans/zepbound-tracker-iphone.html,keep_index_translation,,P1,All published translations remain indexable under the owner's policy.,"Check wording, medical safety, mobile layout and Search Console coverage without adding noindex."
https://www.glpzy.app/zh-hant/apple-health-glp-tracker.html,zh-hant/apple-health-glp-tracker.html,zh-hant,feature,index,yes,https://www.glpzy.app/zh-hant/apple-health-glp-tracker.html,keep_index_translation,,P1,All published translations remain indexable under the owner's policy.,"Check wording, medical safety, mobile layout and Search Console coverage without adding noindex."
https://www.glpzy.app/zh-hant/compounded-glp-tracker-iphone.html,zh-hant/compounded-glp-tracker-iphone.html,zh-hant,commercial,index,yes,https://www.glpzy.app/zh-hant/compounded-glp-tracker-iphone.html,keep_index_translation,,P1,All published translations remain indexable under the owner's policy.,"Check wording, medical safety, mobile layout and Search Console coverage without adding noindex."
https://www.glpzy.app/zh-hant/custom-medication-tracker-iphone.html,zh-hant/custom-medication-tracker-iphone.html,zh-hant,commercial,index,yes,https://www.glpzy.app/zh-hant/custom-medication-tracker-iphone.html,keep_index_translation,,P1,All published translations remain indexable under the owner's policy.,"Check wording, medical safety, mobile layout and Search Console coverage without adding noindex."
https://www.glpzy.app/zh-hant/data-rights.html,zh-hant/data-rights.html,zh-hant,privacy,index,yes,https://www.glpzy.app/zh-hant/data-rights.html,keep_index_translation,,P1,All published translations remain indexable under the owner's policy.,"Check wording, medical safety, mobile layout and Search Console coverage without adding noindex."
https://www.glpzy.app/zh-hant/foundayo-tracker-iphone.html,zh-hant/foundayo-tracker-iphone.html,zh-hant,commercial,index,yes,https://www.glpzy.app/zh-hant/foundayo-tracker-iphone.html,keep_index_translation,,P1,All published translations remain indexable under the owner's policy.,"Check wording, medical safety, mobile layout and Search Console coverage without adding noindex."
https://www.glpzy.app/zh-hant/glp1-weight-dose-symptom-tracker.html,zh-hant/glp1-weight-dose-symptom-tracker.html,zh-hant,commercial,index,yes,https://www.glpzy.app/zh-hant/glp1-weight-dose-symptom-tracker.html,keep_index_translation,,P1,All published translations remain indexable under the owner's policy.,"Check wording, medical safety, mobile layout and Search Console coverage without adding noindex."
https://www.glpzy.app/zh-hant/glpzy-is-now-oneglp/,zh-hant/glpzy-is-now-oneglp/index.html,zh-hant,home,index,yes,https://www.glpzy.app/zh-hant/glpzy-is-now-oneglp/,keep_index_translation,,P1,All published translations remain indexable under the owner's policy.,"Check wording, medical safety, mobile layout and Search Console coverage without adding noindex."
https://www.glpzy.app/zh-hant/,zh-hant/index.html,zh-hant,home,index,yes,https://www.glpzy.app/zh-hant/,keep_index_translation,,P1,All published translations remain indexable under the owner's policy.,"Check wording, medical safety, mobile layout and Search Console coverage without adding noindex."
https://www.glpzy.app/zh-hant/local-first-private-glp-tracker.html,zh-hant/local-first-private-glp-tracker.html,zh-hant,privacy,index,yes,https://www.glpzy.app/zh-hant/local-first-private-glp-tracker.html,keep_index_translation,,P1,All published translations remain indexable under the owner's policy.,"Check wording, medical safety, mobile layout and Search Console coverage without adding noindex."
https://www.glpzy.app/zh-hant/medical-safety.html,zh-hant/medical-safety.html,zh-hant,trust,index,yes,https://www.glpzy.app/zh-hant/medical-safety.html,keep_index_translation,,P1,All published translations remain indexable under the owner's policy.,"Check wording, medical safety, mobile layout and Search Console coverage without adding noindex."
https://www.glpzy.app/zh-hant/methodology.html,zh-hant/methodology.html,zh-hant,trust,index,yes,https://www.glpzy.app/zh-hant/methodology.html,keep_index_translation,,P1,All published translations remain indexable under the owner's policy.,"Check wording, medical safety, mobile layout and Search Console coverage without adding noindex."
https://www.glpzy.app/zh-hant/mounjaro-tracker-iphone.html,zh-hant/mounjaro-tracker-iphone.html,zh-hant,medicine,index,yes,https://www.glpzy.app/zh-hant/mounjaro-tracker-iphone.html,keep_index_translation,,P1,All published translations remain indexable under the owner's policy.,"Check wording, medical safety, mobile layout and Search Console coverage without adding noindex."
https://www.glpzy.app/zh-hant/overview.html,zh-hant/overview.html,zh-hant,other,index,yes,https://www.glpzy.app/zh-hant/overview.html,keep_index_translation,,P1,All published translations remain indexable under the owner's policy.,"Check wording, medical safety, mobile layout and Search Console coverage without adding noindex."
https://www.glpzy.app/zh-hant/ozempic-tracker-iphone.html,zh-hant/ozempic-tracker-iphone.html,zh-hant,commercial,index,yes,https://www.glpzy.app/zh-hant/ozempic-tracker-iphone.html,keep_index_translation,,P1,All published translations remain indexable under the owner's policy.,"Check wording, medical safety, mobile layout and Search Console coverage without adding noindex."
https://www.glpzy.app/zh-hant/privacy.html,zh-hant/privacy.html,zh-hant,privacy,index,yes,https://www.glpzy.app/zh-hant/privacy.html,keep_index_translation,,P1,All published translations remain indexable under the owner's policy.,"Check wording, medical safety, mobile layout and Search Console coverage without adding noindex."
https://www.glpzy.app/zh-hant/rybelsus-tracker-iphone.html,zh-hant/rybelsus-tracker-iphone.html,zh-hant,commercial,index,yes,https://www.glpzy.app/zh-hant/rybelsus-tracker-iphone.html,keep_index_translation,,P1,All published translations remain indexable under the owner's policy.,"Check wording, medical safety, mobile layout and Search Console coverage without adding noindex."
https://www.glpzy.app/zh-hant/saxenda-tracker-iphone.html,zh-hant/saxenda-tracker-iphone.html,zh-hant,commercial,index,yes,https://www.glpzy.app/zh-hant/saxenda-tracker-iphone.html,keep_index_translation,,P1,All published translations remain indexable under the owner's policy.,"Check wording, medical safety, mobile layout and Search Console coverage without adding noindex."
https://www.glpzy.app/zh-hant/semaglutide-tracker-iphone.html,zh-hant/semaglutide-tracker-iphone.html,zh-hant,ingredient,index,yes,https://www.glpzy.app/zh-hant/semaglutide-tracker-iphone.html,keep_index_translation,,P1,All published translations remain indexable under the owner's policy.,"Check wording, medical safety, mobile layout and Search Console coverage without adding noindex."
https://www.glpzy.app/zh-hant/support.html,zh-hant/support.html,zh-hant,trust,index,yes,https://www.glpzy.app/zh-hant/support.html,keep_index_translation,,P1,All published translations remain indexable under the owner's policy.,"Check wording, medical safety, mobile layout and Search Console coverage without adding noindex."
https://www.glpzy.app/zh-hant/terms.html,zh-hant/terms.html,zh-hant,trust,index,yes,https://www.glpzy.app/zh-hant/terms.html,keep_index_translation,,P1,All published translations remain indexable under the owner's policy.,"Check wording, medical safety, mobile layout and Search Console coverage without adding noindex."
https://www.glpzy.app/zh-hant/tirzepatide-tracker-iphone.html,zh-hant/tirzepatide-tracker-iphone.html,zh-hant,ingredient,index,yes,https://www.glpzy.app/zh-hant/tirzepatide-tracker-iphone.html,keep_index_translation,,P1,All published translations remain indexable under the owner's policy.,"Check wording, medical safety, mobile layout and Search Console coverage without adding noindex."
https://www.glpzy.app/zh-hant/trulicity-tracker-iphone.html,zh-hant/trulicity-tracker-iphone.html,zh-hant,commercial,index,yes,https://www.glpzy.app/zh-hant/trulicity-tracker-iphone.html,keep_index_translation,,P1,All published translations remain indexable under the owner's policy.,"Check wording, medical safety, mobile layout and Search Console coverage without adding noindex."
https://www.glpzy.app/zh-hant/victoza-tracker-iphone.html,zh-hant/victoza-tracker-iphone.html,zh-hant,commercial,index,yes,https://www.glpzy.app/zh-hant/victoza-tracker-iphone.html,keep_index_translation,,P1,All published translations remain indexable under the owner's policy.,"Check wording, medical safety, mobile layout and Search Console coverage without adding noindex."
https://www.glpzy.app/zh-hant/wegovy-tracker-iphone.html,zh-hant/wegovy-tracker-iphone.html,zh-hant,medicine,index,yes,https://www.glpzy.app/zh-hant/wegovy-tracker-iphone.html,keep_index_translation,,P1,All published translations remain indexable under the owner's policy.,"Check wording, medical safety, mobile layout and Search Console coverage without adding noindex."
https://www.glpzy.app/zh-hant/zepbound-tracker-iphone.html,zh-hant/zepbound-tracker-iphone.html,zh-hant,medicine,index,yes,https://www.glpzy.app/zh-hant/zepbound-tracker-iphone.html,keep_index_translation,,P1,All published translations remain indexable under the owner's policy.,"Check wording, medical safety, mobile layout and Search Console coverage without adding noindex."
