url,path,locale,page_family,http_status,canonical_url,index_noindex,sitemap_included,title,meta_description,h1,word_count,answer_block_present,facts_table_present,safety_block_present,app_store_cta_present,screenshot_slots_images_count,json_ld_present,faq_present,faqpage_schema_present,hreflang_cluster_status,internal_inlinks_count,recommendation
https://www.glpzy.app/apple-health-glp-tracker.html,apple-health-glp-tracker.html,root,feature,200,https://www.glpzy.app/apple-health-glp-tracker.html,index,yes,Apple Health GLP-1 tracker support | OneGLP,"Use OneGLP with optional read-only Apple Health data for weight, height, glucose, body, movement, workouts and nutrition context on iPhone.",Apple Health GLP-1 tracker support,915,yes,yes,yes,yes,4,yes,yes,yes,54 alternates,78,index
https://www.glpzy.app/apple-health-weight-loss-injection-tracker.html,apple-health-weight-loss-injection-tracker.html,root,commercial,200,https://www.glpzy.app/apple-health-weight-loss-injection-tracker.html,index,yes,Apple Health weight loss injection tracker | OneGLP,"Use OneGLP with optional read-only Apple Health context for weight, glucose, body, movement, workouts and nutrition beside injection tracking.",Use Apple Health context beside weight loss injection tracking,295,no,no,yes,yes,1,yes,yes,yes,2 alternates,3,index
https://www.glpzy.app/ar/apple-health-glp-tracker.html,ar/apple-health-glp-tracker.html,ar,feature,200,https://www.glpzy.app/ar/apple-health-glp-tracker.html,index,yes,سياق القراءة فقط من Apple Health | OneGLP,الوصول إلى Apple Health اختياري ويقتصر على الأذونات التي تمنحها. OneGLP يستورد تاريخ وزن الجسم وطوله، ثم يقرأ ملخصات تكوين الجسم والنوم والحركة والتمرين والسعرات الحرارية والبروتين والماء في وضع القراءة فقط. لا شيء مكتوب مرة أخرى.,سياق القراءة فقط من Apple Health,519,no,no,no,yes,1,no,no,no,54 alternates,54,improve-copy-keep-indexable
https://www.glpzy.app/ar/compounded-glp-tracker-iphone.html,ar/compounded-glp-tracker-iphone.html,ar,commercial,200,https://www.glpzy.app/ar/compounded-glp-tracker-iphone.html,index,yes,مركب — تسجيل سريع دون فوضى | OneGLP,مركب: تتبّع هذا الروتين مع سجل الجرعات والوزن والأعراض والشهية والصور والتذكيرات والتصديرات في تطبيق خاص واحد.,مركب,471,no,no,no,yes,1,no,no,no,54 alternates,56,index
https://www.glpzy.app/ar/custom-medication-tracker-iphone.html,ar/custom-medication-tracker-iphone.html,ar,commercial,200,https://www.glpzy.app/ar/custom-medication-tracker-iphone.html,index,yes,مخصص — تسجيل سريع دون فوضى | OneGLP,مخصص: تتبّع هذا الروتين مع سجل الجرعات والوزن والأعراض والشهية والصور والتذكيرات والتصديرات في تطبيق خاص واحد.,مخصص,478,no,no,no,yes,1,no,no,no,54 alternates,58,index
https://www.glpzy.app/ar/data-rights.html,ar/data-rights.html,ar,privacy,200,https://www.glpzy.app/ar/data-rights.html,index,yes,تاريخ التصدير | OneGLP,سيقوم OneGLP أولاً بإنشاء نسخة احتياطية محلية للسلامة، ثم استبدال السجلات المحلية على هذا الجهاز.,تاريخ التصدير,403,no,no,no,yes,1,no,no,no,54 alternates,77,index
https://www.glpzy.app/ar/foundayo-tracker-iphone.html,ar/foundayo-tracker-iphone.html,ar,commercial,200,https://www.glpzy.app/ar/foundayo-tracker-iphone.html,index,yes,Foundayo — تسجيل سريع دون فوضى | OneGLP,Foundayo: تتبّع هذا الروتين مع سجل الجرعات والوزن والأعراض والشهية والصور والتذكيرات والتصديرات في تطبيق خاص واحد.,Foundayo,458,no,no,no,yes,1,no,no,no,54 alternates,55,index
https://www.glpzy.app/ar/glp1-weight-dose-symptom-tracker.html,ar/glp1-weight-dose-symptom-tracker.html,ar,commercial,200,https://www.glpzy.app/ar/glp1-weight-dose-symptom-tracker.html,index,yes,روتين GLP-1 الخاص بك، منظّم بلا ازدحام | OneGLP,سجّل الجرعات والوزن والأعراض والشهية والصور والتذكيرات وسياق Apple Health في تطبيق خاص واحد للمراجعة الشخصية.,روتين GLP-1 الخاص بك، منظّم بلا ازدحام.,544,no,no,no,yes,1,no,no,no,54 alternates,54,index
https://www.glpzy.app/ar/glpzy-is-now-oneglp/,ar/glpzy-is-now-oneglp/index.html,ar,home,200,https://www.glpzy.app/ar/glpzy-is-now-oneglp/,index,yes,أصبح اسم GLPzy الآن OneGLP,أصبح اسم GLPzy الآن OneGLP. التطبيق والمطور لم يتغيرا، وتظل سجلاتك ومشتريات Premium الحالية محفوظة. تعرّف على تغيير الاسم.,أصبح اسمGLPzyالآنOneGLP,230,no,no,no,yes,1,yes,yes,no,54 alternates,77,index
https://www.glpzy.app/ar/,ar/index.html,ar,home,200,https://www.glpzy.app/ar/,index,yes,روتين GLP-1 الخاص بك، منظّم بلا ازدحام | OneGLP,سجّل الجرعات والوزن والأعراض والشهية والصور والتذكيرات وسياق Apple Health في تطبيق خاص واحد للمراجعة الشخصية.,روتين GLP-1 الخاص بك، منظّم بلا ازدحام.,811,no,no,no,yes,1,yes,no,no,54 alternates,135,index
https://www.glpzy.app/ar/local-first-private-glp-tracker.html,ar/local-first-private-glp-tracker.html,ar,privacy,200,https://www.glpzy.app/ar/local-first-private-glp-tracker.html,index,yes,خاص افتراضيًا. قابل للتصدير عندما تختار | OneGLP,لا يلزم وجود حساب لتتبع الجرعات أو الوزن أو الأعراض أو التذكيرات أو التذكيرات.,خاص افتراضيًا. قابل للتصدير عندما تختار.,473,no,no,no,yes,1,no,no,no,54 alternates,54,index
https://www.glpzy.app/ar/medical-safety.html,ar/medical-safety.html,ar,trust,200,https://www.glpzy.app/ar/medical-safety.html,index,yes,السلامة الطبية | OneGLP,يساعدك OneGLP على الاحتفاظ بسجل أوضح لما حدث. لا يقوم بتشخيص أو وصف أو اختيار جرعتك.,السلامة الطبية,672,no,no,no,yes,1,no,no,no,54 alternates,78,index
https://www.glpzy.app/ar/methodology.html,ar/methodology.html,ar,trust,200,https://www.glpzy.app/ar/methodology.html,index,yes,المنهجية | OneGLP,يستخدم اتجاه التعرض المقدر توقيت الجرعة المسجلة بالإضافة إلى نموذج مبسط للامتصاص والتخلص من أجل التتبع الشخصي فقط.,المنهجية,697,no,no,no,yes,1,no,no,no,54 alternates,77,index
https://www.glpzy.app/ar/mounjaro-tracker-iphone.html,ar/mounjaro-tracker-iphone.html,ar,medicine,200,https://www.glpzy.app/ar/mounjaro-tracker-iphone.html,index,yes,Mounjaro — تسجيل سريع دون فوضى | OneGLP,Mounjaro: تتبّع هذا الروتين مع سجل الجرعات والوزن والأعراض والشهية والصور والتذكيرات والتصديرات في تطبيق خاص واحد.,Mounjaro,470,no,no,no,yes,1,no,no,no,54 alternates,57,improve-copy-keep-indexable
https://www.glpzy.app/ar/overview.html,ar/overview.html,ar,other,200,https://www.glpzy.app/ar/overview.html,index,yes,OneGLP — سياسة الخصوصية · السلامة الطبية · الدعم,قم بمراجعة نطاق الدعم وجهات اتصال الخصوصية والإرشادات غير الطارئة.,OneGLP,411,no,no,no,yes,1,no,no,no,54 alternates,54,index
https://www.glpzy.app/ar/ozempic-tracker-iphone.html,ar/ozempic-tracker-iphone.html,ar,commercial,200,https://www.glpzy.app/ar/ozempic-tracker-iphone.html,index,yes,Ozempic — تسجيل سريع دون فوضى | OneGLP,Ozempic: تتبّع هذا الروتين مع سجل الجرعات والوزن والأعراض والشهية والصور والتذكيرات والتصديرات في تطبيق خاص واحد.,Ozempic,466,no,no,no,yes,1,no,no,no,54 alternates,58,index
https://www.glpzy.app/ar/privacy.html,ar/privacy.html,ar,privacy,200,https://www.glpzy.app/ar/privacy.html,index,yes,خاص افتراضيًا. قابل للتصدير عندما تختار | OneGLP,لا يلزم وجود حساب لتتبع الجرعات أو الوزن أو الأعراض أو التذكيرات أو التذكيرات.,خاص افتراضيًا. قابل للتصدير عندما تختار.,473,no,no,no,yes,1,no,no,no,54 alternates,116,index
https://www.glpzy.app/ar/rybelsus-tracker-iphone.html,ar/rybelsus-tracker-iphone.html,ar,commercial,200,https://www.glpzy.app/ar/rybelsus-tracker-iphone.html,index,yes,Rybelsus — تسجيل سريع دون فوضى | OneGLP,Rybelsus: تتبّع هذا الروتين مع سجل الجرعات والوزن والأعراض والشهية والصور والتذكيرات والتصديرات في تطبيق خاص واحد.,Rybelsus,460,no,no,no,yes,1,no,no,no,54 alternates,58,index
https://www.glpzy.app/ar/saxenda-tracker-iphone.html,ar/saxenda-tracker-iphone.html,ar,commercial,200,https://www.glpzy.app/ar/saxenda-tracker-iphone.html,index,yes,Saxenda — تسجيل سريع دون فوضى | OneGLP,Saxenda: تتبّع هذا الروتين مع سجل الجرعات والوزن والأعراض والشهية والصور والتذكيرات والتصديرات في تطبيق خاص واحد.,Saxenda,459,no,no,no,yes,1,no,no,no,54 alternates,56,index
https://www.glpzy.app/ar/semaglutide-tracker-iphone.html,ar/semaglutide-tracker-iphone.html,ar,ingredient,200,https://www.glpzy.app/ar/semaglutide-tracker-iphone.html,index,yes,Semaglutide — تسجيل سريع دون فوضى | OneGLP,Semaglutide: تتبّع هذا الروتين مع سجل الجرعات والوزن والأعراض والشهية والصور والتذكيرات والتصديرات في تطبيق خاص واحد.,Semaglutide,470,no,no,no,yes,1,no,no,no,54 alternates,60,improve-copy-keep-indexable
https://www.glpzy.app/ar/support.html,ar/support.html,ar,trust,200,https://www.glpzy.app/ar/support.html,index,yes,الدعم | OneGLP,قم بمراجعة نطاق الدعم وجهات اتصال الخصوصية والإرشادات غير الطارئة.,الدعم,437,no,no,no,yes,1,no,no,no,54 alternates,103,index
https://www.glpzy.app/ar/terms.html,ar/terms.html,ar,trust,200,https://www.glpzy.app/ar/terms.html,index,yes,شروط الاستخدام | OneGLP,يتم عرض الأسعار وفترة الفوترة وأي تفاصيل عرض تمهيدي من حساب App Store الخاص بك قبل الشراء. قم بالإدارة أو الإلغاء في إعدادات App Store.,شروط الاستخدام,470,no,no,no,yes,1,no,no,no,54 alternates,77,index
https://www.glpzy.app/ar/tirzepatide-tracker-iphone.html,ar/tirzepatide-tracker-iphone.html,ar,ingredient,200,https://www.glpzy.app/ar/tirzepatide-tracker-iphone.html,index,yes,Tirzepatide — تسجيل سريع دون فوضى | OneGLP,Tirzepatide: تتبّع هذا الروتين مع سجل الجرعات والوزن والأعراض والشهية والصور والتذكيرات والتصديرات في تطبيق خاص واحد.,Tirzepatide,475,no,no,no,yes,1,no,no,no,54 alternates,59,improve-copy-keep-indexable
https://www.glpzy.app/ar/trulicity-tracker-iphone.html,ar/trulicity-tracker-iphone.html,ar,commercial,200,https://www.glpzy.app/ar/trulicity-tracker-iphone.html,index,yes,Trulicity — تسجيل سريع دون فوضى | OneGLP,Trulicity: تتبّع هذا الروتين مع سجل الجرعات والوزن والأعراض والشهية والصور والتذكيرات والتصديرات في تطبيق خاص واحد.,Trulicity,459,no,no,no,yes,1,no,no,no,54 alternates,55,index
https://www.glpzy.app/ar/victoza-tracker-iphone.html,ar/victoza-tracker-iphone.html,ar,commercial,200,https://www.glpzy.app/ar/victoza-tracker-iphone.html,index,yes,Victoza — تسجيل سريع دون فوضى | OneGLP,Victoza: تتبّع هذا الروتين مع سجل الجرعات والوزن والأعراض والشهية والصور والتذكيرات والتصديرات في تطبيق خاص واحد.,Victoza,459,no,no,no,yes,1,no,no,no,54 alternates,56,index
https://www.glpzy.app/ar/wegovy-tracker-iphone.html,ar/wegovy-tracker-iphone.html,ar,medicine,200,https://www.glpzy.app/ar/wegovy-tracker-iphone.html,index,yes,Wegovy — تسجيل سريع دون فوضى | OneGLP,Wegovy: تتبّع هذا الروتين مع سجل الجرعات والوزن والأعراض والشهية والصور والتذكيرات والتصديرات في تطبيق خاص واحد.,Wegovy,470,no,no,no,yes,1,no,no,no,54 alternates,58,improve-copy-keep-indexable
https://www.glpzy.app/ar/zepbound-tracker-iphone.html,ar/zepbound-tracker-iphone.html,ar,medicine,200,https://www.glpzy.app/ar/zepbound-tracker-iphone.html,index,yes,Zepbound — تسجيل سريع دون فوضى | OneGLP,Zepbound: تتبّع هذا الروتين مع سجل الجرعات والوزن والأعراض والشهية والصور والتذكيرات والتصديرات في تطبيق خاص واحد.,Zepbound,481,no,no,no,yes,1,no,no,no,54 alternates,57,improve-copy-keep-indexable
https://www.glpzy.app/bg/apple-health-glp-tracker.html,bg/apple-health-glp-tracker.html,bg,feature,200,https://www.glpzy.app/bg/apple-health-glp-tracker.html,index,yes,Контекст само за четене от Apple Health | OneGLP,"Достъпът до Apple Health не е задължителен и е ограничен до предоставените от вас разрешения. OneGLP импортира хронология на телесното тегло и височина, след което чете обобщения за състава на тялото, съня, движението, тренировката, калориите, протеина и водата в режим само за четене. Нищо не е написано обратно.",Контекст само за четене от Apple Health,512,no,no,no,yes,1,no,no,no,54 alternates,54,improve-copy-keep-indexable
https://www.glpzy.app/bg/compounded-glp-tracker-iphone.html,bg/compounded-glp-tracker-iphone.html,bg,commercial,200,https://www.glpzy.app/bg/compounded-glp-tracker-iphone.html,index,yes,Съставен — Бързо регистриране без бъркотия | OneGLP,"Съставен: Проследявайте тази рутина с история на дозите, тегло, симптоми, апетит, снимки, напомняния и експорти в едно лично приложение.",Съставен,488,no,no,no,yes,1,no,no,no,54 alternates,56,index
https://www.glpzy.app/bg/custom-medication-tracker-iphone.html,bg/custom-medication-tracker-iphone.html,bg,commercial,200,https://www.glpzy.app/bg/custom-medication-tracker-iphone.html,index,yes,По поръчка — Бързо регистриране без бъркотия | OneGLP,"По поръчка: Проследявайте тази рутина с история на дозите, тегло, симптоми, апетит, снимки, напомняния и експорти в едно лично приложение.",По поръчка,503,no,no,no,yes,1,no,no,no,54 alternates,58,index
https://www.glpzy.app/bg/data-rights.html,bg/data-rights.html,bg,privacy,200,https://www.glpzy.app/bg/data-rights.html,index,yes,История на износа | OneGLP,"OneGLP първо ще създаде локално резервно копие за безопасност, след което ще замени локалните записи на това устройство.",История на износа,412,no,no,no,yes,1,no,no,no,54 alternates,77,index
https://www.glpzy.app/bg/foundayo-tracker-iphone.html,bg/foundayo-tracker-iphone.html,bg,commercial,200,https://www.glpzy.app/bg/foundayo-tracker-iphone.html,index,yes,Foundayo — Бързо регистриране без бъркотия | OneGLP,"Foundayo: Проследявайте тази рутина с история на дозите, тегло, симптоми, апетит, снимки, напомняния и експорти в едно лично приложение.",Foundayo,477,no,no,no,yes,1,no,no,no,54 alternates,55,index
https://www.glpzy.app/bg/glp1-weight-dose-symptom-tracker.html,bg/glp1-weight-dose-symptom-tracker.html,bg,commercial,200,https://www.glpzy.app/bg/glp1-weight-dose-symptom-tracker.html,index,yes,"Вашата GLP-1 рутина, организирана без претрупване | OneGLP","Записвайте дози, тегло, симптоми, апетит, снимки, напомняния и контекст от Apple Health в едно лично приложение за личен преглед.","Вашата GLP-1 рутина, организирана без претрупване.",568,no,no,no,yes,1,no,no,no,54 alternates,54,index
https://www.glpzy.app/bg/glpzy-is-now-oneglp/,bg/glpzy-is-now-oneglp/index.html,bg,home,200,https://www.glpzy.app/bg/glpzy-is-now-oneglp/,index,yes,GLPzy вече се казва OneGLP,"GLPzy вече е OneGLP. Приложението, разработчикът, записите ви и покупките на Premium остават същите.",GLPzy вече се казва OneGLP,190,no,no,no,yes,1,yes,yes,no,54 alternates,77,index
https://www.glpzy.app/bg/,bg/index.html,bg,home,200,https://www.glpzy.app/bg/,index,yes,"Вашата GLP-1 рутина, организирана без претрупване | OneGLP","Записвайте дози, тегло, симптоми, апетит, снимки, напомняния и контекст от Apple Health в едно лично приложение за личен преглед.","Вашата GLP-1 рутина, организирана без претрупване.",784,no,no,no,yes,1,yes,no,no,54 alternates,135,index
https://www.glpzy.app/bg/local-first-private-glp-tracker.html,bg/local-first-private-glp-tracker.html,bg,privacy,200,https://www.glpzy.app/bg/local-first-private-glp-tracker.html,index,yes,"Лично по подразбиране. Експортируемо, когато решите | OneGLP","Не е необходим акаунт за проследяване на дози, тегло, симптоми, напомняния или поръчки.","Лично по подразбиране. Експортируемо, когато решите.",491,no,no,no,yes,1,no,no,no,54 alternates,54,index
https://www.glpzy.app/bg/medical-safety.html,bg/medical-safety.html,bg,trust,200,https://www.glpzy.app/bg/medical-safety.html,index,yes,Медицинска безопасност | OneGLP,"OneGLP ви помага да поддържате по-ясен запис на случилото се. Той не диагностицира, предписва или избира вашата доза.",Медицинска безопасност,746,no,no,no,yes,1,no,no,no,54 alternates,78,index
https://www.glpzy.app/bg/methodology.html,bg/methodology.html,bg,trust,200,https://www.glpzy.app/bg/methodology.html,index,yes,Методика | OneGLP,Прогнозната тенденция на експозиция използва регистрирано време на дозиране плюс опростен модел на абсорбция и елиминиране само за лично проследяване.,Методика,778,no,no,no,yes,1,no,no,no,54 alternates,77,index
https://www.glpzy.app/bg/mounjaro-tracker-iphone.html,bg/mounjaro-tracker-iphone.html,bg,medicine,200,https://www.glpzy.app/bg/mounjaro-tracker-iphone.html,index,yes,Mounjaro — Бързо регистриране без бъркотия | OneGLP,"Mounjaro: Проследявайте тази рутина с история на дозите, тегло, симптоми, апетит, снимки, напомняния и експорти в едно лично приложение.",Mounjaro,486,no,no,no,yes,1,no,no,no,54 alternates,57,improve-copy-keep-indexable
https://www.glpzy.app/bg/overview.html,bg/overview.html,bg,other,200,https://www.glpzy.app/bg/overview.html,index,yes,OneGLP — Политика за поверителност · Медицинска безопасност · поддръжка,"Прегледайте обхвата на поддръжката, контактите за поверителност и указанията за неспешни случаи.",OneGLP,443,no,no,no,yes,1,no,no,no,54 alternates,54,index
https://www.glpzy.app/bg/ozempic-tracker-iphone.html,bg/ozempic-tracker-iphone.html,bg,commercial,200,https://www.glpzy.app/bg/ozempic-tracker-iphone.html,index,yes,Ozempic — Бързо регистриране без бъркотия | OneGLP,"Ozempic: Проследявайте тази рутина с история на дозите, тегло, симптоми, апетит, снимки, напомняния и експорти в едно лично приложение.",Ozempic,483,no,no,no,yes,1,no,no,no,54 alternates,58,index
https://www.glpzy.app/bg/privacy.html,bg/privacy.html,bg,privacy,200,https://www.glpzy.app/bg/privacy.html,index,yes,"Лично по подразбиране. Експортируемо, когато решите | OneGLP","Не е необходим акаунт за проследяване на дози, тегло, симптоми, напомняния или поръчки.","Лично по подразбиране. Експортируемо, когато решите.",491,no,no,no,yes,1,no,no,no,54 alternates,116,index
https://www.glpzy.app/bg/rybelsus-tracker-iphone.html,bg/rybelsus-tracker-iphone.html,bg,commercial,200,https://www.glpzy.app/bg/rybelsus-tracker-iphone.html,index,yes,Rybelsus — Бързо регистриране без бъркотия | OneGLP,"Rybelsus: Проследявайте тази рутина с история на дозите, тегло, симптоми, апетит, снимки, напомняния и експорти в едно лично приложение.",Rybelsus,478,no,no,no,yes,1,no,no,no,54 alternates,58,index
https://www.glpzy.app/bg/saxenda-tracker-iphone.html,bg/saxenda-tracker-iphone.html,bg,commercial,200,https://www.glpzy.app/bg/saxenda-tracker-iphone.html,index,yes,Saxenda — Бързо регистриране без бъркотия | OneGLP,"Saxenda: Проследявайте тази рутина с история на дозите, тегло, симптоми, апетит, снимки, напомняния и експорти в едно лично приложение.",Saxenda,477,no,no,no,yes,1,no,no,no,54 alternates,56,index
https://www.glpzy.app/bg/semaglutide-tracker-iphone.html,bg/semaglutide-tracker-iphone.html,bg,ingredient,200,https://www.glpzy.app/bg/semaglutide-tracker-iphone.html,index,yes,Semaglutide — Бързо регистриране без бъркотия | OneGLP,"Semaglutide: Проследявайте тази рутина с история на дозите, тегло, симптоми, апетит, снимки, напомняния и експорти в едно лично приложение.",Semaglutide,486,no,no,no,yes,1,no,no,no,54 alternates,60,improve-copy-keep-indexable
https://www.glpzy.app/bg/support.html,bg/support.html,bg,trust,200,https://www.glpzy.app/bg/support.html,index,yes,поддръжка | OneGLP,"Прегледайте обхвата на поддръжката, контактите за поверителност и указанията за неспешни случаи.",поддръжка,473,no,no,no,yes,1,no,no,no,54 alternates,103,index
https://www.glpzy.app/bg/terms.html,bg/terms.html,bg,trust,200,https://www.glpzy.app/bg/terms.html,index,yes,Условия за ползване | OneGLP,"Ценообразуването, периодът на фактуриране и всички подробности за въвеждащата оферта се показват от вашия акаунт App Store преди покупката. Управлявайте или анулирайте в настройките на App Store.",Условия за ползване,506,no,no,no,yes,1,no,no,no,54 alternates,77,index
https://www.glpzy.app/bg/tirzepatide-tracker-iphone.html,bg/tirzepatide-tracker-iphone.html,bg,ingredient,200,https://www.glpzy.app/bg/tirzepatide-tracker-iphone.html,index,yes,Tirzepatide — Бързо регистриране без бъркотия | OneGLP,"Tirzepatide: Проследявайте тази рутина с история на дозите, тегло, симптоми, апетит, снимки, напомняния и експорти в едно лично приложение.",Tirzepatide,490,no,no,no,yes,1,no,no,no,54 alternates,59,improve-copy-keep-indexable
https://www.glpzy.app/bg/trulicity-tracker-iphone.html,bg/trulicity-tracker-iphone.html,bg,commercial,200,https://www.glpzy.app/bg/trulicity-tracker-iphone.html,index,yes,Trulicity — Бързо регистриране без бъркотия | OneGLP,"Trulicity: Проследявайте тази рутина с история на дозите, тегло, симптоми, апетит, снимки, напомняния и експорти в едно лично приложение.",Trulicity,478,no,no,no,yes,1,no,no,no,54 alternates,55,index
https://www.glpzy.app/bg/victoza-tracker-iphone.html,bg/victoza-tracker-iphone.html,bg,commercial,200,https://www.glpzy.app/bg/victoza-tracker-iphone.html,index,yes,Victoza — Бързо регистриране без бъркотия | OneGLP,"Victoza: Проследявайте тази рутина с история на дозите, тегло, симптоми, апетит, снимки, напомняния и експорти в едно лично приложение.",Victoza,477,no,no,no,yes,1,no,no,no,54 alternates,56,index
https://www.glpzy.app/bg/wegovy-tracker-iphone.html,bg/wegovy-tracker-iphone.html,bg,medicine,200,https://www.glpzy.app/bg/wegovy-tracker-iphone.html,index,yes,Wegovy — Бързо регистриране без бъркотия | OneGLP,"Wegovy: Проследявайте тази рутина с история на дозите, тегло, симптоми, апетит, снимки, напомняния и експорти в едно лично приложение.",Wegovy,486,no,no,no,yes,1,no,no,no,54 alternates,58,improve-copy-keep-indexable
https://www.glpzy.app/bg/zepbound-tracker-iphone.html,bg/zepbound-tracker-iphone.html,bg,medicine,200,https://www.glpzy.app/bg/zepbound-tracker-iphone.html,index,yes,Zepbound — Бързо регистриране без бъркотия | OneGLP,"Zepbound: Проследявайте тази рутина с история на дозите, тегло, симптоми, апетит, снимки, напомняния и експорти в едно лично приложение.",Zepbound,496,no,no,no,yes,1,no,no,no,54 alternates,57,improve-copy-keep-indexable
https://www.glpzy.app/bn/apple-health-glp-tracker.html,bn/apple-health-glp-tracker.html,bn,feature,200,https://www.glpzy.app/bn/apple-health-glp-tracker.html,index,yes,Apple Health থেকে শুধুমাত্র পঠনযোগ্য প্রসঙ্গ | OneGLP,"Apple Health অ্যাক্সেস ঐচ্ছিক এবং আপনার দেওয়া অনুমতিগুলির মধ্যে সীমাবদ্ধ৷ OneGLP শরীরের ওজনের ইতিহাস এবং উচ্চতা আমদানি করে, তারপরে শরীরের গঠন, ঘুম, নড়াচড়া, ওয়ার্কআউট, ক্যালোরি, প্রোটিন, এবং জলের সংক্ষিপ্তসারগুলি শুধুমাত্র-পঠন মোডে পড়ে৷ ফিরে কিছুই লেখা হয় না।",Apple Health থেকে শুধুমাত্র পঠনযোগ্য প্রসঙ্গ,825,no,no,no,yes,1,no,no,no,54 alternates,54,improve-copy-keep-indexable
https://www.glpzy.app/bn/compounded-glp-tracker-iphone.html,bn/compounded-glp-tracker-iphone.html,bn,commercial,200,https://www.glpzy.app/bn/compounded-glp-tracker-iphone.html,index,yes,যৌগিক — বিশৃঙ্খলা ছাড়াই দ্রুত লগিং। | OneGLP,"যৌগিক: একটি ব্যক্তিগত অ্যাপে ডোজ ইতিহাস, ওজন, উপসর্গ, ক্ষুধা, ছবি, রিমাইন্ডার এবং এক্সপোর্টসহ এই রুটিন ট্র্যাক করুন।",যৌগিক,843,no,no,no,yes,1,no,no,no,54 alternates,56,index
https://www.glpzy.app/bn/custom-medication-tracker-iphone.html,bn/custom-medication-tracker-iphone.html,bn,commercial,200,https://www.glpzy.app/bn/custom-medication-tracker-iphone.html,index,yes,কাস্টম — বিশৃঙ্খলা ছাড়াই দ্রুত লগিং। | OneGLP,"কাস্টম: একটি ব্যক্তিগত অ্যাপে ডোজ ইতিহাস, ওজন, উপসর্গ, ক্ষুধা, ছবি, রিমাইন্ডার এবং এক্সপোর্টসহ এই রুটিন ট্র্যাক করুন।",কাস্টম,861,no,no,no,yes,1,no,no,no,54 alternates,58,index
https://www.glpzy.app/bn/data-rights.html,bn/data-rights.html,bn,privacy,200,https://www.glpzy.app/bn/data-rights.html,index,yes,রপ্তানির ইতিহাস | OneGLP,"OneGLP প্রথমে একটি স্থানীয় নিরাপত্তা ব্যাকআপ তৈরি করবে, তারপর এই ডিভাইসে স্থানীয় রেকর্ড প্রতিস্থাপন করবে।",রপ্তানির ইতিহাস,668,no,no,no,yes,1,no,no,no,54 alternates,77,index
https://www.glpzy.app/bn/foundayo-tracker-iphone.html,bn/foundayo-tracker-iphone.html,bn,commercial,200,https://www.glpzy.app/bn/foundayo-tracker-iphone.html,index,yes,Foundayo — বিশৃঙ্খলা ছাড়াই দ্রুত লগিং। | OneGLP,"Foundayo: একটি ব্যক্তিগত অ্যাপে ডোজ ইতিহাস, ওজন, উপসর্গ, ক্ষুধা, ছবি, রিমাইন্ডার এবং এক্সপোর্টসহ এই রুটিন ট্র্যাক করুন।",Foundayo,818,no,no,no,yes,1,no,no,no,54 alternates,55,index
https://www.glpzy.app/bn/glp1-weight-dose-symptom-tracker.html,bn/glp1-weight-dose-symptom-tracker.html,bn,commercial,200,https://www.glpzy.app/bn/glp1-weight-dose-symptom-tracker.html,index,yes,"আপনার GLP-1 রুটিন, অগোছালোতা ছাড়া সাজানো। | OneGLP","ব্যক্তিগত পর্যালোচনার জন্য একটি ব্যক্তিগত অ্যাপে ডোজ, ওজন, উপসর্গ, ক্ষুধা, ছবি, রিমাইন্ডার এবং Apple Health প্রসঙ্গ রেকর্ড করুন।","আপনার GLP-1 রুটিন, অগোছালোতা ছাড়া সাজানো।",1015,no,no,no,yes,1,no,no,no,54 alternates,54,index
https://www.glpzy.app/bn/glpzy-is-now-oneglp/,bn/glpzy-is-now-oneglp/index.html,bn,home,200,https://www.glpzy.app/bn/glpzy-is-now-oneglp/,index,yes,GLPzy-এর নতুন নাম OneGLP,GLPzy এখন OneGLP। অ্যাপ ও ডেভেলপার একই আছেন। আপনার আগের রেকর্ড এবং কেনা Premium সুবিধা অপরিবর্তিত থাকবে।,GLPzy-এর নতুন নাম OneGLP,322,no,no,no,yes,1,yes,yes,no,54 alternates,77,index
https://www.glpzy.app/bn/,bn/index.html,bn,home,200,https://www.glpzy.app/bn/,index,yes,"আপনার GLP-1 রুটিন, অগোছালোতা ছাড়া সাজানো। | OneGLP","ব্যক্তিগত পর্যালোচনার জন্য একটি ব্যক্তিগত অ্যাপে ডোজ, ওজন, উপসর্গ, ক্ষুধা, ছবি, রিমাইন্ডার এবং Apple Health প্রসঙ্গ রেকর্ড করুন।","আপনার GLP-1 রুটিন, অগোছালোতা ছাড়া সাজানো।",1472,no,no,no,yes,1,yes,no,no,54 alternates,135,index
https://www.glpzy.app/bn/local-first-private-glp-tracker.html,bn/local-first-private-glp-tracker.html,bn,privacy,200,https://www.glpzy.app/bn/local-first-private-glp-tracker.html,index,yes,ডিফল্টভাবে ব্যক্তিগত। আপনি চাইলে রপ্তানিযোগ্য। | OneGLP,"ডোজ, ওজন, উপসর্গ, অনুস্মারক বা আদেশ ট্র্যাক করার জন্য কোন অ্যাকাউন্টের প্রয়োজন নেই।",ডিফল্টভাবে ব্যক্তিগত। আপনি চাইলে রপ্তানিযোগ্য।,810,no,no,no,yes,1,no,no,no,54 alternates,54,index
https://www.glpzy.app/bn/medical-safety.html,bn/medical-safety.html,bn,trust,200,https://www.glpzy.app/bn/medical-safety.html,index,yes,চিকিৎসা নিরাপত্তা | OneGLP,"OneGLP আপনাকে কী ঘটেছে তার একটি পরিষ্কার রেকর্ড রাখতে সাহায্য করে৷ এটি নির্ণয়, প্রেসক্রাইব বা আপনার ডোজ নির্বাচন করে না।",চিকিৎসা নিরাপত্তা,1365,no,no,no,yes,1,no,no,no,54 alternates,78,index
https://www.glpzy.app/bn/methodology.html,bn/methodology.html,bn,trust,200,https://www.glpzy.app/bn/methodology.html,index,yes,পদ্ধতি | OneGLP,আনুমানিক এক্সপোজার ট্রেন্ড লগড ডোজ টাইমিং এবং শুধুমাত্র ব্যক্তিগত ট্র্যাকিংয়ের জন্য একটি সরলীকৃত শোষণ-এবং-বর্জন মডেল ব্যবহার করে।,পদ্ধতি,1406,no,no,no,yes,1,no,no,no,54 alternates,77,index
https://www.glpzy.app/bn/mounjaro-tracker-iphone.html,bn/mounjaro-tracker-iphone.html,bn,medicine,200,https://www.glpzy.app/bn/mounjaro-tracker-iphone.html,index,yes,Mounjaro — বিশৃঙ্খলা ছাড়াই দ্রুত লগিং। | OneGLP,"Mounjaro: একটি ব্যক্তিগত অ্যাপে ডোজ ইতিহাস, ওজন, উপসর্গ, ক্ষুধা, ছবি, রিমাইন্ডার এবং এক্সপোর্টসহ এই রুটিন ট্র্যাক করুন।",Mounjaro,844,no,no,no,yes,1,no,no,no,54 alternates,57,improve-copy-keep-indexable
https://www.glpzy.app/bn/overview.html,bn/overview.html,bn,other,200,https://www.glpzy.app/bn/overview.html,index,yes,OneGLP — গোপনীয়তা নীতি · চিকিৎসা নিরাপত্তা · সমর্থন,"সমর্থন সুযোগ, গোপনীয়তা পরিচিতি, এবং অ-জরুরী নির্দেশিকা পর্যালোচনা করুন।",OneGLP,731,no,no,no,yes,1,no,no,no,54 alternates,54,index
https://www.glpzy.app/bn/ozempic-tracker-iphone.html,bn/ozempic-tracker-iphone.html,bn,commercial,200,https://www.glpzy.app/bn/ozempic-tracker-iphone.html,index,yes,Ozempic — বিশৃঙ্খলা ছাড়াই দ্রুত লগিং। | OneGLP,"Ozempic: একটি ব্যক্তিগত অ্যাপে ডোজ ইতিহাস, ওজন, উপসর্গ, ক্ষুধা, ছবি, রিমাইন্ডার এবং এক্সপোর্টসহ এই রুটিন ট্র্যাক করুন।",Ozempic,833,no,no,no,yes,1,no,no,no,54 alternates,58,index
https://www.glpzy.app/bn/privacy.html,bn/privacy.html,bn,privacy,200,https://www.glpzy.app/bn/privacy.html,index,yes,ডিফল্টভাবে ব্যক্তিগত। আপনি চাইলে রপ্তানিযোগ্য। | OneGLP,"ডোজ, ওজন, উপসর্গ, অনুস্মারক বা আদেশ ট্র্যাক করার জন্য কোন অ্যাকাউন্টের প্রয়োজন নেই।",ডিফল্টভাবে ব্যক্তিগত। আপনি চাইলে রপ্তানিযোগ্য।,810,no,no,no,yes,1,no,no,no,54 alternates,116,index
https://www.glpzy.app/bn/rybelsus-tracker-iphone.html,bn/rybelsus-tracker-iphone.html,bn,commercial,200,https://www.glpzy.app/bn/rybelsus-tracker-iphone.html,index,yes,Rybelsus — বিশৃঙ্খলা ছাড়াই দ্রুত লগিং। | OneGLP,"Rybelsus: একটি ব্যক্তিগত অ্যাপে ডোজ ইতিহাস, ওজন, উপসর্গ, ক্ষুধা, ছবি, রিমাইন্ডার এবং এক্সপোর্টসহ এই রুটিন ট্র্যাক করুন।",Rybelsus,818,no,no,no,yes,1,no,no,no,54 alternates,58,index
https://www.glpzy.app/bn/saxenda-tracker-iphone.html,bn/saxenda-tracker-iphone.html,bn,commercial,200,https://www.glpzy.app/bn/saxenda-tracker-iphone.html,index,yes,Saxenda — বিশৃঙ্খলা ছাড়াই দ্রুত লগিং। | OneGLP,"Saxenda: একটি ব্যক্তিগত অ্যাপে ডোজ ইতিহাস, ওজন, উপসর্গ, ক্ষুধা, ছবি, রিমাইন্ডার এবং এক্সপোর্টসহ এই রুটিন ট্র্যাক করুন।",Saxenda,818,no,no,no,yes,1,no,no,no,54 alternates,56,index
https://www.glpzy.app/bn/semaglutide-tracker-iphone.html,bn/semaglutide-tracker-iphone.html,bn,ingredient,200,https://www.glpzy.app/bn/semaglutide-tracker-iphone.html,index,yes,Semaglutide — বিশৃঙ্খলা ছাড়াই দ্রুত লগিং। | OneGLP,"Semaglutide: একটি ব্যক্তিগত অ্যাপে ডোজ ইতিহাস, ওজন, উপসর্গ, ক্ষুধা, ছবি, রিমাইন্ডার এবং এক্সপোর্টসহ এই রুটিন ট্র্যাক করুন।",Semaglutide,842,no,no,no,yes,1,no,no,no,54 alternates,60,improve-copy-keep-indexable
https://www.glpzy.app/bn/support.html,bn/support.html,bn,trust,200,https://www.glpzy.app/bn/support.html,index,yes,সমর্থন | OneGLP,"সমর্থন সুযোগ, গোপনীয়তা পরিচিতি, এবং অ-জরুরী নির্দেশিকা পর্যালোচনা করুন।",সমর্থন,808,no,no,no,yes,1,no,no,no,54 alternates,103,index
https://www.glpzy.app/bn/terms.html,bn/terms.html,bn,trust,200,https://www.glpzy.app/bn/terms.html,index,yes,ব্যবহারের শর্তাবলী | OneGLP,"মূল্য নির্ধারণ, বিলিং সময়কাল, এবং যেকোনো প্রারম্ভিক অফারের বিবরণ কেনার আগে আপনার App Store অ্যাকাউন্ট থেকে দেখানো হয়। App Store সেটিংসে পরিচালনা বা বাতিল করুন৷",ব্যবহারের শর্তাবলী,879,no,no,no,yes,1,no,no,no,54 alternates,77,index
https://www.glpzy.app/bn/tirzepatide-tracker-iphone.html,bn/tirzepatide-tracker-iphone.html,bn,ingredient,200,https://www.glpzy.app/bn/tirzepatide-tracker-iphone.html,index,yes,Tirzepatide — বিশৃঙ্খলা ছাড়াই দ্রুত লগিং। | OneGLP,"Tirzepatide: একটি ব্যক্তিগত অ্যাপে ডোজ ইতিহাস, ওজন, উপসর্গ, ক্ষুধা, ছবি, রিমাইন্ডার এবং এক্সপোর্টসহ এই রুটিন ট্র্যাক করুন।",Tirzepatide,858,no,no,no,yes,1,no,no,no,54 alternates,59,improve-copy-keep-indexable
https://www.glpzy.app/bn/trulicity-tracker-iphone.html,bn/trulicity-tracker-iphone.html,bn,commercial,200,https://www.glpzy.app/bn/trulicity-tracker-iphone.html,index,yes,Trulicity — বিশৃঙ্খলা ছাড়াই দ্রুত লগিং। | OneGLP,"Trulicity: একটি ব্যক্তিগত অ্যাপে ডোজ ইতিহাস, ওজন, উপসর্গ, ক্ষুধা, ছবি, রিমাইন্ডার এবং এক্সপোর্টসহ এই রুটিন ট্র্যাক করুন।",Trulicity,820,no,no,no,yes,1,no,no,no,54 alternates,55,index
https://www.glpzy.app/bn/victoza-tracker-iphone.html,bn/victoza-tracker-iphone.html,bn,commercial,200,https://www.glpzy.app/bn/victoza-tracker-iphone.html,index,yes,Victoza — বিশৃঙ্খলা ছাড়াই দ্রুত লগিং। | OneGLP,"Victoza: একটি ব্যক্তিগত অ্যাপে ডোজ ইতিহাস, ওজন, উপসর্গ, ক্ষুধা, ছবি, রিমাইন্ডার এবং এক্সপোর্টসহ এই রুটিন ট্র্যাক করুন।",Victoza,818,no,no,no,yes,1,no,no,no,54 alternates,56,index
https://www.glpzy.app/bn/wegovy-tracker-iphone.html,bn/wegovy-tracker-iphone.html,bn,medicine,200,https://www.glpzy.app/bn/wegovy-tracker-iphone.html,index,yes,Wegovy — বিশৃঙ্খলা ছাড়াই দ্রুত লগিং। | OneGLP,"Wegovy: একটি ব্যক্তিগত অ্যাপে ডোজ ইতিহাস, ওজন, উপসর্গ, ক্ষুধা, ছবি, রিমাইন্ডার এবং এক্সপোর্টসহ এই রুটিন ট্র্যাক করুন।",Wegovy,842,no,no,no,yes,1,no,no,no,54 alternates,58,improve-copy-keep-indexable
https://www.glpzy.app/bn/zepbound-tracker-iphone.html,bn/zepbound-tracker-iphone.html,bn,medicine,200,https://www.glpzy.app/bn/zepbound-tracker-iphone.html,index,yes,Zepbound — বিশৃঙ্খলা ছাড়াই দ্রুত লগিং। | OneGLP,"Zepbound: একটি ব্যক্তিগত অ্যাপে ডোজ ইতিহাস, ওজন, উপসর্গ, ক্ষুধা, ছবি, রিমাইন্ডার এবং এক্সপোর্টসহ এই রুটিন ট্র্যাক করুন।",Zepbound,872,no,no,no,yes,1,no,no,no,54 alternates,57,improve-copy-keep-indexable
https://www.glpzy.app/compounded-glp-tracker-iphone.html,compounded-glp-tracker-iphone.html,root,commercial,200,https://www.glpzy.app/compounded-glp-tracker-iphone.html,index,yes,Compounded GLP medication tracker for iPhone and iPad | OneGLP,"Track compounded semaglutide or tirzepatide routines on iPhone and iPad with flexible schedules, local-first records, and review tools in OneGLP.",Compounded GLP medication tracking without forcing a brand-only workflow,509,no,no,yes,yes,1,no,yes,no,54 alternates,55,index
https://www.glpzy.app/cs/apple-health-glp-tracker.html,cs/apple-health-glp-tracker.html,cs,feature,200,https://www.glpzy.app/cs/apple-health-glp-tracker.html,index,yes,Kontext pouze pro čtení z Apple Health | OneGLP,"Přístup Apple Health je volitelný a omezený na oprávnění, která udělíte. OneGLP importuje historii tělesné hmotnosti a výšku a poté čte tělesné složení, spánek, pohyb, cvičení, kalorie, bílkoviny a souhrny vody v režimu pouze pro čtení. Nic se neodepisuje.",Kontext pouze pro čtení z Apple Health,472,no,no,no,yes,1,no,no,no,54 alternates,54,improve-copy-keep-indexable
https://www.glpzy.app/cs/compounded-glp-tracker-iphone.html,cs/compounded-glp-tracker-iphone.html,cs,commercial,200,https://www.glpzy.app/cs/compounded-glp-tracker-iphone.html,index,yes,Složené — Rychlé zaznamenávání dávek bez nepořádku | OneGLP,"Složené: Sledujte tuto rutinu v jedné soukromé aplikaci s historií dávek, hmotností, příznaky, chutí k jídlu, fotografiemi, připomínkami a exporty.",Složené,469,no,no,no,yes,1,no,no,no,54 alternates,56,index
https://www.glpzy.app/cs/custom-medication-tracker-iphone.html,cs/custom-medication-tracker-iphone.html,cs,commercial,200,https://www.glpzy.app/cs/custom-medication-tracker-iphone.html,index,yes,Vlastní — Rychlé zaznamenávání dávek bez nepořádku | OneGLP,"Vlastní: Sledujte tuto rutinu v jedné soukromé aplikaci s historií dávek, hmotností, příznaky, chutí k jídlu, fotografiemi, připomínkami a exporty.",Vlastní,478,no,no,no,yes,1,no,no,no,54 alternates,58,index
https://www.glpzy.app/cs/data-rights.html,cs/data-rights.html,cs,privacy,200,https://www.glpzy.app/cs/data-rights.html,index,yes,Historie exportu | OneGLP,OneGLP nejprve vytvoří místní bezpečnostní zálohu a poté nahradí místní záznamy na tomto zařízení.,Historie exportu,382,no,no,no,yes,1,no,no,no,54 alternates,77,index
https://www.glpzy.app/cs/foundayo-tracker-iphone.html,cs/foundayo-tracker-iphone.html,cs,commercial,200,https://www.glpzy.app/cs/foundayo-tracker-iphone.html,index,yes,Foundayo — Rychlé zaznamenávání dávek bez nepořádku | OneGLP,"Foundayo: Sledujte tuto rutinu v jedné soukromé aplikaci s historií dávek, hmotností, příznaky, chutí k jídlu, fotografiemi, připomínkami a exporty.",Foundayo,459,no,no,no,yes,1,no,no,no,54 alternates,55,index
https://www.glpzy.app/cs/glp1-weight-dose-symptom-tracker.html,cs/glp1-weight-dose-symptom-tracker.html,cs,commercial,200,https://www.glpzy.app/cs/glp1-weight-dose-symptom-tracker.html,index,yes,"Vaše rutina GLP-1, uspořádaná bez zbytečného zahlcení | OneGLP","Zaznamenávejte dávky, hmotnost, příznaky, chuť k jídlu, fotografie, připomínky a kontext Apple Health v jedné soukromé aplikaci pro osobní přehled.","Vaše rutina GLP-1, uspořádaná bez zbytečného zahlcení.",528,no,no,no,yes,1,no,no,no,54 alternates,54,index
https://www.glpzy.app/cs/glpzy-is-now-oneglp/,cs/glpzy-is-now-oneglp/index.html,cs,home,200,https://www.glpzy.app/cs/glpzy-is-now-oneglp/,index,yes,GLPzy se nyní jmenuje OneGLP,"GLPzy je nyní OneGLP. Aplikace, vývojář, vaše záznamy i nákupy Premium zůstávají stejné.",GLPzy se nyní jmenuje OneGLP,179,no,no,no,yes,1,yes,yes,no,54 alternates,77,index
https://www.glpzy.app/cs/,cs/index.html,cs,home,200,https://www.glpzy.app/cs/,index,yes,"Vaše rutina GLP-1, uspořádaná bez zbytečného zahlcení | OneGLP","Zaznamenávejte dávky, hmotnost, příznaky, chuť k jídlu, fotografie, připomínky a kontext Apple Health v jedné soukromé aplikaci pro osobní přehled.","Vaše rutina GLP-1, uspořádaná bez zbytečného zahlcení.",730,no,no,no,yes,1,yes,no,no,54 alternates,135,index
https://www.glpzy.app/cs/local-first-private-glp-tracker.html,cs/local-first-private-glp-tracker.html,cs,privacy,200,https://www.glpzy.app/cs/local-first-private-glp-tracker.html,index,yes,"Soukromé ve výchozím nastavení. Exportovatelné, když se rozhodnete | OneGLP","Ke sledování dávek, hmotnosti, příznaků, upomínek nebo objednávek není nutný žádný účet.","Soukromé ve výchozím nastavení. Exportovatelné, když se rozhodnete.",457,no,no,no,yes,1,no,no,no,54 alternates,54,index
https://www.glpzy.app/cs/medical-safety.html,cs/medical-safety.html,cs,trust,200,https://www.glpzy.app/cs/medical-safety.html,index,yes,Lékařská bezpečnost | OneGLP,"OneGLP vám pomůže udržet si jasnější záznamy o tom, co se stalo. Nediagnostikuje, nepředepisuje ani nevybírá vaši dávku.",Lékařská bezpečnost,705,no,no,no,yes,1,no,no,no,54 alternates,78,index
https://www.glpzy.app/cs/methodology.html,cs/methodology.html,cs,trust,200,https://www.glpzy.app/cs/methodology.html,index,yes,Metodologie | OneGLP,Odhadovaný trend expozice používá protokolované časování dávky plus zjednodušený model absorpce a eliminace pouze pro osobní sledování.,Metodologie,726,no,no,no,yes,1,no,no,no,54 alternates,77,index
https://www.glpzy.app/cs/mounjaro-tracker-iphone.html,cs/mounjaro-tracker-iphone.html,cs,medicine,200,https://www.glpzy.app/cs/mounjaro-tracker-iphone.html,index,yes,Mounjaro — Rychlé zaznamenávání dávek bez nepořádku | OneGLP,"Mounjaro: Sledujte tuto rutinu v jedné soukromé aplikaci s historií dávek, hmotností, příznaky, chutí k jídlu, fotografiemi, připomínkami a exporty.",Mounjaro,469,no,no,no,yes,1,no,no,no,54 alternates,57,improve-copy-keep-indexable
https://www.glpzy.app/cs/overview.html,cs/overview.html,cs,other,200,https://www.glpzy.app/cs/overview.html,index,yes,OneGLP — Zásady ochrany osobních údajů · Lékařská bezpečnost · Podpora,"Prohlédněte si rozsah podpory, kontakty na ochranu soukromí a pokyny pro jiné než nouzové situace.",OneGLP,421,no,no,no,yes,1,no,no,no,54 alternates,54,index
https://www.glpzy.app/cs/ozempic-tracker-iphone.html,cs/ozempic-tracker-iphone.html,cs,commercial,200,https://www.glpzy.app/cs/ozempic-tracker-iphone.html,index,yes,Ozempic — Rychlé zaznamenávání dávek bez nepořádku | OneGLP,"Ozempic: Sledujte tuto rutinu v jedné soukromé aplikaci s historií dávek, hmotností, příznaky, chutí k jídlu, fotografiemi, připomínkami a exporty.",Ozempic,465,no,no,no,yes,1,no,no,no,54 alternates,58,index
https://www.glpzy.app/cs/privacy.html,cs/privacy.html,cs,privacy,200,https://www.glpzy.app/cs/privacy.html,index,yes,"Soukromé ve výchozím nastavení. Exportovatelné, když se rozhodnete | OneGLP","Ke sledování dávek, hmotnosti, příznaků, upomínek nebo objednávek není nutný žádný účet.","Soukromé ve výchozím nastavení. Exportovatelné, když se rozhodnete.",457,no,no,no,yes,1,no,no,no,54 alternates,116,index
https://www.glpzy.app/cs/rybelsus-tracker-iphone.html,cs/rybelsus-tracker-iphone.html,cs,commercial,200,https://www.glpzy.app/cs/rybelsus-tracker-iphone.html,index,yes,Rybelsus — Rychlé zaznamenávání dávek bez nepořádku | OneGLP,"Rybelsus: Sledujte tuto rutinu v jedné soukromé aplikaci s historií dávek, hmotností, příznaky, chutí k jídlu, fotografiemi, připomínkami a exporty.",Rybelsus,461,no,no,no,yes,1,no,no,no,54 alternates,58,index
https://www.glpzy.app/cs/saxenda-tracker-iphone.html,cs/saxenda-tracker-iphone.html,cs,commercial,200,https://www.glpzy.app/cs/saxenda-tracker-iphone.html,index,yes,Saxenda — Rychlé zaznamenávání dávek bez nepořádku | OneGLP,"Saxenda: Sledujte tuto rutinu v jedné soukromé aplikaci s historií dávek, hmotností, příznaky, chutí k jídlu, fotografiemi, připomínkami a exporty.",Saxenda,459,no,no,no,yes,1,no,no,no,54 alternates,56,index
https://www.glpzy.app/cs/semaglutide-tracker-iphone.html,cs/semaglutide-tracker-iphone.html,cs,ingredient,200,https://www.glpzy.app/cs/semaglutide-tracker-iphone.html,index,yes,Semaglutide — Rychlé zaznamenávání dávek bez nepořádku | OneGLP,"Semaglutide: Sledujte tuto rutinu v jedné soukromé aplikaci s historií dávek, hmotností, příznaky, chutí k jídlu, fotografiemi, připomínkami a exporty.",Semaglutide,469,no,no,no,yes,1,no,no,no,54 alternates,60,improve-copy-keep-indexable
https://www.glpzy.app/cs/support.html,cs/support.html,cs,trust,200,https://www.glpzy.app/cs/support.html,index,yes,Podpora | OneGLP,"Prohlédněte si rozsah podpory, kontakty na ochranu soukromí a pokyny pro jiné než nouzové situace.",Podpora,451,no,no,no,yes,1,no,no,no,54 alternates,103,index
https://www.glpzy.app/cs/terms.html,cs/terms.html,cs,trust,200,https://www.glpzy.app/cs/terms.html,index,yes,Podmínky použití | OneGLP,"Ceny, fakturační období a veškeré podrobnosti o úvodní nabídce se před nákupem zobrazí z vašeho účtu App Store. Spravujte nebo zrušte v nastavení App Store.",Podmínky použití,478,no,no,no,yes,1,no,no,no,54 alternates,77,index
https://www.glpzy.app/cs/tirzepatide-tracker-iphone.html,cs/tirzepatide-tracker-iphone.html,cs,ingredient,200,https://www.glpzy.app/cs/tirzepatide-tracker-iphone.html,index,yes,Tirzepatide — Rychlé zaznamenávání dávek bez nepořádku | OneGLP,"Tirzepatide: Sledujte tuto rutinu v jedné soukromé aplikaci s historií dávek, hmotností, příznaky, chutí k jídlu, fotografiemi, připomínkami a exporty.",Tirzepatide,473,no,no,no,yes,1,no,no,no,54 alternates,59,improve-copy-keep-indexable
https://www.glpzy.app/cs/trulicity-tracker-iphone.html,cs/trulicity-tracker-iphone.html,cs,commercial,200,https://www.glpzy.app/cs/trulicity-tracker-iphone.html,index,yes,Trulicity — Rychlé zaznamenávání dávek bez nepořádku | OneGLP,"Trulicity: Sledujte tuto rutinu v jedné soukromé aplikaci s historií dávek, hmotností, příznaky, chutí k jídlu, fotografiemi, připomínkami a exporty.",Trulicity,459,no,no,no,yes,1,no,no,no,54 alternates,55,index
https://www.glpzy.app/cs/victoza-tracker-iphone.html,cs/victoza-tracker-iphone.html,cs,commercial,200,https://www.glpzy.app/cs/victoza-tracker-iphone.html,index,yes,Victoza — Rychlé zaznamenávání dávek bez nepořádku | OneGLP,"Victoza: Sledujte tuto rutinu v jedné soukromé aplikaci s historií dávek, hmotností, příznaky, chutí k jídlu, fotografiemi, připomínkami a exporty.",Victoza,459,no,no,no,yes,1,no,no,no,54 alternates,56,index
https://www.glpzy.app/cs/wegovy-tracker-iphone.html,cs/wegovy-tracker-iphone.html,cs,medicine,200,https://www.glpzy.app/cs/wegovy-tracker-iphone.html,index,yes,Wegovy — Rychlé zaznamenávání dávek bez nepořádku | OneGLP,"Wegovy: Sledujte tuto rutinu v jedné soukromé aplikaci s historií dávek, hmotností, příznaky, chutí k jídlu, fotografiemi, připomínkami a exporty.",Wegovy,469,no,no,no,yes,1,no,no,no,54 alternates,58,improve-copy-keep-indexable
https://www.glpzy.app/cs/zepbound-tracker-iphone.html,cs/zepbound-tracker-iphone.html,cs,medicine,200,https://www.glpzy.app/cs/zepbound-tracker-iphone.html,index,yes,Zepbound — Rychlé zaznamenávání dávek bez nepořádku | OneGLP,"Zepbound: Sledujte tuto rutinu v jedné soukromé aplikaci s historií dávek, hmotností, příznaky, chutí k jídlu, fotografiemi, připomínkami a exporty.",Zepbound,479,no,no,no,yes,1,no,no,no,54 alternates,57,improve-copy-keep-indexable
https://www.glpzy.app/custom-medication-tracker-iphone.html,custom-medication-tracker-iphone.html,root,commercial,200,https://www.glpzy.app/custom-medication-tracker-iphone.html,index,yes,Custom medication tracker for iPhone and iPad | OneGLP flexible schedule app,"Track custom medication names, routes, doses, and schedules on iPhone and iPad with local-first history, reminders, and review tools in OneGLP.",Custom medication tracking when you need more than a preset list,524,no,no,yes,yes,1,no,yes,no,54 alternates,58,index
https://www.glpzy.app/da/apple-health-glp-tracker.html,da/apple-health-glp-tracker.html,da,feature,200,https://www.glpzy.app/da/apple-health-glp-tracker.html,index,yes,Skrivebeskyttet kontekst fra Apple Health | OneGLP,"Apple Health adgang er valgfri og begrænset til de tilladelser, du giver. OneGLP importerer kropsvægthistorie og højde og læser derefter kropssammensætning, bevægelse, træning, kalorier, protein og vand i skrivebeskyttet tilstand. Intet er skrevet tilbage.",Skrivebeskyttet kontekst fra Apple Health,473,no,no,no,yes,1,no,no,no,54 alternates,54,improve-copy-keep-indexable
https://www.glpzy.app/da/compounded-glp-tracker-iphone.html,da/compounded-glp-tracker-iphone.html,da,commercial,200,https://www.glpzy.app/da/compounded-glp-tracker-iphone.html,index,yes,Compounded​ — Hurtig logning uden rod | OneGLP,"Compounded​: Spor denne rutine med dosishistorik, vægt, symptomer, appetit, billeder, påmindelser og eksport i én privat app.",Compounded​,451,no,no,no,yes,1,no,no,no,54 alternates,56,index
https://www.glpzy.app/da/custom-medication-tracker-iphone.html,da/custom-medication-tracker-iphone.html,da,commercial,200,https://www.glpzy.app/da/custom-medication-tracker-iphone.html,index,yes,Tilpasset — Hurtig logning uden rod | OneGLP,"Tilpasset: Spor denne rutine med dosishistorik, vægt, symptomer, appetit, billeder, påmindelser og eksport i én privat app.",Tilpasset,460,no,no,no,yes,1,no,no,no,54 alternates,58,index
https://www.glpzy.app/da/data-rights.html,da/data-rights.html,da,privacy,200,https://www.glpzy.app/da/data-rights.html,index,yes,Eksporter historie | OneGLP,OneGLP vil først oprette en lokal sikkerhedsbackup og derefter erstatte lokale poster på denne enhed.,Eksporter historie,388,no,no,no,yes,1,no,no,no,54 alternates,77,index
https://www.glpzy.app/da/foundayo-tracker-iphone.html,da/foundayo-tracker-iphone.html,da,commercial,200,https://www.glpzy.app/da/foundayo-tracker-iphone.html,index,yes,Foundayo — Hurtig logning uden rod | OneGLP,"Foundayo: Spor denne rutine med dosishistorik, vægt, symptomer, appetit, billeder, påmindelser og eksport i én privat app.",Foundayo,441,no,no,no,yes,1,no,no,no,54 alternates,55,index
https://www.glpzy.app/da/glp1-weight-dose-symptom-tracker.html,da/glp1-weight-dose-symptom-tracker.html,da,commercial,200,https://www.glpzy.app/da/glp1-weight-dose-symptom-tracker.html,index,yes,"Din GLP-1-rutine, organiseret uden rod | OneGLP","Log doser, vægt, symptomer, appetit, billeder, påmindelser og Apple Health-kontekst i én privat app til personlig gennemgang.","Din GLP-1-rutine, organiseret uden rod.",527,no,no,no,yes,1,no,no,no,54 alternates,54,index
https://www.glpzy.app/da/glpzy-is-now-oneglp/,da/glpzy-is-now-oneglp/index.html,da,home,200,https://www.glpzy.app/da/glpzy-is-now-oneglp/,index,yes,GLPzy hedder nu OneGLP,"GLPzy hedder nu OneGLP. Appen, udvikleren, dine registreringer og Premium-køb er uændrede.",GLPzy hedder nu OneGLP,188,no,no,no,yes,1,yes,yes,no,54 alternates,77,index
https://www.glpzy.app/da/,da/index.html,da,home,200,https://www.glpzy.app/da/,index,yes,"Din GLP-1-rutine, organiseret uden rod | OneGLP","Log doser, vægt, symptomer, appetit, billeder, påmindelser og Apple Health-kontekst i én privat app til personlig gennemgang.","Din GLP-1-rutine, organiseret uden rod.",714,no,no,no,yes,1,yes,no,no,54 alternates,135,index
https://www.glpzy.app/da/local-first-private-glp-tracker.html,da/local-first-private-glp-tracker.html,da,privacy,200,https://www.glpzy.app/da/local-first-private-glp-tracker.html,index,yes,"Privat som standard. Kan eksporteres, når du vælger det | OneGLP","Der kræves ingen konto i appen for at registrere doser, vægt, symptomer eller påmindelser.","Privat som standard. Kan eksporteres, når du vælger det.",464,no,no,no,yes,1,no,no,no,54 alternates,54,index
https://www.glpzy.app/da/medical-safety.html,da/medical-safety.html,da,trust,200,https://www.glpzy.app/da/medical-safety.html,index,yes,Medicinsk sikkerhed | OneGLP,"OneGLP hjælper dig med at holde en klarere fortegnelse over, hvad der skete. Det diagnosticerer, ordinerer eller vælger ikke din dosis.",Medicinsk sikkerhed,681,no,no,no,yes,1,no,no,no,54 alternates,78,index
https://www.glpzy.app/da/methodology.html,da/methodology.html,da,trust,200,https://www.glpzy.app/da/methodology.html,index,yes,Metodik | OneGLP,Estimeret eksponeringstrend bruger loggede dosetidspunkter sammen med en forenklet absorptions- og eliminationsmodel kun til personlig sporing.,Metodik,687,no,no,no,yes,1,no,no,no,54 alternates,77,index
https://www.glpzy.app/da/mounjaro-tracker-iphone.html,da/mounjaro-tracker-iphone.html,da,medicine,200,https://www.glpzy.app/da/mounjaro-tracker-iphone.html,index,yes,Mounjaro — Hurtig logning uden rod | OneGLP,"Mounjaro: Spor denne rutine med dosishistorik, vægt, symptomer, appetit, billeder, påmindelser og eksport i én privat app.",Mounjaro,450,no,no,no,yes,1,no,no,no,54 alternates,57,improve-copy-keep-indexable
https://www.glpzy.app/da/overview.html,da/overview.html,da,other,200,https://www.glpzy.app/da/overview.html,index,yes,OneGLP — Privatlivspolitik · Medicinsk sikkerhed · Støtte,"Gennemgå supportomfang, privatlivskontakter og ikke-nødsituationsvejledning.",OneGLP,404,no,no,no,yes,1,no,no,no,54 alternates,54,index
https://www.glpzy.app/da/ozempic-tracker-iphone.html,da/ozempic-tracker-iphone.html,da,commercial,200,https://www.glpzy.app/da/ozempic-tracker-iphone.html,index,yes,Ozempic — Hurtig logning uden rod | OneGLP,"Ozempic: Spor denne rutine med dosishistorik, vægt, symptomer, appetit, billeder, påmindelser og eksport i én privat app.",Ozempic,447,no,no,no,yes,1,no,no,no,54 alternates,58,index
https://www.glpzy.app/da/privacy.html,da/privacy.html,da,privacy,200,https://www.glpzy.app/da/privacy.html,index,yes,"Privat som standard. Kan eksporteres, når du vælger det | OneGLP","Der kræves ingen konto i appen for at registrere doser, vægt, symptomer eller påmindelser.","Privat som standard. Kan eksporteres, når du vælger det.",464,no,no,no,yes,1,no,no,no,54 alternates,116,index
https://www.glpzy.app/da/rybelsus-tracker-iphone.html,da/rybelsus-tracker-iphone.html,da,commercial,200,https://www.glpzy.app/da/rybelsus-tracker-iphone.html,index,yes,Rybelsus — Hurtig logning uden rod | OneGLP,"Rybelsus: Spor denne rutine med dosishistorik, vægt, symptomer, appetit, billeder, påmindelser og eksport i én privat app.",Rybelsus,443,no,no,no,yes,1,no,no,no,54 alternates,58,index
https://www.glpzy.app/da/saxenda-tracker-iphone.html,da/saxenda-tracker-iphone.html,da,commercial,200,https://www.glpzy.app/da/saxenda-tracker-iphone.html,index,yes,Saxenda — Hurtig logning uden rod | OneGLP,"Saxenda: Spor denne rutine med dosishistorik, vægt, symptomer, appetit, billeder, påmindelser og eksport i én privat app.",Saxenda,441,no,no,no,yes,1,no,no,no,54 alternates,56,index
https://www.glpzy.app/da/semaglutide-tracker-iphone.html,da/semaglutide-tracker-iphone.html,da,ingredient,200,https://www.glpzy.app/da/semaglutide-tracker-iphone.html,index,yes,Semaglutide — Hurtig logning uden rod | OneGLP,"Semaglutide: Spor denne rutine med dosishistorik, vægt, symptomer, appetit, billeder, påmindelser og eksport i én privat app.",Semaglutide,451,no,no,no,yes,1,no,no,no,54 alternates,60,improve-copy-keep-indexable
https://www.glpzy.app/da/support.html,da/support.html,da,trust,200,https://www.glpzy.app/da/support.html,index,yes,Støtte | OneGLP,"Gennemgå supportomfang, privatlivskontakter og ikke-nødsituationsvejledning.",Støtte,437,no,no,no,yes,1,no,no,no,54 alternates,103,index
https://www.glpzy.app/da/terms.html,da/terms.html,da,trust,200,https://www.glpzy.app/da/terms.html,index,yes,Vilkår for brug | OneGLP,"Priser, faktureringsperiode og eventuelle introduktionstilbud vises fra din App Store konto før køb. Administrer eller annuller i indstillingerne for App Store.",Vilkår for brug,479,no,no,no,yes,1,no,no,no,54 alternates,77,index
https://www.glpzy.app/da/tirzepatide-tracker-iphone.html,da/tirzepatide-tracker-iphone.html,da,ingredient,200,https://www.glpzy.app/da/tirzepatide-tracker-iphone.html,index,yes,Tirzepatide — Hurtig logning uden rod | OneGLP,"Tirzepatide: Spor denne rutine med dosishistorik, vægt, symptomer, appetit, billeder, påmindelser og eksport i én privat app.",Tirzepatide,454,no,no,no,yes,1,no,no,no,54 alternates,59,improve-copy-keep-indexable
https://www.glpzy.app/da/trulicity-tracker-iphone.html,da/trulicity-tracker-iphone.html,da,commercial,200,https://www.glpzy.app/da/trulicity-tracker-iphone.html,index,yes,Trulicity — Hurtig logning uden rod | OneGLP,"Trulicity: Spor denne rutine med dosishistorik, vægt, symptomer, appetit, billeder, påmindelser og eksport i én privat app.",Trulicity,441,no,no,no,yes,1,no,no,no,54 alternates,55,index
https://www.glpzy.app/da/victoza-tracker-iphone.html,da/victoza-tracker-iphone.html,da,commercial,200,https://www.glpzy.app/da/victoza-tracker-iphone.html,index,yes,Victoza — Hurtig logning uden rod | OneGLP,"Victoza: Spor denne rutine med dosishistorik, vægt, symptomer, appetit, billeder, påmindelser og eksport i én privat app.",Victoza,441,no,no,no,yes,1,no,no,no,54 alternates,56,index
https://www.glpzy.app/da/wegovy-tracker-iphone.html,da/wegovy-tracker-iphone.html,da,medicine,200,https://www.glpzy.app/da/wegovy-tracker-iphone.html,index,yes,Wegovy — Hurtig logning uden rod | OneGLP,"Wegovy: Spor denne rutine med dosishistorik, vægt, symptomer, appetit, billeder, påmindelser og eksport i én privat app.",Wegovy,451,no,no,no,yes,1,no,no,no,54 alternates,58,improve-copy-keep-indexable
https://www.glpzy.app/da/zepbound-tracker-iphone.html,da/zepbound-tracker-iphone.html,da,medicine,200,https://www.glpzy.app/da/zepbound-tracker-iphone.html,index,yes,Zepbound — Hurtig logning uden rod | OneGLP,"Zepbound: Spor denne rutine med dosishistorik, vægt, symptomer, appetit, billeder, påmindelser og eksport i én privat app.",Zepbound,459,no,no,no,yes,1,no,no,no,54 alternates,57,improve-copy-keep-indexable
https://www.glpzy.app/data-rights.html,data-rights.html,root,privacy,200,https://www.glpzy.app/data-rights.html,index,yes,"OneGLP data rights, export and deletion choices","Read how OneGLP handles exports, deletion, Apple Health permissions, continuity backups, and user privacy choices on iPhone and iPad.",User Privacy Choices and Data Rights,816,no,no,no,no,0,no,no,no,54 alternates,108,index
https://www.glpzy.app/de/apple-health-glp-tracker.html,de/apple-health-glp-tracker.html,de,feature,200,https://www.glpzy.app/de/apple-health-glp-tracker.html,index,yes,Schreibgeschützter Kontext aus Apple Health | OneGLP,"Der Apple Health-Zugriff ist optional und auf die von Ihnen gewährten Berechtigungen beschränkt. OneGLP importiert den Verlauf des Körpergewichts und der Körpergröße und liest dann Zusammenfassungen zu Körperzusammensetzung, Bewegung, Training, Kalorien, Protein und Wasser im schreibgeschützten Modus. Es wird nichts zurückgeschrieben.",Schreibgeschützter Kontext aus Apple Health,527,no,no,no,yes,1,no,no,no,54 alternates,54,improve-copy-keep-indexable
https://www.glpzy.app/de/compounded-glp-tracker-iphone.html,de/compounded-glp-tracker-iphone.html,de,commercial,200,https://www.glpzy.app/de/compounded-glp-tracker-iphone.html,index,yes,Compounded​ — Schnelle Protokollierung ohne Unordnung | OneGLP,"Compounded​: Verfolgen Sie diese Routine mit Dosishistorie, Gewicht, Symptomen, Appetit, Fotos, Erinnerungen und Exporten in einer privaten App.",Compounded​,486,no,no,no,yes,1,no,no,no,54 alternates,56,index
https://www.glpzy.app/de/custom-medication-tracker-iphone.html,de/custom-medication-tracker-iphone.html,de,commercial,200,https://www.glpzy.app/de/custom-medication-tracker-iphone.html,index,yes,Brauch — Schnelle Protokollierung ohne Unordnung | OneGLP,"Brauch: Verfolgen Sie diese Routine mit Dosishistorie, Gewicht, Symptomen, Appetit, Fotos, Erinnerungen und Exporten in einer privaten App.",Brauch,493,no,no,no,yes,1,no,no,no,54 alternates,58,index
https://www.glpzy.app/de/data-rights.html,de/data-rights.html,de,privacy,200,https://www.glpzy.app/de/data-rights.html,index,yes,Verlauf exportieren | OneGLP,OneGLP erstellt zunächst ein lokales Sicherheits-Backup und ersetzt dann lokale Datensätze auf diesem Gerät.,Verlauf exportieren,424,no,no,no,yes,1,no,no,no,54 alternates,77,index
https://www.glpzy.app/de/foundayo-tracker-iphone.html,de/foundayo-tracker-iphone.html,de,commercial,200,https://www.glpzy.app/de/foundayo-tracker-iphone.html,index,yes,Foundayo — Schnelle Protokollierung ohne Unordnung | OneGLP,"Foundayo: Verfolgen Sie diese Routine mit Dosishistorie, Gewicht, Symptomen, Appetit, Fotos, Erinnerungen und Exporten in einer privaten App.",Foundayo,473,no,no,no,yes,1,no,no,no,54 alternates,55,index
https://www.glpzy.app/de/glp1-weight-dose-symptom-tracker.html,de/glp1-weight-dose-symptom-tracker.html,de,commercial,200,https://www.glpzy.app/de/glp1-weight-dose-symptom-tracker.html,index,yes,"Ihre GLP-1-Routine, übersichtlich und ohne Ballast | OneGLP","Protokollieren Sie Dosen, Gewicht, Symptome, Appetit, Fotos, Erinnerungen und Apple Health-Kontext in einer privaten App für Ihre persönliche Übersicht.","Ihre GLP-1-Routine, übersichtlich und ohne Ballast.",563,no,no,no,yes,1,no,no,no,54 alternates,54,index
https://www.glpzy.app/de/glpzy-is-now-oneglp/,de/glpzy-is-now-oneglp/index.html,de,home,200,https://www.glpzy.app/de/glpzy-is-now-oneglp/,index,yes,GLPzy heißt jetzt OneGLP,GLPzy heißt jetzt OneGLP. App und Entwickler bleiben gleich. Deine vorhandenen Aufzeichnungen und Premium-Käufe bleiben erhalten. Mehr zur Umbenennung.,GLPzy heißt jetzt OneGLP,220,no,no,no,yes,1,yes,yes,no,54 alternates,77,index
https://www.glpzy.app/de/,de/index.html,de,home,200,https://www.glpzy.app/de/,index,yes,"Ihre GLP-1-Routine, übersichtlich und ohne Ballast | OneGLP","Protokollieren Sie Dosen, Gewicht, Symptome, Appetit, Fotos, Erinnerungen und Apple Health-Kontext in einer privaten App für Ihre persönliche Übersicht.","Ihre GLP-1-Routine, übersichtlich und ohne Ballast.",862,no,no,no,yes,1,yes,no,no,54 alternates,135,index
https://www.glpzy.app/de/local-first-private-glp-tracker.html,de/local-first-private-glp-tracker.html,de,privacy,200,https://www.glpzy.app/de/local-first-private-glp-tracker.html,index,yes,"Standardmäßig privat. Exportierbar, wenn Sie es möchten | OneGLP","Zum Verfolgen von Dosen, Gewicht, Symptomen, Erinnerungen oder Bestellungen ist kein Konto erforderlich.","Standardmäßig privat. Exportierbar, wenn Sie es möchten.",488,no,no,no,yes,1,no,no,no,54 alternates,54,index
https://www.glpzy.app/de/medical-safety.html,de/medical-safety.html,de,trust,200,https://www.glpzy.app/de/medical-safety.html,index,yes,Medizinische Sicherheit | OneGLP,"OneGLP hilft Ihnen, eine klarere Aufzeichnung darüber zu führen, was passiert ist. Es erfolgt keine Diagnose, keine Verschreibung oder Auswahl Ihrer Dosis.",Medizinische Sicherheit,729,no,no,no,yes,1,no,no,no,54 alternates,78,index
https://www.glpzy.app/de/methodology.html,de/methodology.html,de,trust,200,https://www.glpzy.app/de/methodology.html,index,yes,Methodik | OneGLP,Der geschätzte Expositionsverlauf verwendet protokollierte Dosiszeitpunkte zusammen mit einem vereinfachten Absorptions- und Eliminationsmodell nur für die persönliche Nachverfolgung.,Methodik,744,no,no,no,yes,1,no,no,no,54 alternates,77,index
https://www.glpzy.app/de/mounjaro-tracker-iphone.html,de/mounjaro-tracker-iphone.html,de,medicine,200,https://www.glpzy.app/de/mounjaro-tracker-iphone.html,index,yes,Mounjaro — Schnelle Protokollierung ohne Unordnung | OneGLP,"Mounjaro: Verfolgen Sie diese Routine mit Dosishistorie, Gewicht, Symptomen, Appetit, Fotos, Erinnerungen und Exporten in einer privaten App.",Mounjaro,479,no,no,no,yes,1,no,no,no,54 alternates,57,improve-copy-keep-indexable
https://www.glpzy.app/de/overview.html,de/overview.html,de,other,200,https://www.glpzy.app/de/overview.html,index,yes,OneGLP — Datenschutzrichtlinie · Medizinische Sicherheit · Unterstützung,"Überprüfen Sie den Supportumfang, die Datenschutzkontakte und die Anleitung, die nicht für Notfälle gilt.",OneGLP,430,no,no,no,yes,1,no,no,no,54 alternates,54,index
https://www.glpzy.app/de/ozempic-tracker-iphone.html,de/ozempic-tracker-iphone.html,de,commercial,200,https://www.glpzy.app/de/ozempic-tracker-iphone.html,index,yes,Ozempic — Schnelle Protokollierung ohne Unordnung | OneGLP,"Ozempic: Verfolgen Sie diese Routine mit Dosishistorie, Gewicht, Symptomen, Appetit, Fotos, Erinnerungen und Exporten in einer privaten App.",Ozempic,477,no,no,no,yes,1,no,no,no,54 alternates,58,index
https://www.glpzy.app/de/privacy.html,de/privacy.html,de,privacy,200,https://www.glpzy.app/de/privacy.html,index,yes,"Standardmäßig privat. Exportierbar, wenn Sie es möchten | OneGLP","Zum Verfolgen von Dosen, Gewicht, Symptomen, Erinnerungen oder Bestellungen ist kein Konto erforderlich.","Standardmäßig privat. Exportierbar, wenn Sie es möchten.",488,no,no,no,yes,1,no,no,no,54 alternates,116,index
https://www.glpzy.app/de/rybelsus-tracker-iphone.html,de/rybelsus-tracker-iphone.html,de,commercial,200,https://www.glpzy.app/de/rybelsus-tracker-iphone.html,index,yes,Rybelsus — Schnelle Protokollierung ohne Unordnung | OneGLP,"Rybelsus: Verfolgen Sie diese Routine mit Dosishistorie, Gewicht, Symptomen, Appetit, Fotos, Erinnerungen und Exporten in einer privaten App.",Rybelsus,475,no,no,no,yes,1,no,no,no,54 alternates,58,index
https://www.glpzy.app/de/saxenda-tracker-iphone.html,de/saxenda-tracker-iphone.html,de,commercial,200,https://www.glpzy.app/de/saxenda-tracker-iphone.html,index,yes,Saxenda — Schnelle Protokollierung ohne Unordnung | OneGLP,"Saxenda: Verfolgen Sie diese Routine mit Dosishistorie, Gewicht, Symptomen, Appetit, Fotos, Erinnerungen und Exporten in einer privaten App.",Saxenda,472,no,no,no,yes,1,no,no,no,54 alternates,56,index
https://www.glpzy.app/de/semaglutide-tracker-iphone.html,de/semaglutide-tracker-iphone.html,de,ingredient,200,https://www.glpzy.app/de/semaglutide-tracker-iphone.html,index,yes,Semaglutide — Schnelle Protokollierung ohne Unordnung | OneGLP,"Semaglutide: Verfolgen Sie diese Routine mit Dosishistorie, Gewicht, Symptomen, Appetit, Fotos, Erinnerungen und Exporten in einer privaten App.",Semaglutide,481,no,no,no,yes,1,no,no,no,54 alternates,60,improve-copy-keep-indexable
https://www.glpzy.app/de/support.html,de/support.html,de,trust,200,https://www.glpzy.app/de/support.html,index,yes,Unterstützung | OneGLP,"Überprüfen Sie den Supportumfang, die Datenschutzkontakte und die Anleitung, die nicht für Notfälle gilt.",Unterstützung,463,no,no,no,yes,1,no,no,no,54 alternates,103,index
https://www.glpzy.app/de/terms.html,de/terms.html,de,trust,200,https://www.glpzy.app/de/terms.html,index,yes,Nutzungsbedingungen | OneGLP,"Preise, Abrechnungszeitraum und etwaige Einführungsangebotsdetails werden vor dem Kauf in Ihrem App Store-Konto angezeigt. Verwalten oder stornieren Sie in den App Store-Einstellungen.",Nutzungsbedingungen,491,no,no,no,yes,1,no,no,no,54 alternates,77,index
https://www.glpzy.app/de/tirzepatide-tracker-iphone.html,de/tirzepatide-tracker-iphone.html,de,ingredient,200,https://www.glpzy.app/de/tirzepatide-tracker-iphone.html,index,yes,Tirzepatide — Schnelle Protokollierung ohne Unordnung | OneGLP,"Tirzepatide: Verfolgen Sie diese Routine mit Dosishistorie, Gewicht, Symptomen, Appetit, Fotos, Erinnerungen und Exporten in einer privaten App.",Tirzepatide,482,no,no,no,yes,1,no,no,no,54 alternates,59,improve-copy-keep-indexable
https://www.glpzy.app/de/trulicity-tracker-iphone.html,de/trulicity-tracker-iphone.html,de,commercial,200,https://www.glpzy.app/de/trulicity-tracker-iphone.html,index,yes,Trulicity — Schnelle Protokollierung ohne Unordnung | OneGLP,"Trulicity: Verfolgen Sie diese Routine mit Dosishistorie, Gewicht, Symptomen, Appetit, Fotos, Erinnerungen und Exporten in einer privaten App.",Trulicity,472,no,no,no,yes,1,no,no,no,54 alternates,55,index
https://www.glpzy.app/de/victoza-tracker-iphone.html,de/victoza-tracker-iphone.html,de,commercial,200,https://www.glpzy.app/de/victoza-tracker-iphone.html,index,yes,Victoza — Schnelle Protokollierung ohne Unordnung | OneGLP,"Victoza: Verfolgen Sie diese Routine mit Dosishistorie, Gewicht, Symptomen, Appetit, Fotos, Erinnerungen und Exporten in einer privaten App.",Victoza,472,no,no,no,yes,1,no,no,no,54 alternates,56,index
https://www.glpzy.app/de/wegovy-tracker-iphone.html,de/wegovy-tracker-iphone.html,de,medicine,200,https://www.glpzy.app/de/wegovy-tracker-iphone.html,index,yes,Wegovy — Schnelle Protokollierung ohne Unordnung | OneGLP,"Wegovy: Verfolgen Sie diese Routine mit Dosishistorie, Gewicht, Symptomen, Appetit, Fotos, Erinnerungen und Exporten in einer privaten App.",Wegovy,481,no,no,no,yes,1,no,no,no,54 alternates,58,improve-copy-keep-indexable
https://www.glpzy.app/de/zepbound-tracker-iphone.html,de/zepbound-tracker-iphone.html,de,medicine,200,https://www.glpzy.app/de/zepbound-tracker-iphone.html,index,yes,Zepbound — Schnelle Protokollierung ohne Unordnung | OneGLP,"Zepbound: Verfolgen Sie diese Routine mit Dosishistorie, Gewicht, Symptomen, Appetit, Fotos, Erinnerungen und Exporten in einer privaten App.",Zepbound,491,no,no,no,yes,1,no,no,no,54 alternates,57,improve-copy-keep-indexable
https://www.glpzy.app/el/apple-health-glp-tracker.html,el/apple-health-glp-tracker.html,el,feature,200,https://www.glpzy.app/el/apple-health-glp-tracker.html,index,yes,Περιεχόμενο μόνο για ανάγνωση από Apple Health | OneGLP,"Η πρόσβαση Apple Health είναι προαιρετική και περιορίζεται στα δικαιώματα που εκχωρείτε. Το OneGLP εισάγει το ιστορικό βάρους και το ύψος του σώματος και, στη συνέχεια, διαβάζει τη σύνθεση του σώματος, τον ύπνο, την κίνηση, την προπόνηση, τις θερμίδες, τις πρωτεΐνες και το νερό σε λειτουργία μόνο για ανάγνωση. Δεν γράφεται τίποτα πίσω.",Περιεχόμενο μόνο για ανάγνωση από Apple Health,523,no,no,no,yes,1,no,no,no,54 alternates,54,improve-copy-keep-indexable
https://www.glpzy.app/el/compounded-glp-tracker-iphone.html,el/compounded-glp-tracker-iphone.html,el,commercial,200,https://www.glpzy.app/el/compounded-glp-tracker-iphone.html,index,yes,Σύνθετο — Γρήγορη καταγραφή χωρίς ακαταστασία | OneGLP,"Σύνθετο: Παρακολουθήστε αυτή τη ρουτίνα με ιστορικό δόσεων, βάρος, συμπτώματα, όρεξη, φωτογραφίες, υπενθυμίσεις και εξαγωγές σε μία ιδιωτική εφαρμογή.",Σύνθετο,492,no,no,no,yes,1,no,no,no,54 alternates,56,index
https://www.glpzy.app/el/custom-medication-tracker-iphone.html,el/custom-medication-tracker-iphone.html,el,commercial,200,https://www.glpzy.app/el/custom-medication-tracker-iphone.html,index,yes,Προσαρμοσμένο — Γρήγορη καταγραφή χωρίς ακαταστασία | OneGLP,"Προσαρμοσμένο: Παρακολουθήστε αυτή τη ρουτίνα με ιστορικό δόσεων, βάρος, συμπτώματα, όρεξη, φωτογραφίες, υπενθυμίσεις και εξαγωγές σε μία ιδιωτική εφαρμογή.",Προσαρμοσμένο,503,no,no,no,yes,1,no,no,no,54 alternates,58,index
https://www.glpzy.app/el/data-rights.html,el/data-rights.html,el,privacy,200,https://www.glpzy.app/el/data-rights.html,index,yes,Ιστορικό εξαγωγών | OneGLP,"Το OneGLP θα δημιουργήσει πρώτα ένα τοπικό αντίγραφο ασφαλείας και, στη συνέχεια, θα αντικαταστήσει τις τοπικές εγγραφές σε αυτήν τη συσκευή.",Ιστορικό εξαγωγών,421,no,no,no,yes,1,no,no,no,54 alternates,77,index
https://www.glpzy.app/el/foundayo-tracker-iphone.html,el/foundayo-tracker-iphone.html,el,commercial,200,https://www.glpzy.app/el/foundayo-tracker-iphone.html,index,yes,Foundayo — Γρήγορη καταγραφή χωρίς ακαταστασία | OneGLP,"Foundayo: Παρακολουθήστε αυτή τη ρουτίνα με ιστορικό δόσεων, βάρος, συμπτώματα, όρεξη, φωτογραφίες, υπενθυμίσεις και εξαγωγές σε μία ιδιωτική εφαρμογή.",Foundayo,482,no,no,no,yes,1,no,no,no,54 alternates,55,index
https://www.glpzy.app/el/glp1-weight-dose-symptom-tracker.html,el/glp1-weight-dose-symptom-tracker.html,el,commercial,200,https://www.glpzy.app/el/glp1-weight-dose-symptom-tracker.html,index,yes,"Η ρουτίνα GLP-1 σας, οργανωμένη χωρίς περιττή σύγχυση | OneGLP","Καταγράψτε δόσεις, βάρος, συμπτώματα, όρεξη, φωτογραφίες, υπενθυμίσεις και πλαίσιο Apple Health σε μία ιδιωτική εφαρμογή για προσωπική ανασκόπηση.","Η ρουτίνα GLP-1 σας, οργανωμένη χωρίς περιττή σύγχυση.",579,no,no,no,yes,1,no,no,no,54 alternates,54,index
https://www.glpzy.app/el/glpzy-is-now-oneglp/,el/glpzy-is-now-oneglp/index.html,el,home,200,https://www.glpzy.app/el/glpzy-is-now-oneglp/,index,yes,Το GLPzy ονομάζεται πλέον OneGLP,"Το GLPzy είναι πλέον OneGLP. Η εφαρμογή, ο δημιουργός, οι καταγραφές και οι αγορές Premium παραμένουν ίδια.",Το GLPzy ονομάζεται πλέον OneGLP,197,no,no,no,yes,1,yes,yes,no,54 alternates,77,index
https://www.glpzy.app/el/,el/index.html,el,home,200,https://www.glpzy.app/el/,index,yes,"Η ρουτίνα GLP-1 σας, οργανωμένη χωρίς περιττή σύγχυση | OneGLP","Καταγράψτε δόσεις, βάρος, συμπτώματα, όρεξη, φωτογραφίες, υπενθυμίσεις και πλαίσιο Apple Health σε μία ιδιωτική εφαρμογή για προσωπική ανασκόπηση.","Η ρουτίνα GLP-1 σας, οργανωμένη χωρίς περιττή σύγχυση.",805,no,no,no,yes,1,yes,no,no,54 alternates,135,index
https://www.glpzy.app/el/local-first-private-glp-tracker.html,el/local-first-private-glp-tracker.html,el,privacy,200,https://www.glpzy.app/el/local-first-private-glp-tracker.html,index,yes,Ιδιωτικό από προεπιλογή. Εξαγώγιμο όταν το επιλέξετε | OneGLP,"Δεν απαιτείται λογαριασμός για την παρακολούθηση δόσεων, βάρους, συμπτωμάτων, υπενθυμίσεων ή παραγγελιών.",Ιδιωτικό από προεπιλογή. Εξαγώγιμο όταν το επιλέξετε.,503,no,no,no,yes,1,no,no,no,54 alternates,54,index
https://www.glpzy.app/el/medical-safety.html,el/medical-safety.html,el,trust,200,https://www.glpzy.app/el/medical-safety.html,index,yes,Ιατρική ασφάλεια | OneGLP,"Το OneGLP σάς βοηθά να διατηρείτε ένα σαφέστερο αρχείο του τι συνέβη. Δεν διαγιγνώσκει, δεν συνταγογραφεί ή επιλέγει τη δόση σας.",Ιατρική ασφάλεια,772,no,no,no,yes,1,no,no,no,54 alternates,78,index
https://www.glpzy.app/el/methodology.html,el/methodology.html,el,trust,200,https://www.glpzy.app/el/methodology.html,index,yes,Μεθοδολογία | OneGLP,Η εκτιμώμενη τάση έκθεσης χρησιμοποιεί καταγεγραμμένο χρονισμό δόσης συν ένα απλοποιημένο μοντέλο απορρόφησης και αποβολής μόνο για προσωπική παρακολούθηση.,Μεθοδολογία,792,no,no,no,yes,1,no,no,no,54 alternates,77,index
https://www.glpzy.app/el/mounjaro-tracker-iphone.html,el/mounjaro-tracker-iphone.html,el,medicine,200,https://www.glpzy.app/el/mounjaro-tracker-iphone.html,index,yes,Mounjaro — Γρήγορη καταγραφή χωρίς ακαταστασία | OneGLP,"Mounjaro: Παρακολουθήστε αυτή τη ρουτίνα με ιστορικό δόσεων, βάρος, συμπτώματα, όρεξη, φωτογραφίες, υπενθυμίσεις και εξαγωγές σε μία ιδιωτική εφαρμογή.",Mounjaro,492,no,no,no,yes,1,no,no,no,54 alternates,57,improve-copy-keep-indexable
https://www.glpzy.app/el/overview.html,el/overview.html,el,other,200,https://www.glpzy.app/el/overview.html,index,yes,OneGLP — Πολιτική απορρήτου · Ιατρική ασφάλεια · Υποστήριξη,"Ελέγξτε το εύρος της υποστήριξης, τις επαφές απορρήτου και την καθοδήγηση μη έκτακτης ανάγκης.",OneGLP,446,no,no,no,yes,1,no,no,no,54 alternates,54,index
https://www.glpzy.app/el/ozempic-tracker-iphone.html,el/ozempic-tracker-iphone.html,el,commercial,200,https://www.glpzy.app/el/ozempic-tracker-iphone.html,index,yes,Ozempic — Γρήγορη καταγραφή χωρίς ακαταστασία | OneGLP,"Ozempic: Παρακολουθήστε αυτή τη ρουτίνα με ιστορικό δόσεων, βάρος, συμπτώματα, όρεξη, φωτογραφίες, υπενθυμίσεις και εξαγωγές σε μία ιδιωτική εφαρμογή.",Ozempic,488,no,no,no,yes,1,no,no,no,54 alternates,58,index
https://www.glpzy.app/el/privacy.html,el/privacy.html,el,privacy,200,https://www.glpzy.app/el/privacy.html,index,yes,Ιδιωτικό από προεπιλογή. Εξαγώγιμο όταν το επιλέξετε | OneGLP,"Δεν απαιτείται λογαριασμός για την παρακολούθηση δόσεων, βάρους, συμπτωμάτων, υπενθυμίσεων ή παραγγελιών.",Ιδιωτικό από προεπιλογή. Εξαγώγιμο όταν το επιλέξετε.,503,no,no,no,yes,1,no,no,no,54 alternates,116,index
https://www.glpzy.app/el/rybelsus-tracker-iphone.html,el/rybelsus-tracker-iphone.html,el,commercial,200,https://www.glpzy.app/el/rybelsus-tracker-iphone.html,index,yes,Rybelsus — Γρήγορη καταγραφή χωρίς ακαταστασία | OneGLP,"Rybelsus: Παρακολουθήστε αυτή τη ρουτίνα με ιστορικό δόσεων, βάρος, συμπτώματα, όρεξη, φωτογραφίες, υπενθυμίσεις και εξαγωγές σε μία ιδιωτική εφαρμογή.",Rybelsus,484,no,no,no,yes,1,no,no,no,54 alternates,58,index
https://www.glpzy.app/el/saxenda-tracker-iphone.html,el/saxenda-tracker-iphone.html,el,commercial,200,https://www.glpzy.app/el/saxenda-tracker-iphone.html,index,yes,Saxenda — Γρήγορη καταγραφή χωρίς ακαταστασία | OneGLP,"Saxenda: Παρακολουθήστε αυτή τη ρουτίνα με ιστορικό δόσεων, βάρος, συμπτώματα, όρεξη, φωτογραφίες, υπενθυμίσεις και εξαγωγές σε μία ιδιωτική εφαρμογή.",Saxenda,481,no,no,no,yes,1,no,no,no,54 alternates,56,index
https://www.glpzy.app/el/semaglutide-tracker-iphone.html,el/semaglutide-tracker-iphone.html,el,ingredient,200,https://www.glpzy.app/el/semaglutide-tracker-iphone.html,index,yes,Semaglutide — Γρήγορη καταγραφή χωρίς ακαταστασία | OneGLP,"Semaglutide: Παρακολουθήστε αυτή τη ρουτίνα με ιστορικό δόσεων, βάρος, συμπτώματα, όρεξη, φωτογραφίες, υπενθυμίσεις και εξαγωγές σε μία ιδιωτική εφαρμογή.",Semaglutide,494,no,no,no,yes,1,no,no,no,54 alternates,60,improve-copy-keep-indexable
https://www.glpzy.app/el/support.html,el/support.html,el,trust,200,https://www.glpzy.app/el/support.html,index,yes,Υποστήριξη | OneGLP,"Ελέγξτε το εύρος της υποστήριξης, τις επαφές απορρήτου και την καθοδήγηση μη έκτακτης ανάγκης.",Υποστήριξη,481,no,no,no,yes,1,no,no,no,54 alternates,103,index
https://www.glpzy.app/el/terms.html,el/terms.html,el,trust,200,https://www.glpzy.app/el/terms.html,index,yes,Όροι χρήσης | OneGLP,"Η τιμολόγηση, η περίοδος χρέωσης και τυχόν λεπτομέρειες της προσφοράς γνωριμίας εμφανίζονται από τον λογαριασμό App Store σας πριν από την αγορά. Διαχείριση ή ακύρωση στις ρυθμίσεις App Store.",Όροι χρήσης,512,no,no,no,yes,1,no,no,no,54 alternates,77,index
https://www.glpzy.app/el/tirzepatide-tracker-iphone.html,el/tirzepatide-tracker-iphone.html,el,ingredient,200,https://www.glpzy.app/el/tirzepatide-tracker-iphone.html,index,yes,Tirzepatide — Γρήγορη καταγραφή χωρίς ακαταστασία | OneGLP,"Tirzepatide: Παρακολουθήστε αυτή τη ρουτίνα με ιστορικό δόσεων, βάρος, συμπτώματα, όρεξη, φωτογραφίες, υπενθυμίσεις και εξαγωγές σε μία ιδιωτική εφαρμογή.",Tirzepatide,497,no,no,no,yes,1,no,no,no,54 alternates,59,improve-copy-keep-indexable
https://www.glpzy.app/el/trulicity-tracker-iphone.html,el/trulicity-tracker-iphone.html,el,commercial,200,https://www.glpzy.app/el/trulicity-tracker-iphone.html,index,yes,Trulicity — Γρήγορη καταγραφή χωρίς ακαταστασία | OneGLP,"Trulicity: Παρακολουθήστε αυτή τη ρουτίνα με ιστορικό δόσεων, βάρος, συμπτώματα, όρεξη, φωτογραφίες, υπενθυμίσεις και εξαγωγές σε μία ιδιωτική εφαρμογή.",Trulicity,481,no,no,no,yes,1,no,no,no,54 alternates,55,index
https://www.glpzy.app/el/victoza-tracker-iphone.html,el/victoza-tracker-iphone.html,el,commercial,200,https://www.glpzy.app/el/victoza-tracker-iphone.html,index,yes,Victoza — Γρήγορη καταγραφή χωρίς ακαταστασία | OneGLP,"Victoza: Παρακολουθήστε αυτή τη ρουτίνα με ιστορικό δόσεων, βάρος, συμπτώματα, όρεξη, φωτογραφίες, υπενθυμίσεις και εξαγωγές σε μία ιδιωτική εφαρμογή.",Victoza,481,no,no,no,yes,1,no,no,no,54 alternates,56,index
https://www.glpzy.app/el/wegovy-tracker-iphone.html,el/wegovy-tracker-iphone.html,el,medicine,200,https://www.glpzy.app/el/wegovy-tracker-iphone.html,index,yes,Wegovy — Γρήγορη καταγραφή χωρίς ακαταστασία | OneGLP,"Wegovy: Παρακολουθήστε αυτή τη ρουτίνα με ιστορικό δόσεων, βάρος, συμπτώματα, όρεξη, φωτογραφίες, υπενθυμίσεις και εξαγωγές σε μία ιδιωτική εφαρμογή.",Wegovy,494,no,no,no,yes,1,no,no,no,54 alternates,58,improve-copy-keep-indexable
https://www.glpzy.app/el/zepbound-tracker-iphone.html,el/zepbound-tracker-iphone.html,el,medicine,200,https://www.glpzy.app/el/zepbound-tracker-iphone.html,index,yes,Zepbound — Γρήγορη καταγραφή χωρίς ακαταστασία | OneGLP,"Zepbound: Παρακολουθήστε αυτή τη ρουτίνα με ιστορικό δόσεων, βάρος, συμπτώματα, όρεξη, φωτογραφίες, υπενθυμίσεις και εξαγωγές σε μία ιδιωτική εφαρμογή.",Zepbound,502,no,no,no,yes,1,no,no,no,54 alternates,57,improve-copy-keep-indexable
https://www.glpzy.app/en/apple-health-glp-tracker.html,en/apple-health-glp-tracker.html,en,feature,200,https://www.glpzy.app/apple-health-glp-tracker.html,index,no,Apple Health support for GLP-1 tracking | OneGLP,"Use OneGLP with Apple Health on iPhone and iPad for free read-only weight history, height, calories, protein, water, and broader recent context.",Optional Apple Health support for GLP-1 tracking,528,no,no,yes,yes,1,yes,yes,no,54 alternates,15,redirect
https://www.glpzy.app/en/compounded-glp-tracker-iphone.html,en/compounded-glp-tracker-iphone.html,en,commercial,200,https://www.glpzy.app/compounded-glp-tracker-iphone.html,index,no,Compounded GLP medication tracker for iPhone and iPad | OneGLP,"Track compounded semaglutide or tirzepatide routines on iPhone and iPad with flexible schedules, local-first records, and review tools in OneGLP.",Compounded GLP medication tracking without forcing a brand-only workflow,509,no,no,yes,yes,1,no,yes,no,54 alternates,1,redirect
https://www.glpzy.app/en/custom-medication-tracker-iphone.html,en/custom-medication-tracker-iphone.html,en,commercial,200,https://www.glpzy.app/custom-medication-tracker-iphone.html,index,no,Custom medication tracker for iPhone and iPad | OneGLP flexible schedule app,"Track custom medication names, routes, doses, and schedules on iPhone and iPad with local-first history, reminders, and review tools in OneGLP.",Custom medication tracking when you need more than a preset list,524,no,no,yes,yes,1,no,yes,no,54 alternates,4,redirect
https://www.glpzy.app/en/data-rights.html,en/data-rights.html,en,privacy,200,https://www.glpzy.app/data-rights.html,index,no,"OneGLP data rights, export and deletion choices","Read how OneGLP handles exports, deletion, Apple Health permissions, continuity backups, and user privacy choices on iPhone and iPad.",User Privacy Choices and Data Rights,816,no,no,no,no,0,no,no,no,54 alternates,35,redirect
https://www.glpzy.app/en/foundayo-tracker-iphone.html,en/foundayo-tracker-iphone.html,en,commercial,200,https://www.glpzy.app/foundayo-tracker-iphone.html,index,no,Foundayo tracker for iPhone and iPad | OneGLP,"Track Foundayo routines on iPhone and iPad with daily dose entry, reminders, notes, and local-first history in OneGLP.",Track Foundayo routines with a calmer daily workflow,558,no,no,yes,yes,1,no,yes,no,54 alternates,0,redirect
https://www.glpzy.app/en/glp1-weight-dose-symptom-tracker.html,en/glp1-weight-dose-symptom-tracker.html,en,commercial,200,https://www.glpzy.app/glp1-weight-dose-symptom-tracker.html,index,no,GLP-1 tracker for iPhone and iPad | OneGLP,"Track GLP-1 doses, weight, symptoms, photos, reminders, Apple Health context, and local-first review on iPhone and iPad with OneGLP.","A GLP-1 tracker built for the full routine, not just one log type",534,no,no,yes,yes,1,yes,yes,no,54 alternates,8,redirect
https://www.glpzy.app/en/,en/index.html,en,home,200,https://www.glpzy.app/,index,no,Private GLP-1 tracker for iPhone and iPad | OneGLP,"Track GLP-1 doses, weight, symptoms, reminders, photos, and Apple Health context on iPhone and iPad with OneGLP. Private, local-first, with free core tracking.",Private GLP-1 tracking that stays clear,2051,no,no,yes,yes,9,yes,yes,no,54 alternates,63,redirect
https://www.glpzy.app/en/local-first-private-glp-tracker.html,en/local-first-private-glp-tracker.html,en,privacy,200,https://www.glpzy.app/local-first-private-glp-tracker.html,index,no,Private local-first GLP-1 tracker | OneGLP,"Use OneGLP as a private local-first GLP-1 tracker on iPhone and iPad with no mandatory in-app account, on-device records, exports, and backup options.","A private, local-first GLP-1 tracker",528,no,no,yes,yes,1,yes,yes,no,54 alternates,13,redirect
https://www.glpzy.app/en/medical-safety.html,en/medical-safety.html,en,trust,200,https://www.glpzy.app/medical-safety.html,index,no,OneGLP medical safety and tracking boundaries,"Read how OneGLP frames personal tracking, BMI, the Estimated Exposure Trend, and the boundary between review tools and medical decision-making.",Medical Disclaimer and Safety,974,no,no,yes,no,0,yes,no,no,54 alternates,37,redirect
https://www.glpzy.app/en/methodology.html,en/methodology.html,en,trust,200,https://www.glpzy.app/methodology.html,index,no,"OneGLP methodology, BMI references, and chart estimates","Read the OneGLP methodology for BMI, Estimated Exposure Trend, reminders, chart logic, and the assumptions behind personal tracking views.",Methodology and Limitations,1330,no,no,yes,no,0,no,no,no,54 alternates,49,redirect
https://www.glpzy.app/en/mounjaro-tracker-iphone.html,en/mounjaro-tracker-iphone.html,en,medicine,200,https://www.glpzy.app/mounjaro-tracker-iphone.html,index,no,Mounjaro tracker for iPhone and iPad | OneGLP,"Track Mounjaro on iPhone and iPad with dose logs, reminders, weight review, photos, and local-first history in OneGLP.","Track Mounjaro with reminders, review history, and progress photos",541,no,no,yes,yes,1,yes,yes,no,54 alternates,2,redirect
https://www.glpzy.app/en/overview.html,en/overview.html,en,other,200,https://www.glpzy.app/overview.html,index,no,"OneGLP trust, privacy, safety, and medical references","Read OneGLP trust, privacy, support, medical safety, methodology, legal, and medical-reference pages before downloading the app.","Trust, privacy, and support",435,no,no,yes,yes,0,no,no,no,54 alternates,45,redirect
https://www.glpzy.app/en/ozempic-tracker-iphone.html,en/ozempic-tracker-iphone.html,en,commercial,200,https://www.glpzy.app/ozempic-tracker-iphone.html,index,no,Ozempic pen tracker for iPhone and iPad | OneGLP dose and review app,"Track Ozempic pen injections on iPhone and iPad with dose history, Apple Health context, reminders, and local-first review in OneGLP.",Ozempic pen tracking that stays easy to review later,642,no,no,yes,yes,2,no,yes,no,54 alternates,0,redirect
https://www.glpzy.app/en/privacy.html,en/privacy.html,en,privacy,200,https://www.glpzy.app/privacy.html,index,no,OneGLP privacy policy for the iPhone and iPad app,"Read the OneGLP privacy policy covering local-first records, Apple Health permissions, nutrition context, support handling, exports, and continuity backups.",Privacy Policy,1584,no,no,no,no,0,no,no,no,54 alternates,53,redirect
https://www.glpzy.app/en/rybelsus-tracker-iphone.html,en/rybelsus-tracker-iphone.html,en,commercial,200,https://www.glpzy.app/rybelsus-tracker-iphone.html,index,no,Rybelsus tablet tracker for iPhone and iPad | OneGLP daily routine log,"Track Rybelsus oral tablet routines on iPhone and iPad with daily reminders, notes, Apple Health context, and local-first history in OneGLP.",Rybelsus tracking for daily tablet routines,611,no,no,yes,yes,1,no,yes,no,54 alternates,0,redirect
https://www.glpzy.app/en/saxenda-tracker-iphone.html,en/saxenda-tracker-iphone.html,en,commercial,200,https://www.glpzy.app/saxenda-tracker-iphone.html,index,no,Saxenda pen tracker for iPhone and iPad | OneGLP daily progress app,"Track Saxenda pen injections on iPhone and iPad with daily reminders, photo milestones, symptom notes, and Apple Health context in OneGLP.",Saxenda tracking with daily review and photo milestones,543,no,no,yes,yes,1,no,yes,no,54 alternates,1,redirect
https://www.glpzy.app/en/semaglutide-tracker-iphone.html,en/semaglutide-tracker-iphone.html,en,ingredient,200,https://www.glpzy.app/semaglutide-tracker-iphone.html,index,no,Semaglutide tracker for iPhone and iPad | OneGLP,"Track semaglutide routines on iPhone and iPad with dose logs, weight review, reminders, Apple Health context, and local-first history in OneGLP.","Semaglutide tracking with one place for tablets, pens, and review history",534,no,no,yes,yes,1,yes,yes,no,54 alternates,5,redirect
https://www.glpzy.app/en/support.html,en/support.html,en,trust,200,https://www.glpzy.app/support.html,index,no,OneGLP support and contact information,"Find OneGLP support, privacy, Apple Health, accessibility, subscription, and continuity help contacts, plus guidance on what support can and cannot do.",Support,987,no,no,no,no,0,no,no,no,54 alternates,51,redirect
https://www.glpzy.app/en/terms.html,en/terms.html,en,trust,200,https://www.glpzy.app/terms.html,index,no,OneGLP legal and trader information,"Read OneGLP legal and trader information, including the Apple standard EULA used for the iOS app and subscription, plus support contact details.",Legal and Trader Information,540,no,no,yes,yes,0,no,no,no,54 alternates,17,redirect
https://www.glpzy.app/en/tirzepatide-tracker-iphone.html,en/tirzepatide-tracker-iphone.html,en,ingredient,200,https://www.glpzy.app/tirzepatide-tracker-iphone.html,index,no,Tirzepatide tracker for iPhone and iPad | OneGLP,"Track tirzepatide routines on iPhone and iPad with reminders, review history, progress photos, and local-first history in OneGLP.","Track tirzepatide with one place for reminders, history, and review",514,no,no,yes,yes,1,yes,yes,no,54 alternates,4,redirect
https://www.glpzy.app/en/trulicity-tracker-iphone.html,en/trulicity-tracker-iphone.html,en,commercial,200,https://www.glpzy.app/trulicity-tracker-iphone.html,index,no,Trulicity pen tracker for iPhone and iPad | OneGLP weekly routine app,"Track Trulicity pen routines on iPhone and iPad with weekly reminders, dose history, Apple Health context, and local-first review in OneGLP.",Trulicity tracking for weekly routines and later review,547,no,no,yes,yes,1,no,yes,no,54 alternates,0,redirect
https://www.glpzy.app/en/victoza-tracker-iphone.html,en/victoza-tracker-iphone.html,en,commercial,200,https://www.glpzy.app/victoza-tracker-iphone.html,index,no,Victoza pen tracker for iPhone and iPad | OneGLP daily injection review,"Track Victoza pen injections on iPhone and iPad with daily reminders, symptom notes, Apple Health context, and local-first review in OneGLP.",Victoza tracking built around daily injection routines,557,no,no,yes,yes,1,no,yes,no,54 alternates,1,redirect
https://www.glpzy.app/en/wegovy-tracker-iphone.html,en/wegovy-tracker-iphone.html,en,medicine,200,https://www.glpzy.app/wegovy-tracker-iphone.html,index,no,Wegovy tracker for iPhone and iPad | OneGLP,"Track Wegovy on iPhone and iPad with dose logs, weight review, reminders, progress photos, and Apple Health context in OneGLP.","Track Wegovy with progress photos, reminders, and review history",553,no,no,yes,yes,1,yes,yes,no,54 alternates,4,redirect
https://www.glpzy.app/en/zepbound-tracker-iphone.html,en/zepbound-tracker-iphone.html,en,medicine,200,https://www.glpzy.app/zepbound-tracker-iphone.html,index,no,Zepbound tracker for iPhone and iPad | OneGLP,"Track Zepbound on iPhone and iPad with dose logs, reminders, weight review, progress photos, and Apple Health context in OneGLP.","Track Zepbound with weekly logging, photos, and review history",541,no,no,yes,yes,1,yes,yes,no,54 alternates,2,redirect
https://www.glpzy.app/en-gb/apple-health-glp-tracker.html,en-gb/apple-health-glp-tracker.html,en-gb,feature,200,https://www.glpzy.app/en-gb/apple-health-glp-tracker.html,index,yes,Apple Health support for GLP-1 tracking | OneGLP,"Use OneGLP with Apple Health on iPhone and iPad for free read-only weight history, height, calories, protein, water, and broader recent context.",Optional Apple Health support for GLP-1 tracking,528,no,no,yes,yes,1,yes,yes,no,54 alternates,69,improve-copy-keep-indexable
https://www.glpzy.app/en-gb/compounded-glp-tracker-iphone.html,en-gb/compounded-glp-tracker-iphone.html,en-gb,commercial,200,https://www.glpzy.app/en-gb/compounded-glp-tracker-iphone.html,index,yes,Compounded GLP medication tracker for iPhone and iPad | OneGLP,"Track compounded semaglutide or tirzepatide routines on iPhone and iPad with flexible schedules, local-first records, and review tools in OneGLP.",Compounded GLP medication tracking without forcing a brand-only workflow,509,no,no,yes,yes,1,no,yes,no,54 alternates,55,index
https://www.glpzy.app/en-gb/custom-medication-tracker-iphone.html,en-gb/custom-medication-tracker-iphone.html,en-gb,commercial,200,https://www.glpzy.app/en-gb/custom-medication-tracker-iphone.html,index,yes,Custom medication tracker for iPhone and iPad | OneGLP flexible schedule app,"Track custom medication names, routes, doses, and schedules on iPhone and iPad with local-first history, reminders, and review tools in OneGLP.",Custom medication tracking when you need more than a preset list,524,no,no,yes,yes,1,no,yes,no,54 alternates,58,index
https://www.glpzy.app/en-gb/data-rights.html,en-gb/data-rights.html,en-gb,privacy,200,https://www.glpzy.app/en-gb/data-rights.html,index,yes,"OneGLP data rights, export and deletion choices","Read how OneGLP handles exports, deletion, Apple Health permissions, continuity backups, and user privacy choices on iPhone and iPad.",User Privacy Choices and Data Rights,816,no,no,no,no,0,no,no,no,54 alternates,89,index
https://www.glpzy.app/en-gb/foundayo-tracker-iphone.html,en-gb/foundayo-tracker-iphone.html,en-gb,commercial,200,https://www.glpzy.app/en-gb/foundayo-tracker-iphone.html,index,yes,Foundayo tracker for iPhone and iPad | OneGLP,"Track Foundayo routines on iPhone and iPad with daily dose entry, reminders, notes, and local-first history in OneGLP.",Track Foundayo routines with a calmer daily workflow,558,no,no,yes,yes,1,no,yes,no,54 alternates,54,index
https://www.glpzy.app/en-gb/glp1-weight-dose-symptom-tracker.html,en-gb/glp1-weight-dose-symptom-tracker.html,en-gb,commercial,200,https://www.glpzy.app/en-gb/glp1-weight-dose-symptom-tracker.html,index,yes,GLP-1 tracker for iPhone and iPad | OneGLP,"Track GLP-1 doses, weight, symptoms, photos, reminders, Apple Health context, and local-first review on iPhone and iPad with OneGLP.","A GLP-1 tracker built for the full routine, not just one log type",534,no,no,yes,yes,1,yes,yes,no,54 alternates,62,index
https://www.glpzy.app/en-gb/glpzy-is-now-oneglp/,en-gb/glpzy-is-now-oneglp/index.html,en-gb,home,200,https://www.glpzy.app/en-gb/glpzy-is-now-oneglp/,index,yes,GLPzy is now OneGLP,"GLPzy is now OneGLP. Same app and developer, with your existing records and Premium purchases retained.",GLPzy is now OneGLP,198,no,no,no,yes,1,yes,yes,no,54 alternates,77,index
https://www.glpzy.app/en-gb/,en-gb/index.html,en-gb,home,200,https://www.glpzy.app/en-gb/,index,yes,Private GLP-1 tracker for iPhone and iPad | OneGLP,"Track GLP-1 doses, weight, symptoms, reminders, photos, and Apple Health context on iPhone and iPad with OneGLP. Private, local-first, with free core tracking.",Private GLP-1 tracking that stays clear,2051,no,no,yes,yes,9,yes,yes,no,54 alternates,120,index
https://www.glpzy.app/en-gb/local-first-private-glp-tracker.html,en-gb/local-first-private-glp-tracker.html,en-gb,privacy,200,https://www.glpzy.app/en-gb/local-first-private-glp-tracker.html,index,yes,Private local-first GLP-1 tracker | OneGLP,"Use OneGLP as a private local-first GLP-1 tracker on iPhone and iPad with no mandatory in-app account, on-device records, exports, and backup options.","A private, local-first GLP-1 tracker",528,no,no,yes,yes,1,yes,yes,no,54 alternates,67,index
https://www.glpzy.app/en-gb/medical-safety.html,en-gb/medical-safety.html,en-gb,trust,200,https://www.glpzy.app/en-gb/medical-safety.html,index,yes,OneGLP medical safety and tracking boundaries,"Read how OneGLP frames personal tracking, BMI, the Estimated Exposure Trend, and the boundary between review tools and medical decision-making.",Medical Disclaimer and Safety,974,no,no,yes,no,0,yes,no,no,54 alternates,91,index
https://www.glpzy.app/en-gb/methodology.html,en-gb/methodology.html,en-gb,trust,200,https://www.glpzy.app/en-gb/methodology.html,index,yes,"OneGLP methodology, BMI references, and chart estimates","Read the OneGLP methodology for BMI, Estimated Exposure Trend, reminders, chart logic, and the assumptions behind personal tracking views.",Methodology and Limitations,1330,no,no,yes,no,0,no,no,no,54 alternates,103,index
https://www.glpzy.app/en-gb/mounjaro-tracker-iphone.html,en-gb/mounjaro-tracker-iphone.html,en-gb,medicine,200,https://www.glpzy.app/en-gb/mounjaro-tracker-iphone.html,index,yes,Mounjaro tracker for iPhone and iPad | OneGLP,"Track Mounjaro on iPhone and iPad with dose logs, reminders, weight review, photos, and local-first history in OneGLP.","Track Mounjaro with reminders, review history, and progress photos",541,no,no,yes,yes,1,yes,yes,no,54 alternates,56,improve-copy-keep-indexable
https://www.glpzy.app/en-gb/overview.html,en-gb/overview.html,en-gb,other,200,https://www.glpzy.app/en-gb/overview.html,index,yes,"OneGLP trust, privacy, safety, and medical references","Read OneGLP trust, privacy, support, medical safety, methodology, legal, and medical-reference pages before downloading the app.","Trust, privacy, and support",435,no,no,yes,yes,0,no,no,no,54 alternates,99,index
https://www.glpzy.app/en-gb/ozempic-tracker-iphone.html,en-gb/ozempic-tracker-iphone.html,en-gb,commercial,200,https://www.glpzy.app/en-gb/ozempic-tracker-iphone.html,index,yes,Ozempic pen tracker for iPhone and iPad | OneGLP dose and review app,"Track Ozempic pen injections on iPhone and iPad with dose history, Apple Health context, reminders, and local-first review in OneGLP.",Ozempic pen tracking that stays easy to review later,642,no,no,yes,yes,2,no,yes,no,54 alternates,54,index
https://www.glpzy.app/en-gb/privacy.html,en-gb/privacy.html,en-gb,privacy,200,https://www.glpzy.app/en-gb/privacy.html,index,yes,OneGLP privacy policy for the iPhone and iPad app,"Read the OneGLP privacy policy covering local-first records, Apple Health permissions, nutrition context, support handling, exports, and continuity backups.",Privacy Policy,1584,no,no,no,no,0,no,no,no,54 alternates,108,index
https://www.glpzy.app/en-gb/rybelsus-tracker-iphone.html,en-gb/rybelsus-tracker-iphone.html,en-gb,commercial,200,https://www.glpzy.app/en-gb/rybelsus-tracker-iphone.html,index,yes,Rybelsus tablet tracker for iPhone and iPad | OneGLP daily routine log,"Track Rybelsus oral tablet routines on iPhone and iPad with daily reminders, notes, Apple Health context, and local-first history in OneGLP.",Rybelsus tracking for daily tablet routines,611,no,no,yes,yes,1,no,yes,no,54 alternates,54,index
https://www.glpzy.app/en-gb/saxenda-tracker-iphone.html,en-gb/saxenda-tracker-iphone.html,en-gb,commercial,200,https://www.glpzy.app/en-gb/saxenda-tracker-iphone.html,index,yes,Saxenda pen tracker for iPhone and iPad | OneGLP daily progress app,"Track Saxenda pen injections on iPhone and iPad with daily reminders, photo milestones, symptom notes, and Apple Health context in OneGLP.",Saxenda tracking with daily review and photo milestones,543,no,no,yes,yes,1,no,yes,no,54 alternates,55,index
https://www.glpzy.app/en-gb/semaglutide-tracker-iphone.html,en-gb/semaglutide-tracker-iphone.html,en-gb,ingredient,200,https://www.glpzy.app/en-gb/semaglutide-tracker-iphone.html,index,yes,Semaglutide tracker for iPhone and iPad | OneGLP,"Track semaglutide routines on iPhone and iPad with dose logs, weight review, reminders, Apple Health context, and local-first history in OneGLP.","Semaglutide tracking with one place for tablets, pens, and review history",534,no,no,yes,yes,1,yes,yes,no,54 alternates,59,improve-copy-keep-indexable
https://www.glpzy.app/en-gb/support.html,en-gb/support.html,en-gb,trust,200,https://www.glpzy.app/en-gb/support.html,index,yes,OneGLP support and contact information,"Find OneGLP support, privacy, Apple Health, accessibility, subscription, and continuity help contacts, plus guidance on what support can and cannot do.",Support,987,no,no,no,no,0,no,no,no,54 alternates,106,index
https://www.glpzy.app/en-gb/terms.html,en-gb/terms.html,en-gb,trust,200,https://www.glpzy.app/en-gb/terms.html,index,yes,OneGLP legal and trader information,"Read OneGLP legal and trader information, including the Apple standard EULA used for the iOS app and subscription, plus support contact details.",Legal and Trader Information,540,no,no,yes,yes,0,no,no,no,54 alternates,71,index
https://www.glpzy.app/en-gb/tirzepatide-tracker-iphone.html,en-gb/tirzepatide-tracker-iphone.html,en-gb,ingredient,200,https://www.glpzy.app/en-gb/tirzepatide-tracker-iphone.html,index,yes,Tirzepatide tracker for iPhone and iPad | OneGLP,"Track tirzepatide routines on iPhone and iPad with reminders, review history, progress photos, and local-first history in OneGLP.","Track tirzepatide with one place for reminders, history, and review",514,no,no,yes,yes,1,yes,yes,no,54 alternates,58,improve-copy-keep-indexable
https://www.glpzy.app/en-gb/trulicity-tracker-iphone.html,en-gb/trulicity-tracker-iphone.html,en-gb,commercial,200,https://www.glpzy.app/en-gb/trulicity-tracker-iphone.html,index,yes,Trulicity pen tracker for iPhone and iPad | OneGLP weekly routine app,"Track Trulicity pen routines on iPhone and iPad with weekly reminders, dose history, Apple Health context, and local-first review in OneGLP.",Trulicity tracking for weekly routines and later review,547,no,no,yes,yes,1,no,yes,no,54 alternates,54,index
https://www.glpzy.app/en-gb/victoza-tracker-iphone.html,en-gb/victoza-tracker-iphone.html,en-gb,commercial,200,https://www.glpzy.app/en-gb/victoza-tracker-iphone.html,index,yes,Victoza pen tracker for iPhone and iPad | OneGLP daily injection review,"Track Victoza pen injections on iPhone and iPad with daily reminders, symptom notes, Apple Health context, and local-first review in OneGLP.",Victoza tracking built around daily injection routines,557,no,no,yes,yes,1,no,yes,no,54 alternates,55,index
https://www.glpzy.app/en-gb/wegovy-tracker-iphone.html,en-gb/wegovy-tracker-iphone.html,en-gb,medicine,200,https://www.glpzy.app/en-gb/wegovy-tracker-iphone.html,index,yes,Wegovy tracker for iPhone and iPad | OneGLP,"Track Wegovy on iPhone and iPad with dose logs, weight review, reminders, progress photos, and Apple Health context in OneGLP.","Track Wegovy with progress photos, reminders, and review history",553,no,no,yes,yes,1,yes,yes,no,54 alternates,58,improve-copy-keep-indexable
https://www.glpzy.app/en-gb/zepbound-tracker-iphone.html,en-gb/zepbound-tracker-iphone.html,en-gb,medicine,200,https://www.glpzy.app/en-gb/zepbound-tracker-iphone.html,index,yes,Zepbound tracker for iPhone and iPad | OneGLP,"Track Zepbound on iPhone and iPad with dose logs, reminders, weight review, progress photos, and Apple Health context in OneGLP.","Track Zepbound with weekly logging, photos, and review history",541,no,no,yes,yes,1,yes,yes,no,54 alternates,56,improve-copy-keep-indexable
https://www.glpzy.app/es-es/apple-health-glp-tracker.html,es-es/apple-health-glp-tracker.html,es-es,feature,200,https://www.glpzy.app/es-es/apple-health-glp-tracker.html,index,yes,Contexto de solo lectura de Apple Health | OneGLP,"El acceso a Apple Health es opcional y está limitado a los permisos que usted otorgue. OneGLP importa el historial de peso corporal y la altura, luego lee resúmenes de composición corporal, sueño, movimiento, entrenamiento, calorías, proteínas y agua en modo de solo lectura. No se escribe nada.",Contexto de solo lectura de Apple Health,594,no,no,no,yes,1,no,no,no,54 alternates,54,improve-copy-keep-indexable
https://www.glpzy.app/es-es/compounded-glp-tracker-iphone.html,es-es/compounded-glp-tracker-iphone.html,es-es,commercial,200,https://www.glpzy.app/es-es/compounded-glp-tracker-iphone.html,index,yes,Compounded​ — Registro rápido y sin desorden | OneGLP,"Compounded​: Sigue esta rutina con historial de dosis, peso, síntomas, apetito, fotos, recordatorios y exportaciones en una app privada.",Compounded​,526,no,no,no,yes,1,no,no,no,54 alternates,56,index
https://www.glpzy.app/es-es/custom-medication-tracker-iphone.html,es-es/custom-medication-tracker-iphone.html,es-es,commercial,200,https://www.glpzy.app/es-es/custom-medication-tracker-iphone.html,index,yes,Personalizado — Registro rápido y sin desorden | OneGLP,"Personalizado: Sigue esta rutina con historial de dosis, peso, síntomas, apetito, fotos, recordatorios y exportaciones en una app privada.",Personalizado,534,no,no,no,yes,1,no,no,no,54 alternates,58,index
https://www.glpzy.app/es-es/data-rights.html,es-es/data-rights.html,es-es,privacy,200,https://www.glpzy.app/es-es/data-rights.html,index,yes,Historial de exportación | OneGLP,OneGLP primero creará una copia de seguridad local y luego reemplazará los registros locales en este dispositivo.,Historial de exportación,454,no,no,no,yes,1,no,no,no,54 alternates,77,index
https://www.glpzy.app/es-es/foundayo-tracker-iphone.html,es-es/foundayo-tracker-iphone.html,es-es,commercial,200,https://www.glpzy.app/es-es/foundayo-tracker-iphone.html,index,yes,Foundayo — Registro rápido y sin desorden | OneGLP,"Foundayo: Sigue esta rutina con historial de dosis, peso, síntomas, apetito, fotos, recordatorios y exportaciones en una app privada.",Foundayo,513,no,no,no,yes,1,no,no,no,54 alternates,55,index
https://www.glpzy.app/es-es/glp1-weight-dose-symptom-tracker.html,es-es/glp1-weight-dose-symptom-tracker.html,es-es,commercial,200,https://www.glpzy.app/es-es/glp1-weight-dose-symptom-tracker.html,index,yes,"Tu rutina GLP-1, organizada sin ruido | OneGLP","Registra dosis, peso, síntomas, apetito, fotos, recordatorios y contexto de Apple Health en una app privada para revisión personal.","Tu rutina GLP-1, organizada sin ruido.",626,no,no,no,yes,1,no,no,no,54 alternates,54,index
https://www.glpzy.app/es-es/glpzy-is-now-oneglp/,es-es/glpzy-is-now-oneglp/index.html,es-es,home,200,https://www.glpzy.app/es-es/glpzy-is-now-oneglp/,index,yes,GLPzy ahora se llama OneGLP,GLPzy ahora se llama OneGLP. La app y el desarrollador siguen siendo los mismos. Conservas tus registros y compras de Premium. Conoce el cambio de nombre.,GLPzy ahora se llama OneGLP,252,no,no,no,yes,1,yes,yes,no,54 alternates,77,index
https://www.glpzy.app/es-es/,es-es/index.html,es-es,home,200,https://www.glpzy.app/es-es/,index,yes,"Tu rutina GLP-1, organizada sin ruido | OneGLP","Registra dosis, peso, síntomas, apetito, fotos, recordatorios y contexto de Apple Health en una app privada para revisión personal.","Tu rutina GLP-1, organizada sin ruido.",964,no,no,no,yes,1,yes,no,no,54 alternates,135,index
https://www.glpzy.app/es-es/local-first-private-glp-tracker.html,es-es/local-first-private-glp-tracker.html,es-es,privacy,200,https://www.glpzy.app/es-es/local-first-private-glp-tracker.html,index,yes,Privada por defecto. Exportable cuando tú decidas | OneGLP,"No se requiere una cuenta para realizar un seguimiento de las dosis, el peso, los síntomas, los recordatorios ni los lembretes.",Privada por defecto. Exportable cuando tú decidas.,531,no,no,no,yes,1,no,no,no,54 alternates,54,index
https://www.glpzy.app/es-es/medical-safety.html,es-es/medical-safety.html,es-es,trust,200,https://www.glpzy.app/es-es/medical-safety.html,index,yes,Seguridad médica | OneGLP,"OneGLP te ayuda a mantener un registro más claro de lo sucedido. No diagnostica, prescribe ni elige la dosis.",Seguridad médica,831,no,no,no,yes,1,no,no,no,54 alternates,78,index
https://www.glpzy.app/es-es/methodology.html,es-es/methodology.html,es-es,trust,200,https://www.glpzy.app/es-es/methodology.html,index,yes,Metodología | OneGLP,La tendencia de exposición estimada usa la hora registrada de las dosis junto con un modelo simplificado de absorción y eliminación solo para seguimiento personal.,Metodología,865,no,no,no,yes,1,no,no,no,54 alternates,77,index
https://www.glpzy.app/es-es/mounjaro-tracker-iphone.html,es-es/mounjaro-tracker-iphone.html,es-es,medicine,200,https://www.glpzy.app/es-es/mounjaro-tracker-iphone.html,index,yes,Mounjaro — Registro rápido y sin desorden | OneGLP,"Mounjaro: Sigue esta rutina con historial de dosis, peso, síntomas, apetito, fotos, recordatorios y exportaciones en una app privada.",Mounjaro,521,no,no,no,yes,1,no,no,no,54 alternates,57,improve-copy-keep-indexable
https://www.glpzy.app/es-es/overview.html,es-es/overview.html,es-es,other,200,https://www.glpzy.app/es-es/overview.html,index,yes,OneGLP — Política de privacidad · Seguridad médica · Apoyo,"Revise el alcance del soporte, los contactos de privacidad y la orientación que no es de emergencia.",OneGLP,470,no,no,no,yes,1,no,no,no,54 alternates,54,index
https://www.glpzy.app/es-es/ozempic-tracker-iphone.html,es-es/ozempic-tracker-iphone.html,es-es,commercial,200,https://www.glpzy.app/es-es/ozempic-tracker-iphone.html,index,yes,Ozempic — Registro rápido y sin desorden | OneGLP,"Ozempic: Sigue esta rutina con historial de dosis, peso, síntomas, apetito, fotos, recordatorios y exportaciones en una app privada.",Ozempic,518,no,no,no,yes,1,no,no,no,54 alternates,58,index
https://www.glpzy.app/es-es/privacy.html,es-es/privacy.html,es-es,privacy,200,https://www.glpzy.app/es-es/privacy.html,index,yes,Privada por defecto. Exportable cuando tú decidas | OneGLP,"No se requiere una cuenta para realizar un seguimiento de las dosis, el peso, los síntomas, los recordatorios ni los lembretes.",Privada por defecto. Exportable cuando tú decidas.,531,no,no,no,yes,1,no,no,no,54 alternates,116,index
https://www.glpzy.app/es-es/rybelsus-tracker-iphone.html,es-es/rybelsus-tracker-iphone.html,es-es,commercial,200,https://www.glpzy.app/es-es/rybelsus-tracker-iphone.html,index,yes,Rybelsus — Registro rápido y sin desorden | OneGLP,"Rybelsus: Sigue esta rutina con historial de dosis, peso, síntomas, apetito, fotos, recordatorios y exportaciones en una app privada.",Rybelsus,515,no,no,no,yes,1,no,no,no,54 alternates,58,index
https://www.glpzy.app/es-es/saxenda-tracker-iphone.html,es-es/saxenda-tracker-iphone.html,es-es,commercial,200,https://www.glpzy.app/es-es/saxenda-tracker-iphone.html,index,yes,Saxenda — Registro rápido y sin desorden | OneGLP,"Saxenda: Sigue esta rutina con historial de dosis, peso, síntomas, apetito, fotos, recordatorios y exportaciones en una app privada.",Saxenda,513,no,no,no,yes,1,no,no,no,54 alternates,56,index
https://www.glpzy.app/es-es/semaglutide-tracker-iphone.html,es-es/semaglutide-tracker-iphone.html,es-es,ingredient,200,https://www.glpzy.app/es-es/semaglutide-tracker-iphone.html,index,yes,Semaglutide — Registro rápido y sin desorden | OneGLP,"Semaglutide: Sigue esta rutina con historial de dosis, peso, síntomas, apetito, fotos, recordatorios y exportaciones en una app privada.",Semaglutide,523,no,no,no,yes,1,no,no,no,54 alternates,60,improve-copy-keep-indexable
https://www.glpzy.app/es-es/support.html,es-es/support.html,es-es,trust,200,https://www.glpzy.app/es-es/support.html,index,yes,Apoyo | OneGLP,"Revise el alcance del soporte, los contactos de privacidad y la orientación que no es de emergencia.",Apoyo,493,no,no,no,yes,1,no,no,no,54 alternates,103,index
https://www.glpzy.app/es-es/terms.html,es-es/terms.html,es-es,trust,200,https://www.glpzy.app/es-es/terms.html,index,yes,Condiciones de uso | OneGLP,"El precio, el período de facturación y los detalles de la oferta introductoria se muestran en su cuenta App Store antes de la compra. Administrar o cancelar en la configuración App Store.",Condiciones de uso,527,no,no,no,yes,1,no,no,no,54 alternates,77,index
https://www.glpzy.app/es-es/tirzepatide-tracker-iphone.html,es-es/tirzepatide-tracker-iphone.html,es-es,ingredient,200,https://www.glpzy.app/es-es/tirzepatide-tracker-iphone.html,index,yes,Tirzepatide — Registro rápido y sin desorden | OneGLP,"Tirzepatide: Sigue esta rutina con historial de dosis, peso, síntomas, apetito, fotos, recordatorios y exportaciones en una app privada.",Tirzepatide,525,no,no,no,yes,1,no,no,no,54 alternates,59,improve-copy-keep-indexable
https://www.glpzy.app/es-es/trulicity-tracker-iphone.html,es-es/trulicity-tracker-iphone.html,es-es,commercial,200,https://www.glpzy.app/es-es/trulicity-tracker-iphone.html,index,yes,Trulicity — Registro rápido y sin desorden | OneGLP,"Trulicity: Sigue esta rutina con historial de dosis, peso, síntomas, apetito, fotos, recordatorios y exportaciones en una app privada.",Trulicity,512,no,no,no,yes,1,no,no,no,54 alternates,55,index
https://www.glpzy.app/es-es/victoza-tracker-iphone.html,es-es/victoza-tracker-iphone.html,es-es,commercial,200,https://www.glpzy.app/es-es/victoza-tracker-iphone.html,index,yes,Victoza — Registro rápido y sin desorden | OneGLP,"Victoza: Sigue esta rutina con historial de dosis, peso, síntomas, apetito, fotos, recordatorios y exportaciones en una app privada.",Victoza,513,no,no,no,yes,1,no,no,no,54 alternates,56,index
https://www.glpzy.app/es-es/wegovy-tracker-iphone.html,es-es/wegovy-tracker-iphone.html,es-es,medicine,200,https://www.glpzy.app/es-es/wegovy-tracker-iphone.html,index,yes,Wegovy — Registro rápido y sin desorden | OneGLP,"Wegovy: Sigue esta rutina con historial de dosis, peso, síntomas, apetito, fotos, recordatorios y exportaciones en una app privada.",Wegovy,523,no,no,no,yes,1,no,no,no,54 alternates,58,improve-copy-keep-indexable
https://www.glpzy.app/es-es/zepbound-tracker-iphone.html,es-es/zepbound-tracker-iphone.html,es-es,medicine,200,https://www.glpzy.app/es-es/zepbound-tracker-iphone.html,index,yes,Zepbound — Registro rápido y sin desorden | OneGLP,"Zepbound: Sigue esta rutina con historial de dosis, peso, síntomas, apetito, fotos, recordatorios y exportaciones en una app privada.",Zepbound,534,no,no,no,yes,1,no,no,no,54 alternates,57,improve-copy-keep-indexable
https://www.glpzy.app/es-mx/apple-health-glp-tracker.html,es-mx/apple-health-glp-tracker.html,es-mx,feature,200,https://www.glpzy.app/es-mx/apple-health-glp-tracker.html,index,yes,Contexto de solo lectura de Apple Health | OneGLP,"El acceso a Apple Health es opcional y está limitado a los permisos que usted otorgue. OneGLP importa el historial de peso corporal y la altura, luego lee resúmenes de composición corporal, sueño, movimiento, entrenamiento, calorías, proteínas y agua en modo de solo lectura. No se escribe nada.",Contexto de solo lectura de Apple Health,527,no,no,no,yes,1,no,no,no,54 alternates,54,improve-copy-keep-indexable
https://www.glpzy.app/es-mx/compounded-glp-tracker-iphone.html,es-mx/compounded-glp-tracker-iphone.html,es-mx,commercial,200,https://www.glpzy.app/es-mx/compounded-glp-tracker-iphone.html,index,yes,Compounded​ — Registro rápido y sin desorden | OneGLP,"Compounded​: Da seguimiento a esta rutina con historial de dosis, peso, síntomas, apetito, fotos, recordatorios y exportaciones en una app privada.",Compounded​,512,no,no,no,yes,1,no,no,no,54 alternates,56,index
https://www.glpzy.app/es-mx/custom-medication-tracker-iphone.html,es-mx/custom-medication-tracker-iphone.html,es-mx,commercial,200,https://www.glpzy.app/es-mx/custom-medication-tracker-iphone.html,index,yes,Personalizado — Registro rápido y sin desorden | OneGLP,"Personalizado: Da seguimiento a esta rutina con historial de dosis, peso, síntomas, apetito, fotos, recordatorios y exportaciones en una app privada.",Personalizado,522,no,no,no,yes,1,no,no,no,54 alternates,58,index
https://www.glpzy.app/es-mx/data-rights.html,es-mx/data-rights.html,es-mx,privacy,200,https://www.glpzy.app/es-mx/data-rights.html,index,yes,Historial de exportación | OneGLP,OneGLP primero creará una copia de seguridad local y luego reemplazará los registros locales en este dispositivo.,Historial de exportación,421,no,no,no,yes,1,no,no,no,54 alternates,77,index
https://www.glpzy.app/es-mx/foundayo-tracker-iphone.html,es-mx/foundayo-tracker-iphone.html,es-mx,commercial,200,https://www.glpzy.app/es-mx/foundayo-tracker-iphone.html,index,yes,Foundayo — Registro rápido y sin desorden | OneGLP,"Foundayo: Da seguimiento a esta rutina con historial de dosis, peso, síntomas, apetito, fotos, recordatorios y exportaciones en una app privada.",Foundayo,502,no,no,no,yes,1,no,no,no,54 alternates,55,index
https://www.glpzy.app/es-mx/glp1-weight-dose-symptom-tracker.html,es-mx/glp1-weight-dose-symptom-tracker.html,es-mx,commercial,200,https://www.glpzy.app/es-mx/glp1-weight-dose-symptom-tracker.html,index,yes,"Tu rutina GLP-1, organizada sin ruido | OneGLP","Registra dosis, peso, síntomas, apetito, fotos, recordatorios y contexto de Apple Health en una app privada para revisión personal.","Tu rutina GLP-1, organizada sin ruido.",596,no,no,no,yes,1,no,no,no,54 alternates,54,index
https://www.glpzy.app/es-mx/glpzy-is-now-oneglp/,es-mx/glpzy-is-now-oneglp/index.html,es-mx,home,200,https://www.glpzy.app/es-mx/glpzy-is-now-oneglp/,index,yes,GLPzy ahora se llama OneGLP,GLPzy ahora es OneGLP. La app y el desarrollador son los mismos. Conservas tus registros y compras de Premium.,GLPzy ahora se llama OneGLP,208,no,no,no,yes,1,yes,yes,no,54 alternates,77,index
https://www.glpzy.app/es-mx/,es-mx/index.html,es-mx,home,200,https://www.glpzy.app/es-mx/,index,yes,"Tu rutina GLP-1, organizada sin ruido | OneGLP","Registra dosis, peso, síntomas, apetito, fotos, recordatorios y contexto de Apple Health en una app privada para revisión personal.","Tu rutina GLP-1, organizada sin ruido.",828,no,no,no,yes,1,yes,no,no,54 alternates,135,index
https://www.glpzy.app/es-mx/local-first-private-glp-tracker.html,es-mx/local-first-private-glp-tracker.html,es-mx,privacy,200,https://www.glpzy.app/es-mx/local-first-private-glp-tracker.html,index,yes,Privada de forma predeterminada. Exportable cuando tú decidas | OneGLP,"No se requiere una cuenta para realizar un seguimiento de las dosis, el peso, los síntomas, los recordatorios ni los lembretes.",Privada de forma predeterminada. Exportable cuando tú decidas.,508,no,no,no,yes,1,no,no,no,54 alternates,54,index
https://www.glpzy.app/es-mx/medical-safety.html,es-mx/medical-safety.html,es-mx,trust,200,https://www.glpzy.app/es-mx/medical-safety.html,index,yes,Seguridad médica | OneGLP,"OneGLP te ayuda a mantener un registro más claro de lo sucedido. No diagnostica, prescribe ni elige la dosis.",Seguridad médica,831,no,no,no,yes,1,no,no,no,54 alternates,78,index
https://www.glpzy.app/es-mx/methodology.html,es-mx/methodology.html,es-mx,trust,200,https://www.glpzy.app/es-mx/methodology.html,index,yes,Metodología | OneGLP,La tendencia de exposición estimada usa la hora registrada de las dosis junto con un modelo simplificado de absorción y eliminación solo para seguimiento personal.,Metodología,865,no,no,no,yes,1,no,no,no,54 alternates,77,index
https://www.glpzy.app/es-mx/mounjaro-tracker-iphone.html,es-mx/mounjaro-tracker-iphone.html,es-mx,medicine,200,https://www.glpzy.app/es-mx/mounjaro-tracker-iphone.html,index,yes,Mounjaro — Registro rápido y sin desorden | OneGLP,"Mounjaro: Da seguimiento a esta rutina con historial de dosis, peso, síntomas, apetito, fotos, recordatorios y exportaciones en una app privada.",Mounjaro,510,no,no,no,yes,1,no,no,no,54 alternates,57,improve-copy-keep-indexable
https://www.glpzy.app/es-mx/overview.html,es-mx/overview.html,es-mx,other,200,https://www.glpzy.app/es-mx/overview.html,index,yes,OneGLP — Política de privacidad · Seguridad médica · Apoyo,"Revise el alcance del soporte, los contactos de privacidad y la orientación que no es de emergencia.",OneGLP,464,no,no,no,yes,1,no,no,no,54 alternates,54,index
https://www.glpzy.app/es-mx/ozempic-tracker-iphone.html,es-mx/ozempic-tracker-iphone.html,es-mx,commercial,200,https://www.glpzy.app/es-mx/ozempic-tracker-iphone.html,index,yes,Ozempic — Registro rápido y sin desorden | OneGLP,"Ozempic: Da seguimiento a esta rutina con historial de dosis, peso, síntomas, apetito, fotos, recordatorios y exportaciones en una app privada.",Ozempic,507,no,no,no,yes,1,no,no,no,54 alternates,58,index
https://www.glpzy.app/es-mx/privacy.html,es-mx/privacy.html,es-mx,privacy,200,https://www.glpzy.app/es-mx/privacy.html,index,yes,Privada de forma predeterminada. Exportable cuando tú decidas | OneGLP,"No se requiere una cuenta para realizar un seguimiento de las dosis, el peso, los síntomas, los recordatorios ni los lembretes.",Privada de forma predeterminada. Exportable cuando tú decidas.,508,no,no,no,yes,1,no,no,no,54 alternates,116,index
https://www.glpzy.app/es-mx/rybelsus-tracker-iphone.html,es-mx/rybelsus-tracker-iphone.html,es-mx,commercial,200,https://www.glpzy.app/es-mx/rybelsus-tracker-iphone.html,index,yes,Rybelsus — Registro rápido y sin desorden | OneGLP,"Rybelsus: Da seguimiento a esta rutina con historial de dosis, peso, síntomas, apetito, fotos, recordatorios y exportaciones en una app privada.",Rybelsus,504,no,no,no,yes,1,no,no,no,54 alternates,58,index
https://www.glpzy.app/es-mx/saxenda-tracker-iphone.html,es-mx/saxenda-tracker-iphone.html,es-mx,commercial,200,https://www.glpzy.app/es-mx/saxenda-tracker-iphone.html,index,yes,Saxenda — Registro rápido y sin desorden | OneGLP,"Saxenda: Da seguimiento a esta rutina con historial de dosis, peso, síntomas, apetito, fotos, recordatorios y exportaciones en una app privada.",Saxenda,502,no,no,no,yes,1,no,no,no,54 alternates,56,index
https://www.glpzy.app/es-mx/semaglutide-tracker-iphone.html,es-mx/semaglutide-tracker-iphone.html,es-mx,ingredient,200,https://www.glpzy.app/es-mx/semaglutide-tracker-iphone.html,index,yes,Semaglutide — Registro rápido y sin desorden | OneGLP,"Semaglutide: Da seguimiento a esta rutina con historial de dosis, peso, síntomas, apetito, fotos, recordatorios y exportaciones en una app privada.",Semaglutide,512,no,no,no,yes,1,no,no,no,54 alternates,60,improve-copy-keep-indexable
https://www.glpzy.app/es-mx/support.html,es-mx/support.html,es-mx,trust,200,https://www.glpzy.app/es-mx/support.html,index,yes,Apoyo | OneGLP,"Revise el alcance del soporte, los contactos de privacidad y la orientación que no es de emergencia.",Apoyo,492,no,no,no,yes,1,no,no,no,54 alternates,103,index
https://www.glpzy.app/es-mx/terms.html,es-mx/terms.html,es-mx,trust,200,https://www.glpzy.app/es-mx/terms.html,index,yes,Condiciones de uso | OneGLP,"El precio, el período de facturación y los detalles de la oferta introductoria se muestran en su cuenta App Store antes de la compra. Administrar o cancelar en la configuración App Store.",Condiciones de uso,524,no,no,no,yes,1,no,no,no,54 alternates,77,index
https://www.glpzy.app/es-mx/tirzepatide-tracker-iphone.html,es-mx/tirzepatide-tracker-iphone.html,es-mx,ingredient,200,https://www.glpzy.app/es-mx/tirzepatide-tracker-iphone.html,index,yes,Tirzepatide — Registro rápido y sin desorden | OneGLP,"Tirzepatide: Da seguimiento a esta rutina con historial de dosis, peso, síntomas, apetito, fotos, recordatorios y exportaciones en una app privada.",Tirzepatide,514,no,no,no,yes,1,no,no,no,54 alternates,59,improve-copy-keep-indexable
https://www.glpzy.app/es-mx/trulicity-tracker-iphone.html,es-mx/trulicity-tracker-iphone.html,es-mx,commercial,200,https://www.glpzy.app/es-mx/trulicity-tracker-iphone.html,index,yes,Trulicity — Registro rápido y sin desorden | OneGLP,"Trulicity: Da seguimiento a esta rutina con historial de dosis, peso, síntomas, apetito, fotos, recordatorios y exportaciones en una app privada.",Trulicity,501,no,no,no,yes,1,no,no,no,54 alternates,55,index
https://www.glpzy.app/es-mx/victoza-tracker-iphone.html,es-mx/victoza-tracker-iphone.html,es-mx,commercial,200,https://www.glpzy.app/es-mx/victoza-tracker-iphone.html,index,yes,Victoza — Registro rápido y sin desorden | OneGLP,"Victoza: Da seguimiento a esta rutina con historial de dosis, peso, síntomas, apetito, fotos, recordatorios y exportaciones en una app privada.",Victoza,502,no,no,no,yes,1,no,no,no,54 alternates,56,index
https://www.glpzy.app/es-mx/wegovy-tracker-iphone.html,es-mx/wegovy-tracker-iphone.html,es-mx,medicine,200,https://www.glpzy.app/es-mx/wegovy-tracker-iphone.html,index,yes,Wegovy — Registro rápido y sin desorden | OneGLP,"Wegovy: Da seguimiento a esta rutina con historial de dosis, peso, síntomas, apetito, fotos, recordatorios y exportaciones en una app privada.",Wegovy,512,no,no,no,yes,1,no,no,no,54 alternates,58,improve-copy-keep-indexable
https://www.glpzy.app/es-mx/zepbound-tracker-iphone.html,es-mx/zepbound-tracker-iphone.html,es-mx,medicine,200,https://www.glpzy.app/es-mx/zepbound-tracker-iphone.html,index,yes,Zepbound — Registro rápido y sin desorden | OneGLP,"Zepbound: Da seguimiento a esta rutina con historial de dosis, peso, síntomas, apetito, fotos, recordatorios y exportaciones en una app privada.",Zepbound,523,no,no,no,yes,1,no,no,no,54 alternates,57,improve-copy-keep-indexable
https://www.glpzy.app/et/apple-health-glp-tracker.html,et/apple-health-glp-tracker.html,et,feature,200,https://www.glpzy.app/et/apple-health-glp-tracker.html,index,yes,Kirjutuskaitstud kontekst teenusest Apple Health | OneGLP,"Apple Health juurdepääs on valikuline ja piiratud teie antud lubadega. OneGLP impordib kehakaalu ajaloo ja pikkuse ning loeb seejärel kirjutuskaitstud režiimis keha koostise, une, liikumise, treeningu, kalorite, valkude ja vee kokkuvõtteid. Midagi ei kirjutata tagasi.",Kirjutuskaitstud kontekst teenusest Apple Health,441,no,no,no,yes,1,no,no,no,54 alternates,54,improve-copy-keep-indexable
https://www.glpzy.app/et/compounded-glp-tracker-iphone.html,et/compounded-glp-tracker-iphone.html,et,commercial,200,https://www.glpzy.app/et/compounded-glp-tracker-iphone.html,index,yes,Apteegis valmistatud — Kiire annuste märkimine ilma segaduseta | OneGLP,"Apteegis valmistatud: Jälgi seda rutiini annuse ajaloo, kaalu, sümptomite, söögiisu, fotode, meeldetuletuste ja ekspordiga ühes privaatses rakenduses.",Apteegis valmistatud,431,no,no,no,yes,1,no,no,no,54 alternates,56,index
https://www.glpzy.app/et/custom-medication-tracker-iphone.html,et/custom-medication-tracker-iphone.html,et,commercial,200,https://www.glpzy.app/et/custom-medication-tracker-iphone.html,index,yes,Kohandatud — Kiire annuste märkimine ilma segaduseta | OneGLP,"Kohandatud: Jälgi seda rutiini annuse ajaloo, kaalu, sümptomite, söögiisu, fotode, meeldetuletuste ja ekspordiga ühes privaatses rakenduses.",Kohandatud,437,no,no,no,yes,1,no,no,no,54 alternates,58,index
https://www.glpzy.app/et/data-rights.html,et/data-rights.html,et,privacy,200,https://www.glpzy.app/et/data-rights.html,index,yes,Ekspordi ajalugu | OneGLP,"OneGLP loob esmalt kohaliku turvavarukoopia, seejärel asendab selle seadme kohalikud kirjed.",Ekspordi ajalugu,361,no,no,no,yes,1,no,no,no,54 alternates,77,index
https://www.glpzy.app/et/foundayo-tracker-iphone.html,et/foundayo-tracker-iphone.html,et,commercial,200,https://www.glpzy.app/et/foundayo-tracker-iphone.html,index,yes,Foundayo — Kiire annuste märkimine ilma segaduseta | OneGLP,"Foundayo: Jälgi seda rutiini annuse ajaloo, kaalu, sümptomite, söögiisu, fotode, meeldetuletuste ja ekspordiga ühes privaatses rakenduses.",Foundayo,415,no,no,no,yes,1,no,no,no,54 alternates,55,index
https://www.glpzy.app/et/glp1-weight-dose-symptom-tracker.html,et/glp1-weight-dose-symptom-tracker.html,et,commercial,200,https://www.glpzy.app/et/glp1-weight-dose-symptom-tracker.html,index,yes,"Sinu GLP-1 rutiin, korrastatud ilma segaduseta | OneGLP","Logi annused, kaal, sümptomid, söögiisu, fotod, meeldetuletused ja Apple Healthi kontekst ühes privaatses rakenduses isiklikuks ülevaatuseks.","Sinu GLP-1 rutiin, korrastatud ilma segaduseta.",487,no,no,no,yes,1,no,no,no,54 alternates,54,index
https://www.glpzy.app/et/glpzy-is-now-oneglp/,et/glpzy-is-now-oneglp/index.html,et,home,200,https://www.glpzy.app/et/glpzy-is-now-oneglp/,index,yes,GLPzy uus nimi on OneGLP,"GLPzy on nüüd OneGLP. Rakendus, arendaja, sinu kirjed ja Premiumi ostud jäävad samaks.",GLPzy uus nimi on OneGLP,183,no,no,no,yes,1,yes,yes,no,54 alternates,77,index
https://www.glpzy.app/et/,et/index.html,et,home,200,https://www.glpzy.app/et/,index,yes,"Sinu GLP-1 rutiin, korrastatud ilma segaduseta | OneGLP","Logi annused, kaal, sümptomid, söögiisu, fotod, meeldetuletused ja Apple Healthi kontekst ühes privaatses rakenduses isiklikuks ülevaatuseks.","Sinu GLP-1 rutiin, korrastatud ilma segaduseta.",668,no,no,no,yes,1,yes,no,no,54 alternates,135,index
https://www.glpzy.app/et/local-first-private-glp-tracker.html,et/local-first-private-glp-tracker.html,et,privacy,200,https://www.glpzy.app/et/local-first-private-glp-tracker.html,index,yes,"Vaikimisi privaatne. Eksporditav, kui sina valid | OneGLP","Annuste, kaalu, sümptomite, meeldetuletuste või tellimuste jälgimiseks pole kontot vaja.","Vaikimisi privaatne. Eksporditav, kui sina valid.",430,no,no,no,yes,1,no,no,no,54 alternates,54,index
https://www.glpzy.app/et/medical-safety.html,et/medical-safety.html,et,trust,200,https://www.glpzy.app/et/medical-safety.html,index,yes,Meditsiiniline ohutus | OneGLP,"OneGLP aitab teil juhtunu kohta selgemat arvestust pidada. See ei diagnoosi, ei määra ega vali annust.",Meditsiiniline ohutus,634,no,no,no,yes,1,no,no,no,54 alternates,78,index
https://www.glpzy.app/et/methodology.html,et/methodology.html,et,trust,200,https://www.glpzy.app/et/methodology.html,index,yes,Metoodika | OneGLP,Hinnanguline kokkupuutetrend kasutab ainult isiklikuks jälgimiseks logitud annuse ajastust ning lihtsustatud imendumise ja elimineerimise mudelit.,Metoodika,648,no,no,no,yes,1,no,no,no,54 alternates,77,index
https://www.glpzy.app/et/mounjaro-tracker-iphone.html,et/mounjaro-tracker-iphone.html,et,medicine,200,https://www.glpzy.app/et/mounjaro-tracker-iphone.html,index,yes,Mounjaro — Kiire annuste märkimine ilma segaduseta | OneGLP,"Mounjaro: Jälgi seda rutiini annuse ajaloo, kaalu, sümptomite, söögiisu, fotode, meeldetuletuste ja ekspordiga ühes privaatses rakenduses.",Mounjaro,424,no,no,no,yes,1,no,no,no,54 alternates,57,improve-copy-keep-indexable
https://www.glpzy.app/et/overview.html,et/overview.html,et,other,200,https://www.glpzy.app/et/overview.html,index,yes,OneGLP — Privaatsuspoliitika · Meditsiiniline ohutus · Toetus,"Vaadake üle toe ulatus, privaatsuskontaktid ja mittehädaolukorra juhised.",OneGLP,382,no,no,no,yes,1,no,no,no,54 alternates,54,index
https://www.glpzy.app/et/ozempic-tracker-iphone.html,et/ozempic-tracker-iphone.html,et,commercial,200,https://www.glpzy.app/et/ozempic-tracker-iphone.html,index,yes,Ozempic — Kiire annuste märkimine ilma segaduseta | OneGLP,"Ozempic: Jälgi seda rutiini annuse ajaloo, kaalu, sümptomite, söögiisu, fotode, meeldetuletuste ja ekspordiga ühes privaatses rakenduses.",Ozempic,421,no,no,no,yes,1,no,no,no,54 alternates,58,index
https://www.glpzy.app/et/privacy.html,et/privacy.html,et,privacy,200,https://www.glpzy.app/et/privacy.html,index,yes,"Vaikimisi privaatne. Eksporditav, kui sina valid | OneGLP","Annuste, kaalu, sümptomite, meeldetuletuste või tellimuste jälgimiseks pole kontot vaja.","Vaikimisi privaatne. Eksporditav, kui sina valid.",430,no,no,no,yes,1,no,no,no,54 alternates,116,index
https://www.glpzy.app/et/rybelsus-tracker-iphone.html,et/rybelsus-tracker-iphone.html,et,commercial,200,https://www.glpzy.app/et/rybelsus-tracker-iphone.html,index,yes,Rybelsus — Kiire annuste märkimine ilma segaduseta | OneGLP,"Rybelsus: Jälgi seda rutiini annuse ajaloo, kaalu, sümptomite, söögiisu, fotode, meeldetuletuste ja ekspordiga ühes privaatses rakenduses.",Rybelsus,417,no,no,no,yes,1,no,no,no,54 alternates,58,index
https://www.glpzy.app/et/saxenda-tracker-iphone.html,et/saxenda-tracker-iphone.html,et,commercial,200,https://www.glpzy.app/et/saxenda-tracker-iphone.html,index,yes,Saxenda — Kiire annuste märkimine ilma segaduseta | OneGLP,"Saxenda: Jälgi seda rutiini annuse ajaloo, kaalu, sümptomite, söögiisu, fotode, meeldetuletuste ja ekspordiga ühes privaatses rakenduses.",Saxenda,415,no,no,no,yes,1,no,no,no,54 alternates,56,index
https://www.glpzy.app/et/semaglutide-tracker-iphone.html,et/semaglutide-tracker-iphone.html,et,ingredient,200,https://www.glpzy.app/et/semaglutide-tracker-iphone.html,index,yes,Semaglutide — Kiire annuste märkimine ilma segaduseta | OneGLP,"Semaglutide: Jälgi seda rutiini annuse ajaloo, kaalu, sümptomite, söögiisu, fotode, meeldetuletuste ja ekspordiga ühes privaatses rakenduses.",Semaglutide,425,no,no,no,yes,1,no,no,no,54 alternates,60,improve-copy-keep-indexable
https://www.glpzy.app/et/support.html,et/support.html,et,trust,200,https://www.glpzy.app/et/support.html,index,yes,Toetus | OneGLP,"Vaadake üle toe ulatus, privaatsuskontaktid ja mittehädaolukorra juhised.",Toetus,413,no,no,no,yes,1,no,no,no,54 alternates,103,index
https://www.glpzy.app/et/terms.html,et/terms.html,et,trust,200,https://www.glpzy.app/et/terms.html,index,yes,Kasutustingimused | OneGLP,"Hinnakujundus, arveldusperiood ja mis tahes tutvustuspakkumise üksikasjad kuvatakse teie App Store kontol enne ostmist. Hallake või tühistage App Store seadetes.",Kasutustingimused,446,no,no,no,yes,1,no,no,no,54 alternates,77,index
https://www.glpzy.app/et/tirzepatide-tracker-iphone.html,et/tirzepatide-tracker-iphone.html,et,ingredient,200,https://www.glpzy.app/et/tirzepatide-tracker-iphone.html,index,yes,Tirzepatide — Kiire annuste märkimine ilma segaduseta | OneGLP,"Tirzepatide: Jälgi seda rutiini annuse ajaloo, kaalu, sümptomite, söögiisu, fotode, meeldetuletuste ja ekspordiga ühes privaatses rakenduses.",Tirzepatide,428,no,no,no,yes,1,no,no,no,54 alternates,59,improve-copy-keep-indexable
https://www.glpzy.app/et/trulicity-tracker-iphone.html,et/trulicity-tracker-iphone.html,et,commercial,200,https://www.glpzy.app/et/trulicity-tracker-iphone.html,index,yes,Trulicity — Kiire annuste märkimine ilma segaduseta | OneGLP,"Trulicity: Jälgi seda rutiini annuse ajaloo, kaalu, sümptomite, söögiisu, fotode, meeldetuletuste ja ekspordiga ühes privaatses rakenduses.",Trulicity,415,no,no,no,yes,1,no,no,no,54 alternates,55,index
https://www.glpzy.app/et/victoza-tracker-iphone.html,et/victoza-tracker-iphone.html,et,commercial,200,https://www.glpzy.app/et/victoza-tracker-iphone.html,index,yes,Victoza — Kiire annuste märkimine ilma segaduseta | OneGLP,"Victoza: Jälgi seda rutiini annuse ajaloo, kaalu, sümptomite, söögiisu, fotode, meeldetuletuste ja ekspordiga ühes privaatses rakenduses.",Victoza,415,no,no,no,yes,1,no,no,no,54 alternates,56,index
https://www.glpzy.app/et/wegovy-tracker-iphone.html,et/wegovy-tracker-iphone.html,et,medicine,200,https://www.glpzy.app/et/wegovy-tracker-iphone.html,index,yes,Wegovy — Kiire annuste märkimine ilma segaduseta | OneGLP,"Wegovy: Jälgi seda rutiini annuse ajaloo, kaalu, sümptomite, söögiisu, fotode, meeldetuletuste ja ekspordiga ühes privaatses rakenduses.",Wegovy,425,no,no,no,yes,1,no,no,no,54 alternates,58,improve-copy-keep-indexable
https://www.glpzy.app/et/zepbound-tracker-iphone.html,et/zepbound-tracker-iphone.html,et,medicine,200,https://www.glpzy.app/et/zepbound-tracker-iphone.html,index,yes,Zepbound — Kiire annuste märkimine ilma segaduseta | OneGLP,"Zepbound: Jälgi seda rutiini annuse ajaloo, kaalu, sümptomite, söögiisu, fotode, meeldetuletuste ja ekspordiga ühes privaatses rakenduses.",Zepbound,435,no,no,no,yes,1,no,no,no,54 alternates,57,improve-copy-keep-indexable
https://www.glpzy.app/fi/apple-health-glp-tracker.html,fi/apple-health-glp-tracker.html,fi,feature,200,https://www.glpzy.app/fi/apple-health-glp-tracker.html,index,yes,Vain luku -konteksti Apple Healthista | OneGLP,"Apple Health käyttöoikeus on valinnainen ja rajoitettu myöntämiisi käyttöoikeuksiin. OneGLP tuo kehon painohistorian ja pituuden ja lukee sitten kehon koostumuksen, liikkeen, harjoituksen, kalorien, proteiinien ja veden yhteenvedot vain luku -tilassa. Mitään ei kirjoiteta takaisin.",Vain luku -konteksti Apple Healthista,425,no,no,no,yes,1,no,no,no,54 alternates,54,improve-copy-keep-indexable
https://www.glpzy.app/fi/compounded-glp-tracker-iphone.html,fi/compounded-glp-tracker-iphone.html,fi,commercial,200,https://www.glpzy.app/fi/compounded-glp-tracker-iphone.html,index,yes,Compounded​ — Nopea kirjaus ilman sotkua | OneGLP,"Compounded​: Seuraa tätä rutiinia annoshistorian, painon, oireiden, ruokahalun, kuvien, muistutusten ja vientien kanssa yhdessä yksityisessä sovelluksessa.",Compounded​,415,no,no,no,yes,1,no,no,no,54 alternates,56,index
https://www.glpzy.app/fi/custom-medication-tracker-iphone.html,fi/custom-medication-tracker-iphone.html,fi,commercial,200,https://www.glpzy.app/fi/custom-medication-tracker-iphone.html,index,yes,Mukautettu — Nopea kirjaus ilman sotkua | OneGLP,"Mukautettu: Seuraa tätä rutiinia annoshistorian, painon, oireiden, ruokahalun, kuvien, muistutusten ja vientien kanssa yhdessä yksityisessä sovelluksessa.",Mukautettu,423,no,no,no,yes,1,no,no,no,54 alternates,58,index
https://www.glpzy.app/fi/data-rights.html,fi/data-rights.html,fi,privacy,200,https://www.glpzy.app/fi/data-rights.html,index,yes,Vie historiaa | OneGLP,OneGLP luo ensin paikallisen turvallisuusvarmuuskopion ja korvaa sitten tämän laitteen paikalliset tietueet.,Vie historiaa,350,no,no,no,yes,1,no,no,no,54 alternates,77,index
https://www.glpzy.app/fi/foundayo-tracker-iphone.html,fi/foundayo-tracker-iphone.html,fi,commercial,200,https://www.glpzy.app/fi/foundayo-tracker-iphone.html,index,yes,Foundayo — Nopea kirjaus ilman sotkua | OneGLP,"Foundayo: Seuraa tätä rutiinia annoshistorian, painon, oireiden, ruokahalun, kuvien, muistutusten ja vientien kanssa yhdessä yksityisessä sovelluksessa.",Foundayo,405,no,no,no,yes,1,no,no,no,54 alternates,55,index
https://www.glpzy.app/fi/glp1-weight-dose-symptom-tracker.html,fi/glp1-weight-dose-symptom-tracker.html,fi,commercial,200,https://www.glpzy.app/fi/glp1-weight-dose-symptom-tracker.html,index,yes,GLP-1-rutiinisi järjestyksessä ilman turhaa sekavuutta | OneGLP,"Kirjaa annokset, paino, oireet, ruokahalu, kuvat, muistutukset ja Apple Health -konteksti yhteen yksityiseen sovellukseen omaa tarkastelua varten.",GLP-1-rutiinisi järjestyksessä ilman turhaa sekavuutta.,465,no,no,no,yes,1,no,no,no,54 alternates,54,index
https://www.glpzy.app/fi/glpzy-is-now-oneglp/,fi/glpzy-is-now-oneglp/index.html,fi,home,200,https://www.glpzy.app/fi/glpzy-is-now-oneglp/,index,yes,GLPzy on nyt OneGLP,"GLPzy on nyt OneGLP. Sovellus, kehittäjä, tietosi ja Premium-ostoksesi pysyvät samoina.",GLPzy on nyt OneGLP,165,no,no,no,yes,1,yes,yes,no,54 alternates,77,index
https://www.glpzy.app/fi/,fi/index.html,fi,home,200,https://www.glpzy.app/fi/,index,yes,GLP-1-rutiinisi järjestyksessä ilman turhaa sekavuutta | OneGLP,"Kirjaa annokset, paino, oireet, ruokahalu, kuvat, muistutukset ja Apple Health -konteksti yhteen yksityiseen sovellukseen omaa tarkastelua varten.",GLP-1-rutiinisi järjestyksessä ilman turhaa sekavuutta.,638,no,no,no,yes,1,yes,no,no,54 alternates,135,index
https://www.glpzy.app/fi/local-first-private-glp-tracker.html,fi/local-first-private-glp-tracker.html,fi,privacy,200,https://www.glpzy.app/fi/local-first-private-glp-tracker.html,index,yes,"Oletuksena yksityinen. Vietävissä, kun valitset | OneGLP","Tiliä ei tarvita annosten, painon, oireiden tai muistutusten kirjaamiseen.","Oletuksena yksityinen. Vietävissä, kun valitset.",406,no,no,no,yes,1,no,no,no,54 alternates,54,index
https://www.glpzy.app/fi/medical-safety.html,fi/medical-safety.html,fi,trust,200,https://www.glpzy.app/fi/medical-safety.html,index,yes,Lääketieteellinen turvallisuus | OneGLP,"OneGLP auttaa pitämään selkeämmän kirjaa tapahtuneesta. Se ei tee diagnoosia, määrää tai valitse annostasi.",Lääketieteellinen turvallisuus,622,no,no,no,yes,1,no,no,no,54 alternates,78,index
https://www.glpzy.app/fi/methodology.html,fi/methodology.html,fi,trust,200,https://www.glpzy.app/fi/methodology.html,index,yes,Metodologia | OneGLP,Arvioitu altistustrendi käyttää kirjattuja annosaikoja ja yksinkertaistettua imeytymis- ja eliminaatiomallia vain henkilökohtaiseen seurantaan.,Metodologia,629,no,no,no,yes,1,no,no,no,54 alternates,77,index
https://www.glpzy.app/fi/mounjaro-tracker-iphone.html,fi/mounjaro-tracker-iphone.html,fi,medicine,200,https://www.glpzy.app/fi/mounjaro-tracker-iphone.html,index,yes,Mounjaro — Nopea kirjaus ilman sotkua | OneGLP,"Mounjaro: Seuraa tätä rutiinia annoshistorian, painon, oireiden, ruokahalun, kuvien, muistutusten ja vientien kanssa yhdessä yksityisessä sovelluksessa.",Mounjaro,416,no,no,no,yes,1,no,no,no,54 alternates,57,improve-copy-keep-indexable
https://www.glpzy.app/fi/overview.html,fi/overview.html,fi,other,200,https://www.glpzy.app/fi/overview.html,index,yes,OneGLP — Tietosuojakäytäntö · Lääketieteellinen turvallisuus · Tukea,"Tarkista tuen laajuus, tietosuojayhteystiedot ja ei-hätätilanneohjeet.",OneGLP,368,no,no,no,yes,1,no,no,no,54 alternates,54,index
https://www.glpzy.app/fi/ozempic-tracker-iphone.html,fi/ozempic-tracker-iphone.html,fi,commercial,200,https://www.glpzy.app/fi/ozempic-tracker-iphone.html,index,yes,Ozempic — Nopea kirjaus ilman sotkua | OneGLP,"Ozempic: Seuraa tätä rutiinia annoshistorian, painon, oireiden, ruokahalun, kuvien, muistutusten ja vientien kanssa yhdessä yksityisessä sovelluksessa.",Ozempic,412,no,no,no,yes,1,no,no,no,54 alternates,58,index
https://www.glpzy.app/fi/privacy.html,fi/privacy.html,fi,privacy,200,https://www.glpzy.app/fi/privacy.html,index,yes,"Oletuksena yksityinen. Vietävissä, kun valitset | OneGLP","Tiliä ei tarvita annosten, painon, oireiden tai muistutusten kirjaamiseen.","Oletuksena yksityinen. Vietävissä, kun valitset.",406,no,no,no,yes,1,no,no,no,54 alternates,116,index
https://www.glpzy.app/fi/rybelsus-tracker-iphone.html,fi/rybelsus-tracker-iphone.html,fi,commercial,200,https://www.glpzy.app/fi/rybelsus-tracker-iphone.html,index,yes,Rybelsus — Nopea kirjaus ilman sotkua | OneGLP,"Rybelsus: Seuraa tätä rutiinia annoshistorian, painon, oireiden, ruokahalun, kuvien, muistutusten ja vientien kanssa yhdessä yksityisessä sovelluksessa.",Rybelsus,407,no,no,no,yes,1,no,no,no,54 alternates,58,index
https://www.glpzy.app/fi/saxenda-tracker-iphone.html,fi/saxenda-tracker-iphone.html,fi,commercial,200,https://www.glpzy.app/fi/saxenda-tracker-iphone.html,index,yes,Saxenda — Nopea kirjaus ilman sotkua | OneGLP,"Saxenda: Seuraa tätä rutiinia annoshistorian, painon, oireiden, ruokahalun, kuvien, muistutusten ja vientien kanssa yhdessä yksityisessä sovelluksessa.",Saxenda,405,no,no,no,yes,1,no,no,no,54 alternates,56,index
https://www.glpzy.app/fi/semaglutide-tracker-iphone.html,fi/semaglutide-tracker-iphone.html,fi,ingredient,200,https://www.glpzy.app/fi/semaglutide-tracker-iphone.html,index,yes,Semaglutide — Nopea kirjaus ilman sotkua | OneGLP,"Semaglutide: Seuraa tätä rutiinia annoshistorian, painon, oireiden, ruokahalun, kuvien, muistutusten ja vientien kanssa yhdessä yksityisessä sovelluksessa.",Semaglutide,415,no,no,no,yes,1,no,no,no,54 alternates,60,improve-copy-keep-indexable
https://www.glpzy.app/fi/support.html,fi/support.html,fi,trust,200,https://www.glpzy.app/fi/support.html,index,yes,Tukea | OneGLP,"Tarkista tuen laajuus, tietosuojayhteystiedot ja ei-hätätilanneohjeet.",Tukea,399,no,no,no,yes,1,no,no,no,54 alternates,103,index
https://www.glpzy.app/fi/terms.html,fi/terms.html,fi,trust,200,https://www.glpzy.app/fi/terms.html,index,yes,Käyttöehdot | OneGLP,"Hinnoittelu, laskutuskausi ja kaikki johdantotarjouksen tiedot näkyvät App Store-tililläsi ennen ostoa. Hallinnoi tai peruuta App Store-asetuksissa.",Käyttöehdot,420,no,no,no,yes,1,no,no,no,54 alternates,77,index
https://www.glpzy.app/fi/tirzepatide-tracker-iphone.html,fi/tirzepatide-tracker-iphone.html,fi,ingredient,200,https://www.glpzy.app/fi/tirzepatide-tracker-iphone.html,index,yes,Tirzepatide — Nopea kirjaus ilman sotkua | OneGLP,"Tirzepatide: Seuraa tätä rutiinia annoshistorian, painon, oireiden, ruokahalun, kuvien, muistutusten ja vientien kanssa yhdessä yksityisessä sovelluksessa.",Tirzepatide,421,no,no,no,yes,1,no,no,no,54 alternates,59,improve-copy-keep-indexable
https://www.glpzy.app/fi/trulicity-tracker-iphone.html,fi/trulicity-tracker-iphone.html,fi,commercial,200,https://www.glpzy.app/fi/trulicity-tracker-iphone.html,index,yes,Trulicity — Nopea kirjaus ilman sotkua | OneGLP,"Trulicity: Seuraa tätä rutiinia annoshistorian, painon, oireiden, ruokahalun, kuvien, muistutusten ja vientien kanssa yhdessä yksityisessä sovelluksessa.",Trulicity,407,no,no,no,yes,1,no,no,no,54 alternates,55,index
https://www.glpzy.app/fi/victoza-tracker-iphone.html,fi/victoza-tracker-iphone.html,fi,commercial,200,https://www.glpzy.app/fi/victoza-tracker-iphone.html,index,yes,Victoza — Nopea kirjaus ilman sotkua | OneGLP,"Victoza: Seuraa tätä rutiinia annoshistorian, painon, oireiden, ruokahalun, kuvien, muistutusten ja vientien kanssa yhdessä yksityisessä sovelluksessa.",Victoza,405,no,no,no,yes,1,no,no,no,54 alternates,56,index
https://www.glpzy.app/fi/wegovy-tracker-iphone.html,fi/wegovy-tracker-iphone.html,fi,medicine,200,https://www.glpzy.app/fi/wegovy-tracker-iphone.html,index,yes,Wegovy — Nopea kirjaus ilman sotkua | OneGLP,"Wegovy: Seuraa tätä rutiinia annoshistorian, painon, oireiden, ruokahalun, kuvien, muistutusten ja vientien kanssa yhdessä yksityisessä sovelluksessa.",Wegovy,415,no,no,no,yes,1,no,no,no,54 alternates,58,improve-copy-keep-indexable
https://www.glpzy.app/fi/zepbound-tracker-iphone.html,fi/zepbound-tracker-iphone.html,fi,medicine,200,https://www.glpzy.app/fi/zepbound-tracker-iphone.html,index,yes,Zepbound — Nopea kirjaus ilman sotkua | OneGLP,"Zepbound: Seuraa tätä rutiinia annoshistorian, painon, oireiden, ruokahalun, kuvien, muistutusten ja vientien kanssa yhdessä yksityisessä sovelluksessa.",Zepbound,426,no,no,no,yes,1,no,no,no,54 alternates,57,improve-copy-keep-indexable
https://www.glpzy.app/fil/apple-health-glp-tracker.html,fil/apple-health-glp-tracker.html,fil,feature,200,https://www.glpzy.app/fil/apple-health-glp-tracker.html,index,yes,Read-only na konteksto mula sa Apple Health | OneGLP,"Ang Apple Health na pag-access ay opsyonal at limitado sa mga pahintulot na ibinibigay mo. Ang OneGLP ay nag-import ng kasaysayan ng timbang at taas ng katawan, pagkatapos ay nagbabasa ng komposisyon ng katawan, pagtulog, paggalaw, pag-eehersisyo, mga calorie, protina, at mga buod ng tubig sa read-only na mode. Walang nakasulat pabalik.",Read-only na konteksto mula sa Apple Health,576,no,no,no,yes,1,no,no,no,54 alternates,54,improve-copy-keep-indexable
https://www.glpzy.app/fil/compounded-glp-tracker-iphone.html,fil/compounded-glp-tracker-iphone.html,fil,commercial,200,https://www.glpzy.app/fil/compounded-glp-tracker-iphone.html,index,yes,compounded na gamot — Mabilis na pag-log nang walang kalat | OneGLP,"compounded na gamot: Subaybayan ang routine na ito kasama ang dose history, timbang, sintomas, gana, larawan, paalala, at export sa isang pribadong app.",compounded na gamot,570,no,no,no,yes,1,no,no,no,54 alternates,56,index
https://www.glpzy.app/fil/custom-medication-tracker-iphone.html,fil/custom-medication-tracker-iphone.html,fil,commercial,200,https://www.glpzy.app/fil/custom-medication-tracker-iphone.html,index,yes,Pasadya — Mabilis na pag-log nang walang kalat | OneGLP,"Pasadya: Subaybayan ang routine na ito kasama ang dose history, timbang, sintomas, gana, larawan, paalala, at export sa isang pribadong app.",Pasadya,572,no,no,no,yes,1,no,no,no,54 alternates,58,index
https://www.glpzy.app/fil/data-rights.html,fil/data-rights.html,fil,privacy,200,https://www.glpzy.app/fil/data-rights.html,index,yes,I-export ang kasaysayan | OneGLP,"Gagawa muna ang OneGLP ng lokal na backup ng kaligtasan, pagkatapos ay papalitan ang mga lokal na tala sa device na ito.",I-export ang kasaysayan,463,no,no,no,yes,1,no,no,no,54 alternates,77,index
https://www.glpzy.app/fil/foundayo-tracker-iphone.html,fil/foundayo-tracker-iphone.html,fil,commercial,200,https://www.glpzy.app/fil/foundayo-tracker-iphone.html,index,yes,Foundayo — Mabilis na pag-log nang walang kalat | OneGLP,"Foundayo: Subaybayan ang routine na ito kasama ang dose history, timbang, sintomas, gana, larawan, paalala, at export sa isang pribadong app.",Foundayo,550,no,no,no,yes,1,no,no,no,54 alternates,55,index
https://www.glpzy.app/fil/glp1-weight-dose-symptom-tracker.html,fil/glp1-weight-dose-symptom-tracker.html,fil,commercial,200,https://www.glpzy.app/fil/glp1-weight-dose-symptom-tracker.html,index,yes,"Ang iyong GLP-1 routine, organisado nang walang kalat | OneGLP","I-log ang mga dose, timbang, sintomas, gana, larawan, paalala, at konteksto ng Apple Health sa isang pribadong app para sa personal na pagsusuri.","Ang iyong GLP-1 routine, organisado nang walang kalat.",659,no,no,no,yes,1,no,no,no,54 alternates,54,index
https://www.glpzy.app/fil/glpzy-is-now-oneglp/,fil/glpzy-is-now-oneglp/index.html,fil,home,200,https://www.glpzy.app/fil/glpzy-is-now-oneglp/,index,yes,OneGLP na ang pangalan ng GLPzy,"OneGLP na ang GLPzy. Pareho pa rin ang app, gumawa nito, mga tala mo at mga biniling Premium.",OneGLP na ang pangalan ng GLPzy,225,no,no,no,yes,1,yes,yes,no,54 alternates,77,index
https://www.glpzy.app/fil/,fil/index.html,fil,home,200,https://www.glpzy.app/fil/,index,yes,"Ang iyong GLP-1 routine, organisado nang walang kalat | OneGLP","I-log ang mga dose, timbang, sintomas, gana, larawan, paalala, at konteksto ng Apple Health sa isang pribadong app para sa personal na pagsusuri.","Ang iyong GLP-1 routine, organisado nang walang kalat.",927,no,no,no,yes,1,yes,no,no,54 alternates,135,index
https://www.glpzy.app/fil/local-first-private-glp-tracker.html,fil/local-first-private-glp-tracker.html,fil,privacy,200,https://www.glpzy.app/fil/local-first-private-glp-tracker.html,index,yes,Pribado bilang default. Na-e-export kapag pinili mo | OneGLP,"Walang account ang kinakailangan upang subaybayan ang mga dosis, timbang, sintomas, paalala, o mga order.",Pribado bilang default. Na-e-export kapag pinili mo.,553,no,no,no,yes,1,no,no,no,54 alternates,54,index
https://www.glpzy.app/fil/medical-safety.html,fil/medical-safety.html,fil,trust,200,https://www.glpzy.app/fil/medical-safety.html,index,yes,Kaligtasan sa medikal | OneGLP,"Tinutulungan ka ng OneGLP na panatilihin ang isang mas malinaw na talaan ng nangyari. Hindi nito sinusuri, inireseta, o pinipili ang iyong dosis.",Kaligtasan sa medikal,878,no,no,no,yes,1,no,no,no,54 alternates,78,index
https://www.glpzy.app/fil/methodology.html,fil/methodology.html,fil,trust,200,https://www.glpzy.app/fil/methodology.html,index,yes,Pamamaraan | OneGLP,Ang Tinantyang Trend ng Exposure ay gumagamit ng naka-log na timing ng dosis kasama ang isang pinasimpleng modelo ng pagsipsip at pag-aalis para sa personal na pagsubaybay lamang.,Pamamaraan,909,no,no,no,yes,1,no,no,no,54 alternates,77,index
https://www.glpzy.app/fil/mounjaro-tracker-iphone.html,fil/mounjaro-tracker-iphone.html,fil,medicine,200,https://www.glpzy.app/fil/mounjaro-tracker-iphone.html,index,yes,Mounjaro — Mabilis na pag-log nang walang kalat | OneGLP,"Mounjaro: Subaybayan ang routine na ito kasama ang dose history, timbang, sintomas, gana, larawan, paalala, at export sa isang pribadong app.",Mounjaro,564,no,no,no,yes,1,no,no,no,54 alternates,57,improve-copy-keep-indexable
https://www.glpzy.app/fil/overview.html,fil/overview.html,fil,other,200,https://www.glpzy.app/fil/overview.html,index,yes,OneGLP — Patakaran sa privacy · Kaligtasan sa medikal · Suporta,"Suriin ang saklaw ng suporta, mga contact sa privacy, at gabay na hindi pang-emergency.",OneGLP,509,no,no,no,yes,1,no,no,no,54 alternates,54,index
https://www.glpzy.app/fil/ozempic-tracker-iphone.html,fil/ozempic-tracker-iphone.html,fil,commercial,200,https://www.glpzy.app/fil/ozempic-tracker-iphone.html,index,yes,Ozempic — Mabilis na pag-log nang walang kalat | OneGLP,"Ozempic: Subaybayan ang routine na ito kasama ang dose history, timbang, sintomas, gana, larawan, paalala, at export sa isang pribadong app.",Ozempic,557,no,no,no,yes,1,no,no,no,54 alternates,58,index
https://www.glpzy.app/fil/privacy.html,fil/privacy.html,fil,privacy,200,https://www.glpzy.app/fil/privacy.html,index,yes,Pribado bilang default. Na-e-export kapag pinili mo | OneGLP,"Walang account ang kinakailangan upang subaybayan ang mga dosis, timbang, sintomas, paalala, o mga order.",Pribado bilang default. Na-e-export kapag pinili mo.,553,no,no,no,yes,1,no,no,no,54 alternates,116,index
https://www.glpzy.app/fil/rybelsus-tracker-iphone.html,fil/rybelsus-tracker-iphone.html,fil,commercial,200,https://www.glpzy.app/fil/rybelsus-tracker-iphone.html,index,yes,Rybelsus — Mabilis na pag-log nang walang kalat | OneGLP,"Rybelsus: Subaybayan ang routine na ito kasama ang dose history, timbang, sintomas, gana, larawan, paalala, at export sa isang pribadong app.",Rybelsus,552,no,no,no,yes,1,no,no,no,54 alternates,58,index
https://www.glpzy.app/fil/saxenda-tracker-iphone.html,fil/saxenda-tracker-iphone.html,fil,commercial,200,https://www.glpzy.app/fil/saxenda-tracker-iphone.html,index,yes,Saxenda — Mabilis na pag-log nang walang kalat | OneGLP,"Saxenda: Subaybayan ang routine na ito kasama ang dose history, timbang, sintomas, gana, larawan, paalala, at export sa isang pribadong app.",Saxenda,550,no,no,no,yes,1,no,no,no,54 alternates,56,index
https://www.glpzy.app/fil/semaglutide-tracker-iphone.html,fil/semaglutide-tracker-iphone.html,fil,ingredient,200,https://www.glpzy.app/fil/semaglutide-tracker-iphone.html,index,yes,Semaglutide — Mabilis na pag-log nang walang kalat | OneGLP,"Semaglutide: Subaybayan ang routine na ito kasama ang dose history, timbang, sintomas, gana, larawan, paalala, at export sa isang pribadong app.",Semaglutide,562,no,no,no,yes,1,no,no,no,54 alternates,60,improve-copy-keep-indexable
https://www.glpzy.app/fil/support.html,fil/support.html,fil,trust,200,https://www.glpzy.app/fil/support.html,index,yes,Suporta | OneGLP,"Suriin ang saklaw ng suporta, mga contact sa privacy, at gabay na hindi pang-emergency.",Suporta,534,no,no,no,yes,1,no,no,no,54 alternates,103,index
https://www.glpzy.app/fil/terms.html,fil/terms.html,fil,trust,200,https://www.glpzy.app/fil/terms.html,index,yes,Mga tuntunin sa paggamit | OneGLP,"Ang pagpepresyo, panahon ng pagsingil, at anumang mga detalye ng panimulang alok ay ipinapakita mula sa iyong App Store account bago bumili. Pamahalaan o kanselahin sa mga setting ng App Store.",Mga tuntunin sa paggamit,577,no,no,no,yes,1,no,no,no,54 alternates,77,index
https://www.glpzy.app/fil/tirzepatide-tracker-iphone.html,fil/tirzepatide-tracker-iphone.html,fil,ingredient,200,https://www.glpzy.app/fil/tirzepatide-tracker-iphone.html,index,yes,Tirzepatide — Mabilis na pag-log nang walang kalat | OneGLP,"Tirzepatide: Subaybayan ang routine na ito kasama ang dose history, timbang, sintomas, gana, larawan, paalala, at export sa isang pribadong app.",Tirzepatide,569,no,no,no,yes,1,no,no,no,54 alternates,59,improve-copy-keep-indexable
https://www.glpzy.app/fil/trulicity-tracker-iphone.html,fil/trulicity-tracker-iphone.html,fil,commercial,200,https://www.glpzy.app/fil/trulicity-tracker-iphone.html,index,yes,Trulicity — Mabilis na pag-log nang walang kalat | OneGLP,"Trulicity: Subaybayan ang routine na ito kasama ang dose history, timbang, sintomas, gana, larawan, paalala, at export sa isang pribadong app.",Trulicity,550,no,no,no,yes,1,no,no,no,54 alternates,55,index
https://www.glpzy.app/fil/victoza-tracker-iphone.html,fil/victoza-tracker-iphone.html,fil,commercial,200,https://www.glpzy.app/fil/victoza-tracker-iphone.html,index,yes,Victoza — Mabilis na pag-log nang walang kalat | OneGLP,"Victoza: Subaybayan ang routine na ito kasama ang dose history, timbang, sintomas, gana, larawan, paalala, at export sa isang pribadong app.",Victoza,550,no,no,no,yes,1,no,no,no,54 alternates,56,index
https://www.glpzy.app/fil/wegovy-tracker-iphone.html,fil/wegovy-tracker-iphone.html,fil,medicine,200,https://www.glpzy.app/fil/wegovy-tracker-iphone.html,index,yes,Wegovy — Mabilis na pag-log nang walang kalat | OneGLP,"Wegovy: Subaybayan ang routine na ito kasama ang dose history, timbang, sintomas, gana, larawan, paalala, at export sa isang pribadong app.",Wegovy,562,no,no,no,yes,1,no,no,no,54 alternates,58,improve-copy-keep-indexable
https://www.glpzy.app/fil/zepbound-tracker-iphone.html,fil/zepbound-tracker-iphone.html,fil,medicine,200,https://www.glpzy.app/fil/zepbound-tracker-iphone.html,index,yes,Zepbound — Mabilis na pag-log nang walang kalat | OneGLP,"Zepbound: Subaybayan ang routine na ito kasama ang dose history, timbang, sintomas, gana, larawan, paalala, at export sa isang pribadong app.",Zepbound,577,no,no,no,yes,1,no,no,no,54 alternates,57,improve-copy-keep-indexable
https://www.glpzy.app/foundayo-tracker-iphone.html,foundayo-tracker-iphone.html,root,commercial,200,https://www.glpzy.app/foundayo-tracker-iphone.html,index,yes,Foundayo tracker for iPhone and iPad | OneGLP,"Track Foundayo routines on iPhone and iPad with daily dose entry, reminders, notes, and local-first history in OneGLP.",Track Foundayo routines with a calmer daily workflow,558,no,no,yes,yes,1,no,yes,no,54 alternates,54,index
https://www.glpzy.app/fr/apple-health-glp-tracker.html,fr/apple-health-glp-tracker.html,fr,feature,200,https://www.glpzy.app/fr/apple-health-glp-tracker.html,index,yes,Contexte en lecture seule de Apple Health | OneGLP,"L'accès à Apple Health est facultatif et limité aux autorisations que vous accordez. OneGLP importe l'historique du poids corporel et de la taille, puis lit les résumés de la composition corporelle, des mouvements, de l'entraînement, des calories, des protéines et de l'eau en mode lecture seule. Rien n'est réécrit.",Contexte en lecture seule de Apple Health,621,no,no,no,yes,1,no,no,no,54 alternates,54,improve-copy-keep-indexable
https://www.glpzy.app/fr/compounded-glp-tracker-iphone.html,fr/compounded-glp-tracker-iphone.html,fr,commercial,200,https://www.glpzy.app/fr/compounded-glp-tracker-iphone.html,index,yes,Compounded​ — Enregistrement rapide sans encombrement | OneGLP,"Compounded​: Suivez cette routine avec historique des doses, poids, symptômes, appétit, photos, rappels et exports dans une seule app privée.",Compounded​,551,no,no,no,yes,1,no,no,no,54 alternates,56,index
https://www.glpzy.app/fr/custom-medication-tracker-iphone.html,fr/custom-medication-tracker-iphone.html,fr,commercial,200,https://www.glpzy.app/fr/custom-medication-tracker-iphone.html,index,yes,Personnalisé — Enregistrement rapide sans encombrement | OneGLP,"Personnalisé: Suivez cette routine avec historique des doses, poids, symptômes, appétit, photos, rappels et exports dans une seule app privée.",Personnalisé,563,no,no,no,yes,1,no,no,no,54 alternates,58,index
https://www.glpzy.app/fr/data-rights.html,fr/data-rights.html,fr,privacy,200,https://www.glpzy.app/fr/data-rights.html,index,yes,Historique des exportations | OneGLP,"OneGLP créera d'abord une sauvegarde de sécurité locale, puis remplacera les enregistrements locaux sur cet appareil.",Historique des exportations,482,no,no,no,yes,1,no,no,no,54 alternates,77,index
https://www.glpzy.app/fr/foundayo-tracker-iphone.html,fr/foundayo-tracker-iphone.html,fr,commercial,200,https://www.glpzy.app/fr/foundayo-tracker-iphone.html,index,yes,Foundayo — Enregistrement rapide sans encombrement | OneGLP,"Foundayo: Suivez cette routine avec historique des doses, poids, symptômes, appétit, photos, rappels et exports dans une seule app privée.",Foundayo,537,no,no,no,yes,1,no,no,no,54 alternates,55,index
https://www.glpzy.app/fr/glp1-weight-dose-symptom-tracker.html,fr/glp1-weight-dose-symptom-tracker.html,fr,commercial,200,https://www.glpzy.app/fr/glp1-weight-dose-symptom-tracker.html,index,yes,"Votre routine GLP-1, organisée sans encombrement | OneGLP","Consignez doses, poids, symptômes, appétit, photos, rappels et contexte Apple Health dans une seule app privée pour votre suivi personnel.","Votre routine GLP-1, organisée sans encombrement.",663,no,no,no,yes,1,no,no,no,54 alternates,54,index
https://www.glpzy.app/fr/glpzy-is-now-oneglp/,fr/glpzy-is-now-oneglp/index.html,fr,home,200,https://www.glpzy.app/fr/glpzy-is-now-oneglp/,index,yes,GLPzy s’appelle désormais OneGLP,GLPzy s’appelle désormais OneGLP. L’app et son développeur restent les mêmes. Vos données et achats Premium sont conservés. Découvrez ce changement de nom.,GLPzy s’appelle désormais OneGLP,262,no,no,no,yes,1,yes,yes,no,54 alternates,77,index
https://www.glpzy.app/fr/,fr/index.html,fr,home,200,https://www.glpzy.app/fr/,index,yes,"Votre routine GLP-1, organisée sans encombrement | OneGLP","Consignez doses, poids, symptômes, appétit, photos, rappels et contexte Apple Health dans une seule app privée pour votre suivi personnel.","Votre routine GLP-1, organisée sans encombrement.",1031,no,no,no,yes,1,yes,no,no,54 alternates,135,index
https://www.glpzy.app/fr/local-first-private-glp-tracker.html,fr/local-first-private-glp-tracker.html,fr,privacy,200,https://www.glpzy.app/fr/local-first-private-glp-tracker.html,index,yes,Privé par défaut. Exportable quand vous le choisissez | OneGLP,"Aucun compte n'est requis pour suivre les doses, le poids, les symptômes, les rappels ou les commandes.",Privé par défaut. Exportable quand vous le choisissez.,561,no,no,no,yes,1,no,no,no,54 alternates,54,index
https://www.glpzy.app/fr/medical-safety.html,fr/medical-safety.html,fr,trust,200,https://www.glpzy.app/fr/medical-safety.html,index,yes,Sécurité médicale | OneGLP,"OneGLP vous aide à garder une trace plus claire de ce qui s'est passé. Il ne diagnostique pas, ne prescrit pas et ne choisit pas votre dose.",Sécurité médicale,885,no,no,no,yes,1,no,no,no,54 alternates,78,index
https://www.glpzy.app/fr/methodology.html,fr/methodology.html,fr,trust,200,https://www.glpzy.app/fr/methodology.html,index,yes,Méthodologie | OneGLP,La tendance d’exposition estimée utilise l’heure des doses enregistrées ainsi qu’un modèle simplifié d’absorption et d’élimination uniquement pour le suivi personnel.,Méthodologie,900,no,no,no,yes,1,no,no,no,54 alternates,77,index
https://www.glpzy.app/fr/mounjaro-tracker-iphone.html,fr/mounjaro-tracker-iphone.html,fr,medicine,200,https://www.glpzy.app/fr/mounjaro-tracker-iphone.html,index,yes,Mounjaro — Enregistrement rapide sans encombrement | OneGLP,"Mounjaro: Suivez cette routine avec historique des doses, poids, symptômes, appétit, photos, rappels et exports dans une seule app privée.",Mounjaro,542,no,no,no,yes,1,no,no,no,54 alternates,57,improve-copy-keep-indexable
https://www.glpzy.app/fr/overview.html,fr/overview.html,fr,other,200,https://www.glpzy.app/fr/overview.html,index,yes,OneGLP — Politique de confidentialité · Sécurité médicale · Soutien,"Passez en revue la portée de l’assistance, les contacts en matière de confidentialité et les conseils non urgents.",OneGLP,493,no,no,no,yes,1,no,no,no,54 alternates,54,index
https://www.glpzy.app/fr/ozempic-tracker-iphone.html,fr/ozempic-tracker-iphone.html,fr,commercial,200,https://www.glpzy.app/fr/ozempic-tracker-iphone.html,index,yes,Ozempic — Enregistrement rapide sans encombrement | OneGLP,"Ozempic: Suivez cette routine avec historique des doses, poids, symptômes, appétit, photos, rappels et exports dans une seule app privée.",Ozempic,539,no,no,no,yes,1,no,no,no,54 alternates,58,index
https://www.glpzy.app/fr/privacy.html,fr/privacy.html,fr,privacy,200,https://www.glpzy.app/fr/privacy.html,index,yes,Privé par défaut. Exportable quand vous le choisissez | OneGLP,"Aucun compte n'est requis pour suivre les doses, le poids, les symptômes, les rappels ou les commandes.",Privé par défaut. Exportable quand vous le choisissez.,561,no,no,no,yes,1,no,no,no,54 alternates,116,index
https://www.glpzy.app/fr/rybelsus-tracker-iphone.html,fr/rybelsus-tracker-iphone.html,fr,commercial,200,https://www.glpzy.app/fr/rybelsus-tracker-iphone.html,index,yes,Rybelsus — Enregistrement rapide sans encombrement | OneGLP,"Rybelsus: Suivez cette routine avec historique des doses, poids, symptômes, appétit, photos, rappels et exports dans une seule app privée.",Rybelsus,539,no,no,no,yes,1,no,no,no,54 alternates,58,index
https://www.glpzy.app/fr/saxenda-tracker-iphone.html,fr/saxenda-tracker-iphone.html,fr,commercial,200,https://www.glpzy.app/fr/saxenda-tracker-iphone.html,index,yes,Saxenda — Enregistrement rapide sans encombrement | OneGLP,"Saxenda: Suivez cette routine avec historique des doses, poids, symptômes, appétit, photos, rappels et exports dans une seule app privée.",Saxenda,535,no,no,no,yes,1,no,no,no,54 alternates,56,index
https://www.glpzy.app/fr/semaglutide-tracker-iphone.html,fr/semaglutide-tracker-iphone.html,fr,ingredient,200,https://www.glpzy.app/fr/semaglutide-tracker-iphone.html,index,yes,Semaglutide — Enregistrement rapide sans encombrement | OneGLP,"Semaglutide: Suivez cette routine avec historique des doses, poids, symptômes, appétit, photos, rappels et exports dans une seule app privée.",Semaglutide,547,no,no,no,yes,1,no,no,no,54 alternates,60,improve-copy-keep-indexable
https://www.glpzy.app/fr/support.html,fr/support.html,fr,trust,200,https://www.glpzy.app/fr/support.html,index,yes,Soutien | OneGLP,"Passez en revue la portée de l’assistance, les contacts en matière de confidentialité et les conseils non urgents.",Soutien,522,no,no,no,yes,1,no,no,no,54 alternates,103,index
https://www.glpzy.app/fr/terms.html,fr/terms.html,fr,trust,200,https://www.glpzy.app/fr/terms.html,index,yes,Conditions d'utilisation | OneGLP,"Les prix, la période de facturation et tous les détails de l'offre de lancement sont affichés sur votre compte App Store avant l'achat. Gérez ou annulez dans les paramètres App Store.",Conditions d'utilisation,551,no,no,no,yes,1,no,no,no,54 alternates,77,index
https://www.glpzy.app/fr/tirzepatide-tracker-iphone.html,fr/tirzepatide-tracker-iphone.html,fr,ingredient,200,https://www.glpzy.app/fr/tirzepatide-tracker-iphone.html,index,yes,Tirzepatide — Enregistrement rapide sans encombrement | OneGLP,"Tirzepatide: Suivez cette routine avec historique des doses, poids, symptômes, appétit, photos, rappels et exports dans une seule app privée.",Tirzepatide,546,no,no,no,yes,1,no,no,no,54 alternates,59,improve-copy-keep-indexable
https://www.glpzy.app/fr/trulicity-tracker-iphone.html,fr/trulicity-tracker-iphone.html,fr,commercial,200,https://www.glpzy.app/fr/trulicity-tracker-iphone.html,index,yes,Trulicity — Enregistrement rapide sans encombrement | OneGLP,"Trulicity: Suivez cette routine avec historique des doses, poids, symptômes, appétit, photos, rappels et exports dans une seule app privée.",Trulicity,533,no,no,no,yes,1,no,no,no,54 alternates,55,index
https://www.glpzy.app/fr/victoza-tracker-iphone.html,fr/victoza-tracker-iphone.html,fr,commercial,200,https://www.glpzy.app/fr/victoza-tracker-iphone.html,index,yes,Victoza — Enregistrement rapide sans encombrement | OneGLP,"Victoza: Suivez cette routine avec historique des doses, poids, symptômes, appétit, photos, rappels et exports dans une seule app privée.",Victoza,535,no,no,no,yes,1,no,no,no,54 alternates,56,index
https://www.glpzy.app/fr/wegovy-tracker-iphone.html,fr/wegovy-tracker-iphone.html,fr,medicine,200,https://www.glpzy.app/fr/wegovy-tracker-iphone.html,index,yes,Wegovy — Enregistrement rapide sans encombrement | OneGLP,"Wegovy: Suivez cette routine avec historique des doses, poids, symptômes, appétit, photos, rappels et exports dans une seule app privée.",Wegovy,547,no,no,no,yes,1,no,no,no,54 alternates,58,improve-copy-keep-indexable
https://www.glpzy.app/fr/zepbound-tracker-iphone.html,fr/zepbound-tracker-iphone.html,fr,medicine,200,https://www.glpzy.app/fr/zepbound-tracker-iphone.html,index,yes,Zepbound — Enregistrement rapide sans encombrement | OneGLP,"Zepbound: Suivez cette routine avec historique des doses, poids, symptômes, appétit, photos, rappels et exports dans une seule app privée.",Zepbound,552,no,no,no,yes,1,no,no,no,54 alternates,57,improve-copy-keep-indexable
https://www.glpzy.app/fr-ca/apple-health-glp-tracker.html,fr-ca/apple-health-glp-tracker.html,fr-ca,feature,200,https://www.glpzy.app/fr-ca/apple-health-glp-tracker.html,index,yes,Contexte en lecture seule de Apple Health | OneGLP,"L'accès à Apple Health est facultatif et limité aux autorisations que vous accordez. OneGLP importe l'historique du poids corporel et de la taille, puis lit les résumés de la composition corporelle, des mouvements, de l'entraînement, des calories, des protéines et de l'eau en mode lecture seule. Rien n'est réécrit.",Contexte en lecture seule de Apple Health,550,no,no,no,yes,1,no,no,no,54 alternates,54,improve-copy-keep-indexable
https://www.glpzy.app/fr-ca/compounded-glp-tracker-iphone.html,fr-ca/compounded-glp-tracker-iphone.html,fr-ca,commercial,200,https://www.glpzy.app/fr-ca/compounded-glp-tracker-iphone.html,index,yes,Compounded​ — Enregistrement rapide sans encombrement | OneGLP,"Compounded​: Suivez cette routine avec historique des doses, poids, symptômes, appétit, photos, rappels et exportations dans une seule app privée.",Compounded​,540,no,no,no,yes,1,no,no,no,54 alternates,56,index
https://www.glpzy.app/fr-ca/custom-medication-tracker-iphone.html,fr-ca/custom-medication-tracker-iphone.html,fr-ca,commercial,200,https://www.glpzy.app/fr-ca/custom-medication-tracker-iphone.html,index,yes,Personnalisé — Enregistrement rapide sans encombrement | OneGLP,"Personnalisé: Suivez cette routine avec historique des doses, poids, symptômes, appétit, photos, rappels et exportations dans une seule app privée.",Personnalisé,554,no,no,no,yes,1,no,no,no,54 alternates,58,index
https://www.glpzy.app/fr-ca/data-rights.html,fr-ca/data-rights.html,fr-ca,privacy,200,https://www.glpzy.app/fr-ca/data-rights.html,index,yes,Historique des exportations | OneGLP,"OneGLP créera d'abord une sauvegarde de sécurité locale, puis remplacera les enregistrements locaux sur cet appareil.",Historique des exportations,438,no,no,no,yes,1,no,no,no,54 alternates,77,index
https://www.glpzy.app/fr-ca/foundayo-tracker-iphone.html,fr-ca/foundayo-tracker-iphone.html,fr-ca,commercial,200,https://www.glpzy.app/fr-ca/foundayo-tracker-iphone.html,index,yes,Foundayo — Enregistrement rapide sans encombrement | OneGLP,"Foundayo: Suivez cette routine avec historique des doses, poids, symptômes, appétit, photos, rappels et exportations dans une seule app privée.",Foundayo,529,no,no,no,yes,1,no,no,no,54 alternates,55,index
https://www.glpzy.app/fr-ca/glp1-weight-dose-symptom-tracker.html,fr-ca/glp1-weight-dose-symptom-tracker.html,fr-ca,commercial,200,https://www.glpzy.app/fr-ca/glp1-weight-dose-symptom-tracker.html,index,yes,"Votre routine GLP-1, organisée sans encombrement | OneGLP","Consignez doses, poids, symptômes, appétit, photos, rappels et contexte Apple Health dans une seule app privée pour votre suivi personnel.","Votre routine GLP-1, organisée sans encombrement.",628,no,no,no,yes,1,no,no,no,54 alternates,54,index
https://www.glpzy.app/fr-ca/glpzy-is-now-oneglp/,fr-ca/glpzy-is-now-oneglp/index.html,fr-ca,home,200,https://www.glpzy.app/fr-ca/glpzy-is-now-oneglp/,index,yes,GLPzy s’appelle désormais OneGLP,"GLPzy s’appelle désormais OneGLP. L’app, son développeur, vos données et vos achats Premium restent les mêmes.",GLPzy s’appelle désormais OneGLP,212,no,no,no,yes,1,yes,yes,no,54 alternates,77,index
https://www.glpzy.app/fr-ca/,fr-ca/index.html,fr-ca,home,200,https://www.glpzy.app/fr-ca/,index,yes,"Votre routine GLP-1, organisée sans encombrement | OneGLP","Consignez doses, poids, symptômes, appétit, photos, rappels et contexte Apple Health dans une seule app privée pour votre suivi personnel.","Votre routine GLP-1, organisée sans encombrement.",883,no,no,no,yes,1,yes,no,no,54 alternates,135,index
https://www.glpzy.app/fr-ca/local-first-private-glp-tracker.html,fr-ca/local-first-private-glp-tracker.html,fr-ca,privacy,200,https://www.glpzy.app/fr-ca/local-first-private-glp-tracker.html,index,yes,Privé par défaut. Exportable quand vous le choisissez | OneGLP,"Aucun compte n'est requis pour suivre les doses, le poids, les symptômes, les rappels ou les commandes.",Privé par défaut. Exportable quand vous le choisissez.,535,no,no,no,yes,1,no,no,no,54 alternates,54,index
https://www.glpzy.app/fr-ca/medical-safety.html,fr-ca/medical-safety.html,fr-ca,trust,200,https://www.glpzy.app/fr-ca/medical-safety.html,index,yes,Sécurité médicale | OneGLP,"OneGLP vous aide à garder une trace plus claire de ce qui s'est passé. Il ne diagnostique pas, ne prescrit pas et ne choisit pas votre dose.",Sécurité médicale,884,no,no,no,yes,1,no,no,no,54 alternates,78,index
https://www.glpzy.app/fr-ca/methodology.html,fr-ca/methodology.html,fr-ca,trust,200,https://www.glpzy.app/fr-ca/methodology.html,index,yes,Méthodologie | OneGLP,La tendance d’exposition estimée utilise l’heure des doses enregistrées ainsi qu’un modèle simplifié d’absorption et d’élimination uniquement pour le suivi personnel.,Méthodologie,899,no,no,no,yes,1,no,no,no,54 alternates,77,index
https://www.glpzy.app/fr-ca/mounjaro-tracker-iphone.html,fr-ca/mounjaro-tracker-iphone.html,fr-ca,medicine,200,https://www.glpzy.app/fr-ca/mounjaro-tracker-iphone.html,index,yes,Mounjaro — Enregistrement rapide sans encombrement | OneGLP,"Mounjaro: Suivez cette routine avec historique des doses, poids, symptômes, appétit, photos, rappels et exportations dans une seule app privée.",Mounjaro,534,no,no,no,yes,1,no,no,no,54 alternates,57,improve-copy-keep-indexable
https://www.glpzy.app/fr-ca/overview.html,fr-ca/overview.html,fr-ca,other,200,https://www.glpzy.app/fr-ca/overview.html,index,yes,OneGLP — Politique de confidentialité · Sécurité médicale · Soutien,"Passez en revue la portée de l’assistance, les contacts en matière de confidentialité et les conseils non urgents.",OneGLP,484,no,no,no,yes,1,no,no,no,54 alternates,54,index
https://www.glpzy.app/fr-ca/ozempic-tracker-iphone.html,fr-ca/ozempic-tracker-iphone.html,fr-ca,commercial,200,https://www.glpzy.app/fr-ca/ozempic-tracker-iphone.html,index,yes,Ozempic — Enregistrement rapide sans encombrement | OneGLP,"Ozempic: Suivez cette routine avec historique des doses, poids, symptômes, appétit, photos, rappels et exportations dans une seule app privée.",Ozempic,531,no,no,no,yes,1,no,no,no,54 alternates,58,index
https://www.glpzy.app/fr-ca/privacy.html,fr-ca/privacy.html,fr-ca,privacy,200,https://www.glpzy.app/fr-ca/privacy.html,index,yes,Privé par défaut. Exportable quand vous le choisissez | OneGLP,"Aucun compte n'est requis pour suivre les doses, le poids, les symptômes, les rappels ou les commandes.",Privé par défaut. Exportable quand vous le choisissez.,535,no,no,no,yes,1,no,no,no,54 alternates,116,index
https://www.glpzy.app/fr-ca/rybelsus-tracker-iphone.html,fr-ca/rybelsus-tracker-iphone.html,fr-ca,commercial,200,https://www.glpzy.app/fr-ca/rybelsus-tracker-iphone.html,index,yes,Rybelsus — Enregistrement rapide sans encombrement | OneGLP,"Rybelsus: Suivez cette routine avec historique des doses, poids, symptômes, appétit, photos, rappels et exportations dans une seule app privée.",Rybelsus,531,no,no,no,yes,1,no,no,no,54 alternates,58,index
https://www.glpzy.app/fr-ca/saxenda-tracker-iphone.html,fr-ca/saxenda-tracker-iphone.html,fr-ca,commercial,200,https://www.glpzy.app/fr-ca/saxenda-tracker-iphone.html,index,yes,Saxenda — Enregistrement rapide sans encombrement | OneGLP,"Saxenda: Suivez cette routine avec historique des doses, poids, symptômes, appétit, photos, rappels et exportations dans une seule app privée.",Saxenda,527,no,no,no,yes,1,no,no,no,54 alternates,56,index
https://www.glpzy.app/fr-ca/semaglutide-tracker-iphone.html,fr-ca/semaglutide-tracker-iphone.html,fr-ca,ingredient,200,https://www.glpzy.app/fr-ca/semaglutide-tracker-iphone.html,index,yes,Semaglutide — Enregistrement rapide sans encombrement | OneGLP,"Semaglutide: Suivez cette routine avec historique des doses, poids, symptômes, appétit, photos, rappels et exportations dans une seule app privée.",Semaglutide,539,no,no,no,yes,1,no,no,no,54 alternates,60,improve-copy-keep-indexable
https://www.glpzy.app/fr-ca/support.html,fr-ca/support.html,fr-ca,trust,200,https://www.glpzy.app/fr-ca/support.html,index,yes,Soutien | OneGLP,"Passez en revue la portée de l’assistance, les contacts en matière de confidentialité et les conseils non urgents.",Soutien,522,no,no,no,yes,1,no,no,no,54 alternates,103,index
https://www.glpzy.app/fr-ca/terms.html,fr-ca/terms.html,fr-ca,trust,200,https://www.glpzy.app/fr-ca/terms.html,index,yes,Conditions d'utilisation | OneGLP,"Les prix, la période de facturation et tous les détails de l'offre de lancement sont affichés dans votre compte App Store avant l'achat. Gérez ou annulez dans les paramètres App Store.",Conditions d'utilisation,551,no,no,no,yes,1,no,no,no,54 alternates,77,index
https://www.glpzy.app/fr-ca/tirzepatide-tracker-iphone.html,fr-ca/tirzepatide-tracker-iphone.html,fr-ca,ingredient,200,https://www.glpzy.app/fr-ca/tirzepatide-tracker-iphone.html,index,yes,Tirzepatide — Enregistrement rapide sans encombrement | OneGLP,"Tirzepatide: Suivez cette routine avec historique des doses, poids, symptômes, appétit, photos, rappels et exportations dans une seule app privée.",Tirzepatide,538,no,no,no,yes,1,no,no,no,54 alternates,59,improve-copy-keep-indexable
https://www.glpzy.app/fr-ca/trulicity-tracker-iphone.html,fr-ca/trulicity-tracker-iphone.html,fr-ca,commercial,200,https://www.glpzy.app/fr-ca/trulicity-tracker-iphone.html,index,yes,Trulicity — Enregistrement rapide sans encombrement | OneGLP,"Trulicity: Suivez cette routine avec historique des doses, poids, symptômes, appétit, photos, rappels et exportations dans une seule app privée.",Trulicity,525,no,no,no,yes,1,no,no,no,54 alternates,55,index
https://www.glpzy.app/fr-ca/victoza-tracker-iphone.html,fr-ca/victoza-tracker-iphone.html,fr-ca,commercial,200,https://www.glpzy.app/fr-ca/victoza-tracker-iphone.html,index,yes,Victoza — Enregistrement rapide sans encombrement | OneGLP,"Victoza: Suivez cette routine avec historique des doses, poids, symptômes, appétit, photos, rappels et exportations dans une seule app privée.",Victoza,527,no,no,no,yes,1,no,no,no,54 alternates,56,index
https://www.glpzy.app/fr-ca/wegovy-tracker-iphone.html,fr-ca/wegovy-tracker-iphone.html,fr-ca,medicine,200,https://www.glpzy.app/fr-ca/wegovy-tracker-iphone.html,index,yes,Wegovy — Enregistrement rapide sans encombrement | OneGLP,"Wegovy: Suivez cette routine avec historique des doses, poids, symptômes, appétit, photos, rappels et exportations dans une seule app privée.",Wegovy,539,no,no,no,yes,1,no,no,no,54 alternates,58,improve-copy-keep-indexable
https://www.glpzy.app/fr-ca/zepbound-tracker-iphone.html,fr-ca/zepbound-tracker-iphone.html,fr-ca,medicine,200,https://www.glpzy.app/fr-ca/zepbound-tracker-iphone.html,index,yes,Zepbound — Enregistrement rapide sans encombrement | OneGLP,"Zepbound: Suivez cette routine avec historique des doses, poids, symptômes, appétit, photos, rappels et exportations dans une seule app privée.",Zepbound,544,no,no,no,yes,1,no,no,no,54 alternates,57,improve-copy-keep-indexable
https://www.glpzy.app/free-lifetime/,free-lifetime/index.html,root,home,200,https://www.glpzy.app/free-lifetime/,index,yes,OneGLP Premium offer | OneGLP,See the current OneGLP Lifetime Premium offer status and download the private GLP-1 tracker for iPhone. No account required.,Lifetime Premium is free until 31 December 2026,506,no,no,no,yes,1,no,yes,no,2 alternates,1,index
https://www.glpzy.app/glp1-dose-reminder-app.html,glp1-dose-reminder-app.html,root,feature,200,https://www.glpzy.app/glp1-dose-reminder-app.html,index,yes,GLP-1 dose reminder app for iPhone | OneGLP,"Track GLP-1 dose dates, next dose reminders, last dose history, injection sites, weight, symptoms and notes privately on iPhone.",GLP-1 dose reminder app for iPhone,783,yes,yes,yes,yes,5,yes,yes,yes,2 alternates,15,index
https://www.glpzy.app/glp1-progress-photo-tracker.html,glp1-progress-photo-tracker.html,root,feature,200,https://www.glpzy.app/glp1-progress-photo-tracker.html,index,yes,GLP-1 progress photo tracker app | OneGLP,"Track GLP-1 progress photos, weight, doses, symptoms and milestones privately on iPhone with OneGLP photo comparison tools.",GLP-1 progress photo tracker,782,yes,yes,yes,yes,4,yes,yes,yes,2 alternates,14,index
https://www.glpzy.app/glp1-side-effect-symptom-tracker.html,glp1-side-effect-symptom-tracker.html,root,feature,200,https://www.glpzy.app/glp1-side-effect-symptom-tracker.html,index,yes,GLP-1 side effect and symptom tracker app | OneGLP,"Track GLP-1 symptoms, side-effect notes, doses, weight, appetite, nutrition and progress photos privately on iPhone with OneGLP.",GLP-1 side effect and symptom tracker,759,yes,yes,yes,yes,4,yes,yes,yes,2 alternates,14,index
https://www.glpzy.app/glp1-weight-dose-symptom-tracker.html,glp1-weight-dose-symptom-tracker.html,root,commercial,200,https://www.glpzy.app/glp1-weight-dose-symptom-tracker.html,index,yes,GLP-1 tracker app for iPhone | OneGLP,"Track GLP-1 doses, reminders, injection sites, weight, symptoms, appetite, nutrition, photos and optional read-only Apple Health context privately on iPhone.",GLP-1 tracker app for iPhone,1108,yes,yes,yes,yes,5,yes,yes,yes,54 alternates,75,index
https://www.glpzy.app/glp1-weight-tracker.html,glp1-weight-tracker.html,root,feature,200,https://www.glpzy.app/glp1-weight-tracker.html,index,yes,GLP-1 weight tracker app for iPhone | OneGLP,"Track GLP-1 weight history, dose records, symptoms, photos and optional read-only Apple Health context privately on iPhone.",GLP-1 weight tracker app for iPhone,775,yes,yes,yes,yes,4,yes,yes,yes,2 alternates,17,index
https://www.glpzy.app/glpzy-is-now-oneglp/,glpzy-is-now-oneglp/index.html,root,home,200,https://www.glpzy.app/glpzy-is-now-oneglp/,index,yes,GLPzy is now OneGLP,"GLPzy is now OneGLP. Same app and developer, with your existing records and Premium purchases retained. Learn about the name change.",GLPzy is now OneGLP,236,no,no,no,yes,1,yes,yes,no,54 alternates,109,index
https://www.glpzy.app/gu/apple-health-glp-tracker.html,gu/apple-health-glp-tracker.html,gu,feature,200,https://www.glpzy.app/gu/apple-health-glp-tracker.html,index,yes,Apple Health માંથી ફક્ત વાંચવા માટેનો સંદર્ભ | OneGLP,"Apple Health ઍક્સેસ વૈકલ્પિક છે અને તમે આપેલી પરવાનગીઓ સુધી મર્યાદિત છે. OneGLP શરીરના વજનનો ઈતિહાસ અને ઊંચાઈ આયાત કરે છે, પછી શરીરની રચના, ઊંઘ, હલનચલન, વર્કઆઉટ, કેલરી, પ્રોટીન અને પાણીના સારાંશ ફક્ત વાંચવા માટેના મોડમાં વાંચે છે. પાછું કશું લખાયું નથી.",Apple Health માંથી ફક્ત વાંચવા માટેનો સંદર્ભ,781,no,no,no,yes,1,no,no,no,54 alternates,54,improve-copy-keep-indexable
https://www.glpzy.app/gu/compounded-glp-tracker-iphone.html,gu/compounded-glp-tracker-iphone.html,gu,commercial,200,https://www.glpzy.app/gu/compounded-glp-tracker-iphone.html,index,yes,સંયોજન — ક્લટર વગર ઝડપી લોગીંગ | OneGLP,"સંયોજન: એક ખાનગી એપમાં ડોઝ ઇતિહાસ, વજન, લક્ષણો, ભૂખ, ફોટા, યાદ અપાવણીઓ અને નિકાસ સાથે આ રૂટિન ટ્રૅક કરો.",સંયોજન,769,no,no,no,yes,1,no,no,no,54 alternates,56,index
https://www.glpzy.app/gu/custom-medication-tracker-iphone.html,gu/custom-medication-tracker-iphone.html,gu,commercial,200,https://www.glpzy.app/gu/custom-medication-tracker-iphone.html,index,yes,કસ્ટમ — ક્લટર વગર ઝડપી લોગીંગ | OneGLP,"કસ્ટમ: એક ખાનગી એપમાં ડોઝ ઇતિહાસ, વજન, લક્ષણો, ભૂખ, ફોટા, યાદ અપાવણીઓ અને નિકાસ સાથે આ રૂટિન ટ્રૅક કરો.",કસ્ટમ,782,no,no,no,yes,1,no,no,no,54 alternates,58,index
https://www.glpzy.app/gu/data-rights.html,gu/data-rights.html,gu,privacy,200,https://www.glpzy.app/gu/data-rights.html,index,yes,નિકાસ ઇતિહાસ | OneGLP,"OneGLP પ્રથમ સ્થાનિક સુરક્ષા બેકઅપ બનાવશે, પછી આ ઉપકરણ પર સ્થાનિક રેકોર્ડ્સને બદલશે.",નિકાસ ઇતિહાસ,616,no,no,no,yes,1,no,no,no,54 alternates,77,index
https://www.glpzy.app/gu/foundayo-tracker-iphone.html,gu/foundayo-tracker-iphone.html,gu,commercial,200,https://www.glpzy.app/gu/foundayo-tracker-iphone.html,index,yes,Foundayo — ક્લટર વગર ઝડપી લોગીંગ | OneGLP,"Foundayo: એક ખાનગી એપમાં ડોઝ ઇતિહાસ, વજન, લક્ષણો, ભૂખ, ફોટા, યાદ અપાવણીઓ અને નિકાસ સાથે આ રૂટિન ટ્રૅક કરો.",Foundayo,741,no,no,no,yes,1,no,no,no,54 alternates,55,index
https://www.glpzy.app/gu/glp1-weight-dose-symptom-tracker.html,gu/glp1-weight-dose-symptom-tracker.html,gu,commercial,200,https://www.glpzy.app/gu/glp1-weight-dose-symptom-tracker.html,index,yes,"તમારી GLP-1 રૂટિન, ગોઠવેલી અને બિનજરૂરી ગૂંચવણ વિના | OneGLP","વ્યક્તિગત સમીક્ષા માટે એક ખાનગી એપમાં ડોઝ, વજન, લક્ષણો, ભૂખ, ફોટા, યાદ અપાવણીઓ અને Apple Health સંદર્ભ નોંધો.","તમારી GLP-1 રૂટિન, ગોઠવેલી અને બિનજરૂરી ગૂંચવણ વિના.",939,no,no,no,yes,1,no,no,no,54 alternates,54,index
https://www.glpzy.app/gu/glpzy-is-now-oneglp/,gu/glpzy-is-now-oneglp/index.html,gu,home,200,https://www.glpzy.app/gu/glpzy-is-now-oneglp/,index,yes,GLPzyનું નવું નામ OneGLP છે,GLPzy હવે OneGLP છે. ઍપ અને ડેવલપર એ જ છે. તમારા અગાઉના રેકોર્ડ અને Premiumની ખરીદીઓ જળવાઈ રહેશે.,GLPzyનું નવું નામ OneGLP છે,279,no,no,no,yes,1,yes,yes,no,54 alternates,77,index
https://www.glpzy.app/gu/,gu/index.html,gu,home,200,https://www.glpzy.app/gu/,index,yes,"તમારી GLP-1 રૂટિન, ગોઠવેલી અને બિનજરૂરી ગૂંચવણ વિના | OneGLP","વ્યક્તિગત સમીક્ષા માટે એક ખાનગી એપમાં ડોઝ, વજન, લક્ષણો, ભૂખ, ફોટા, યાદ અપાવણીઓ અને Apple Health સંદર્ભ નોંધો.","તમારી GLP-1 રૂટિન, ગોઠવેલી અને બિનજરૂરી ગૂંચવણ વિના.",1342,no,no,no,yes,1,yes,no,no,54 alternates,135,index
https://www.glpzy.app/gu/local-first-private-glp-tracker.html,gu/local-first-private-glp-tracker.html,gu,privacy,200,https://www.glpzy.app/gu/local-first-private-glp-tracker.html,index,yes,મૂળભૂત રીતે ખાનગી. તમે પસંદ કરો ત્યારે નિકાસ કરી શકાય તેવી | OneGLP,"ડોઝ, વજન, લક્ષણો, રીમાઇન્ડર્સ અથવા ઓર્ડરને ટ્રૅક કરવા માટે કોઈ એકાઉન્ટની જરૂર નથી.",મૂળભૂત રીતે ખાનગી. તમે પસંદ કરો ત્યારે નિકાસ કરી શકાય તેવી.,779,no,no,no,yes,1,no,no,no,54 alternates,54,index
https://www.glpzy.app/gu/medical-safety.html,gu/medical-safety.html,gu,trust,200,https://www.glpzy.app/gu/medical-safety.html,index,yes,તબીબી સલામતી | OneGLP,"OneGLP તમને શું થયું તેનો સ્પષ્ટ રેકોર્ડ રાખવામાં મદદ કરે છે. તે તમારા ડોઝનું નિદાન, સૂચન અથવા પસંદગી કરતું નથી.",તબીબી સલામતી,1308,no,no,no,yes,1,no,no,no,54 alternates,78,index
https://www.glpzy.app/gu/methodology.html,gu/methodology.html,gu,trust,200,https://www.glpzy.app/gu/methodology.html,index,yes,પદ્ધતિ | OneGLP,અંદાજિત એક્સપોઝર ટ્રેન્ડ માત્ર વ્યક્તિગત ટ્રેકિંગ માટે લોગ કરેલ ડોઝ ટાઇમિંગ વત્તા એક સરળ શોષણ-અને-નાબૂદી મોડેલનો ઉપયોગ કરે છે.,પદ્ધતિ,1363,no,no,no,yes,1,no,no,no,54 alternates,77,index
https://www.glpzy.app/gu/mounjaro-tracker-iphone.html,gu/mounjaro-tracker-iphone.html,gu,medicine,200,https://www.glpzy.app/gu/mounjaro-tracker-iphone.html,index,yes,Mounjaro — ક્લટર વગર ઝડપી લોગીંગ | OneGLP,"Mounjaro: એક ખાનગી એપમાં ડોઝ ઇતિહાસ, વજન, લક્ષણો, ભૂખ, ફોટા, યાદ અપાવણીઓ અને નિકાસ સાથે આ રૂટિન ટ્રૅક કરો.",Mounjaro,775,no,no,no,yes,1,no,no,no,54 alternates,57,improve-copy-keep-indexable
https://www.glpzy.app/gu/overview.html,gu/overview.html,gu,other,200,https://www.glpzy.app/gu/overview.html,index,yes,OneGLP — ગોપનીયતા નીતિ · તબીબી સલામતી · આધાર,"સપોર્ટ સ્કોપ, ગોપનીયતા સંપર્કો અને બિન-ઇમરજન્સી માર્ગદર્શનની સમીક્ષા કરો.",OneGLP,679,no,no,no,yes,1,no,no,no,54 alternates,54,index
https://www.glpzy.app/gu/ozempic-tracker-iphone.html,gu/ozempic-tracker-iphone.html,gu,commercial,200,https://www.glpzy.app/gu/ozempic-tracker-iphone.html,index,yes,Ozempic — ક્લટર વગર ઝડપી લોગીંગ | OneGLP,"Ozempic: એક ખાનગી એપમાં ડોઝ ઇતિહાસ, વજન, લક્ષણો, ભૂખ, ફોટા, યાદ અપાવણીઓ અને નિકાસ સાથે આ રૂટિન ટ્રૅક કરો.",Ozempic,762,no,no,no,yes,1,no,no,no,54 alternates,58,index
https://www.glpzy.app/gu/privacy.html,gu/privacy.html,gu,privacy,200,https://www.glpzy.app/gu/privacy.html,index,yes,મૂળભૂત રીતે ખાનગી. તમે પસંદ કરો ત્યારે નિકાસ કરી શકાય તેવી | OneGLP,"ડોઝ, વજન, લક્ષણો, રીમાઇન્ડર્સ અથવા ઓર્ડરને ટ્રૅક કરવા માટે કોઈ એકાઉન્ટની જરૂર નથી.",મૂળભૂત રીતે ખાનગી. તમે પસંદ કરો ત્યારે નિકાસ કરી શકાય તેવી.,779,no,no,no,yes,1,no,no,no,54 alternates,116,index
https://www.glpzy.app/gu/rybelsus-tracker-iphone.html,gu/rybelsus-tracker-iphone.html,gu,commercial,200,https://www.glpzy.app/gu/rybelsus-tracker-iphone.html,index,yes,Rybelsus — ક્લટર વગર ઝડપી લોગીંગ | OneGLP,"Rybelsus: એક ખાનગી એપમાં ડોઝ ઇતિહાસ, વજન, લક્ષણો, ભૂખ, ફોટા, યાદ અપાવણીઓ અને નિકાસ સાથે આ રૂટિન ટ્રૅક કરો.",Rybelsus,742,no,no,no,yes,1,no,no,no,54 alternates,58,index
https://www.glpzy.app/gu/saxenda-tracker-iphone.html,gu/saxenda-tracker-iphone.html,gu,commercial,200,https://www.glpzy.app/gu/saxenda-tracker-iphone.html,index,yes,Saxenda — ક્લટર વગર ઝડપી લોગીંગ | OneGLP,"Saxenda: એક ખાનગી એપમાં ડોઝ ઇતિહાસ, વજન, લક્ષણો, ભૂખ, ફોટા, યાદ અપાવણીઓ અને નિકાસ સાથે આ રૂટિન ટ્રૅક કરો.",Saxenda,744,no,no,no,yes,1,no,no,no,54 alternates,56,index
https://www.glpzy.app/gu/semaglutide-tracker-iphone.html,gu/semaglutide-tracker-iphone.html,gu,ingredient,200,https://www.glpzy.app/gu/semaglutide-tracker-iphone.html,index,yes,Semaglutide — ક્લટર વગર ઝડપી લોગીંગ | OneGLP,"Semaglutide: એક ખાનગી એપમાં ડોઝ ઇતિહાસ, વજન, લક્ષણો, ભૂખ, ફોટા, યાદ અપાવણીઓ અને નિકાસ સાથે આ રૂટિન ટ્રૅક કરો.",Semaglutide,771,no,no,no,yes,1,no,no,no,54 alternates,60,improve-copy-keep-indexable
https://www.glpzy.app/gu/support.html,gu/support.html,gu,trust,200,https://www.glpzy.app/gu/support.html,index,yes,આધાર | OneGLP,"સપોર્ટ સ્કોપ, ગોપનીયતા સંપર્કો અને બિન-ઇમરજન્સી માર્ગદર્શનની સમીક્ષા કરો.",આધાર,725,no,no,no,yes,1,no,no,no,54 alternates,103,index
https://www.glpzy.app/gu/terms.html,gu/terms.html,gu,trust,200,https://www.glpzy.app/gu/terms.html,index,yes,ઉપયોગની શરતો | OneGLP,"કિંમત, બિલિંગ અવધિ અને કોઈપણ પ્રારંભિક ઑફરની વિગતો ખરીદી પહેલાં તમારા App Store એકાઉન્ટમાંથી બતાવવામાં આવે છે. App Store સેટિંગ્સમાં મેનેજ કરો અથવા રદ કરો.",ઉપયોગની શરતો,791,no,no,no,yes,1,no,no,no,54 alternates,77,index
https://www.glpzy.app/gu/tirzepatide-tracker-iphone.html,gu/tirzepatide-tracker-iphone.html,gu,ingredient,200,https://www.glpzy.app/gu/tirzepatide-tracker-iphone.html,index,yes,Tirzepatide — ક્લટર વગર ઝડપી લોગીંગ | OneGLP,"Tirzepatide: એક ખાનગી એપમાં ડોઝ ઇતિહાસ, વજન, લક્ષણો, ભૂખ, ફોટા, યાદ અપાવણીઓ અને નિકાસ સાથે આ રૂટિન ટ્રૅક કરો.",Tirzepatide,790,no,no,no,yes,1,no,no,no,54 alternates,59,improve-copy-keep-indexable
https://www.glpzy.app/gu/trulicity-tracker-iphone.html,gu/trulicity-tracker-iphone.html,gu,commercial,200,https://www.glpzy.app/gu/trulicity-tracker-iphone.html,index,yes,Trulicity — ક્લટર વગર ઝડપી લોગીંગ | OneGLP,"Trulicity: એક ખાનગી એપમાં ડોઝ ઇતિહાસ, વજન, લક્ષણો, ભૂખ, ફોટા, યાદ અપાવણીઓ અને નિકાસ સાથે આ રૂટિન ટ્રૅક કરો.",Trulicity,746,no,no,no,yes,1,no,no,no,54 alternates,55,index
https://www.glpzy.app/gu/victoza-tracker-iphone.html,gu/victoza-tracker-iphone.html,gu,commercial,200,https://www.glpzy.app/gu/victoza-tracker-iphone.html,index,yes,Victoza — ક્લટર વગર ઝડપી લોગીંગ | OneGLP,"Victoza: એક ખાનગી એપમાં ડોઝ ઇતિહાસ, વજન, લક્ષણો, ભૂખ, ફોટા, યાદ અપાવણીઓ અને નિકાસ સાથે આ રૂટિન ટ્રૅક કરો.",Victoza,744,no,no,no,yes,1,no,no,no,54 alternates,56,index
https://www.glpzy.app/gu/wegovy-tracker-iphone.html,gu/wegovy-tracker-iphone.html,gu,medicine,200,https://www.glpzy.app/gu/wegovy-tracker-iphone.html,index,yes,Wegovy — ક્લટર વગર ઝડપી લોગીંગ | OneGLP,"Wegovy: એક ખાનગી એપમાં ડોઝ ઇતિહાસ, વજન, લક્ષણો, ભૂખ, ફોટા, યાદ અપાવણીઓ અને નિકાસ સાથે આ રૂટિન ટ્રૅક કરો.",Wegovy,771,no,no,no,yes,1,no,no,no,54 alternates,58,improve-copy-keep-indexable
https://www.glpzy.app/gu/zepbound-tracker-iphone.html,gu/zepbound-tracker-iphone.html,gu,medicine,200,https://www.glpzy.app/gu/zepbound-tracker-iphone.html,index,yes,Zepbound — ક્લટર વગર ઝડપી લોગીંગ | OneGLP,"Zepbound: એક ખાનગી એપમાં ડોઝ ઇતિહાસ, વજન, લક્ષણો, ભૂખ, ફોટા, યાદ અપાવણીઓ અને નિકાસ સાથે આ રૂટિન ટ્રૅક કરો.",Zepbound,805,no,no,no,yes,1,no,no,no,54 alternates,57,improve-copy-keep-indexable
https://www.glpzy.app/he/apple-health-glp-tracker.html,he/apple-health-glp-tracker.html,he,feature,200,https://www.glpzy.app/he/apple-health-glp-tracker.html,index,yes,הקשר לקריאה בלבד מ-Apple Health | OneGLP,"גישת Apple Health היא אופציונלית ומוגבלת להרשאות שאתה מעניק. OneGLP מייבא היסטוריית משקל גוף וגובה, ולאחר מכן קורא סיכומים של הרכב גוף, שינה, תנועה, אימון, קלוריות, חלבון ומים במצב קריאה בלבד. שום דבר לא נכתב בחזרה.",הקשר לקריאה בלבד מ-Apple Health,450,no,no,no,yes,1,no,no,no,54 alternates,54,improve-copy-keep-indexable
https://www.glpzy.app/he/compounded-glp-tracker-iphone.html,he/compounded-glp-tracker-iphone.html,he,commercial,200,https://www.glpzy.app/he/compounded-glp-tracker-iphone.html,index,yes,מורכב — רישום מהיר ללא עומס | OneGLP,"מורכב: עקבו אחר השגרה הזו עם היסטוריית מינונים, משקל, תסמינים, תיאבון, תמונות, תזכורות וייצואים באפליקציה פרטית אחת.",מורכב,455,no,no,no,yes,1,no,no,no,54 alternates,56,index
https://www.glpzy.app/he/custom-medication-tracker-iphone.html,he/custom-medication-tracker-iphone.html,he,commercial,200,https://www.glpzy.app/he/custom-medication-tracker-iphone.html,index,yes,מותאם אישית — רישום מהיר ללא עומס | OneGLP,"מותאם אישית: עקבו אחר השגרה הזו עם היסטוריית מינונים, משקל, תסמינים, תיאבון, תמונות, תזכורות וייצואים באפליקציה פרטית אחת.",מותאם אישית,471,no,no,no,yes,1,no,no,no,54 alternates,58,index
https://www.glpzy.app/he/data-rights.html,he/data-rights.html,he,privacy,200,https://www.glpzy.app/he/data-rights.html,index,yes,ייצוא היסטוריה | OneGLP,"OneGLP תחילה תיצור גיבוי בטיחות מקומי, ולאחר מכן תחליף רשומות מקומיות במכשיר זה.",ייצוא היסטוריה,375,no,no,no,yes,1,no,no,no,54 alternates,77,index
https://www.glpzy.app/he/foundayo-tracker-iphone.html,he/foundayo-tracker-iphone.html,he,commercial,200,https://www.glpzy.app/he/foundayo-tracker-iphone.html,index,yes,Foundayo — רישום מהיר ללא עומס | OneGLP,"Foundayo: עקבו אחר השגרה הזו עם היסטוריית מינונים, משקל, תסמינים, תיאבון, תמונות, תזכורות וייצואים באפליקציה פרטית אחת.",Foundayo,445,no,no,no,yes,1,no,no,no,54 alternates,55,index
https://www.glpzy.app/he/glp1-weight-dose-symptom-tracker.html,he/glp1-weight-dose-symptom-tracker.html,he,commercial,200,https://www.glpzy.app/he/glp1-weight-dose-symptom-tracker.html,index,yes,"שגרת ה-GLP-1 שלך, מסודרת בלי עומס | OneGLP","תעדו מינונים, משקל, תסמינים, תיאבון, תמונות, תזכורות והקשר מ-Apple Health באפליקציה פרטית אחת לסקירה אישית.","שגרת ה-GLP-1 שלך, מסודרת בלי עומס.",513,no,no,no,yes,1,no,no,no,54 alternates,54,index
https://www.glpzy.app/he/glpzy-is-now-oneglp/,he/glpzy-is-now-oneglp/index.html,he,home,200,https://www.glpzy.app/he/glpzy-is-now-oneglp/,index,yes,GLPzy נקראת עכשיו OneGLP,GLPzy היא עכשיו OneGLP. האפליקציה והמפתח לא השתנו. הרשומות ורכישות Premium הקיימות נשמרות.,GLPzyנקראת עכשיוOneGLP,184,no,no,no,yes,1,yes,yes,no,54 alternates,77,index
https://www.glpzy.app/he/,he/index.html,he,home,200,https://www.glpzy.app/he/,index,yes,"שגרת ה-GLP-1 שלך, מסודרת בלי עומס | OneGLP","תעדו מינונים, משקל, תסמינים, תיאבון, תמונות, תזכורות והקשר מ-Apple Health באפליקציה פרטית אחת לסקירה אישית.","שגרת ה-GLP-1 שלך, מסודרת בלי עומס.",712,no,no,no,yes,1,yes,no,no,54 alternates,135,index
https://www.glpzy.app/he/local-first-private-glp-tracker.html,he/local-first-private-glp-tracker.html,he,privacy,200,https://www.glpzy.app/he/local-first-private-glp-tracker.html,index,yes,פרטי כברירת מחדל. ניתן לייצוא כשאתם בוחרים | OneGLP,"אין צורך בחשבון כדי לעקוב אחר מינונים, משקל, תסמינים, תזכורות או הזמנות.",פרטי כברירת מחדל. ניתן לייצוא כשאתם בוחרים.,445,no,no,no,yes,1,no,no,no,54 alternates,54,index
https://www.glpzy.app/he/medical-safety.html,he/medical-safety.html,he,trust,200,https://www.glpzy.app/he/medical-safety.html,index,yes,בטיחות רפואית | OneGLP,"OneGLP עוזר לך לשמור תיעוד ברור יותר של מה שקרה. זה לא מאבחן, רושם או בוחר את המינון שלך.",בטיחות רפואית,654,no,no,no,yes,1,no,no,no,54 alternates,78,index
https://www.glpzy.app/he/methodology.html,he/methodology.html,he,trust,200,https://www.glpzy.app/he/methodology.html,index,yes,מתודולוגיה | OneGLP,מגמת חשיפה משוערת משתמשת בתזמון מנה מתועד בתוספת מודל קליטה וביטול פשוט למעקב אישי בלבד.,מתודולוגיה,669,no,no,no,yes,1,no,no,no,54 alternates,77,index
https://www.glpzy.app/he/mounjaro-tracker-iphone.html,he/mounjaro-tracker-iphone.html,he,medicine,200,https://www.glpzy.app/he/mounjaro-tracker-iphone.html,index,yes,Mounjaro — רישום מהיר ללא עומס | OneGLP,"Mounjaro: עקבו אחר השגרה הזו עם היסטוריית מינונים, משקל, תסמינים, תיאבון, תמונות, תזכורות וייצואים באפליקציה פרטית אחת.",Mounjaro,455,no,no,no,yes,1,no,no,no,54 alternates,57,improve-copy-keep-indexable
https://www.glpzy.app/he/overview.html,he/overview.html,he,other,200,https://www.glpzy.app/he/overview.html,index,yes,OneGLP — מדיניות הפרטיות · בטיחות רפואית · תמיכה,"סקור את היקף התמיכה, אנשי הקשר בנושא פרטיות והדרכה ללא חירום.",OneGLP,408,no,no,no,yes,1,no,no,no,54 alternates,54,index
https://www.glpzy.app/he/ozempic-tracker-iphone.html,he/ozempic-tracker-iphone.html,he,commercial,200,https://www.glpzy.app/he/ozempic-tracker-iphone.html,index,yes,Ozempic — רישום מהיר ללא עומס | OneGLP,"Ozempic: עקבו אחר השגרה הזו עם היסטוריית מינונים, משקל, תסמינים, תיאבון, תמונות, תזכורות וייצואים באפליקציה פרטית אחת.",Ozempic,451,no,no,no,yes,1,no,no,no,54 alternates,58,index
https://www.glpzy.app/he/privacy.html,he/privacy.html,he,privacy,200,https://www.glpzy.app/he/privacy.html,index,yes,פרטי כברירת מחדל. ניתן לייצוא כשאתם בוחרים | OneGLP,"אין צורך בחשבון כדי לעקוב אחר מינונים, משקל, תסמינים, תזכורות או הזמנות.",פרטי כברירת מחדל. ניתן לייצוא כשאתם בוחרים.,445,no,no,no,yes,1,no,no,no,54 alternates,116,index
https://www.glpzy.app/he/rybelsus-tracker-iphone.html,he/rybelsus-tracker-iphone.html,he,commercial,200,https://www.glpzy.app/he/rybelsus-tracker-iphone.html,index,yes,Rybelsus — רישום מהיר ללא עומס | OneGLP,"Rybelsus: עקבו אחר השגרה הזו עם היסטוריית מינונים, משקל, תסמינים, תיאבון, תמונות, תזכורות וייצואים באפליקציה פרטית אחת.",Rybelsus,446,no,no,no,yes,1,no,no,no,54 alternates,58,index
https://www.glpzy.app/he/saxenda-tracker-iphone.html,he/saxenda-tracker-iphone.html,he,commercial,200,https://www.glpzy.app/he/saxenda-tracker-iphone.html,index,yes,Saxenda — רישום מהיר ללא עומס | OneGLP,"Saxenda: עקבו אחר השגרה הזו עם היסטוריית מינונים, משקל, תסמינים, תיאבון, תמונות, תזכורות וייצואים באפליקציה פרטית אחת.",Saxenda,444,no,no,no,yes,1,no,no,no,54 alternates,56,index
https://www.glpzy.app/he/semaglutide-tracker-iphone.html,he/semaglutide-tracker-iphone.html,he,ingredient,200,https://www.glpzy.app/he/semaglutide-tracker-iphone.html,index,yes,Semaglutide — רישום מהיר ללא עומס | OneGLP,"Semaglutide: עקבו אחר השגרה הזו עם היסטוריית מינונים, משקל, תסמינים, תיאבון, תמונות, תזכורות וייצואים באפליקציה פרטית אחת.",Semaglutide,456,no,no,no,yes,1,no,no,no,54 alternates,60,improve-copy-keep-indexable
https://www.glpzy.app/he/support.html,he/support.html,he,trust,200,https://www.glpzy.app/he/support.html,index,yes,תמיכה | OneGLP,"סקור את היקף התמיכה, אנשי הקשר בנושא פרטיות והדרכה ללא חירום.",תמיכה,435,no,no,no,yes,1,no,no,no,54 alternates,103,index
https://www.glpzy.app/he/terms.html,he/terms.html,he,trust,200,https://www.glpzy.app/he/terms.html,index,yes,תנאי שימוש | OneGLP,"תמחור, תקופת חיוב וכל פרטי מבצע היכרות מוצגים מחשבון App Store שלך לפני הרכישה. נהל או בטל בהגדרות App Store.",תנאי שימוש,462,no,no,no,yes,1,no,no,no,54 alternates,77,index
https://www.glpzy.app/he/tirzepatide-tracker-iphone.html,he/tirzepatide-tracker-iphone.html,he,ingredient,200,https://www.glpzy.app/he/tirzepatide-tracker-iphone.html,index,yes,Tirzepatide — רישום מהיר ללא עומס | OneGLP,"Tirzepatide: עקבו אחר השגרה הזו עם היסטוריית מינונים, משקל, תסמינים, תיאבון, תמונות, תזכורות וייצואים באפליקציה פרטית אחת.",Tirzepatide,460,no,no,no,yes,1,no,no,no,54 alternates,59,improve-copy-keep-indexable
https://www.glpzy.app/he/trulicity-tracker-iphone.html,he/trulicity-tracker-iphone.html,he,commercial,200,https://www.glpzy.app/he/trulicity-tracker-iphone.html,index,yes,Trulicity — רישום מהיר ללא עומס | OneGLP,"Trulicity: עקבו אחר השגרה הזו עם היסטוריית מינונים, משקל, תסמינים, תיאבון, תמונות, תזכורות וייצואים באפליקציה פרטית אחת.",Trulicity,445,no,no,no,yes,1,no,no,no,54 alternates,55,index
https://www.glpzy.app/he/victoza-tracker-iphone.html,he/victoza-tracker-iphone.html,he,commercial,200,https://www.glpzy.app/he/victoza-tracker-iphone.html,index,yes,Victoza — רישום מהיר ללא עומס | OneGLP,"Victoza: עקבו אחר השגרה הזו עם היסטוריית מינונים, משקל, תסמינים, תיאבון, תמונות, תזכורות וייצואים באפליקציה פרטית אחת.",Victoza,444,no,no,no,yes,1,no,no,no,54 alternates,56,index
https://www.glpzy.app/he/wegovy-tracker-iphone.html,he/wegovy-tracker-iphone.html,he,medicine,200,https://www.glpzy.app/he/wegovy-tracker-iphone.html,index,yes,Wegovy — רישום מהיר ללא עומס | OneGLP,"Wegovy: עקבו אחר השגרה הזו עם היסטוריית מינונים, משקל, תסמינים, תיאבון, תמונות, תזכורות וייצואים באפליקציה פרטית אחת.",Wegovy,456,no,no,no,yes,1,no,no,no,54 alternates,58,improve-copy-keep-indexable
https://www.glpzy.app/he/zepbound-tracker-iphone.html,he/zepbound-tracker-iphone.html,he,medicine,200,https://www.glpzy.app/he/zepbound-tracker-iphone.html,index,yes,Zepbound — רישום מהיר ללא עומס | OneGLP,"Zepbound: עקבו אחר השגרה הזו עם היסטוריית מינונים, משקל, תסמינים, תיאבון, תמונות, תזכורות וייצואים באפליקציה פרטית אחת.",Zepbound,466,no,no,no,yes,1,no,no,no,54 alternates,57,improve-copy-keep-indexable
https://www.glpzy.app/hi/apple-health-glp-tracker.html,hi/apple-health-glp-tracker.html,hi,feature,200,https://www.glpzy.app/hi/apple-health-glp-tracker.html,index,yes,Apple Health से केवल पढ़ने योग्य संदर्भ | OneGLP,"Apple Health पहुंच वैकल्पिक है और आपके द्वारा दी गई अनुमतियों तक सीमित है। OneGLP शरीर के वजन के इतिहास और ऊंचाई को आयात करता है, फिर शरीर की संरचना, नींद, चाल, कसरत, कैलोरी, प्रोटीन और पानी के सारांश को केवल पढ़ने योग्य मोड में पढ़ता है। वापस कुछ भी नहीं लिखा गया है.",Apple Health से केवल पढ़ने योग्य संदर्भ,1027,no,no,no,yes,1,no,no,no,54 alternates,54,improve-copy-keep-indexable
https://www.glpzy.app/hi/compounded-glp-tracker-iphone.html,hi/compounded-glp-tracker-iphone.html,hi,commercial,200,https://www.glpzy.app/hi/compounded-glp-tracker-iphone.html,index,yes,मिश्रित — बिना किसी अव्यवस्था के त्वरित लॉगिंग। | OneGLP,"मिश्रित: एक निजी ऐप में खुराक इतिहास, वजन, लक्षण, भूख, फ़ोटो, रिमाइंडर और निर्यातों के साथ इस दिनचर्या को ट्रैक करें।",मिश्रित,914,no,no,no,yes,1,no,no,no,54 alternates,56,index
https://www.glpzy.app/hi/custom-medication-tracker-iphone.html,hi/custom-medication-tracker-iphone.html,hi,commercial,200,https://www.glpzy.app/hi/custom-medication-tracker-iphone.html,index,yes,कस्टम — बिना किसी अव्यवस्था के त्वरित लॉगिंग। | OneGLP,"कस्टम: एक निजी ऐप में खुराक इतिहास, वजन, लक्षण, भूख, फ़ोटो, रिमाइंडर और निर्यातों के साथ इस दिनचर्या को ट्रैक करें।",कस्टम,917,no,no,no,yes,1,no,no,no,54 alternates,58,index
https://www.glpzy.app/hi/data-rights.html,hi/data-rights.html,hi,privacy,200,https://www.glpzy.app/hi/data-rights.html,index,yes,निर्यात इतिहास | OneGLP,"OneGLP पहले एक स्थानीय सुरक्षा बैकअप बनाएगा, फिर इस डिवाइस पर स्थानीय रिकॉर्ड बदल देगा।",निर्यात इतिहास,780,no,no,no,yes,1,no,no,no,54 alternates,77,index
https://www.glpzy.app/hi/foundayo-tracker-iphone.html,hi/foundayo-tracker-iphone.html,hi,commercial,200,https://www.glpzy.app/hi/foundayo-tracker-iphone.html,index,yes,Foundayo — बिना किसी अव्यवस्था के त्वरित लॉगिंग। | OneGLP,"Foundayo: एक निजी ऐप में खुराक इतिहास, वजन, लक्षण, भूख, फ़ोटो, रिमाइंडर और निर्यातों के साथ इस दिनचर्या को ट्रैक करें।",Foundayo,870,no,no,no,yes,1,no,no,no,54 alternates,55,index
https://www.glpzy.app/hi/glp1-weight-dose-symptom-tracker.html,hi/glp1-weight-dose-symptom-tracker.html,hi,commercial,200,https://www.glpzy.app/hi/glp1-weight-dose-symptom-tracker.html,index,yes,"आपकी GLP-1 दिनचर्या, बिना अव्यवस्था के व्यवस्थित। | OneGLP","व्यक्तिगत समीक्षा के लिए एक निजी ऐप में खुराक, वजन, लक्षण, भूख, फ़ोटो, रिमाइंडर और Apple Health संदर्भ दर्ज करें।","आपकी GLP-1 दिनचर्या, बिना अव्यवस्था के व्यवस्थित।",1108,no,no,no,yes,1,no,no,no,54 alternates,54,index
https://www.glpzy.app/hi/glpzy-is-now-oneglp/,hi/glpzy-is-now-oneglp/index.html,hi,home,200,https://www.glpzy.app/hi/glpzy-is-now-oneglp/,index,yes,GLPzy का नया नाम OneGLP है,GLPzy का नया नाम OneGLP है। ऐप और डेवलपर वही हैं। आपके मौजूदा रिकॉर्ड और Premium की खरीदारी बनी रहती है। नाम में बदलाव के बारे में जानें।,GLPzy का नया नाम OneGLP है,383,no,no,no,yes,1,yes,yes,no,54 alternates,77,index
https://www.glpzy.app/hi/,hi/index.html,hi,home,200,https://www.glpzy.app/hi/,index,yes,"आपकी GLP-1 दिनचर्या, बिना अव्यवस्था के व्यवस्थित। | OneGLP","व्यक्तिगत समीक्षा के लिए एक निजी ऐप में खुराक, वजन, लक्षण, भूख, फ़ोटो, रिमाइंडर और Apple Health संदर्भ दर्ज करें।","आपकी GLP-1 दिनचर्या, बिना अव्यवस्था के व्यवस्थित।",1749,no,no,no,yes,1,yes,no,no,54 alternates,135,index
https://www.glpzy.app/hi/local-first-private-glp-tracker.html,hi/local-first-private-glp-tracker.html,hi,privacy,200,https://www.glpzy.app/hi/local-first-private-glp-tracker.html,index,yes,"डिफ़ॉल्ट रूप से निजी। जब आप चुनें, निर्यात योग्य। | OneGLP","खुराक, वजन, लक्षण, अनुस्मारक या ऑर्डर को ट्रैक करने के लिए किसी खाते की आवश्यकता नहीं है।","डिफ़ॉल्ट रूप से निजी। जब आप चुनें, निर्यात योग्य।",925,no,no,no,yes,1,no,no,no,54 alternates,54,index
https://www.glpzy.app/hi/medical-safety.html,hi/medical-safety.html,hi,trust,200,https://www.glpzy.app/hi/medical-safety.html,index,yes,चिकित्सा सुरक्षा | OneGLP,"OneGLP आपको जो कुछ हुआ उसका स्पष्ट रिकॉर्ड रखने में मदद करता है। यह आपकी खुराक का निदान, निर्धारण या चयन नहीं करता है।",चिकित्सा सुरक्षा,1452,no,no,no,yes,1,no,no,no,54 alternates,78,index
https://www.glpzy.app/hi/methodology.html,hi/methodology.html,hi,trust,200,https://www.glpzy.app/hi/methodology.html,index,yes,कार्यप्रणाली | OneGLP,अनुमानित एक्सपोज़र ट्रेंड केवल व्यक्तिगत ट्रैकिंग के लिए लॉग खुराक समय और एक सरलीकृत अवशोषण-और-उन्मूलन मॉडल का उपयोग करता है।,कार्यप्रणाली,1497,no,no,no,yes,1,no,no,no,54 alternates,77,index
https://www.glpzy.app/hi/mounjaro-tracker-iphone.html,hi/mounjaro-tracker-iphone.html,hi,medicine,200,https://www.glpzy.app/hi/mounjaro-tracker-iphone.html,index,yes,Mounjaro — बिना किसी अव्यवस्था के त्वरित लॉगिंग। | OneGLP,"Mounjaro: एक निजी ऐप में खुराक इतिहास, वजन, लक्षण, भूख, फ़ोटो, रिमाइंडर और निर्यातों के साथ इस दिनचर्या को ट्रैक करें।",Mounjaro,905,no,no,no,yes,1,no,no,no,54 alternates,57,improve-copy-keep-indexable
https://www.glpzy.app/hi/overview.html,hi/overview.html,hi,other,200,https://www.glpzy.app/hi/overview.html,index,yes,OneGLP — गोपनीयता नीति · चिकित्सा सुरक्षा · समर्थन,"समर्थन क्षेत्र, गोपनीयता संपर्क और गैर-आपातकालीन मार्गदर्शन की समीक्षा करें।",OneGLP,772,no,no,no,yes,1,no,no,no,54 alternates,54,index
https://www.glpzy.app/hi/ozempic-tracker-iphone.html,hi/ozempic-tracker-iphone.html,hi,commercial,200,https://www.glpzy.app/hi/ozempic-tracker-iphone.html,index,yes,Ozempic — बिना किसी अव्यवस्था के त्वरित लॉगिंग। | OneGLP,"Ozempic: एक निजी ऐप में खुराक इतिहास, वजन, लक्षण, भूख, फ़ोटो, रिमाइंडर और निर्यातों के साथ इस दिनचर्या को ट्रैक करें।",Ozempic,892,no,no,no,yes,1,no,no,no,54 alternates,58,index
https://www.glpzy.app/hi/privacy.html,hi/privacy.html,hi,privacy,200,https://www.glpzy.app/hi/privacy.html,index,yes,"डिफ़ॉल्ट रूप से निजी। जब आप चुनें, निर्यात योग्य। | OneGLP","खुराक, वजन, लक्षण, अनुस्मारक या ऑर्डर को ट्रैक करने के लिए किसी खाते की आवश्यकता नहीं है।","डिफ़ॉल्ट रूप से निजी। जब आप चुनें, निर्यात योग्य।",925,no,no,no,yes,1,no,no,no,54 alternates,116,index
https://www.glpzy.app/hi/rybelsus-tracker-iphone.html,hi/rybelsus-tracker-iphone.html,hi,commercial,200,https://www.glpzy.app/hi/rybelsus-tracker-iphone.html,index,yes,Rybelsus — बिना किसी अव्यवस्था के त्वरित लॉगिंग। | OneGLP,"Rybelsus: एक निजी ऐप में खुराक इतिहास, वजन, लक्षण, भूख, फ़ोटो, रिमाइंडर और निर्यातों के साथ इस दिनचर्या को ट्रैक करें।",Rybelsus,871,no,no,no,yes,1,no,no,no,54 alternates,58,index
https://www.glpzy.app/hi/saxenda-tracker-iphone.html,hi/saxenda-tracker-iphone.html,hi,commercial,200,https://www.glpzy.app/hi/saxenda-tracker-iphone.html,index,yes,Saxenda — बिना किसी अव्यवस्था के त्वरित लॉगिंग। | OneGLP,"Saxenda: एक निजी ऐप में खुराक इतिहास, वजन, लक्षण, भूख, फ़ोटो, रिमाइंडर और निर्यातों के साथ इस दिनचर्या को ट्रैक करें।",Saxenda,875,no,no,no,yes,1,no,no,no,54 alternates,56,index
https://www.glpzy.app/hi/semaglutide-tracker-iphone.html,hi/semaglutide-tracker-iphone.html,hi,ingredient,200,https://www.glpzy.app/hi/semaglutide-tracker-iphone.html,index,yes,Semaglutide — बिना किसी अव्यवस्था के त्वरित लॉगिंग। | OneGLP,"Semaglutide: एक निजी ऐप में खुराक इतिहास, वजन, लक्षण, भूख, फ़ोटो, रिमाइंडर और निर्यातों के साथ इस दिनचर्या को ट्रैक करें।",Semaglutide,899,no,no,no,yes,1,no,no,no,54 alternates,60,improve-copy-keep-indexable
https://www.glpzy.app/hi/support.html,hi/support.html,hi,trust,200,https://www.glpzy.app/hi/support.html,index,yes,समर्थन | OneGLP,"समर्थन क्षेत्र, गोपनीयता संपर्क और गैर-आपातकालीन मार्गदर्शन की समीक्षा करें।",समर्थन,829,no,no,no,yes,1,no,no,no,54 alternates,103,index
https://www.glpzy.app/hi/terms.html,hi/terms.html,hi,trust,200,https://www.glpzy.app/hi/terms.html,index,yes,उपयोग की शर्तें | OneGLP,"मूल्य निर्धारण, बिलिंग अवधि और कोई भी प्रारंभिक प्रस्ताव विवरण खरीदारी से पहले आपके App Store खाते से दिखाए जाते हैं। App Store सेटिंग में प्रबंधित करें या रद्द करें।",उपयोग की शर्तें,899,no,no,no,yes,1,no,no,no,54 alternates,77,index
https://www.glpzy.app/hi/tirzepatide-tracker-iphone.html,hi/tirzepatide-tracker-iphone.html,hi,ingredient,200,https://www.glpzy.app/hi/tirzepatide-tracker-iphone.html,index,yes,Tirzepatide — बिना किसी अव्यवस्था के त्वरित लॉगिंग। | OneGLP,"Tirzepatide: एक निजी ऐप में खुराक इतिहास, वजन, लक्षण, भूख, फ़ोटो, रिमाइंडर और निर्यातों के साथ इस दिनचर्या को ट्रैक करें।",Tirzepatide,920,no,no,no,yes,1,no,no,no,54 alternates,59,improve-copy-keep-indexable
https://www.glpzy.app/hi/trulicity-tracker-iphone.html,hi/trulicity-tracker-iphone.html,hi,commercial,200,https://www.glpzy.app/hi/trulicity-tracker-iphone.html,index,yes,Trulicity — बिना किसी अव्यवस्था के त्वरित लॉगिंग। | OneGLP,"Trulicity: एक निजी ऐप में खुराक इतिहास, वजन, लक्षण, भूख, फ़ोटो, रिमाइंडर और निर्यातों के साथ इस दिनचर्या को ट्रैक करें।",Trulicity,876,no,no,no,yes,1,no,no,no,54 alternates,55,index
https://www.glpzy.app/hi/victoza-tracker-iphone.html,hi/victoza-tracker-iphone.html,hi,commercial,200,https://www.glpzy.app/hi/victoza-tracker-iphone.html,index,yes,Victoza — बिना किसी अव्यवस्था के त्वरित लॉगिंग। | OneGLP,"Victoza: एक निजी ऐप में खुराक इतिहास, वजन, लक्षण, भूख, फ़ोटो, रिमाइंडर और निर्यातों के साथ इस दिनचर्या को ट्रैक करें।",Victoza,875,no,no,no,yes,1,no,no,no,54 alternates,56,index
https://www.glpzy.app/hi/wegovy-tracker-iphone.html,hi/wegovy-tracker-iphone.html,hi,medicine,200,https://www.glpzy.app/hi/wegovy-tracker-iphone.html,index,yes,Wegovy — बिना किसी अव्यवस्था के त्वरित लॉगिंग। | OneGLP,"Wegovy: एक निजी ऐप में खुराक इतिहास, वजन, लक्षण, भूख, फ़ोटो, रिमाइंडर और निर्यातों के साथ इस दिनचर्या को ट्रैक करें।",Wegovy,899,no,no,no,yes,1,no,no,no,54 alternates,58,improve-copy-keep-indexable
https://www.glpzy.app/hi/zepbound-tracker-iphone.html,hi/zepbound-tracker-iphone.html,hi,medicine,200,https://www.glpzy.app/hi/zepbound-tracker-iphone.html,index,yes,Zepbound — बिना किसी अव्यवस्था के त्वरित लॉगिंग। | OneGLP,"Zepbound: एक निजी ऐप में खुराक इतिहास, वजन, लक्षण, भूख, फ़ोटो, रिमाइंडर और निर्यातों के साथ इस दिनचर्या को ट्रैक करें।",Zepbound,934,no,no,no,yes,1,no,no,no,54 alternates,57,improve-copy-keep-indexable
https://www.glpzy.app/hr/apple-health-glp-tracker.html,hr/apple-health-glp-tracker.html,hr,feature,200,https://www.glpzy.app/hr/apple-health-glp-tracker.html,index,yes,Kontekst samo za čitanje iz Apple Health | OneGLP,"Pristup Apple Health nije obavezan i ograničen je na dopuštenja koja dodijelite. OneGLP uvozi povijest tjelesne težine i visine, zatim čita sažetke sastava tijela, spavanja, kretanja, vježbanja, kalorija, proteina i vode u načinu samo za čitanje. Ništa se ne zapisuje.",Kontekst samo za čitanje iz Apple Health,479,no,no,no,yes,1,no,no,no,54 alternates,54,improve-copy-keep-indexable
https://www.glpzy.app/hr/compounded-glp-tracker-iphone.html,hr/compounded-glp-tracker-iphone.html,hr,commercial,200,https://www.glpzy.app/hr/compounded-glp-tracker-iphone.html,index,yes,Složeno — Brzo evidentiranje bez nereda | OneGLP,"Složeno: Pratite ovu rutinu s poviješću doza, težinom, simptomima, apetitom, fotografijama, podsjetnicima i izvozima u jednoj privatnoj aplikaciji.",Složeno,454,no,no,no,yes,1,no,no,no,54 alternates,56,index
https://www.glpzy.app/hr/custom-medication-tracker-iphone.html,hr/custom-medication-tracker-iphone.html,hr,commercial,200,https://www.glpzy.app/hr/custom-medication-tracker-iphone.html,index,yes,Običaj — Brzo evidentiranje bez nereda | OneGLP,"Običaj: Pratite ovu rutinu s poviješću doza, težinom, simptomima, apetitom, fotografijama, podsjetnicima i izvozima u jednoj privatnoj aplikaciji.",Običaj,463,no,no,no,yes,1,no,no,no,54 alternates,58,index
https://www.glpzy.app/hr/data-rights.html,hr/data-rights.html,hr,privacy,200,https://www.glpzy.app/hr/data-rights.html,index,yes,Povijest izvoza | OneGLP,"OneGLP prvo će stvoriti lokalnu sigurnosnu kopiju, a zatim zamijeniti lokalne zapise na ovom uređaju.",Povijest izvoza,382,no,no,no,yes,1,no,no,no,54 alternates,77,index
https://www.glpzy.app/hr/foundayo-tracker-iphone.html,hr/foundayo-tracker-iphone.html,hr,commercial,200,https://www.glpzy.app/hr/foundayo-tracker-iphone.html,index,yes,Foundayo — Brzo evidentiranje bez nereda | OneGLP,"Foundayo: Pratite ovu rutinu s poviješću doza, težinom, simptomima, apetitom, fotografijama, podsjetnicima i izvozima u jednoj privatnoj aplikaciji.",Foundayo,444,no,no,no,yes,1,no,no,no,54 alternates,55,index
https://www.glpzy.app/hr/glp1-weight-dose-symptom-tracker.html,hr/glp1-weight-dose-symptom-tracker.html,hr,commercial,200,https://www.glpzy.app/hr/glp1-weight-dose-symptom-tracker.html,index,yes,"Vaša GLP-1 rutina, organizirana bez nereda | OneGLP","Bilježite doze, težinu, simptome, apetit, fotografije, podsjetnike i Apple Health kontekst u jednoj privatnoj aplikaciji za osobni pregled.","Vaša GLP-1 rutina, organizirana bez nereda.",528,no,no,no,yes,1,no,no,no,54 alternates,54,index
https://www.glpzy.app/hr/glpzy-is-now-oneglp/,hr/glpzy-is-now-oneglp/index.html,hr,home,200,https://www.glpzy.app/hr/glpzy-is-now-oneglp/,index,yes,GLPzy se sada zove OneGLP,"GLPzy je sada OneGLP. Aplikacija, razvojni programer, vaši zapisi i kupnje Premiuma ostaju isti.",GLPzy se sada zove OneGLP,187,no,no,no,yes,1,yes,yes,no,54 alternates,77,index
https://www.glpzy.app/hr/,hr/index.html,hr,home,200,https://www.glpzy.app/hr/,index,yes,"Vaša GLP-1 rutina, organizirana bez nereda | OneGLP","Bilježite doze, težinu, simptome, apetit, fotografije, podsjetnike i Apple Health kontekst u jednoj privatnoj aplikaciji za osobni pregled.","Vaša GLP-1 rutina, organizirana bez nereda.",723,no,no,no,yes,1,yes,no,no,54 alternates,135,index
https://www.glpzy.app/hr/local-first-private-glp-tracker.html,hr/local-first-private-glp-tracker.html,hr,privacy,200,https://www.glpzy.app/hr/local-first-private-glp-tracker.html,index,yes,Privatno prema zadanim postavkama. Izvozivo kada vi odaberete | OneGLP,"Nije potreban račun za praćenje doza, težine, simptoma, podsjetnika ili narudžbi.",Privatno prema zadanim postavkama. Izvozivo kada vi odaberete.,462,no,no,no,yes,1,no,no,no,54 alternates,54,index
https://www.glpzy.app/hr/medical-safety.html,hr/medical-safety.html,hr,trust,200,https://www.glpzy.app/hr/medical-safety.html,index,yes,Medicinska sigurnost | OneGLP,"OneGLP vam pomaže da jasnije zabilježite što se dogodilo. Ne postavlja dijagnozu, ne propisuje niti bira vašu dozu.",Medicinska sigurnost,695,no,no,no,yes,1,no,no,no,54 alternates,78,index
https://www.glpzy.app/hr/methodology.html,hr/methodology.html,hr,trust,200,https://www.glpzy.app/hr/methodology.html,index,yes,Metodologija | OneGLP,Procijenjeni trend izloženosti koristi zabilježeno vrijeme doze plus pojednostavljeni model apsorpcije i eliminacije samo za osobno praćenje.,Metodologija,715,no,no,no,yes,1,no,no,no,54 alternates,77,index
https://www.glpzy.app/hr/mounjaro-tracker-iphone.html,hr/mounjaro-tracker-iphone.html,hr,medicine,200,https://www.glpzy.app/hr/mounjaro-tracker-iphone.html,index,yes,Mounjaro — Brzo evidentiranje bez nereda | OneGLP,"Mounjaro: Pratite ovu rutinu s poviješću doza, težinom, simptomima, apetitom, fotografijama, podsjetnicima i izvozima u jednoj privatnoj aplikaciji.",Mounjaro,455,no,no,no,yes,1,no,no,no,54 alternates,57,improve-copy-keep-indexable
https://www.glpzy.app/hr/overview.html,hr/overview.html,hr,other,200,https://www.glpzy.app/hr/overview.html,index,yes,OneGLP — Politika privatnosti · Medicinska sigurnost · podrška,"Pregledajte opseg podrške, kontakte za privatnost i smjernice koje se ne odnose na hitne slučajeve.",OneGLP,415,no,no,no,yes,1,no,no,no,54 alternates,54,index
https://www.glpzy.app/hr/ozempic-tracker-iphone.html,hr/ozempic-tracker-iphone.html,hr,commercial,200,https://www.glpzy.app/hr/ozempic-tracker-iphone.html,index,yes,Ozempic — Brzo evidentiranje bez nereda | OneGLP,"Ozempic: Pratite ovu rutinu s poviješću doza, težinom, simptomima, apetitom, fotografijama, podsjetnicima i izvozima u jednoj privatnoj aplikaciji.",Ozempic,450,no,no,no,yes,1,no,no,no,54 alternates,58,index
https://www.glpzy.app/hr/privacy.html,hr/privacy.html,hr,privacy,200,https://www.glpzy.app/hr/privacy.html,index,yes,Privatno prema zadanim postavkama. Izvozivo kada vi odaberete | OneGLP,"Nije potreban račun za praćenje doza, težine, simptoma, podsjetnika ili narudžbi.",Privatno prema zadanim postavkama. Izvozivo kada vi odaberete.,462,no,no,no,yes,1,no,no,no,54 alternates,116,index
https://www.glpzy.app/hr/rybelsus-tracker-iphone.html,hr/rybelsus-tracker-iphone.html,hr,commercial,200,https://www.glpzy.app/hr/rybelsus-tracker-iphone.html,index,yes,Rybelsus — Brzo evidentiranje bez nereda | OneGLP,"Rybelsus: Pratite ovu rutinu s poviješću doza, težinom, simptomima, apetitom, fotografijama, podsjetnicima i izvozima u jednoj privatnoj aplikaciji.",Rybelsus,446,no,no,no,yes,1,no,no,no,54 alternates,58,index
https://www.glpzy.app/hr/saxenda-tracker-iphone.html,hr/saxenda-tracker-iphone.html,hr,commercial,200,https://www.glpzy.app/hr/saxenda-tracker-iphone.html,index,yes,Saxenda — Brzo evidentiranje bez nereda | OneGLP,"Saxenda: Pratite ovu rutinu s poviješću doza, težinom, simptomima, apetitom, fotografijama, podsjetnicima i izvozima u jednoj privatnoj aplikaciji.",Saxenda,444,no,no,no,yes,1,no,no,no,54 alternates,56,index
https://www.glpzy.app/hr/semaglutide-tracker-iphone.html,hr/semaglutide-tracker-iphone.html,hr,ingredient,200,https://www.glpzy.app/hr/semaglutide-tracker-iphone.html,index,yes,Semaglutide — Brzo evidentiranje bez nereda | OneGLP,"Semaglutide: Pratite ovu rutinu s poviješću doza, težinom, simptomima, apetitom, fotografijama, podsjetnicima i izvozima u jednoj privatnoj aplikaciji.",Semaglutide,454,no,no,no,yes,1,no,no,no,54 alternates,60,improve-copy-keep-indexable
https://www.glpzy.app/hr/support.html,hr/support.html,hr,trust,200,https://www.glpzy.app/hr/support.html,index,yes,podrška | OneGLP,"Pregledajte opseg podrške, kontakte za privatnost i smjernice koje se ne odnose na hitne slučajeve.",podrška,447,no,no,no,yes,1,no,no,no,54 alternates,103,index
https://www.glpzy.app/hr/terms.html,hr/terms.html,hr,trust,200,https://www.glpzy.app/hr/terms.html,index,yes,Uvjeti korištenja | OneGLP,"Cijene, razdoblje naplate i svi detalji uvodne ponude prikazani su na vašem App Store računu prije kupnje. Upravljajte ili otkažite u postavkama App Store.",Uvjeti korištenja,470,no,no,no,yes,1,no,no,no,54 alternates,77,index
https://www.glpzy.app/hr/tirzepatide-tracker-iphone.html,hr/tirzepatide-tracker-iphone.html,hr,ingredient,200,https://www.glpzy.app/hr/tirzepatide-tracker-iphone.html,index,yes,Tirzepatide — Brzo evidentiranje bez nereda | OneGLP,"Tirzepatide: Pratite ovu rutinu s poviješću doza, težinom, simptomima, apetitom, fotografijama, podsjetnicima i izvozima u jednoj privatnoj aplikaciji.",Tirzepatide,461,no,no,no,yes,1,no,no,no,54 alternates,59,improve-copy-keep-indexable
https://www.glpzy.app/hr/trulicity-tracker-iphone.html,hr/trulicity-tracker-iphone.html,hr,commercial,200,https://www.glpzy.app/hr/trulicity-tracker-iphone.html,index,yes,Trulicity — Brzo evidentiranje bez nereda | OneGLP,"Trulicity: Pratite ovu rutinu s poviješću doza, težinom, simptomima, apetitom, fotografijama, podsjetnicima i izvozima u jednoj privatnoj aplikaciji.",Trulicity,444,no,no,no,yes,1,no,no,no,54 alternates,55,index
https://www.glpzy.app/hr/victoza-tracker-iphone.html,hr/victoza-tracker-iphone.html,hr,commercial,200,https://www.glpzy.app/hr/victoza-tracker-iphone.html,index,yes,Victoza — Brzo evidentiranje bez nereda | OneGLP,"Victoza: Pratite ovu rutinu s poviješću doza, težinom, simptomima, apetitom, fotografijama, podsjetnicima i izvozima u jednoj privatnoj aplikaciji.",Victoza,444,no,no,no,yes,1,no,no,no,54 alternates,56,index
https://www.glpzy.app/hr/wegovy-tracker-iphone.html,hr/wegovy-tracker-iphone.html,hr,medicine,200,https://www.glpzy.app/hr/wegovy-tracker-iphone.html,index,yes,Wegovy — Brzo evidentiranje bez nereda | OneGLP,"Wegovy: Pratite ovu rutinu s poviješću doza, težinom, simptomima, apetitom, fotografijama, podsjetnicima i izvozima u jednoj privatnoj aplikaciji.",Wegovy,454,no,no,no,yes,1,no,no,no,54 alternates,58,improve-copy-keep-indexable
https://www.glpzy.app/hr/zepbound-tracker-iphone.html,hr/zepbound-tracker-iphone.html,hr,medicine,200,https://www.glpzy.app/hr/zepbound-tracker-iphone.html,index,yes,Zepbound — Brzo evidentiranje bez nereda | OneGLP,"Zepbound: Pratite ovu rutinu s poviješću doza, težinom, simptomima, apetitom, fotografijama, podsjetnicima i izvozima u jednoj privatnoj aplikaciji.",Zepbound,468,no,no,no,yes,1,no,no,no,54 alternates,57,improve-copy-keep-indexable
https://www.glpzy.app/hu/apple-health-glp-tracker.html,hu/apple-health-glp-tracker.html,hu,feature,200,https://www.glpzy.app/hu/apple-health-glp-tracker.html,index,yes,Csak olvasható kontextus innen: Apple Health | OneGLP,"A Apple Health hozzáférés opcionális, és az Ön által megadott engedélyekre korlátozódik. OneGLP importálja a testsúly-előzményeket és a magasságot, majd olvassa be a testösszetétel, az alvás, a mozgás, az edzés, a kalóriák, a fehérje és a víz összefoglalóit csak olvasható módban. Semmit nem írnak vissza.",Csak olvasható kontextus innen: Apple Health,478,no,no,no,yes,1,no,no,no,54 alternates,54,improve-copy-keep-indexable
https://www.glpzy.app/hu/compounded-glp-tracker-iphone.html,hu/compounded-glp-tracker-iphone.html,hu,commercial,200,https://www.glpzy.app/hu/compounded-glp-tracker-iphone.html,index,yes,Összetett — Gyors naplózás rendetlenség nélkül | OneGLP,"Összetett: Kövesse ezt a rutint adagelőzményekkel, testsúllyal, tünetekkel, étvággyal, fotókkal, emlékeztetőkkel és exportokkal egy privát alkalmazásban.",Összetett,448,no,no,no,yes,1,no,no,no,54 alternates,56,index
https://www.glpzy.app/hu/custom-medication-tracker-iphone.html,hu/custom-medication-tracker-iphone.html,hu,commercial,200,https://www.glpzy.app/hu/custom-medication-tracker-iphone.html,index,yes,Egyedi — Gyors naplózás rendetlenség nélkül | OneGLP,"Egyedi: Kövesse ezt a rutint adagelőzményekkel, testsúllyal, tünetekkel, étvággyal, fotókkal, emlékeztetőkkel és exportokkal egy privát alkalmazásban.",Egyedi,458,no,no,no,yes,1,no,no,no,54 alternates,58,index
https://www.glpzy.app/hu/data-rights.html,hu/data-rights.html,hu,privacy,200,https://www.glpzy.app/hu/data-rights.html,index,yes,Előzmények exportálása | OneGLP,"A OneGLP először létrehoz egy helyi biztonsági mentést, majd lecseréli a helyi rekordokat ezen az eszközön.",Előzmények exportálása,388,no,no,no,yes,1,no,no,no,54 alternates,77,index
https://www.glpzy.app/hu/foundayo-tracker-iphone.html,hu/foundayo-tracker-iphone.html,hu,commercial,200,https://www.glpzy.app/hu/foundayo-tracker-iphone.html,index,yes,Foundayo — Gyors naplózás rendetlenség nélkül | OneGLP,"Foundayo: Kövesse ezt a rutint adagelőzményekkel, testsúllyal, tünetekkel, étvággyal, fotókkal, emlékeztetőkkel és exportokkal egy privát alkalmazásban.",Foundayo,439,no,no,no,yes,1,no,no,no,54 alternates,55,index
https://www.glpzy.app/hu/glp1-weight-dose-symptom-tracker.html,hu/glp1-weight-dose-symptom-tracker.html,hu,commercial,200,https://www.glpzy.app/hu/glp1-weight-dose-symptom-tracker.html,index,yes,"Az Ön GLP-1 rutinja, rendezett formában, felesleges zsúfoltság nélkül | OneGLP","Naplózza az adagokat, testsúlyt, tüneteket, étvágyat, fotókat, emlékeztetőket és az Apple Health-környezetet egy privát alkalmazásban személyes áttekintéshez.","Az Ön GLP-1 rutinja, rendezett formában, felesleges zsúfoltság nélkül.",529,no,no,no,yes,1,no,no,no,54 alternates,54,index
https://www.glpzy.app/hu/glpzy-is-now-oneglp/,hu/glpzy-is-now-oneglp/index.html,hu,home,200,https://www.glpzy.app/hu/glpzy-is-now-oneglp/,index,yes,A GLPzy új neve OneGLP,"A GLPzy mostantól OneGLP. Az alkalmazás, a fejlesztő, a feljegyzések és a Premium-vásárlások változatlanok.",A GLPzy új neve OneGLP,184,no,no,no,yes,1,yes,yes,no,54 alternates,77,index
https://www.glpzy.app/hu/,hu/index.html,hu,home,200,https://www.glpzy.app/hu/,index,yes,"Az Ön GLP-1 rutinja, rendezett formában, felesleges zsúfoltság nélkül | OneGLP","Naplózza az adagokat, testsúlyt, tüneteket, étvágyat, fotókat, emlékeztetőket és az Apple Health-környezetet egy privát alkalmazásban személyes áttekintéshez.","Az Ön GLP-1 rutinja, rendezett formában, felesleges zsúfoltság nélkül.",724,no,no,no,yes,1,yes,no,no,54 alternates,135,index
https://www.glpzy.app/hu/local-first-private-glp-tracker.html,hu/local-first-private-glp-tracker.html,hu,privacy,200,https://www.glpzy.app/hu/local-first-private-glp-tracker.html,index,yes,"Alapértelmezés szerint privát. Exportálható, amikor Ön választja | OneGLP","Nincs szükség fiókra az adagok, a súly, a tünetek, az emlékeztetők vagy a rendelések nyomon követéséhez.","Alapértelmezés szerint privát. Exportálható, amikor Ön választja.",464,no,no,no,yes,1,no,no,no,54 alternates,54,index
https://www.glpzy.app/hu/medical-safety.html,hu/medical-safety.html,hu,trust,200,https://www.glpzy.app/hu/medical-safety.html,index,yes,Orvosi biztonság | OneGLP,"A OneGLP segít tisztábban rögzíteni a történteket. Nem diagnosztizál, nem ír fel és nem választja ki az adagot.",Orvosi biztonság,689,no,no,no,yes,1,no,no,no,54 alternates,78,index
https://www.glpzy.app/hu/methodology.html,hu/methodology.html,hu,trust,200,https://www.glpzy.app/hu/methodology.html,index,yes,Módszertan | OneGLP,A becsült expozíciós trend a naplózott dózisidőzítést és egy egyszerűsített felszívódási és eliminációs modellt használ kizárólag személyes követésre.,Módszertan,709,no,no,no,yes,1,no,no,no,54 alternates,77,index
https://www.glpzy.app/hu/mounjaro-tracker-iphone.html,hu/mounjaro-tracker-iphone.html,hu,medicine,200,https://www.glpzy.app/hu/mounjaro-tracker-iphone.html,index,yes,Mounjaro — Gyors naplózás rendetlenség nélkül | OneGLP,"Mounjaro: Kövesse ezt a rutint adagelőzményekkel, testsúllyal, tünetekkel, étvággyal, fotókkal, emlékeztetőkkel és exportokkal egy privát alkalmazásban.",Mounjaro,447,no,no,no,yes,1,no,no,no,54 alternates,57,improve-copy-keep-indexable
https://www.glpzy.app/hu/overview.html,hu/overview.html,hu,other,200,https://www.glpzy.app/hu/overview.html,index,yes,OneGLP — Adatvédelmi szabályzat · Orvosi biztonság · Támogatás,"Tekintse át a támogatás hatókörét, az adatvédelmi kapcsolatokat és a nem sürgősségi útmutatást.",OneGLP,408,no,no,no,yes,1,no,no,no,54 alternates,54,index
https://www.glpzy.app/hu/ozempic-tracker-iphone.html,hu/ozempic-tracker-iphone.html,hu,commercial,200,https://www.glpzy.app/hu/ozempic-tracker-iphone.html,index,yes,Ozempic — Gyors naplózás rendetlenség nélkül | OneGLP,"Ozempic: Kövesse ezt a rutint adagelőzményekkel, testsúllyal, tünetekkel, étvággyal, fotókkal, emlékeztetőkkel és exportokkal egy privát alkalmazásban.",Ozempic,443,no,no,no,yes,1,no,no,no,54 alternates,58,index
https://www.glpzy.app/hu/privacy.html,hu/privacy.html,hu,privacy,200,https://www.glpzy.app/hu/privacy.html,index,yes,"Alapértelmezés szerint privát. Exportálható, amikor Ön választja | OneGLP","Nincs szükség fiókra az adagok, a súly, a tünetek, az emlékeztetők vagy a rendelések nyomon követéséhez.","Alapértelmezés szerint privát. Exportálható, amikor Ön választja.",464,no,no,no,yes,1,no,no,no,54 alternates,116,index
https://www.glpzy.app/hu/rybelsus-tracker-iphone.html,hu/rybelsus-tracker-iphone.html,hu,commercial,200,https://www.glpzy.app/hu/rybelsus-tracker-iphone.html,index,yes,Rybelsus — Gyors naplózás rendetlenség nélkül | OneGLP,"Rybelsus: Kövesse ezt a rutint adagelőzményekkel, testsúllyal, tünetekkel, étvággyal, fotókkal, emlékeztetőkkel és exportokkal egy privát alkalmazásban.",Rybelsus,441,no,no,no,yes,1,no,no,no,54 alternates,58,index
https://www.glpzy.app/hu/saxenda-tracker-iphone.html,hu/saxenda-tracker-iphone.html,hu,commercial,200,https://www.glpzy.app/hu/saxenda-tracker-iphone.html,index,yes,Saxenda — Gyors naplózás rendetlenség nélkül | OneGLP,"Saxenda: Kövesse ezt a rutint adagelőzményekkel, testsúllyal, tünetekkel, étvággyal, fotókkal, emlékeztetőkkel és exportokkal egy privát alkalmazásban.",Saxenda,437,no,no,no,yes,1,no,no,no,54 alternates,56,index
https://www.glpzy.app/hu/semaglutide-tracker-iphone.html,hu/semaglutide-tracker-iphone.html,hu,ingredient,200,https://www.glpzy.app/hu/semaglutide-tracker-iphone.html,index,yes,Semaglutide — Gyors naplózás rendetlenség nélkül | OneGLP,"Semaglutide: Kövesse ezt a rutint adagelőzményekkel, testsúllyal, tünetekkel, étvággyal, fotókkal, emlékeztetőkkel és exportokkal egy privát alkalmazásban.",Semaglutide,449,no,no,no,yes,1,no,no,no,54 alternates,60,improve-copy-keep-indexable
https://www.glpzy.app/hu/support.html,hu/support.html,hu,trust,200,https://www.glpzy.app/hu/support.html,index,yes,Támogatás | OneGLP,"Tekintse át a támogatás hatókörét, az adatvédelmi kapcsolatokat és a nem sürgősségi útmutatást.",Támogatás,442,no,no,no,yes,1,no,no,no,54 alternates,103,index
https://www.glpzy.app/hu/terms.html,hu/terms.html,hu,trust,200,https://www.glpzy.app/hu/terms.html,index,yes,Felhasználási feltételek | OneGLP,"Az árak, a számlázási időszak és a bevezető ajánlat részletei a vásárlás előtt láthatók App Store-fiókjában. Kezelje vagy törölje a App Store beállításait.",Felhasználási feltételek,471,no,no,no,yes,1,no,no,no,54 alternates,77,index
https://www.glpzy.app/hu/tirzepatide-tracker-iphone.html,hu/tirzepatide-tracker-iphone.html,hu,ingredient,200,https://www.glpzy.app/hu/tirzepatide-tracker-iphone.html,index,yes,Tirzepatide — Gyors naplózás rendetlenség nélkül | OneGLP,"Tirzepatide: Kövesse ezt a rutint adagelőzményekkel, testsúllyal, tünetekkel, étvággyal, fotókkal, emlékeztetőkkel és exportokkal egy privát alkalmazásban.",Tirzepatide,452,no,no,no,yes,1,no,no,no,54 alternates,59,improve-copy-keep-indexable
https://www.glpzy.app/hu/trulicity-tracker-iphone.html,hu/trulicity-tracker-iphone.html,hu,commercial,200,https://www.glpzy.app/hu/trulicity-tracker-iphone.html,index,yes,Trulicity — Gyors naplózás rendetlenség nélkül | OneGLP,"Trulicity: Kövesse ezt a rutint adagelőzményekkel, testsúllyal, tünetekkel, étvággyal, fotókkal, emlékeztetőkkel és exportokkal egy privát alkalmazásban.",Trulicity,437,no,no,no,yes,1,no,no,no,54 alternates,55,index
https://www.glpzy.app/hu/victoza-tracker-iphone.html,hu/victoza-tracker-iphone.html,hu,commercial,200,https://www.glpzy.app/hu/victoza-tracker-iphone.html,index,yes,Victoza — Gyors naplózás rendetlenség nélkül | OneGLP,"Victoza: Kövesse ezt a rutint adagelőzményekkel, testsúllyal, tünetekkel, étvággyal, fotókkal, emlékeztetőkkel és exportokkal egy privát alkalmazásban.",Victoza,437,no,no,no,yes,1,no,no,no,54 alternates,56,index
https://www.glpzy.app/hu/wegovy-tracker-iphone.html,hu/wegovy-tracker-iphone.html,hu,medicine,200,https://www.glpzy.app/hu/wegovy-tracker-iphone.html,index,yes,Wegovy — Gyors naplózás rendetlenség nélkül | OneGLP,"Wegovy: Kövesse ezt a rutint adagelőzményekkel, testsúllyal, tünetekkel, étvággyal, fotókkal, emlékeztetőkkel és exportokkal egy privát alkalmazásban.",Wegovy,450,no,no,no,yes,1,no,no,no,54 alternates,58,improve-copy-keep-indexable
https://www.glpzy.app/hu/zepbound-tracker-iphone.html,hu/zepbound-tracker-iphone.html,hu,medicine,200,https://www.glpzy.app/hu/zepbound-tracker-iphone.html,index,yes,Zepbound — Gyors naplózás rendetlenség nélkül | OneGLP,"Zepbound: Kövesse ezt a rutint adagelőzményekkel, testsúllyal, tünetekkel, étvággyal, fotókkal, emlékeztetőkkel és exportokkal egy privát alkalmazásban.",Zepbound,457,no,no,no,yes,1,no,no,no,54 alternates,57,improve-copy-keep-indexable
https://www.glpzy.app/id/apple-health-glp-tracker.html,id/apple-health-glp-tracker.html,id,feature,200,https://www.glpzy.app/id/apple-health-glp-tracker.html,index,yes,Konteks hanya baca dari Apple Health | OneGLP,"Akses Apple Health bersifat opsional dan terbatas pada izin yang Anda berikan. OneGLP mengimpor riwayat berat badan dan tinggi badan, lalu membaca ringkasan komposisi tubuh, gerakan, olahraga, kalori, protein, dan air dalam mode hanya baca. Tidak ada yang ditulis kembali.",Konteks hanya baca dari Apple Health,480,no,no,no,yes,1,no,no,no,54 alternates,54,improve-copy-keep-indexable
https://www.glpzy.app/id/compounded-glp-tracker-iphone.html,id/compounded-glp-tracker-iphone.html,id,commercial,200,https://www.glpzy.app/id/compounded-glp-tracker-iphone.html,index,yes,Diperparah — Pencatatan cepat tanpa kekacauan | OneGLP,"Diperparah: Lacak rutinitas ini dengan riwayat dosis, berat badan, gejala, nafsu makan, foto, pengingat, dan ekspor dalam satu aplikasi pribadi.",Diperparah,481,no,no,no,yes,1,no,no,no,54 alternates,56,index
https://www.glpzy.app/id/custom-medication-tracker-iphone.html,id/custom-medication-tracker-iphone.html,id,commercial,200,https://www.glpzy.app/id/custom-medication-tracker-iphone.html,index,yes,Adat — Pencatatan cepat tanpa kekacauan | OneGLP,"Adat: Lacak rutinitas ini dengan riwayat dosis, berat badan, gejala, nafsu makan, foto, pengingat, dan ekspor dalam satu aplikasi pribadi.",Adat,490,no,no,no,yes,1,no,no,no,54 alternates,58,index
https://www.glpzy.app/id/data-rights.html,id/data-rights.html,id,privacy,200,https://www.glpzy.app/id/data-rights.html,index,yes,Ekspor riwayat | OneGLP,"OneGLP pertama-tama akan membuat cadangan keamanan lokal, lalu mengganti catatan lokal pada perangkat ini.",Ekspor riwayat,392,no,no,no,yes,1,no,no,no,54 alternates,77,index
https://www.glpzy.app/id/foundayo-tracker-iphone.html,id/foundayo-tracker-iphone.html,id,commercial,200,https://www.glpzy.app/id/foundayo-tracker-iphone.html,index,yes,Foundayo — Pencatatan cepat tanpa kekacauan | OneGLP,"Foundayo: Lacak rutinitas ini dengan riwayat dosis, berat badan, gejala, nafsu makan, foto, pengingat, dan ekspor dalam satu aplikasi pribadi.",Foundayo,471,no,no,no,yes,1,no,no,no,54 alternates,55,index
https://www.glpzy.app/id/glp1-weight-dose-symptom-tracker.html,id/glp1-weight-dose-symptom-tracker.html,id,commercial,200,https://www.glpzy.app/id/glp1-weight-dose-symptom-tracker.html,index,yes,"Rutinitas GLP-1 Anda, tertata tanpa keruwetan | OneGLP","Catat dosis, berat badan, gejala, nafsu makan, foto, pengingat, dan konteks Apple Health dalam satu aplikasi pribadi untuk tinjauan pribadi.","Rutinitas GLP-1 Anda, tertata tanpa keruwetan.",550,no,no,no,yes,1,no,no,no,54 alternates,54,index
https://www.glpzy.app/id/glpzy-is-now-oneglp/,id/glpzy-is-now-oneglp/index.html,id,home,200,https://www.glpzy.app/id/glpzy-is-now-oneglp/,index,yes,GLPzy kini bernama OneGLP,"GLPzy kini menjadi OneGLP. Aplikasi, pengembang, catatan, dan pembelian Premium Anda tetap sama.",GLPzy kini bernama OneGLP,192,no,no,no,yes,1,yes,yes,no,54 alternates,77,index
https://www.glpzy.app/id/,id/index.html,id,home,200,https://www.glpzy.app/id/,index,yes,"Rutinitas GLP-1 Anda, tertata tanpa keruwetan | OneGLP","Catat dosis, berat badan, gejala, nafsu makan, foto, pengingat, dan konteks Apple Health dalam satu aplikasi pribadi untuk tinjauan pribadi.","Rutinitas GLP-1 Anda, tertata tanpa keruwetan.",768,no,no,no,yes,1,yes,no,no,54 alternates,135,index
https://www.glpzy.app/id/local-first-private-glp-tracker.html,id/local-first-private-glp-tracker.html,id,privacy,200,https://www.glpzy.app/id/local-first-private-glp-tracker.html,index,yes,Privat secara default. Dapat diekspor saat Anda memilih | OneGLP,"Tidak diperlukan akun dalam app untuk mencatat dosis, berat badan, gejala, atau pengingat.",Privat secara default. Dapat diekspor saat Anda memilih.,468,no,no,no,yes,1,no,no,no,54 alternates,54,index
https://www.glpzy.app/id/medical-safety.html,id/medical-safety.html,id,trust,200,https://www.glpzy.app/id/medical-safety.html,index,yes,Keamanan medis | OneGLP,"OneGLP membantu Anda mencatat dengan lebih jelas apa yang terjadi. Itu tidak mendiagnosis, meresepkan, atau memilih dosis Anda.",Keamanan medis,704,no,no,no,yes,1,no,no,no,54 alternates,78,index
https://www.glpzy.app/id/methodology.html,id/methodology.html,id,trust,200,https://www.glpzy.app/id/methodology.html,index,yes,Metodologi | OneGLP,Perkiraan Tren Paparan menggunakan pencatatan waktu dosis ditambah model penyerapan dan eliminasi yang disederhanakan hanya untuk pelacakan pribadi.,Metodologi,727,no,no,no,yes,1,no,no,no,54 alternates,77,index
https://www.glpzy.app/id/mounjaro-tracker-iphone.html,id/mounjaro-tracker-iphone.html,id,medicine,200,https://www.glpzy.app/id/mounjaro-tracker-iphone.html,index,yes,Mounjaro — Pencatatan cepat tanpa kekacauan | OneGLP,"Mounjaro: Lacak rutinitas ini dengan riwayat dosis, berat badan, gejala, nafsu makan, foto, pengingat, dan ekspor dalam satu aplikasi pribadi.",Mounjaro,482,no,no,no,yes,1,no,no,no,54 alternates,57,improve-copy-keep-indexable
https://www.glpzy.app/id/overview.html,id/overview.html,id,other,200,https://www.glpzy.app/id/overview.html,index,yes,OneGLP — Kebijakan privasi · Keamanan medis · Dukungan,"Tinjau cakupan dukungan, kontak privasi, dan panduan non-darurat.",OneGLP,431,no,no,no,yes,1,no,no,no,54 alternates,54,index
https://www.glpzy.app/id/ozempic-tracker-iphone.html,id/ozempic-tracker-iphone.html,id,commercial,200,https://www.glpzy.app/id/ozempic-tracker-iphone.html,index,yes,Ozempic — Pencatatan cepat tanpa kekacauan | OneGLP,"Ozempic: Lacak rutinitas ini dengan riwayat dosis, berat badan, gejala, nafsu makan, foto, pengingat, dan ekspor dalam satu aplikasi pribadi.",Ozempic,478,no,no,no,yes,1,no,no,no,54 alternates,58,index
https://www.glpzy.app/id/privacy.html,id/privacy.html,id,privacy,200,https://www.glpzy.app/id/privacy.html,index,yes,Privat secara default. Dapat diekspor saat Anda memilih | OneGLP,"Tidak diperlukan akun dalam app untuk mencatat dosis, berat badan, gejala, atau pengingat.",Privat secara default. Dapat diekspor saat Anda memilih.,468,no,no,no,yes,1,no,no,no,54 alternates,116,index
https://www.glpzy.app/id/rybelsus-tracker-iphone.html,id/rybelsus-tracker-iphone.html,id,commercial,200,https://www.glpzy.app/id/rybelsus-tracker-iphone.html,index,yes,Rybelsus — Pencatatan cepat tanpa kekacauan | OneGLP,"Rybelsus: Lacak rutinitas ini dengan riwayat dosis, berat badan, gejala, nafsu makan, foto, pengingat, dan ekspor dalam satu aplikasi pribadi.",Rybelsus,473,no,no,no,yes,1,no,no,no,54 alternates,58,index
https://www.glpzy.app/id/saxenda-tracker-iphone.html,id/saxenda-tracker-iphone.html,id,commercial,200,https://www.glpzy.app/id/saxenda-tracker-iphone.html,index,yes,Saxenda — Pencatatan cepat tanpa kekacauan | OneGLP,"Saxenda: Lacak rutinitas ini dengan riwayat dosis, berat badan, gejala, nafsu makan, foto, pengingat, dan ekspor dalam satu aplikasi pribadi.",Saxenda,472,no,no,no,yes,1,no,no,no,54 alternates,56,index
https://www.glpzy.app/id/semaglutide-tracker-iphone.html,id/semaglutide-tracker-iphone.html,id,ingredient,200,https://www.glpzy.app/id/semaglutide-tracker-iphone.html,index,yes,Semaglutide — Pencatatan cepat tanpa kekacauan | OneGLP,"Semaglutide: Lacak rutinitas ini dengan riwayat dosis, berat badan, gejala, nafsu makan, foto, pengingat, dan ekspor dalam satu aplikasi pribadi.",Semaglutide,482,no,no,no,yes,1,no,no,no,54 alternates,60,improve-copy-keep-indexable
https://www.glpzy.app/id/support.html,id/support.html,id,trust,200,https://www.glpzy.app/id/support.html,index,yes,Dukungan | OneGLP,"Tinjau cakupan dukungan, kontak privasi, dan panduan non-darurat.",Dukungan,445,no,no,no,yes,1,no,no,no,54 alternates,103,index
https://www.glpzy.app/id/terms.html,id/terms.html,id,trust,200,https://www.glpzy.app/id/terms.html,index,yes,Ketentuan penggunaan | OneGLP,"Harga, periode penagihan, dan detail penawaran perkenalan ditampilkan dari akun App Store Anda sebelum pembelian. Kelola atau batalkan dalam pengaturan App Store.",Ketentuan penggunaan,484,no,no,no,yes,1,no,no,no,54 alternates,77,index
https://www.glpzy.app/id/tirzepatide-tracker-iphone.html,id/tirzepatide-tracker-iphone.html,id,ingredient,200,https://www.glpzy.app/id/tirzepatide-tracker-iphone.html,index,yes,Tirzepatide — Pencatatan cepat tanpa kekacauan | OneGLP,"Tirzepatide: Lacak rutinitas ini dengan riwayat dosis, berat badan, gejala, nafsu makan, foto, pengingat, dan ekspor dalam satu aplikasi pribadi.",Tirzepatide,486,no,no,no,yes,1,no,no,no,54 alternates,59,improve-copy-keep-indexable
https://www.glpzy.app/id/trulicity-tracker-iphone.html,id/trulicity-tracker-iphone.html,id,commercial,200,https://www.glpzy.app/id/trulicity-tracker-iphone.html,index,yes,Trulicity — Pencatatan cepat tanpa kekacauan | OneGLP,"Trulicity: Lacak rutinitas ini dengan riwayat dosis, berat badan, gejala, nafsu makan, foto, pengingat, dan ekspor dalam satu aplikasi pribadi.",Trulicity,472,no,no,no,yes,1,no,no,no,54 alternates,55,index
https://www.glpzy.app/id/victoza-tracker-iphone.html,id/victoza-tracker-iphone.html,id,commercial,200,https://www.glpzy.app/id/victoza-tracker-iphone.html,index,yes,Victoza — Pencatatan cepat tanpa kekacauan | OneGLP,"Victoza: Lacak rutinitas ini dengan riwayat dosis, berat badan, gejala, nafsu makan, foto, pengingat, dan ekspor dalam satu aplikasi pribadi.",Victoza,472,no,no,no,yes,1,no,no,no,54 alternates,56,index
https://www.glpzy.app/id/wegovy-tracker-iphone.html,id/wegovy-tracker-iphone.html,id,medicine,200,https://www.glpzy.app/id/wegovy-tracker-iphone.html,index,yes,Wegovy — Pencatatan cepat tanpa kekacauan | OneGLP,"Wegovy: Lacak rutinitas ini dengan riwayat dosis, berat badan, gejala, nafsu makan, foto, pengingat, dan ekspor dalam satu aplikasi pribadi.",Wegovy,482,no,no,no,yes,1,no,no,no,54 alternates,58,improve-copy-keep-indexable
https://www.glpzy.app/id/zepbound-tracker-iphone.html,id/zepbound-tracker-iphone.html,id,medicine,200,https://www.glpzy.app/id/zepbound-tracker-iphone.html,index,yes,Zepbound — Pencatatan cepat tanpa kekacauan | OneGLP,"Zepbound: Lacak rutinitas ini dengan riwayat dosis, berat badan, gejala, nafsu makan, foto, pengingat, dan ekspor dalam satu aplikasi pribadi.",Zepbound,491,no,no,no,yes,1,no,no,no,54 alternates,57,improve-copy-keep-indexable
https://www.glpzy.app/,index.html,root,home,200,https://www.glpzy.app/,index,yes,"Private GLP-1 dose, weight and symptom tracker | OneGLP","Track GLP-1 doses, weight, symptoms, photos, reminders, imports, exports and optional read-only Apple Health context privately on iPhone. No account required.",Private GLP-1 tracker for iPhone,2436,no,no,no,yes,9,yes,yes,no,54 alternates,134,index
https://www.glpzy.app/it/apple-health-glp-tracker.html,it/apple-health-glp-tracker.html,it,feature,200,https://www.glpzy.app/it/apple-health-glp-tracker.html,index,yes,Contesto di sola lettura da Apple Health | OneGLP,"L'accesso a Apple Health è facoltativo e limitato alle autorizzazioni concesse. OneGLP importa la cronologia del peso corporeo e dell'altezza, quindi legge i riepiloghi della composizione corporea, del movimento, dell'allenamento, delle calorie, delle proteine ​​e dell'acqua in modalità di sola lettura. Non viene riscritto nulla.",Contesto di sola lettura da Apple Health,588,no,no,no,yes,1,no,no,no,54 alternates,54,improve-copy-keep-indexable
https://www.glpzy.app/it/compounded-glp-tracker-iphone.html,it/compounded-glp-tracker-iphone.html,it,commercial,200,https://www.glpzy.app/it/compounded-glp-tracker-iphone.html,index,yes,Compounded​ — Registrazione rapida senza ingombri | OneGLP,"Compounded​: Tieni traccia di questa routine con cronologia delle dosi, peso, sintomi, appetito, foto, promemoria ed esportazioni in un’unica app privata.",Compounded​,528,no,no,no,yes,1,no,no,no,54 alternates,56,index
https://www.glpzy.app/it/custom-medication-tracker-iphone.html,it/custom-medication-tracker-iphone.html,it,commercial,200,https://www.glpzy.app/it/custom-medication-tracker-iphone.html,index,yes,Personalizzato — Registrazione rapida senza ingombri | OneGLP,"Personalizzato: Tieni traccia di questa routine con cronologia delle dosi, peso, sintomi, appetito, foto, promemoria ed esportazioni in un’unica app privata.",Personalizzato,534,no,no,no,yes,1,no,no,no,54 alternates,58,index
https://www.glpzy.app/it/data-rights.html,it/data-rights.html,it,privacy,200,https://www.glpzy.app/it/data-rights.html,index,yes,Esporta cronologia | OneGLP,"OneGLP creerà innanzitutto un backup di sicurezza locale, quindi sostituirà i record locali su questo dispositivo.",Esporta cronologia,461,no,no,no,yes,1,no,no,no,54 alternates,77,index
https://www.glpzy.app/it/foundayo-tracker-iphone.html,it/foundayo-tracker-iphone.html,it,commercial,200,https://www.glpzy.app/it/foundayo-tracker-iphone.html,index,yes,Foundayo — Registrazione rapida senza ingombri | OneGLP,"Foundayo: Tieni traccia di questa routine con cronologia delle dosi, peso, sintomi, appetito, foto, promemoria ed esportazioni in un’unica app privata.",Foundayo,515,no,no,no,yes,1,no,no,no,54 alternates,55,index
https://www.glpzy.app/it/glp1-weight-dose-symptom-tracker.html,it/glp1-weight-dose-symptom-tracker.html,it,commercial,200,https://www.glpzy.app/it/glp1-weight-dose-symptom-tracker.html,index,yes,"La tua routine GLP-1, organizzata senza confusione | OneGLP","Registra dosi, peso, sintomi, appetito, foto, promemoria e contesto Apple Health in un’unica app privata per revisione personale.","La tua routine GLP-1, organizzata senza confusione.",619,no,no,no,yes,1,no,no,no,54 alternates,54,index
https://www.glpzy.app/it/glpzy-is-now-oneglp/,it/glpzy-is-now-oneglp/index.html,it,home,200,https://www.glpzy.app/it/glpzy-is-now-oneglp/,index,yes,GLPzy ora si chiama OneGLP,GLPzy ora si chiama OneGLP. L’app e lo sviluppatore restano gli stessi. I tuoi dati e acquisti Premium vengono mantenuti. Scopri il cambio di nome.,GLPzy ora si chiama OneGLP,252,no,no,no,yes,1,yes,yes,no,54 alternates,77,index
https://www.glpzy.app/it/,it/index.html,it,home,200,https://www.glpzy.app/it/,index,yes,"La tua routine GLP-1, organizzata senza confusione | OneGLP","Registra dosi, peso, sintomi, appetito, foto, promemoria e contesto Apple Health in un’unica app privata per revisione personale.","La tua routine GLP-1, organizzata senza confusione.",963,no,no,no,yes,1,yes,no,no,54 alternates,135,index
https://www.glpzy.app/it/local-first-private-glp-tracker.html,it/local-first-private-glp-tracker.html,it,privacy,200,https://www.glpzy.app/it/local-first-private-glp-tracker.html,index,yes,Privata per impostazione predefinita. Esportabile quando vuoi | OneGLP,"Non serve un account nell’app per registrare dosi, peso, sintomi o promemoria.",Privata per impostazione predefinita. Esportabile quando vuoi.,533,no,no,no,yes,1,no,no,no,54 alternates,54,index
https://www.glpzy.app/it/medical-safety.html,it/medical-safety.html,it,trust,200,https://www.glpzy.app/it/medical-safety.html,index,yes,Sicurezza medica | OneGLP,"OneGLP ti aiuta a tenere un registro più chiaro di ciò che è successo. Non diagnostica, prescrive o sceglie la dose.",Sicurezza medica,831,no,no,no,yes,1,no,no,no,54 alternates,78,index
https://www.glpzy.app/it/methodology.html,it/methodology.html,it,trust,200,https://www.glpzy.app/it/methodology.html,index,yes,Metodologia | OneGLP,Il trend di esposizione stimata usa l’orario delle dosi registrate insieme a un modello semplificato di assorbimento ed eliminazione solo per il monitoraggio personale.,Metodologia,859,no,no,no,yes,1,no,no,no,54 alternates,77,index
https://www.glpzy.app/it/mounjaro-tracker-iphone.html,it/mounjaro-tracker-iphone.html,it,medicine,200,https://www.glpzy.app/it/mounjaro-tracker-iphone.html,index,yes,Mounjaro — Registrazione rapida senza ingombri | OneGLP,"Mounjaro: Tieni traccia di questa routine con cronologia delle dosi, peso, sintomi, appetito, foto, promemoria ed esportazioni in un’unica app privata.",Mounjaro,525,no,no,no,yes,1,no,no,no,54 alternates,57,improve-copy-keep-indexable
https://www.glpzy.app/it/overview.html,it/overview.html,it,other,200,https://www.glpzy.app/it/overview.html,index,yes,OneGLP — Politica sulla riservatezza · Sicurezza medica · Supporto,"Esamina l'ambito del supporto, i contatti sulla privacy e le indicazioni non di emergenza.",OneGLP,469,no,no,no,yes,1,no,no,no,54 alternates,54,index
https://www.glpzy.app/it/ozempic-tracker-iphone.html,it/ozempic-tracker-iphone.html,it,commercial,200,https://www.glpzy.app/it/ozempic-tracker-iphone.html,index,yes,Ozempic — Registrazione rapida senza ingombri | OneGLP,"Ozempic: Tieni traccia di questa routine con cronologia delle dosi, peso, sintomi, appetito, foto, promemoria ed esportazioni in un’unica app privata.",Ozempic,522,no,no,no,yes,1,no,no,no,54 alternates,58,index
https://www.glpzy.app/it/privacy.html,it/privacy.html,it,privacy,200,https://www.glpzy.app/it/privacy.html,index,yes,Privata per impostazione predefinita. Esportabile quando vuoi | OneGLP,"Non serve un account nell’app per registrare dosi, peso, sintomi o promemoria.",Privata per impostazione predefinita. Esportabile quando vuoi.,533,no,no,no,yes,1,no,no,no,54 alternates,116,index
https://www.glpzy.app/it/rybelsus-tracker-iphone.html,it/rybelsus-tracker-iphone.html,it,commercial,200,https://www.glpzy.app/it/rybelsus-tracker-iphone.html,index,yes,Rybelsus — Registrazione rapida senza ingombri | OneGLP,"Rybelsus: Tieni traccia di questa routine con cronologia delle dosi, peso, sintomi, appetito, foto, promemoria ed esportazioni in un’unica app privata.",Rybelsus,517,no,no,no,yes,1,no,no,no,54 alternates,58,index
https://www.glpzy.app/it/saxenda-tracker-iphone.html,it/saxenda-tracker-iphone.html,it,commercial,200,https://www.glpzy.app/it/saxenda-tracker-iphone.html,index,yes,Saxenda — Registrazione rapida senza ingombri | OneGLP,"Saxenda: Tieni traccia di questa routine con cronologia delle dosi, peso, sintomi, appetito, foto, promemoria ed esportazioni in un’unica app privata.",Saxenda,516,no,no,no,yes,1,no,no,no,54 alternates,56,index
https://www.glpzy.app/it/semaglutide-tracker-iphone.html,it/semaglutide-tracker-iphone.html,it,ingredient,200,https://www.glpzy.app/it/semaglutide-tracker-iphone.html,index,yes,Semaglutide — Registrazione rapida senza ingombri | OneGLP,"Semaglutide: Tieni traccia di questa routine con cronologia delle dosi, peso, sintomi, appetito, foto, promemoria ed esportazioni in un’unica app privata.",Semaglutide,525,no,no,no,yes,1,no,no,no,54 alternates,60,improve-copy-keep-indexable
https://www.glpzy.app/it/support.html,it/support.html,it,trust,200,https://www.glpzy.app/it/support.html,index,yes,Supporto | OneGLP,"Esamina l'ambito del supporto, i contatti sulla privacy e le indicazioni non di emergenza.",Supporto,491,no,no,no,yes,1,no,no,no,54 alternates,103,index
https://www.glpzy.app/it/terms.html,it/terms.html,it,trust,200,https://www.glpzy.app/it/terms.html,index,yes,Termini di utilizzo | OneGLP,"Prezzo, periodo di fatturazione ed eventuali dettagli dell'offerta di lancio vengono visualizzati nel tuo account App Store prima dell'acquisto. Gestisci o annulla nelle impostazioni App Store.",Termini di utilizzo,531,no,no,no,yes,1,no,no,no,54 alternates,77,index
https://www.glpzy.app/it/tirzepatide-tracker-iphone.html,it/tirzepatide-tracker-iphone.html,it,ingredient,200,https://www.glpzy.app/it/tirzepatide-tracker-iphone.html,index,yes,Tirzepatide — Registrazione rapida senza ingombri | OneGLP,"Tirzepatide: Tieni traccia di questa routine con cronologia delle dosi, peso, sintomi, appetito, foto, promemoria ed esportazioni in un’unica app privata.",Tirzepatide,529,no,no,no,yes,1,no,no,no,54 alternates,59,improve-copy-keep-indexable
https://www.glpzy.app/it/trulicity-tracker-iphone.html,it/trulicity-tracker-iphone.html,it,commercial,200,https://www.glpzy.app/it/trulicity-tracker-iphone.html,index,yes,Trulicity — Registrazione rapida senza ingombri | OneGLP,"Trulicity: Tieni traccia di questa routine con cronologia delle dosi, peso, sintomi, appetito, foto, promemoria ed esportazioni in un’unica app privata.",Trulicity,516,no,no,no,yes,1,no,no,no,54 alternates,55,index
https://www.glpzy.app/it/victoza-tracker-iphone.html,it/victoza-tracker-iphone.html,it,commercial,200,https://www.glpzy.app/it/victoza-tracker-iphone.html,index,yes,Victoza — Registrazione rapida senza ingombri | OneGLP,"Victoza: Tieni traccia di questa routine con cronologia delle dosi, peso, sintomi, appetito, foto, promemoria ed esportazioni in un’unica app privata.",Victoza,516,no,no,no,yes,1,no,no,no,54 alternates,56,index
https://www.glpzy.app/it/wegovy-tracker-iphone.html,it/wegovy-tracker-iphone.html,it,medicine,200,https://www.glpzy.app/it/wegovy-tracker-iphone.html,index,yes,Wegovy — Registrazione rapida senza ingombri | OneGLP,"Wegovy: Tieni traccia di questa routine con cronologia delle dosi, peso, sintomi, appetito, foto, promemoria ed esportazioni in un’unica app privata.",Wegovy,525,no,no,no,yes,1,no,no,no,54 alternates,58,improve-copy-keep-indexable
https://www.glpzy.app/it/zepbound-tracker-iphone.html,it/zepbound-tracker-iphone.html,it,medicine,200,https://www.glpzy.app/it/zepbound-tracker-iphone.html,index,yes,Zepbound — Registrazione rapida senza ingombri | OneGLP,"Zepbound: Tieni traccia di questa routine con cronologia delle dosi, peso, sintomi, appetito, foto, promemoria ed esportazioni in un’unica app privata.",Zepbound,533,no,no,no,yes,1,no,no,no,54 alternates,57,improve-copy-keep-indexable
https://www.glpzy.app/ja/apple-health-glp-tracker.html,ja/apple-health-glp-tracker.html,ja,feature,200,https://www.glpzy.app/ja/apple-health-glp-tracker.html,index,yes,Apple Health からの読み取り専用コンテキスト | OneGLP,Apple Health アクセスはオプションであり、付与した権限に限定されます。 OneGLP は、体重履歴と身長をインポートし、体組成、運動、トレーニング、カロリー、タンパク質、水分の概要を読み取り専用モードで読み取ります。何も書き戻されません。,Apple Health からの読み取り専用コンテキスト,323,no,no,no,yes,1,no,no,no,54 alternates,54,improve-copy-keep-indexable
https://www.glpzy.app/ja/compounded-glp-tracker-iphone.html,ja/compounded-glp-tracker-iphone.html,ja,commercial,200,https://www.glpzy.app/ja/compounded-glp-tracker-iphone.html,index,yes,Compounded​ — 煩雑にならずに迅速にログを記録できます。 | OneGLP,Compounded​: このルーティンを、用量履歴、体重、症状、食欲、写真、リマインダー、エクスポートとともに、1つのプライベートなアプリで記録できます。,Compounded​,308,no,no,no,yes,1,no,no,no,54 alternates,56,index
https://www.glpzy.app/ja/custom-medication-tracker-iphone.html,ja/custom-medication-tracker-iphone.html,ja,commercial,200,https://www.glpzy.app/ja/custom-medication-tracker-iphone.html,index,yes,カスタム — 煩雑にならずに迅速にログを記録できます。 | OneGLP,カスタム: このルーティンを、用量履歴、体重、症状、食欲、写真、リマインダー、エクスポートとともに、1つのプライベートなアプリで記録できます。,カスタム,314,no,no,no,yes,1,no,no,no,54 alternates,58,index
https://www.glpzy.app/ja/data-rights.html,ja/data-rights.html,ja,privacy,200,https://www.glpzy.app/ja/data-rights.html,index,yes,エクスポート履歴 | OneGLP,OneGLP は、まずローカルの安全バックアップを作成し、次にこのデバイス上のローカル レコードを置き換えます。,エクスポート履歴,273,no,no,no,yes,1,no,no,no,54 alternates,77,index
https://www.glpzy.app/ja/foundayo-tracker-iphone.html,ja/foundayo-tracker-iphone.html,ja,commercial,200,https://www.glpzy.app/ja/foundayo-tracker-iphone.html,index,yes,Foundayo — 煩雑にならずに迅速にログを記録できます。 | OneGLP,Foundayo: このルーティンを、用量履歴、体重、症状、食欲、写真、リマインダー、エクスポートとともに、1つのプライベートなアプリで記録できます。,Foundayo,300,no,no,no,yes,1,no,no,no,54 alternates,55,index
https://www.glpzy.app/ja/glp1-weight-dose-symptom-tracker.html,ja/glp1-weight-dose-symptom-tracker.html,ja,commercial,200,https://www.glpzy.app/ja/glp1-weight-dose-symptom-tracker.html,index,yes,GLP-1 の記録を、すっきり整理。 | OneGLP,用量、体重、症状、食欲、写真、リマインダー、Apple Health の情報を、個人で見直すためのプライベートなアプリに記録できます。,GLP-1 の記録を、すっきり整理。,330,no,no,no,yes,1,no,no,no,54 alternates,54,index
https://www.glpzy.app/ja/glpzy-is-now-oneglp/,ja/glpzy-is-now-oneglp/index.html,ja,home,200,https://www.glpzy.app/ja/glpzy-is-now-oneglp/,index,yes,GLPzyはOneGLPに名称を変更しました,GLPzyはOneGLPに名称を変更しました。アプリと開発者は変わりません。既存の記録とPremiumの購入内容は引き続き利用できます。,GLPzyはOneGLPに名称を変更しました,120,no,no,no,yes,1,yes,yes,no,54 alternates,77,index
https://www.glpzy.app/ja/,ja/index.html,ja,home,200,https://www.glpzy.app/ja/,index,yes,GLP-1 の記録を、すっきり整理。 | OneGLP,用量、体重、症状、食欲、写真、リマインダー、Apple Health の情報を、個人で見直すためのプライベートなアプリに記録できます。,GLP-1 の記録を、すっきり整理。,422,no,no,no,yes,1,yes,no,no,54 alternates,135,index
https://www.glpzy.app/ja/local-first-private-glp-tracker.html,ja/local-first-private-glp-tracker.html,ja,privacy,200,https://www.glpzy.app/ja/local-first-private-glp-tracker.html,index,yes,標準でプライベート。必要なときにエクスポート可能。 | OneGLP,投与量、体重、症状、リマインダー、またはリマインダーを追跡するためにアカウントは必要ありません。,標準でプライベート。必要なときにエクスポート可能。,298,no,no,no,yes,1,no,no,no,54 alternates,54,index
https://www.glpzy.app/ja/medical-safety.html,ja/medical-safety.html,ja,trust,200,https://www.glpzy.app/ja/medical-safety.html,index,yes,医療安全 | OneGLP,OneGLP は、何が起こったかをより明確に記録するのに役立ちます。診断、処方、または投与量の選択を行うものではありません。,医療安全,378,no,no,no,yes,1,no,no,no,54 alternates,78,index
https://www.glpzy.app/ja/methodology.html,ja/methodology.html,ja,trust,200,https://www.glpzy.app/ja/methodology.html,index,yes,方法論 | OneGLP,推定曝露トレンドは、記録された投与時刻と簡略化した吸収・消失モデルを用いた、個人記録専用の推定です。,方法論,385,no,no,no,yes,1,no,no,no,54 alternates,77,index
https://www.glpzy.app/ja/mounjaro-tracker-iphone.html,ja/mounjaro-tracker-iphone.html,ja,medicine,200,https://www.glpzy.app/ja/mounjaro-tracker-iphone.html,index,yes,Mounjaro — 煩雑にならずに迅速にログを記録できます。 | OneGLP,Mounjaro: このルーティンを、用量履歴、体重、症状、食欲、写真、リマインダー、エクスポートとともに、1つのプライベートなアプリで記録できます。,Mounjaro,307,no,no,no,yes,1,no,no,no,54 alternates,57,improve-copy-keep-indexable
https://www.glpzy.app/ja/overview.html,ja/overview.html,ja,other,200,https://www.glpzy.app/ja/overview.html,index,yes,OneGLP — プライバシーポリシー · 医療安全 · サポート,サポート範囲、プライバシーに関する連絡先、および緊急以外のガイダンスを確認します。,OneGLP,275,no,no,no,yes,1,no,no,no,54 alternates,54,index
https://www.glpzy.app/ja/ozempic-tracker-iphone.html,ja/ozempic-tracker-iphone.html,ja,commercial,200,https://www.glpzy.app/ja/ozempic-tracker-iphone.html,index,yes,Ozempic — 煩雑にならずに迅速にログを記録できます。 | OneGLP,Ozempic: このルーティンを、用量履歴、体重、症状、食欲、写真、リマインダー、エクスポートとともに、1つのプライベートなアプリで記録できます。,Ozempic,305,no,no,no,yes,1,no,no,no,54 alternates,58,index
https://www.glpzy.app/ja/privacy.html,ja/privacy.html,ja,privacy,200,https://www.glpzy.app/ja/privacy.html,index,yes,標準でプライベート。必要なときにエクスポート可能。 | OneGLP,投与量、体重、症状、リマインダー、またはリマインダーを追跡するためにアカウントは必要ありません。,標準でプライベート。必要なときにエクスポート可能。,298,no,no,no,yes,1,no,no,no,54 alternates,116,index
https://www.glpzy.app/ja/rybelsus-tracker-iphone.html,ja/rybelsus-tracker-iphone.html,ja,commercial,200,https://www.glpzy.app/ja/rybelsus-tracker-iphone.html,index,yes,Rybelsus — 煩雑にならずに迅速にログを記録できます。 | OneGLP,Rybelsus: このルーティンを、用量履歴、体重、症状、食欲、写真、リマインダー、エクスポートとともに、1つのプライベートなアプリで記録できます。,Rybelsus,302,no,no,no,yes,1,no,no,no,54 alternates,58,index
https://www.glpzy.app/ja/saxenda-tracker-iphone.html,ja/saxenda-tracker-iphone.html,ja,commercial,200,https://www.glpzy.app/ja/saxenda-tracker-iphone.html,index,yes,Saxenda — 煩雑にならずに迅速にログを記録できます。 | OneGLP,Saxenda: このルーティンを、用量履歴、体重、症状、食欲、写真、リマインダー、エクスポートとともに、1つのプライベートなアプリで記録できます。,Saxenda,300,no,no,no,yes,1,no,no,no,54 alternates,56,index
https://www.glpzy.app/ja/semaglutide-tracker-iphone.html,ja/semaglutide-tracker-iphone.html,ja,ingredient,200,https://www.glpzy.app/ja/semaglutide-tracker-iphone.html,index,yes,Semaglutide — 煩雑にならずに迅速にログを記録できます。 | OneGLP,Semaglutide: このルーティンを、用量履歴、体重、症状、食欲、写真、リマインダー、エクスポートとともに、1つのプライベートなアプリで記録できます。,Semaglutide,308,no,no,no,yes,1,no,no,no,54 alternates,60,improve-copy-keep-indexable
https://www.glpzy.app/ja/support.html,ja/support.html,ja,trust,200,https://www.glpzy.app/ja/support.html,index,yes,サポート | OneGLP,サポート範囲、プライバシーに関する連絡先、および緊急以外のガイダンスを確認します。,サポート,288,no,no,no,yes,1,no,no,no,54 alternates,103,index
https://www.glpzy.app/ja/terms.html,ja/terms.html,ja,trust,200,https://www.glpzy.app/ja/terms.html,index,yes,利用規約 | OneGLP,価格、請求期間、および紹介特典の詳細は、購入前に App Store アカウントから表示されます。 App Store 設定で管理またはキャンセルします。,利用規約,296,no,no,no,yes,1,no,no,no,54 alternates,77,index
https://www.glpzy.app/ja/tirzepatide-tracker-iphone.html,ja/tirzepatide-tracker-iphone.html,ja,ingredient,200,https://www.glpzy.app/ja/tirzepatide-tracker-iphone.html,index,yes,Tirzepatide — 煩雑にならずに迅速にログを記録できます。 | OneGLP,Tirzepatide: このルーティンを、用量履歴、体重、症状、食欲、写真、リマインダー、エクスポートとともに、1つのプライベートなアプリで記録できます。,Tirzepatide,310,no,no,no,yes,1,no,no,no,54 alternates,59,improve-copy-keep-indexable
https://www.glpzy.app/ja/trulicity-tracker-iphone.html,ja/trulicity-tracker-iphone.html,ja,commercial,200,https://www.glpzy.app/ja/trulicity-tracker-iphone.html,index,yes,Trulicity — 煩雑にならずに迅速にログを記録できます。 | OneGLP,Trulicity: このルーティンを、用量履歴、体重、症状、食欲、写真、リマインダー、エクスポートとともに、1つのプライベートなアプリで記録できます。,Trulicity,300,no,no,no,yes,1,no,no,no,54 alternates,55,index
https://www.glpzy.app/ja/victoza-tracker-iphone.html,ja/victoza-tracker-iphone.html,ja,commercial,200,https://www.glpzy.app/ja/victoza-tracker-iphone.html,index,yes,Victoza — 煩雑にならずに迅速にログを記録できます。 | OneGLP,Victoza: このルーティンを、用量履歴、体重、症状、食欲、写真、リマインダー、エクスポートとともに、1つのプライベートなアプリで記録できます。,Victoza,300,no,no,no,yes,1,no,no,no,54 alternates,56,index
https://www.glpzy.app/ja/wegovy-tracker-iphone.html,ja/wegovy-tracker-iphone.html,ja,medicine,200,https://www.glpzy.app/ja/wegovy-tracker-iphone.html,index,yes,Wegovy — 煩雑にならずに迅速にログを記録できます。 | OneGLP,Wegovy: このルーティンを、用量履歴、体重、症状、食欲、写真、リマインダー、エクスポートとともに、1つのプライベートなアプリで記録できます。,Wegovy,308,no,no,no,yes,1,no,no,no,54 alternates,58,improve-copy-keep-indexable
https://www.glpzy.app/ja/zepbound-tracker-iphone.html,ja/zepbound-tracker-iphone.html,ja,medicine,200,https://www.glpzy.app/ja/zepbound-tracker-iphone.html,index,yes,Zepbound — 煩雑にならずに迅速にログを記録できます。 | OneGLP,Zepbound: このルーティンを、用量履歴、体重、症状、食欲、写真、リマインダー、エクスポートとともに、1つのプライベートなアプリで記録できます。,Zepbound,313,no,no,no,yes,1,no,no,no,54 alternates,57,improve-copy-keep-indexable
https://www.glpzy.app/kn/apple-health-glp-tracker.html,kn/apple-health-glp-tracker.html,kn,feature,200,https://www.glpzy.app/kn/apple-health-glp-tracker.html,index,yes,Apple Health ನಿಂದ ಓದಲು-ಮಾತ್ರ ಸಂದರ್ಭ | OneGLP,"Apple Health ಪ್ರವೇಶವು ಐಚ್ಛಿಕವಾಗಿದೆ ಮತ್ತು ನೀವು ನೀಡುವ ಅನುಮತಿಗಳಿಗೆ ಸೀಮಿತವಾಗಿದೆ. OneGLP ದೇಹದ ತೂಕದ ಇತಿಹಾಸ ಮತ್ತು ಎತ್ತರವನ್ನು ಆಮದು ಮಾಡಿಕೊಳ್ಳುತ್ತದೆ, ನಂತರ ದೇಹ ಸಂಯೋಜನೆ, ನಿದ್ರೆ, ಚಲನೆ, ತಾಲೀಮು, ಕ್ಯಾಲೋರಿಗಳು, ಪ್ರೋಟೀನ್ ಮತ್ತು ನೀರಿನ ಸಾರಾಂಶಗಳನ್ನು ಓದಲು-ಮಾತ್ರ ಮೋಡ್‌ನಲ್ಲಿ ಓದುತ್ತದೆ. ಮತ್ತೆ ಏನನ್ನೂ ಬರೆದಿಲ್ಲ.",Apple Health ನಿಂದ ಓದಲು-ಮಾತ್ರ ಸಂದರ್ಭ,825,no,no,no,yes,1,no,no,no,54 alternates,54,improve-copy-keep-indexable
https://www.glpzy.app/kn/compounded-glp-tracker-iphone.html,kn/compounded-glp-tracker-iphone.html,kn,commercial,200,https://www.glpzy.app/kn/compounded-glp-tracker-iphone.html,index,yes,ಸಂಯೋಜಿತ — ಗೊಂದಲವಿಲ್ಲದೆ ತ್ವರಿತ ಲಾಗಿಂಗ್ | OneGLP,"ಸಂಯೋಜಿತ: ಒಂದು ಖಾಸಗಿ ಆಪ್‌ನಲ್ಲಿ ಡೋಸ್ ಇತಿಹಾಸ, ತೂಕ, ಲಕ್ಷಣಗಳು, ಹಸಿವು, ಫೋಟೋಗಳು, ನೆನಪಿಕೆಗಳು ಮತ್ತು ರಫ್ತುಗಳೊಂದಿಗೆ ಈ ರೂಟಿನ್ ಅನ್ನು ಟ್ರ್ಯಾಕ್ ಮಾಡಿ.",ಸಂಯೋಜಿತ,842,no,no,no,yes,1,no,no,no,54 alternates,56,index
https://www.glpzy.app/kn/custom-medication-tracker-iphone.html,kn/custom-medication-tracker-iphone.html,kn,commercial,200,https://www.glpzy.app/kn/custom-medication-tracker-iphone.html,index,yes,ಕಸ್ಟಮ್ — ಗೊಂದಲವಿಲ್ಲದೆ ತ್ವರಿತ ಲಾಗಿಂಗ್ | OneGLP,"ಕಸ್ಟಮ್: ಒಂದು ಖಾಸಗಿ ಆಪ್‌ನಲ್ಲಿ ಡೋಸ್ ಇತಿಹಾಸ, ತೂಕ, ಲಕ್ಷಣಗಳು, ಹಸಿವು, ಫೋಟೋಗಳು, ನೆನಪಿಕೆಗಳು ಮತ್ತು ರಫ್ತುಗಳೊಂದಿಗೆ ಈ ರೂಟಿನ್ ಅನ್ನು ಟ್ರ್ಯಾಕ್ ಮಾಡಿ.",ಕಸ್ಟಮ್,854,no,no,no,yes,1,no,no,no,54 alternates,58,index
https://www.glpzy.app/kn/data-rights.html,kn/data-rights.html,kn,privacy,200,https://www.glpzy.app/kn/data-rights.html,index,yes,ರಫ್ತು ಇತಿಹಾಸ | OneGLP,"OneGLP ಮೊದಲು ಸ್ಥಳೀಯ ಸುರಕ್ಷತಾ ಬ್ಯಾಕಪ್ ಅನ್ನು ರಚಿಸುತ್ತದೆ, ನಂತರ ಈ ಸಾಧನದಲ್ಲಿ ಸ್ಥಳೀಯ ದಾಖಲೆಗಳನ್ನು ಬದಲಾಯಿಸುತ್ತದೆ.",ರಫ್ತು ಇತಿಹಾಸ,659,no,no,no,yes,1,no,no,no,54 alternates,77,index
https://www.glpzy.app/kn/foundayo-tracker-iphone.html,kn/foundayo-tracker-iphone.html,kn,commercial,200,https://www.glpzy.app/kn/foundayo-tracker-iphone.html,index,yes,Foundayo — ಗೊಂದಲವಿಲ್ಲದೆ ತ್ವರಿತ ಲಾಗಿಂಗ್ | OneGLP,"Foundayo: ಒಂದು ಖಾಸಗಿ ಆಪ್‌ನಲ್ಲಿ ಡೋಸ್ ಇತಿಹಾಸ, ತೂಕ, ಲಕ್ಷಣಗಳು, ಹಸಿವು, ಫೋಟೋಗಳು, ನೆನಪಿಕೆಗಳು ಮತ್ತು ರಫ್ತುಗಳೊಂದಿಗೆ ಈ ರೂಟಿನ್ ಅನ್ನು ಟ್ರ್ಯಾಕ್ ಮಾಡಿ.",Foundayo,809,no,no,no,yes,1,no,no,no,54 alternates,55,index
https://www.glpzy.app/kn/glp1-weight-dose-symptom-tracker.html,kn/glp1-weight-dose-symptom-tracker.html,kn,commercial,200,https://www.glpzy.app/kn/glp1-weight-dose-symptom-tracker.html,index,yes,"ನಿಮ್ಮ GLP-1 ರೂಟಿನ್, ಗೊಂದಲವಿಲ್ಲದೆ ವ್ಯವಸ್ಥಿತವಾಗಿದೆ | OneGLP","ವೈಯಕ್ತಿಕ ಪರಿಶೀಲನೆಗಾಗಿ ಒಂದು ಖಾಸಗಿ ಆಪ್‌ನಲ್ಲಿ ಡೋಸ್, ತೂಕ, ಲಕ್ಷಣಗಳು, ಹಸಿವು, ಫೋಟೋಗಳು, ನೆನಪಿಕೆಗಳು ಮತ್ತು Apple Health ಸಂದರ್ಭವನ್ನು ದಾಖಲಿಸಿ.","ನಿಮ್ಮ GLP-1 ರೂಟಿನ್, ಗೊಂದಲವಿಲ್ಲದೆ ವ್ಯವಸ್ಥಿತವಾಗಿದೆ.",1010,no,no,no,yes,1,no,no,no,54 alternates,54,index
https://www.glpzy.app/kn/glpzy-is-now-oneglp/,kn/glpzy-is-now-oneglp/index.html,kn,home,200,https://www.glpzy.app/kn/glpzy-is-now-oneglp/,index,yes,GLPzy ಈಗ OneGLP,GLPzy ಈಗ OneGLP ಆಗಿದೆ. ಆ್ಯಪ್ ಮತ್ತು ಡೆವಲಪರ್ ಬದಲಾಗಿಲ್ಲ. ನಿಮ್ಮ ಹಳೆಯ ದಾಖಲೆಗಳು ಮತ್ತು Premium ಖರೀದಿಗಳು ಉಳಿಯುತ್ತವೆ.,GLPzy ಈಗ OneGLP,304,no,no,no,yes,1,yes,yes,no,54 alternates,77,index
https://www.glpzy.app/kn/,kn/index.html,kn,home,200,https://www.glpzy.app/kn/,index,yes,"ನಿಮ್ಮ GLP-1 ರೂಟಿನ್, ಗೊಂದಲವಿಲ್ಲದೆ ವ್ಯವಸ್ಥಿತವಾಗಿದೆ | OneGLP","ವೈಯಕ್ತಿಕ ಪರಿಶೀಲನೆಗಾಗಿ ಒಂದು ಖಾಸಗಿ ಆಪ್‌ನಲ್ಲಿ ಡೋಸ್, ತೂಕ, ಲಕ್ಷಣಗಳು, ಹಸಿವು, ಫೋಟೋಗಳು, ನೆನಪಿಕೆಗಳು ಮತ್ತು Apple Health ಸಂದರ್ಭವನ್ನು ದಾಖಲಿಸಿ.","ನಿಮ್ಮ GLP-1 ರೂಟಿನ್, ಗೊಂದಲವಿಲ್ಲದೆ ವ್ಯವಸ್ಥಿತವಾಗಿದೆ.",1501,no,no,no,yes,1,yes,no,no,54 alternates,135,index
https://www.glpzy.app/kn/local-first-private-glp-tracker.html,kn/local-first-private-glp-tracker.html,kn,privacy,200,https://www.glpzy.app/kn/local-first-private-glp-tracker.html,index,yes,ಪೂರ್ವನಿಯೋಜಿತವಾಗಿ ಖಾಸಗಿ. ನೀವು ಆಯ್ಕೆ ಮಾಡಿದಾಗ ರಫ್ತು ಮಾಡಬಹುದಾಗಿದೆ | OneGLP,"ಪ್ರಮಾಣಗಳು, ತೂಕ, ರೋಗಲಕ್ಷಣಗಳು, ಜ್ಞಾಪನೆಗಳು ಅಥವಾ ಆದೇಶಗಳನ್ನು ಟ್ರ್ಯಾಕ್ ಮಾಡಲು ಯಾವುದೇ ಖಾತೆಯ ಅಗತ್ಯವಿಲ್ಲ.",ಪೂರ್ವನಿಯೋಜಿತವಾಗಿ ಖಾಸಗಿ. ನೀವು ಆಯ್ಕೆ ಮಾಡಿದಾಗ ರಫ್ತು ಮಾಡಬಹುದಾಗಿದೆ.,834,no,no,no,yes,1,no,no,no,54 alternates,54,index
https://www.glpzy.app/kn/medical-safety.html,kn/medical-safety.html,kn,trust,200,https://www.glpzy.app/kn/medical-safety.html,index,yes,ವೈದ್ಯಕೀಯ ಸುರಕ್ಷತೆ | OneGLP,"ಏನಾಯಿತು ಎಂಬುದರ ಸ್ಪಷ್ಟವಾದ ದಾಖಲೆಯನ್ನು ಇರಿಸಿಕೊಳ್ಳಲು OneGLP ನಿಮಗೆ ಸಹಾಯ ಮಾಡುತ್ತದೆ. ಇದು ನಿಮ್ಮ ಡೋಸ್ ಅನ್ನು ರೋಗನಿರ್ಣಯ ಮಾಡುವುದಿಲ್ಲ, ಶಿಫಾರಸು ಮಾಡುವುದಿಲ್ಲ ಅಥವಾ ಆಯ್ಕೆ ಮಾಡುವುದಿಲ್ಲ.",ವೈದ್ಯಕೀಯ ಸುರಕ್ಷತೆ,1437,no,no,no,yes,1,no,no,no,54 alternates,78,index
https://www.glpzy.app/kn/methodology.html,kn/methodology.html,kn,trust,200,https://www.glpzy.app/kn/methodology.html,index,yes,ವಿಧಾನಶಾಸ್ತ್ರ | OneGLP,ಅಂದಾಜು ಎಕ್ಸ್‌ಪೋಶರ್ ಟ್ರೆಂಡ್ ವೈಯಕ್ತಿಕ ಟ್ರ್ಯಾಕಿಂಗ್‌ಗಾಗಿ ಮಾತ್ರ ಲಾಗ್ ಮಾಡಲಾದ ಡೋಸ್ ಟೈಮಿಂಗ್ ಜೊತೆಗೆ ಸರಳೀಕೃತ ಹೀರಿಕೊಳ್ಳುವಿಕೆ ಮತ್ತು ನಿರ್ಮೂಲನ ಮಾದರಿಯನ್ನು ಬಳಸುತ್ತದೆ.,ವಿಧಾನಶಾಸ್ತ್ರ,1522,no,no,no,yes,1,no,no,no,54 alternates,77,index
https://www.glpzy.app/kn/mounjaro-tracker-iphone.html,kn/mounjaro-tracker-iphone.html,kn,medicine,200,https://www.glpzy.app/kn/mounjaro-tracker-iphone.html,index,yes,Mounjaro — ಗೊಂದಲವಿಲ್ಲದೆ ತ್ವರಿತ ಲಾಗಿಂಗ್ | OneGLP,"Mounjaro: ಒಂದು ಖಾಸಗಿ ಆಪ್‌ನಲ್ಲಿ ಡೋಸ್ ಇತಿಹಾಸ, ತೂಕ, ಲಕ್ಷಣಗಳು, ಹಸಿವು, ಫೋಟೋಗಳು, ನೆನಪಿಕೆಗಳು ಮತ್ತು ರಫ್ತುಗಳೊಂದಿಗೆ ಈ ರೂಟಿನ್ ಅನ್ನು ಟ್ರ್ಯಾಕ್ ಮಾಡಿ.",Mounjaro,837,no,no,no,yes,1,no,no,no,54 alternates,57,improve-copy-keep-indexable
https://www.glpzy.app/kn/overview.html,kn/overview.html,kn,other,200,https://www.glpzy.app/kn/overview.html,index,yes,OneGLP — ಗೌಪ್ಯತೆ ನೀತಿ · ವೈದ್ಯಕೀಯ ಸುರಕ್ಷತೆ · ಬೆಂಬಲ,"ಬೆಂಬಲ ವ್ಯಾಪ್ತಿ, ಗೌಪ್ಯತೆ ಸಂಪರ್ಕಗಳು ಮತ್ತು ತುರ್ತು-ಅಲ್ಲದ ಮಾರ್ಗದರ್ಶನವನ್ನು ಪರಿಶೀಲಿಸಿ.",OneGLP,729,no,no,no,yes,1,no,no,no,54 alternates,54,index
https://www.glpzy.app/kn/ozempic-tracker-iphone.html,kn/ozempic-tracker-iphone.html,kn,commercial,200,https://www.glpzy.app/kn/ozempic-tracker-iphone.html,index,yes,Ozempic — ಗೊಂದಲವಿಲ್ಲದೆ ತ್ವರಿತ ಲಾಗಿಂಗ್ | OneGLP,"Ozempic: ಒಂದು ಖಾಸಗಿ ಆಪ್‌ನಲ್ಲಿ ಡೋಸ್ ಇತಿಹಾಸ, ತೂಕ, ಲಕ್ಷಣಗಳು, ಹಸಿವು, ಫೋಟೋಗಳು, ನೆನಪಿಕೆಗಳು ಮತ್ತು ರಫ್ತುಗಳೊಂದಿಗೆ ಈ ರೂಟಿನ್ ಅನ್ನು ಟ್ರ್ಯಾಕ್ ಮಾಡಿ.",Ozempic,825,no,no,no,yes,1,no,no,no,54 alternates,58,index
https://www.glpzy.app/kn/privacy.html,kn/privacy.html,kn,privacy,200,https://www.glpzy.app/kn/privacy.html,index,yes,ಪೂರ್ವನಿಯೋಜಿತವಾಗಿ ಖಾಸಗಿ. ನೀವು ಆಯ್ಕೆ ಮಾಡಿದಾಗ ರಫ್ತು ಮಾಡಬಹುದಾಗಿದೆ | OneGLP,"ಪ್ರಮಾಣಗಳು, ತೂಕ, ರೋಗಲಕ್ಷಣಗಳು, ಜ್ಞಾಪನೆಗಳು ಅಥವಾ ಆದೇಶಗಳನ್ನು ಟ್ರ್ಯಾಕ್ ಮಾಡಲು ಯಾವುದೇ ಖಾತೆಯ ಅಗತ್ಯವಿಲ್ಲ.",ಪೂರ್ವನಿಯೋಜಿತವಾಗಿ ಖಾಸಗಿ. ನೀವು ಆಯ್ಕೆ ಮಾಡಿದಾಗ ರಫ್ತು ಮಾಡಬಹುದಾಗಿದೆ.,834,no,no,no,yes,1,no,no,no,54 alternates,116,index
https://www.glpzy.app/kn/rybelsus-tracker-iphone.html,kn/rybelsus-tracker-iphone.html,kn,commercial,200,https://www.glpzy.app/kn/rybelsus-tracker-iphone.html,index,yes,Rybelsus — ಗೊಂದಲವಿಲ್ಲದೆ ತ್ವರಿತ ಲಾಗಿಂಗ್ | OneGLP,"Rybelsus: ಒಂದು ಖಾಸಗಿ ಆಪ್‌ನಲ್ಲಿ ಡೋಸ್ ಇತಿಹಾಸ, ತೂಕ, ಲಕ್ಷಣಗಳು, ಹಸಿವು, ಫೋಟೋಗಳು, ನೆನಪಿಕೆಗಳು ಮತ್ತು ರಫ್ತುಗಳೊಂದಿಗೆ ಈ ರೂಟಿನ್ ಅನ್ನು ಟ್ರ್ಯಾಕ್ ಮಾಡಿ.",Rybelsus,810,no,no,no,yes,1,no,no,no,54 alternates,58,index
https://www.glpzy.app/kn/saxenda-tracker-iphone.html,kn/saxenda-tracker-iphone.html,kn,commercial,200,https://www.glpzy.app/kn/saxenda-tracker-iphone.html,index,yes,Saxenda — ಗೊಂದಲವಿಲ್ಲದೆ ತ್ವರಿತ ಲಾಗಿಂಗ್ | OneGLP,"Saxenda: ಒಂದು ಖಾಸಗಿ ಆಪ್‌ನಲ್ಲಿ ಡೋಸ್ ಇತಿಹಾಸ, ತೂಕ, ಲಕ್ಷಣಗಳು, ಹಸಿವು, ಫೋಟೋಗಳು, ನೆನಪಿಕೆಗಳು ಮತ್ತು ರಫ್ತುಗಳೊಂದಿಗೆ ಈ ರೂಟಿನ್ ಅನ್ನು ಟ್ರ್ಯಾಕ್ ಮಾಡಿ.",Saxenda,809,no,no,no,yes,1,no,no,no,54 alternates,56,index
https://www.glpzy.app/kn/semaglutide-tracker-iphone.html,kn/semaglutide-tracker-iphone.html,kn,ingredient,200,https://www.glpzy.app/kn/semaglutide-tracker-iphone.html,index,yes,Semaglutide — ಗೊಂದಲವಿಲ್ಲದೆ ತ್ವರಿತ ಲಾಗಿಂಗ್ | OneGLP,"Semaglutide: ಒಂದು ಖಾಸಗಿ ಆಪ್‌ನಲ್ಲಿ ಡೋಸ್ ಇತಿಹಾಸ, ತೂಕ, ಲಕ್ಷಣಗಳು, ಹಸಿವು, ಫೋಟೋಗಳು, ನೆನಪಿಕೆಗಳು ಮತ್ತು ರಫ್ತುಗಳೊಂದಿಗೆ ಈ ರೂಟಿನ್ ಅನ್ನು ಟ್ರ್ಯಾಕ್ ಮಾಡಿ.",Semaglutide,837,no,no,no,yes,1,no,no,no,54 alternates,60,improve-copy-keep-indexable
https://www.glpzy.app/kn/support.html,kn/support.html,kn,trust,200,https://www.glpzy.app/kn/support.html,index,yes,ಬೆಂಬಲ | OneGLP,"ಬೆಂಬಲ ವ್ಯಾಪ್ತಿ, ಗೌಪ್ಯತೆ ಸಂಪರ್ಕಗಳು ಮತ್ತು ತುರ್ತು-ಅಲ್ಲದ ಮಾರ್ಗದರ್ಶನವನ್ನು ಪರಿಶೀಲಿಸಿ.",ಬೆಂಬಲ,808,no,no,no,yes,1,no,no,no,54 alternates,103,index
https://www.glpzy.app/kn/terms.html,kn/terms.html,kn,trust,200,https://www.glpzy.app/kn/terms.html,index,yes,ಬಳಕೆಯ ನಿಯಮಗಳು | OneGLP,"ಬೆಲೆ, ಬಿಲ್ಲಿಂಗ್ ಅವಧಿ ಮತ್ತು ಯಾವುದೇ ಪರಿಚಯಾತ್ಮಕ ಕೊಡುಗೆ ವಿವರಗಳನ್ನು ಖರೀದಿಸುವ ಮೊದಲು ನಿಮ್ಮ App Store ಖಾತೆಯಿಂದ ತೋರಿಸಲಾಗುತ್ತದೆ. App Store ಸೆಟ್ಟಿಂಗ್‌ಗಳಲ್ಲಿ ನಿರ್ವಹಿಸಿ ಅಥವಾ ರದ್ದುಗೊಳಿಸಿ.",ಬಳಕೆಯ ನಿಯಮಗಳು,895,no,no,no,yes,1,no,no,no,54 alternates,77,index
https://www.glpzy.app/kn/tirzepatide-tracker-iphone.html,kn/tirzepatide-tracker-iphone.html,kn,ingredient,200,https://www.glpzy.app/kn/tirzepatide-tracker-iphone.html,index,yes,Tirzepatide — ಗೊಂದಲವಿಲ್ಲದೆ ತ್ವರಿತ ಲಾಗಿಂಗ್ | OneGLP,"Tirzepatide: ಒಂದು ಖಾಸಗಿ ಆಪ್‌ನಲ್ಲಿ ಡೋಸ್ ಇತಿಹಾಸ, ತೂಕ, ಲಕ್ಷಣಗಳು, ಹಸಿವು, ಫೋಟೋಗಳು, ನೆನಪಿಕೆಗಳು ಮತ್ತು ರಫ್ತುಗಳೊಂದಿಗೆ ಈ ರೂಟಿನ್ ಅನ್ನು ಟ್ರ್ಯಾಕ್ ಮಾಡಿ.",Tirzepatide,851,no,no,no,yes,1,no,no,no,54 alternates,59,improve-copy-keep-indexable
https://www.glpzy.app/kn/trulicity-tracker-iphone.html,kn/trulicity-tracker-iphone.html,kn,commercial,200,https://www.glpzy.app/kn/trulicity-tracker-iphone.html,index,yes,Trulicity — ಗೊಂದಲವಿಲ್ಲದೆ ತ್ವರಿತ ಲಾಗಿಂಗ್ | OneGLP,"Trulicity: ಒಂದು ಖಾಸಗಿ ಆಪ್‌ನಲ್ಲಿ ಡೋಸ್ ಇತಿಹಾಸ, ತೂಕ, ಲಕ್ಷಣಗಳು, ಹಸಿವು, ಫೋಟೋಗಳು, ನೆನಪಿಕೆಗಳು ಮತ್ತು ರಫ್ತುಗಳೊಂದಿಗೆ ಈ ರೂಟಿನ್ ಅನ್ನು ಟ್ರ್ಯಾಕ್ ಮಾಡಿ.",Trulicity,810,no,no,no,yes,1,no,no,no,54 alternates,55,index
https://www.glpzy.app/kn/victoza-tracker-iphone.html,kn/victoza-tracker-iphone.html,kn,commercial,200,https://www.glpzy.app/kn/victoza-tracker-iphone.html,index,yes,Victoza — ಗೊಂದಲವಿಲ್ಲದೆ ತ್ವರಿತ ಲಾಗಿಂಗ್ | OneGLP,"Victoza: ಒಂದು ಖಾಸಗಿ ಆಪ್‌ನಲ್ಲಿ ಡೋಸ್ ಇತಿಹಾಸ, ತೂಕ, ಲಕ್ಷಣಗಳು, ಹಸಿವು, ಫೋಟೋಗಳು, ನೆನಪಿಕೆಗಳು ಮತ್ತು ರಫ್ತುಗಳೊಂದಿಗೆ ಈ ರೂಟಿನ್ ಅನ್ನು ಟ್ರ್ಯಾಕ್ ಮಾಡಿ.",Victoza,809,no,no,no,yes,1,no,no,no,54 alternates,56,index
https://www.glpzy.app/kn/wegovy-tracker-iphone.html,kn/wegovy-tracker-iphone.html,kn,medicine,200,https://www.glpzy.app/kn/wegovy-tracker-iphone.html,index,yes,Wegovy — ಗೊಂದಲವಿಲ್ಲದೆ ತ್ವರಿತ ಲಾಗಿಂಗ್ | OneGLP,"Wegovy: ಒಂದು ಖಾಸಗಿ ಆಪ್‌ನಲ್ಲಿ ಡೋಸ್ ಇತಿಹಾಸ, ತೂಕ, ಲಕ್ಷಣಗಳು, ಹಸಿವು, ಫೋಟೋಗಳು, ನೆನಪಿಕೆಗಳು ಮತ್ತು ರಫ್ತುಗಳೊಂದಿಗೆ ಈ ರೂಟಿನ್ ಅನ್ನು ಟ್ರ್ಯಾಕ್ ಮಾಡಿ.",Wegovy,837,no,no,no,yes,1,no,no,no,54 alternates,58,improve-copy-keep-indexable
https://www.glpzy.app/kn/zepbound-tracker-iphone.html,kn/zepbound-tracker-iphone.html,kn,medicine,200,https://www.glpzy.app/kn/zepbound-tracker-iphone.html,index,yes,Zepbound — ಗೊಂದಲವಿಲ್ಲದೆ ತ್ವರಿತ ಲಾಗಿಂಗ್ | OneGLP,"Zepbound: ಒಂದು ಖಾಸಗಿ ಆಪ್‌ನಲ್ಲಿ ಡೋಸ್ ಇತಿಹಾಸ, ತೂಕ, ಲಕ್ಷಣಗಳು, ಹಸಿವು, ಫೋಟೋಗಳು, ನೆನಪಿಕೆಗಳು ಮತ್ತು ರಫ್ತುಗಳೊಂದಿಗೆ ಈ ರೂಟಿನ್ ಅನ್ನು ಟ್ರ್ಯಾಕ್ ಮಾಡಿ.",Zepbound,867,no,no,no,yes,1,no,no,no,54 alternates,57,improve-copy-keep-indexable
https://www.glpzy.app/ko/apple-health-glp-tracker.html,ko/apple-health-glp-tracker.html,ko,feature,200,https://www.glpzy.app/ko/apple-health-glp-tracker.html,index,yes,Apple Health의 읽기 전용 컨텍스트 | OneGLP,"Apple Health 액세스는 선택 사항이며 귀하가 부여한 권한으로 제한됩니다. OneGLP은(는) 체중 기록과 키를 가져온 다음 읽기 전용 모드에서 신체 구성, 움직임, 운동, 칼로리, 단백질 및 수분 요약을 읽습니다. 아무것도 다시 쓰여지지 않습니다.",Apple Health의 읽기 전용 컨텍스트,477,no,no,no,yes,1,no,no,no,54 alternates,54,improve-copy-keep-indexable
https://www.glpzy.app/ko/compounded-glp-tracker-iphone.html,ko/compounded-glp-tracker-iphone.html,ko,commercial,200,https://www.glpzy.app/ko/compounded-glp-tracker-iphone.html,index,yes,Compounded​ — 혼란 없이 빠른 로깅 | OneGLP,"Compounded​: 이 루틴을 복용량 기록, 체중, 증상, 식욕, 사진, 알림, 내보내기와 함께 하나의 비공개 앱에서 추적하세요.",Compounded​,444,no,no,no,yes,1,no,no,no,54 alternates,56,index
https://www.glpzy.app/ko/custom-medication-tracker-iphone.html,ko/custom-medication-tracker-iphone.html,ko,commercial,200,https://www.glpzy.app/ko/custom-medication-tracker-iphone.html,index,yes,관습 — 혼란 없이 빠른 로깅 | OneGLP,"관습: 이 루틴을 복용량 기록, 체중, 증상, 식욕, 사진, 알림, 내보내기와 함께 하나의 비공개 앱에서 추적하세요.",관습,451,no,no,no,yes,1,no,no,no,54 alternates,58,index
https://www.glpzy.app/ko/data-rights.html,ko/data-rights.html,ko,privacy,200,https://www.glpzy.app/ko/data-rights.html,index,yes,수출 내역 | OneGLP,OneGLP는 먼저 로컬 안전 백업을 생성한 다음 이 장치의 로컬 기록을 교체합니다.,기록 내보내기,384,no,no,no,yes,1,no,no,no,54 alternates,77,index
https://www.glpzy.app/ko/foundayo-tracker-iphone.html,ko/foundayo-tracker-iphone.html,ko,commercial,200,https://www.glpzy.app/ko/foundayo-tracker-iphone.html,index,yes,Foundayo — 혼란 없이 빠른 로깅 | OneGLP,"Foundayo: 이 루틴을 복용량 기록, 체중, 증상, 식욕, 사진, 알림, 내보내기와 함께 하나의 비공개 앱에서 추적하세요.",Foundayo,436,no,no,no,yes,1,no,no,no,54 alternates,55,index
https://www.glpzy.app/ko/glp1-weight-dose-symptom-tracker.html,ko/glp1-weight-dose-symptom-tracker.html,ko,commercial,200,https://www.glpzy.app/ko/glp1-weight-dose-symptom-tracker.html,index,yes,복잡함 없이 정리되는 GLP-1 루틴 | OneGLP,"개인 검토를 위해 복용량, 체중, 증상, 식욕, 사진, 알림, Apple Health 맥락을 하나의 비공개 앱에 기록하세요.",복잡함 없이 정리되는 GLP-1 루틴.,512,no,no,no,yes,1,no,no,no,54 alternates,54,index
https://www.glpzy.app/ko/glpzy-is-now-oneglp/,ko/glpzy-is-now-oneglp/index.html,ko,home,200,https://www.glpzy.app/ko/glpzy-is-now-oneglp/,index,yes,GLPzy의 이름이 OneGLP로 변경되었습니다,GLPzy의 이름이 OneGLP로 변경되었습니다. 앱과 개발자는 그대로이며 기존 기록과 Premium 구매 내역도 유지됩니다. 이름 변경에 대해 알아보세요.,GLPzy의 이름이 OneGLP로 변경되었습니다,204,no,no,no,yes,1,yes,yes,no,54 alternates,77,index
https://www.glpzy.app/ko/,ko/index.html,ko,home,200,https://www.glpzy.app/ko/,index,yes,복잡함 없이 정리되는 GLP-1 루틴 | OneGLP,"개인 검토를 위해 복용량, 체중, 증상, 식욕, 사진, 알림, Apple Health 맥락을 하나의 비공개 앱에 기록하세요.",복잡함 없이 정리되는 GLP-1 루틴.,770,no,no,no,yes,1,yes,no,no,54 alternates,135,index
https://www.glpzy.app/ko/local-first-private-glp-tracker.html,ko/local-first-private-glp-tracker.html,ko,privacy,200,https://www.glpzy.app/ko/local-first-private-glp-tracker.html,index,yes,기본은 비공개. 원할 때 내보낼 수 있습니다 | OneGLP,"복용량, 체중, 증상, 알림 또는 주문을 추적하는 데 계정이 필요하지 않습니다.",기본은 비공개. 원할 때 내보낼 수 있습니다.,444,no,no,no,yes,1,no,no,no,54 alternates,54,index
https://www.glpzy.app/ko/medical-safety.html,ko/medical-safety.html,ko,trust,200,https://www.glpzy.app/ko/medical-safety.html,index,yes,의료 안전 | OneGLP,"OneGLP은(는) 무슨 일이 일어났는지 더 명확하게 기록하는 데 도움이 됩니다. 복용량을 진단, 처방 또는 선택하지 않습니다.",의료 안전,622,no,no,no,yes,1,no,no,no,54 alternates,78,index
https://www.glpzy.app/ko/methodology.html,ko/methodology.html,ko,trust,200,https://www.glpzy.app/ko/methodology.html,index,yes,방법론 | OneGLP,예상 노출 추세는 기록된 투여 시점과 단순화된 흡수·제거 모델을 사용한 개인 기록용 추정치입니다.,방법론,633,no,no,no,yes,1,no,no,no,54 alternates,77,index
https://www.glpzy.app/ko/mounjaro-tracker-iphone.html,ko/mounjaro-tracker-iphone.html,ko,medicine,200,https://www.glpzy.app/ko/mounjaro-tracker-iphone.html,index,yes,Mounjaro — 혼란 없이 빠른 로깅 | OneGLP,"Mounjaro: 이 루틴을 복용량 기록, 체중, 증상, 식욕, 사진, 알림, 내보내기와 함께 하나의 비공개 앱에서 추적하세요.",Mounjaro,446,no,no,no,yes,1,no,no,no,54 alternates,57,improve-copy-keep-indexable
https://www.glpzy.app/ko/overview.html,ko/overview.html,ko,other,200,https://www.glpzy.app/ko/overview.html,index,yes,OneGLP — 개인 정보 보호 정책 · 의료 안전 · 지원하다,"지원 범위, 개인정보 보호 연락처, 비긴급 지침을 검토하세요.",OneGLP,396,no,no,no,yes,1,no,no,no,54 alternates,54,index
https://www.glpzy.app/ko/ozempic-tracker-iphone.html,ko/ozempic-tracker-iphone.html,ko,commercial,200,https://www.glpzy.app/ko/ozempic-tracker-iphone.html,index,yes,Ozempic — 혼란 없이 빠른 로깅 | OneGLP,"Ozempic: 이 루틴을 복용량 기록, 체중, 증상, 식욕, 사진, 알림, 내보내기와 함께 하나의 비공개 앱에서 추적하세요.",Ozempic,442,no,no,no,yes,1,no,no,no,54 alternates,58,index
https://www.glpzy.app/ko/privacy.html,ko/privacy.html,ko,privacy,200,https://www.glpzy.app/ko/privacy.html,index,yes,기본은 비공개. 원할 때 내보낼 수 있습니다 | OneGLP,"복용량, 체중, 증상, 알림 또는 주문을 추적하는 데 계정이 필요하지 않습니다.",기본은 비공개. 원할 때 내보낼 수 있습니다.,444,no,no,no,yes,1,no,no,no,54 alternates,116,index
https://www.glpzy.app/ko/rybelsus-tracker-iphone.html,ko/rybelsus-tracker-iphone.html,ko,commercial,200,https://www.glpzy.app/ko/rybelsus-tracker-iphone.html,index,yes,Rybelsus — 혼란 없이 빠른 로깅 | OneGLP,"Rybelsus: 이 루틴을 복용량 기록, 체중, 증상, 식욕, 사진, 알림, 내보내기와 함께 하나의 비공개 앱에서 추적하세요.",Rybelsus,438,no,no,no,yes,1,no,no,no,54 alternates,58,index
https://www.glpzy.app/ko/saxenda-tracker-iphone.html,ko/saxenda-tracker-iphone.html,ko,commercial,200,https://www.glpzy.app/ko/saxenda-tracker-iphone.html,index,yes,Saxenda — 혼란 없이 빠른 로깅 | OneGLP,"Saxenda: 이 루틴을 복용량 기록, 체중, 증상, 식욕, 사진, 알림, 내보내기와 함께 하나의 비공개 앱에서 추적하세요.",Saxenda,436,no,no,no,yes,1,no,no,no,54 alternates,56,index
https://www.glpzy.app/ko/semaglutide-tracker-iphone.html,ko/semaglutide-tracker-iphone.html,ko,ingredient,200,https://www.glpzy.app/ko/semaglutide-tracker-iphone.html,index,yes,Semaglutide — 혼란 없이 빠른 로깅 | OneGLP,"Semaglutide: 이 루틴을 복용량 기록, 체중, 증상, 식욕, 사진, 알림, 내보내기와 함께 하나의 비공개 앱에서 추적하세요.",Semaglutide,446,no,no,no,yes,1,no,no,no,54 alternates,60,improve-copy-keep-indexable
https://www.glpzy.app/ko/support.html,ko/support.html,ko,trust,200,https://www.glpzy.app/ko/support.html,index,yes,지원하다 | OneGLP,"지원 범위, 개인정보 보호 연락처, 비긴급 지침을 검토하세요.",지원하다,410,no,no,no,yes,1,no,no,no,54 alternates,103,index
https://www.glpzy.app/ko/terms.html,ko/terms.html,ko,trust,200,https://www.glpzy.app/ko/terms.html,index,yes,이용약관 | OneGLP,"가격, 청구 기간 및 신규 할인 혜택 세부정보는 구매 전 App Store 계정에서 표시됩니다. App Store 설정에서 관리하거나 취소하세요.",이용약관,435,no,no,no,yes,1,no,no,no,54 alternates,77,index
https://www.glpzy.app/ko/tirzepatide-tracker-iphone.html,ko/tirzepatide-tracker-iphone.html,ko,ingredient,200,https://www.glpzy.app/ko/tirzepatide-tracker-iphone.html,index,yes,Tirzepatide — 혼란 없이 빠른 로깅 | OneGLP,"Tirzepatide: 이 루틴을 복용량 기록, 체중, 증상, 식욕, 사진, 알림, 내보내기와 함께 하나의 비공개 앱에서 추적하세요.",Tirzepatide,450,no,no,no,yes,1,no,no,no,54 alternates,59,improve-copy-keep-indexable
https://www.glpzy.app/ko/trulicity-tracker-iphone.html,ko/trulicity-tracker-iphone.html,ko,commercial,200,https://www.glpzy.app/ko/trulicity-tracker-iphone.html,index,yes,Trulicity — 혼란 없이 빠른 로깅 | OneGLP,"Trulicity: 이 루틴을 복용량 기록, 체중, 증상, 식욕, 사진, 알림, 내보내기와 함께 하나의 비공개 앱에서 추적하세요.",Trulicity,436,no,no,no,yes,1,no,no,no,54 alternates,55,index
https://www.glpzy.app/ko/victoza-tracker-iphone.html,ko/victoza-tracker-iphone.html,ko,commercial,200,https://www.glpzy.app/ko/victoza-tracker-iphone.html,index,yes,Victoza — 혼란 없이 빠른 로깅 | OneGLP,"Victoza: 이 루틴을 복용량 기록, 체중, 증상, 식욕, 사진, 알림, 내보내기와 함께 하나의 비공개 앱에서 추적하세요.",Victoza,436,no,no,no,yes,1,no,no,no,54 alternates,56,index
https://www.glpzy.app/ko/wegovy-tracker-iphone.html,ko/wegovy-tracker-iphone.html,ko,medicine,200,https://www.glpzy.app/ko/wegovy-tracker-iphone.html,index,yes,Wegovy — 혼란 없이 빠른 로깅 | OneGLP,"Wegovy: 이 루틴을 복용량 기록, 체중, 증상, 식욕, 사진, 알림, 내보내기와 함께 하나의 비공개 앱에서 추적하세요.",Wegovy,446,no,no,no,yes,1,no,no,no,54 alternates,58,improve-copy-keep-indexable
https://www.glpzy.app/ko/zepbound-tracker-iphone.html,ko/zepbound-tracker-iphone.html,ko,medicine,200,https://www.glpzy.app/ko/zepbound-tracker-iphone.html,index,yes,Zepbound — 혼란 없이 빠른 로깅 | OneGLP,"Zepbound: 이 루틴을 복용량 기록, 체중, 증상, 식욕, 사진, 알림, 내보내기와 함께 하나의 비공개 앱에서 추적하세요.",Zepbound,455,no,no,no,yes,1,no,no,no,54 alternates,57,improve-copy-keep-indexable
https://www.glpzy.app/languages.html,languages.html,root,other,200,https://www.glpzy.app/languages.html,index,yes,OneGLP languages | Multilingual GLP-1 tracker pages,"Choose a OneGLP website language. Each supported language has direct, crawlable GLP-1 tracker pages for search and sharing.",Choose your OneGLP website language,454,no,no,no,no,0,no,no,no,2 alternates,1,index
https://www.glpzy.app/local-first-private-glp-tracker.html,local-first-private-glp-tracker.html,root,privacy,200,https://www.glpzy.app/local-first-private-glp-tracker.html,index,yes,Private GLP-1 tracker with no account required | OneGLP,"Use OneGLP as a private local-first GLP-1 tracker with no mandatory in-app account, on-device records, exports, local backups and optional read-only Apple Health.",Private GLP-1 tracker with no account required,974,yes,yes,yes,yes,4,yes,yes,yes,54 alternates,76,index
https://www.glpzy.app/lt/apple-health-glp-tracker.html,lt/apple-health-glp-tracker.html,lt,feature,200,https://www.glpzy.app/lt/apple-health-glp-tracker.html,index,yes,Tik skaitomas kontekstas iš Apple Health | OneGLP,"Apple Health prieiga yra neprivaloma ir ribojama jūsų suteiktais leidimais. OneGLP importuoja kūno svorio istoriją ir ūgį, tada nuskaito kūno sudėties, miego, judėjimo, treniruočių, kalorijų, baltymų ir vandens santraukas tik skaitymo režimu. Nieko atgal neparašyta.",Tik skaitomas kontekstas iš Apple Health,451,no,no,no,yes,1,no,no,no,54 alternates,54,improve-copy-keep-indexable
https://www.glpzy.app/lt/compounded-glp-tracker-iphone.html,lt/compounded-glp-tracker-iphone.html,lt,commercial,200,https://www.glpzy.app/lt/compounded-glp-tracker-iphone.html,index,yes,Sudėtiniai — Greitas kirtimas be netvarkos | OneGLP,"Sudėtiniai: Sekite šią rutiną su dozių istorija, svoriu, simptomais, apetitu, nuotraukomis, priminimais ir eksportais vienoje privačioje programoje.",Sudėtiniai,437,no,no,no,yes,1,no,no,no,54 alternates,56,index
https://www.glpzy.app/lt/custom-medication-tracker-iphone.html,lt/custom-medication-tracker-iphone.html,lt,commercial,200,https://www.glpzy.app/lt/custom-medication-tracker-iphone.html,index,yes,Pasirinktinis — Greitas kirtimas be netvarkos | OneGLP,"Pasirinktinis: Sekite šią rutiną su dozių istorija, svoriu, simptomais, apetitu, nuotraukomis, priminimais ir eksportais vienoje privačioje programoje.",Pasirinktinis,445,no,no,no,yes,1,no,no,no,54 alternates,58,index
https://www.glpzy.app/lt/data-rights.html,lt/data-rights.html,lt,privacy,200,https://www.glpzy.app/lt/data-rights.html,index,yes,Eksporto istorija | OneGLP,"OneGLP pirmiausia sukurs vietinę saugos atsarginę kopiją, tada pakeis vietinius įrašus šiame įrenginyje.",Eksporto istorija,365,no,no,no,yes,1,no,no,no,54 alternates,77,index
https://www.glpzy.app/lt/foundayo-tracker-iphone.html,lt/foundayo-tracker-iphone.html,lt,commercial,200,https://www.glpzy.app/lt/foundayo-tracker-iphone.html,index,yes,Foundayo — Greitas kirtimas be netvarkos | OneGLP,"Foundayo: Sekite šią rutiną su dozių istorija, svoriu, simptomais, apetitu, nuotraukomis, priminimais ir eksportais vienoje privačioje programoje.",Foundayo,427,no,no,no,yes,1,no,no,no,54 alternates,55,index
https://www.glpzy.app/lt/glp1-weight-dose-symptom-tracker.html,lt/glp1-weight-dose-symptom-tracker.html,lt,commercial,200,https://www.glpzy.app/lt/glp1-weight-dose-symptom-tracker.html,index,yes,"Jūsų GLP-1 rutina, sutvarkyta be perteklinės netvarkos | OneGLP","Vienoje privačioje programoje asmeninei peržiūrai registruokite dozes, svorį, simptomus, apetitą, nuotraukas, priminimus ir Apple Health kontekstą.","Jūsų GLP-1 rutina, sutvarkyta be perteklinės netvarkos.",498,no,no,no,yes,1,no,no,no,54 alternates,54,index
https://www.glpzy.app/lt/glpzy-is-now-oneglp/,lt/glpzy-is-now-oneglp/index.html,lt,home,200,https://www.glpzy.app/lt/glpzy-is-now-oneglp/,index,yes,GLPzy dabar vadinasi OneGLP,"GLPzy dabar yra OneGLP. Programėlė, kūrėjas, jūsų įrašai ir Premium pirkiniai nesikeičia.",GLPzy dabar vadinasi OneGLP,182,no,no,no,yes,1,yes,yes,no,54 alternates,77,index
https://www.glpzy.app/lt/,lt/index.html,lt,home,200,https://www.glpzy.app/lt/,index,yes,"Jūsų GLP-1 rutina, sutvarkyta be perteklinės netvarkos | OneGLP","Vienoje privačioje programoje asmeninei peržiūrai registruokite dozes, svorį, simptomus, apetitą, nuotraukas, priminimus ir Apple Health kontekstą.","Jūsų GLP-1 rutina, sutvarkyta be perteklinės netvarkos.",685,no,no,no,yes,1,yes,no,no,54 alternates,135,index
https://www.glpzy.app/lt/local-first-private-glp-tracker.html,lt/local-first-private-glp-tracker.html,lt,privacy,200,https://www.glpzy.app/lt/local-first-private-glp-tracker.html,index,yes,"Privatu pagal numatymą. Eksportuojama, kai pasirenkate | OneGLP","Norint sekti dozes, svorį, simptomus, priminimus ar užsakymus, nereikia jokios paskyros.","Privatu pagal numatymą. Eksportuojama, kai pasirenkate.",431,no,no,no,yes,1,no,no,no,54 alternates,54,index
https://www.glpzy.app/lt/medical-safety.html,lt/medical-safety.html,lt,trust,200,https://www.glpzy.app/lt/medical-safety.html,index,yes,Medicininė sauga | OneGLP,"OneGLP padeda aiškiau įrašyti, kas nutiko. Ji nediagnozuoja, neskiria ir neparenka dozės.",Medicininė sauga,629,no,no,no,yes,1,no,no,no,54 alternates,78,index
https://www.glpzy.app/lt/methodology.html,lt/methodology.html,lt,trust,200,https://www.glpzy.app/lt/methodology.html,index,yes,Metodika | OneGLP,Numatomos ekspozicijos tendencija asmeniniam stebėjimui naudoja užregistruotą dozės laiką ir supaprastintą absorbcijos bei pašalinimo modelį.,Metodika,663,no,no,no,yes,1,no,no,no,54 alternates,77,index
https://www.glpzy.app/lt/mounjaro-tracker-iphone.html,lt/mounjaro-tracker-iphone.html,lt,medicine,200,https://www.glpzy.app/lt/mounjaro-tracker-iphone.html,index,yes,Mounjaro — Greitas kirtimas be netvarkos | OneGLP,"Mounjaro: Sekite šią rutiną su dozių istorija, svoriu, simptomais, apetitu, nuotraukomis, priminimais ir eksportais vienoje privačioje programoje.",Mounjaro,444,no,no,no,yes,1,no,no,no,54 alternates,57,improve-copy-keep-indexable
https://www.glpzy.app/lt/overview.html,lt/overview.html,lt,other,200,https://www.glpzy.app/lt/overview.html,index,yes,OneGLP — Privatumo politika · Medicininė sauga · Palaikymas,"Peržiūrėkite pagalbos apimtį, privatumo kontaktus ir nenumatytąsias gaires.",OneGLP,390,no,no,no,yes,1,no,no,no,54 alternates,54,index
https://www.glpzy.app/lt/ozempic-tracker-iphone.html,lt/ozempic-tracker-iphone.html,lt,commercial,200,https://www.glpzy.app/lt/ozempic-tracker-iphone.html,index,yes,Ozempic — Greitas kirtimas be netvarkos | OneGLP,"Ozempic: Sekite šią rutiną su dozių istorija, svoriu, simptomais, apetitu, nuotraukomis, priminimais ir eksportais vienoje privačioje programoje.",Ozempic,439,no,no,no,yes,1,no,no,no,54 alternates,58,index
https://www.glpzy.app/lt/privacy.html,lt/privacy.html,lt,privacy,200,https://www.glpzy.app/lt/privacy.html,index,yes,"Privatu pagal numatymą. Eksportuojama, kai pasirenkate | OneGLP","Norint sekti dozes, svorį, simptomus, priminimus ar užsakymus, nereikia jokios paskyros.","Privatu pagal numatymą. Eksportuojama, kai pasirenkate.",431,no,no,no,yes,1,no,no,no,54 alternates,116,index
https://www.glpzy.app/lt/rybelsus-tracker-iphone.html,lt/rybelsus-tracker-iphone.html,lt,commercial,200,https://www.glpzy.app/lt/rybelsus-tracker-iphone.html,index,yes,Rybelsus — Greitas kirtimas be netvarkos | OneGLP,"Rybelsus: Sekite šią rutiną su dozių istorija, svoriu, simptomais, apetitu, nuotraukomis, priminimais ir eksportais vienoje privačioje programoje.",Rybelsus,429,no,no,no,yes,1,no,no,no,54 alternates,58,index
https://www.glpzy.app/lt/saxenda-tracker-iphone.html,lt/saxenda-tracker-iphone.html,lt,commercial,200,https://www.glpzy.app/lt/saxenda-tracker-iphone.html,index,yes,Saxenda — Greitas kirtimas be netvarkos | OneGLP,"Saxenda: Sekite šią rutiną su dozių istorija, svoriu, simptomais, apetitu, nuotraukomis, priminimais ir eksportais vienoje privačioje programoje.",Saxenda,429,no,no,no,yes,1,no,no,no,54 alternates,56,index
https://www.glpzy.app/lt/semaglutide-tracker-iphone.html,lt/semaglutide-tracker-iphone.html,lt,ingredient,200,https://www.glpzy.app/lt/semaglutide-tracker-iphone.html,index,yes,Semaglutide — Greitas kirtimas be netvarkos | OneGLP,"Semaglutide: Sekite šią rutiną su dozių istorija, svoriu, simptomais, apetitu, nuotraukomis, priminimais ir eksportais vienoje privačioje programoje.",Semaglutide,443,no,no,no,yes,1,no,no,no,54 alternates,60,improve-copy-keep-indexable
https://www.glpzy.app/lt/support.html,lt/support.html,lt,trust,200,https://www.glpzy.app/lt/support.html,index,yes,Palaikymas | OneGLP,"Peržiūrėkite pagalbos apimtį, privatumo kontaktus ir nenumatytąsias gaires.",Palaikymas,411,no,no,no,yes,1,no,no,no,54 alternates,103,index
https://www.glpzy.app/lt/terms.html,lt/terms.html,lt,trust,200,https://www.glpzy.app/lt/terms.html,index,yes,Naudojimo sąlygos | OneGLP,"Kainos, atsiskaitymo laikotarpis ir bet kokia įvadinio pasiūlymo informacija rodoma jūsų App Store paskyroje prieš perkant. Tvarkykite arba atšaukite App Store nustatymuose.",Naudojimo sąlygos,442,no,no,no,yes,1,no,no,no,54 alternates,77,index
https://www.glpzy.app/lt/tirzepatide-tracker-iphone.html,lt/tirzepatide-tracker-iphone.html,lt,ingredient,200,https://www.glpzy.app/lt/tirzepatide-tracker-iphone.html,index,yes,Tirzepatide — Greitas kirtimas be netvarkos | OneGLP,"Tirzepatide: Sekite šią rutiną su dozių istorija, svoriu, simptomais, apetitu, nuotraukomis, priminimais ir eksportais vienoje privačioje programoje.",Tirzepatide,450,no,no,no,yes,1,no,no,no,54 alternates,59,improve-copy-keep-indexable
https://www.glpzy.app/lt/trulicity-tracker-iphone.html,lt/trulicity-tracker-iphone.html,lt,commercial,200,https://www.glpzy.app/lt/trulicity-tracker-iphone.html,index,yes,Trulicity — Greitas kirtimas be netvarkos | OneGLP,"Trulicity: Sekite šią rutiną su dozių istorija, svoriu, simptomais, apetitu, nuotraukomis, priminimais ir eksportais vienoje privačioje programoje.",Trulicity,430,no,no,no,yes,1,no,no,no,54 alternates,55,index
https://www.glpzy.app/lt/victoza-tracker-iphone.html,lt/victoza-tracker-iphone.html,lt,commercial,200,https://www.glpzy.app/lt/victoza-tracker-iphone.html,index,yes,Victoza — Greitas kirtimas be netvarkos | OneGLP,"Victoza: Sekite šią rutiną su dozių istorija, svoriu, simptomais, apetitu, nuotraukomis, priminimais ir eksportais vienoje privačioje programoje.",Victoza,429,no,no,no,yes,1,no,no,no,54 alternates,56,index
https://www.glpzy.app/lt/wegovy-tracker-iphone.html,lt/wegovy-tracker-iphone.html,lt,medicine,200,https://www.glpzy.app/lt/wegovy-tracker-iphone.html,index,yes,Wegovy — Greitas kirtimas be netvarkos | OneGLP,"Wegovy: Sekite šią rutiną su dozių istorija, svoriu, simptomais, apetitu, nuotraukomis, priminimais ir eksportais vienoje privačioje programoje.",Wegovy,443,no,no,no,yes,1,no,no,no,54 alternates,58,improve-copy-keep-indexable
https://www.glpzy.app/lt/zepbound-tracker-iphone.html,lt/zepbound-tracker-iphone.html,lt,medicine,200,https://www.glpzy.app/lt/zepbound-tracker-iphone.html,index,yes,Zepbound — Greitas kirtimas be netvarkos | OneGLP,"Zepbound: Sekite šią rutiną su dozių istorija, svoriu, simptomais, apetitu, nuotraukomis, priminimais ir eksportais vienoje privačioje programoje.",Zepbound,458,no,no,no,yes,1,no,no,no,54 alternates,57,improve-copy-keep-indexable
https://www.glpzy.app/lv/apple-health-glp-tracker.html,lv/apple-health-glp-tracker.html,lv,feature,200,https://www.glpzy.app/lv/apple-health-glp-tracker.html,index,yes,Tikai lasāms konteksts no Apple Health | OneGLP,"Apple Health piekļuve nav obligāta un ierobežota ar jūsu piešķirtajām atļaujām. OneGLP importē ķermeņa svara vēsturi un garumu, pēc tam nolasa ķermeņa uzbūves, miega, kustību, treniņu, kaloriju, olbaltumvielu un ūdens kopsavilkumus tikai lasīšanas režīmā. Nekas netiek rakstīts atpakaļ.",Tikai lasāms konteksts no Apple Health,451,no,no,no,yes,1,no,no,no,54 alternates,54,improve-copy-keep-indexable
https://www.glpzy.app/lv/compounded-glp-tracker-iphone.html,lv/compounded-glp-tracker-iphone.html,lv,commercial,200,https://www.glpzy.app/lv/compounded-glp-tracker-iphone.html,index,yes,Salikts — Ātra devu reģistrēšana bez traucējumiem | OneGLP,"Salikts: Sekojiet šai rutīnai ar devu vēsturi, svaru, simptomiem, apetīti, fotoattēliem, atgādinājumiem un eksportiem vienā privātā lietotnē.",Salikts,450,no,no,no,yes,1,no,no,no,54 alternates,56,index
https://www.glpzy.app/lv/custom-medication-tracker-iphone.html,lv/custom-medication-tracker-iphone.html,lv,commercial,200,https://www.glpzy.app/lv/custom-medication-tracker-iphone.html,index,yes,Pielāgots — Ātra devu reģistrēšana bez traucējumiem | OneGLP,"Pielāgots: Sekojiet šai rutīnai ar devu vēsturi, svaru, simptomiem, apetīti, fotoattēliem, atgādinājumiem un eksportiem vienā privātā lietotnē.",Pielāgots,459,no,no,no,yes,1,no,no,no,54 alternates,58,index
https://www.glpzy.app/lv/data-rights.html,lv/data-rights.html,lv,privacy,200,https://www.glpzy.app/lv/data-rights.html,index,yes,Eksporta vēsture | OneGLP,"OneGLP vispirms izveidos vietējo drošības dublējumu, pēc tam aizstās vietējos ierakstus šajā ierīcē.",Eksporta vēsture,374,no,no,no,yes,1,no,no,no,54 alternates,77,index
https://www.glpzy.app/lv/foundayo-tracker-iphone.html,lv/foundayo-tracker-iphone.html,lv,commercial,200,https://www.glpzy.app/lv/foundayo-tracker-iphone.html,index,yes,Foundayo — Ātra devu reģistrēšana bez traucējumiem | OneGLP,"Foundayo: Sekojiet šai rutīnai ar devu vēsturi, svaru, simptomiem, apetīti, fotoattēliem, atgādinājumiem un eksportiem vienā privātā lietotnē.",Foundayo,439,no,no,no,yes,1,no,no,no,54 alternates,55,index
https://www.glpzy.app/lv/glp1-weight-dose-symptom-tracker.html,lv/glp1-weight-dose-symptom-tracker.html,lv,commercial,200,https://www.glpzy.app/lv/glp1-weight-dose-symptom-tracker.html,index,yes,"Jūsu GLP-1 rutīna, sakārtota bez liekas jucekļa | OneGLP","Vienā privātā lietotnē personiskai pārskatīšanai reģistrējiet devas, svaru, simptomus, apetīti, fotoattēlus, atgādinājumus un Apple Health kontekstu.","Jūsu GLP-1 rutīna, sakārtota bez liekas jucekļa.",508,no,no,no,yes,1,no,no,no,54 alternates,54,index
https://www.glpzy.app/lv/glpzy-is-now-oneglp/,lv/glpzy-is-now-oneglp/index.html,lv,home,200,https://www.glpzy.app/lv/glpzy-is-now-oneglp/,index,yes,GLPzy tagad saucas OneGLP,"GLPzy tagad ir OneGLP. Lietotne, izstrādātājs, jūsu ieraksti un Premium pirkumi nemainās.",GLPzy tagad saucas OneGLP,173,no,no,no,yes,1,yes,yes,no,54 alternates,77,index
https://www.glpzy.app/lv/,lv/index.html,lv,home,200,https://www.glpzy.app/lv/,index,yes,"Jūsu GLP-1 rutīna, sakārtota bez liekas jucekļa | OneGLP","Vienā privātā lietotnē personiskai pārskatīšanai reģistrējiet devas, svaru, simptomus, apetīti, fotoattēlus, atgādinājumus un Apple Health kontekstu.","Jūsu GLP-1 rutīna, sakārtota bez liekas jucekļa.",693,no,no,no,yes,1,yes,no,no,54 alternates,135,index
https://www.glpzy.app/lv/local-first-private-glp-tracker.html,lv/local-first-private-glp-tracker.html,lv,privacy,200,https://www.glpzy.app/lv/local-first-private-glp-tracker.html,index,yes,"Privāti pēc noklusējuma. Eksportējami, kad izvēlaties | OneGLP","Nav nepieciešams konts, lai izsekotu devas, svaru, simptomus, atgādinājumus vai pasūtījumus.","Privāti pēc noklusējuma. Eksportējami, kad izvēlaties.",438,no,no,no,yes,1,no,no,no,54 alternates,54,index
https://www.glpzy.app/lv/medical-safety.html,lv/medical-safety.html,lv,trust,200,https://www.glpzy.app/lv/medical-safety.html,index,yes,Medicīniskā drošība | OneGLP,"OneGLP palīdz jums skaidrāk reģistrēt notikušo. Tas nenosaka diagnozi, neparedz un neizvēlas devu.",Medicīniskā drošība,666,no,no,no,yes,1,no,no,no,54 alternates,78,index
https://www.glpzy.app/lv/methodology.html,lv/methodology.html,lv,trust,200,https://www.glpzy.app/lv/methodology.html,index,yes,Metodoloģija | OneGLP,"Aprēķinātajā ekspozīcijas tendencē tiek izmantots reģistrēts devas laiks, kā arī vienkāršots absorbcijas un eliminācijas modelis tikai personiskai izsekošanas vajadzībām.",Metodoloģija,700,no,no,no,yes,1,no,no,no,54 alternates,77,index
https://www.glpzy.app/lv/mounjaro-tracker-iphone.html,lv/mounjaro-tracker-iphone.html,lv,medicine,200,https://www.glpzy.app/lv/mounjaro-tracker-iphone.html,index,yes,Mounjaro — Ātra devu reģistrēšana bez traucējumiem | OneGLP,"Mounjaro: Sekojiet šai rutīnai ar devu vēsturi, svaru, simptomiem, apetīti, fotoattēliem, atgādinājumiem un eksportiem vienā privātā lietotnē.",Mounjaro,454,no,no,no,yes,1,no,no,no,54 alternates,57,improve-copy-keep-indexable
https://www.glpzy.app/lv/overview.html,lv/overview.html,lv,other,200,https://www.glpzy.app/lv/overview.html,index,yes,OneGLP — Privātuma politika · Medicīniskā drošība · Atbalsts,"Pārskatiet atbalsta darbības jomu, konfidencialitātes kontaktpersonas un norādījumus, kas nav saistīti ar ārkārtas situācijām.",OneGLP,409,no,no,no,yes,1,no,no,no,54 alternates,54,index
https://www.glpzy.app/lv/ozempic-tracker-iphone.html,lv/ozempic-tracker-iphone.html,lv,commercial,200,https://www.glpzy.app/lv/ozempic-tracker-iphone.html,index,yes,Ozempic — Ātra devu reģistrēšana bez traucējumiem | OneGLP,"Ozempic: Sekojiet šai rutīnai ar devu vēsturi, svaru, simptomiem, apetīti, fotoattēliem, atgādinājumiem un eksportiem vienā privātā lietotnē.",Ozempic,450,no,no,no,yes,1,no,no,no,54 alternates,58,index
https://www.glpzy.app/lv/privacy.html,lv/privacy.html,lv,privacy,200,https://www.glpzy.app/lv/privacy.html,index,yes,"Privāti pēc noklusējuma. Eksportējami, kad izvēlaties | OneGLP","Nav nepieciešams konts, lai izsekotu devas, svaru, simptomus, atgādinājumus vai pasūtījumus.","Privāti pēc noklusējuma. Eksportējami, kad izvēlaties.",438,no,no,no,yes,1,no,no,no,54 alternates,116,index
https://www.glpzy.app/lv/rybelsus-tracker-iphone.html,lv/rybelsus-tracker-iphone.html,lv,commercial,200,https://www.glpzy.app/lv/rybelsus-tracker-iphone.html,index,yes,Rybelsus — Ātra devu reģistrēšana bez traucējumiem | OneGLP,"Rybelsus: Sekojiet šai rutīnai ar devu vēsturi, svaru, simptomiem, apetīti, fotoattēliem, atgādinājumiem un eksportiem vienā privātā lietotnē.",Rybelsus,441,no,no,no,yes,1,no,no,no,54 alternates,58,index
https://www.glpzy.app/lv/saxenda-tracker-iphone.html,lv/saxenda-tracker-iphone.html,lv,commercial,200,https://www.glpzy.app/lv/saxenda-tracker-iphone.html,index,yes,Saxenda — Ātra devu reģistrēšana bez traucējumiem | OneGLP,"Saxenda: Sekojiet šai rutīnai ar devu vēsturi, svaru, simptomiem, apetīti, fotoattēliem, atgādinājumiem un eksportiem vienā privātā lietotnē.",Saxenda,442,no,no,no,yes,1,no,no,no,54 alternates,56,index
https://www.glpzy.app/lv/semaglutide-tracker-iphone.html,lv/semaglutide-tracker-iphone.html,lv,ingredient,200,https://www.glpzy.app/lv/semaglutide-tracker-iphone.html,index,yes,Semaglutide — Ātra devu reģistrēšana bez traucējumiem | OneGLP,"Semaglutide: Sekojiet šai rutīnai ar devu vēsturi, svaru, simptomiem, apetīti, fotoattēliem, atgādinājumiem un eksportiem vienā privātā lietotnē.",Semaglutide,453,no,no,no,yes,1,no,no,no,54 alternates,60,improve-copy-keep-indexable
https://www.glpzy.app/lv/support.html,lv/support.html,lv,trust,200,https://www.glpzy.app/lv/support.html,index,yes,Atbalsts | OneGLP,"Pārskatiet atbalsta darbības jomu, konfidencialitātes kontaktpersonas un norādījumus, kas nav saistīti ar ārkārtas situācijām.",Atbalsts,437,no,no,no,yes,1,no,no,no,54 alternates,103,index
https://www.glpzy.app/lv/terms.html,lv/terms.html,lv,trust,200,https://www.glpzy.app/lv/terms.html,index,yes,Lietošanas noteikumi | OneGLP,"Cenas, norēķinu periods un visa ievada piedāvājuma informācija tiek parādīta jūsu App Store kontā pirms pirkuma. Pārvaldiet vai atceliet App Store iestatījumos.",Lietošanas noteikumi,457,no,no,no,yes,1,no,no,no,54 alternates,77,index
https://www.glpzy.app/lv/tirzepatide-tracker-iphone.html,lv/tirzepatide-tracker-iphone.html,lv,ingredient,200,https://www.glpzy.app/lv/tirzepatide-tracker-iphone.html,index,yes,Tirzepatide — Ātra devu reģistrēšana bez traucējumiem | OneGLP,"Tirzepatide: Sekojiet šai rutīnai ar devu vēsturi, svaru, simptomiem, apetīti, fotoattēliem, atgādinājumiem un eksportiem vienā privātā lietotnē.",Tirzepatide,459,no,no,no,yes,1,no,no,no,54 alternates,59,improve-copy-keep-indexable
https://www.glpzy.app/lv/trulicity-tracker-iphone.html,lv/trulicity-tracker-iphone.html,lv,commercial,200,https://www.glpzy.app/lv/trulicity-tracker-iphone.html,index,yes,Trulicity — Ātra devu reģistrēšana bez traucējumiem | OneGLP,"Trulicity: Sekojiet šai rutīnai ar devu vēsturi, svaru, simptomiem, apetīti, fotoattēliem, atgādinājumiem un eksportiem vienā privātā lietotnē.",Trulicity,442,no,no,no,yes,1,no,no,no,54 alternates,55,index
https://www.glpzy.app/lv/victoza-tracker-iphone.html,lv/victoza-tracker-iphone.html,lv,commercial,200,https://www.glpzy.app/lv/victoza-tracker-iphone.html,index,yes,Victoza — Ātra devu reģistrēšana bez traucējumiem | OneGLP,"Victoza: Sekojiet šai rutīnai ar devu vēsturi, svaru, simptomiem, apetīti, fotoattēliem, atgādinājumiem un eksportiem vienā privātā lietotnē.",Victoza,442,no,no,no,yes,1,no,no,no,54 alternates,56,index
https://www.glpzy.app/lv/wegovy-tracker-iphone.html,lv/wegovy-tracker-iphone.html,lv,medicine,200,https://www.glpzy.app/lv/wegovy-tracker-iphone.html,index,yes,Wegovy — Ātra devu reģistrēšana bez traucējumiem | OneGLP,"Wegovy: Sekojiet šai rutīnai ar devu vēsturi, svaru, simptomiem, apetīti, fotoattēliem, atgādinājumiem un eksportiem vienā privātā lietotnē.",Wegovy,453,no,no,no,yes,1,no,no,no,54 alternates,58,improve-copy-keep-indexable
https://www.glpzy.app/lv/zepbound-tracker-iphone.html,lv/zepbound-tracker-iphone.html,lv,medicine,200,https://www.glpzy.app/lv/zepbound-tracker-iphone.html,index,yes,Zepbound — Ātra devu reģistrēšana bez traucējumiem | OneGLP,"Zepbound: Sekojiet šai rutīnai ar devu vēsturi, svaru, simptomiem, apetīti, fotoattēliem, atgādinājumiem un eksportiem vienā privātā lietotnē.",Zepbound,465,no,no,no,yes,1,no,no,no,54 alternates,57,improve-copy-keep-indexable
https://www.glpzy.app/medical-safety.html,medical-safety.html,root,trust,200,https://www.glpzy.app/medical-safety.html,index,yes,OneGLP medical safety and tracking boundaries,"Read how OneGLP frames personal tracking, BMI, the Estimated Exposure Trend, and the boundary between review tools and medical decision-making.",Medical Disclaimer and Safety,1016,no,no,yes,no,0,yes,no,no,54 alternates,136,index
https://www.glpzy.app/methodology.html,methodology.html,root,trust,200,https://www.glpzy.app/methodology.html,index,yes,"OneGLP methodology, BMI references, and chart estimates","Read the OneGLP methodology for BMI, Estimated Exposure Trend, reminders, chart logic, and the assumptions behind personal tracking views.",Methodology and Limitations,1619,yes,yes,yes,yes,0,yes,no,no,54 alternates,152,index
https://www.glpzy.app/ml/apple-health-glp-tracker.html,ml/apple-health-glp-tracker.html,ml,feature,200,https://www.glpzy.app/ml/apple-health-glp-tracker.html,index,yes,Apple Health-ൽ നിന്നുള്ള വായന-മാത്രം സന്ദർഭം | OneGLP,"Apple Health ആക്സസ് ഓപ്ഷണൽ ആണ് കൂടാതെ നിങ്ങൾ നൽകുന്ന അനുമതികളിൽ പരിമിതപ്പെടുത്തിയിരിക്കുന്നു. OneGLP ശരീരഭാരത്തിൻ്റെ ചരിത്രവും ഉയരവും ഇറക്കുമതി ചെയ്യുന്നു, തുടർന്ന് ശരീരഘടന, ഉറക്കം, ചലനം, വ്യായാമം, കലോറി, പ്രോട്ടീൻ, ജലസംഗ്രഹങ്ങൾ എന്നിവ റീഡ്-ഒൺലി മോഡിൽ വായിക്കുന്നു. ഒന്നും തിരിച്ച് എഴുതിയിട്ടില്ല.",Apple Health-ൽ നിന്നുള്ള വായന-മാത്രം സന്ദർഭം,959,no,no,no,yes,1,no,no,no,54 alternates,54,improve-copy-keep-indexable
https://www.glpzy.app/ml/compounded-glp-tracker-iphone.html,ml/compounded-glp-tracker-iphone.html,ml,commercial,200,https://www.glpzy.app/ml/compounded-glp-tracker-iphone.html,index,yes,സംയുക്തം — അലങ്കോലമില്ലാതെ വേഗത്തിലുള്ള ലോഗിംഗ് | OneGLP,"സംയുക്തം: ഒരു സ്വകാര്യ ആപ്പിൽ ഡോസ് ചരിത്രം, ഭാരം, ലക്ഷണങ്ങൾ, വിശപ്പ്, ഫോട്ടോകൾ, ഓർമ്മപ്പെടുത്തലുകൾ, കയറ്റുമതികൾ എന്നിവയോടെ ഈ റൂട്ടീൻ ട്രാക്ക് ചെയ്യുക.",സംയുക്തം,1000,no,no,no,yes,1,no,no,no,54 alternates,56,index
https://www.glpzy.app/ml/custom-medication-tracker-iphone.html,ml/custom-medication-tracker-iphone.html,ml,commercial,200,https://www.glpzy.app/ml/custom-medication-tracker-iphone.html,index,yes,കസ്റ്റം — അലങ്കോലമില്ലാതെ വേഗത്തിലുള്ള ലോഗിംഗ് | OneGLP,"കസ്റ്റം: ഒരു സ്വകാര്യ ആപ്പിൽ ഡോസ് ചരിത്രം, ഭാരം, ലക്ഷണങ്ങൾ, വിശപ്പ്, ഫോട്ടോകൾ, ഓർമ്മപ്പെടുത്തലുകൾ, കയറ്റുമതികൾ എന്നിവയോടെ ഈ റൂട്ടീൻ ട്രാക്ക് ചെയ്യുക.",കസ്റ്റം,1021,no,no,no,yes,1,no,no,no,54 alternates,58,index
https://www.glpzy.app/ml/data-rights.html,ml/data-rights.html,ml,privacy,200,https://www.glpzy.app/ml/data-rights.html,index,yes,കയറ്റുമതി ചരിത്രം | OneGLP,"OneGLP ആദ്യം ഒരു പ്രാദേശിക സുരക്ഷാ ബാക്കപ്പ് സൃഷ്ടിക്കും, തുടർന്ന് ഈ ഉപകരണത്തിലെ പ്രാദേശിക റെക്കോർഡുകൾ മാറ്റിസ്ഥാപിക്കും.",കയറ്റുമതി ചരിത്രം,771,no,no,no,yes,1,no,no,no,54 alternates,77,index
https://www.glpzy.app/ml/foundayo-tracker-iphone.html,ml/foundayo-tracker-iphone.html,ml,commercial,200,https://www.glpzy.app/ml/foundayo-tracker-iphone.html,index,yes,Foundayo — അലങ്കോലമില്ലാതെ വേഗത്തിലുള്ള ലോഗിംഗ് | OneGLP,"Foundayo: ഒരു സ്വകാര്യ ആപ്പിൽ ഡോസ് ചരിത്രം, ഭാരം, ലക്ഷണങ്ങൾ, വിശപ്പ്, ഫോട്ടോകൾ, ഓർമ്മപ്പെടുത്തലുകൾ, കയറ്റുമതികൾ എന്നിവയോടെ ഈ റൂട്ടീൻ ട്രാക്ക് ചെയ്യുക.",Foundayo,962,no,no,no,yes,1,no,no,no,54 alternates,55,index
https://www.glpzy.app/ml/glp1-weight-dose-symptom-tracker.html,ml/glp1-weight-dose-symptom-tracker.html,ml,commercial,200,https://www.glpzy.app/ml/glp1-weight-dose-symptom-tracker.html,index,yes,"നിങ്ങളുടെ GLP-1 റൂട്ടീൻ, അലങ്കോലമില്ലാതെ ക്രമപ്പെടുത്തി | OneGLP","വ്യക്തിഗതമായി പരിശോധിക്കാൻ ഒരു സ്വകാര്യ ആപ്പിൽ ഡോസുകൾ, ഭാരം, ലക്ഷണങ്ങൾ, വിശപ്പ്, ഫോട്ടോകൾ, ഓർമ്മപ്പെടുത്തലുകൾ, Apple Health സന്ദർഭം എന്നിവ രേഖപ്പെടുത്തുക.","നിങ്ങളുടെ GLP-1 റൂട്ടീൻ, അലങ്കോലമില്ലാതെ ക്രമപ്പെടുത്തി.",1193,no,no,no,yes,1,no,no,no,54 alternates,54,index
https://www.glpzy.app/ml/glpzy-is-now-oneglp/,ml/glpzy-is-now-oneglp/index.html,ml,home,200,https://www.glpzy.app/ml/glpzy-is-now-oneglp/,index,yes,GLPzy ഇനി OneGLP,GLPzy ഇനി OneGLP ആണ്. ആപ്പും ഡെവലപ്പറും മാറിയിട്ടില്ല. നിലവിലുള്ള രേഖകളും Premium വാങ്ങലുകളും നിലനിൽക്കും.,GLPzy ഇനി OneGLP,342,no,no,no,yes,1,yes,yes,no,54 alternates,77,index
https://www.glpzy.app/ml/,ml/index.html,ml,home,200,https://www.glpzy.app/ml/,index,yes,"നിങ്ങളുടെ GLP-1 റൂട്ടീൻ, അലങ്കോലമില്ലാതെ ക്രമപ്പെടുത്തി | OneGLP","വ്യക്തിഗതമായി പരിശോധിക്കാൻ ഒരു സ്വകാര്യ ആപ്പിൽ ഡോസുകൾ, ഭാരം, ലക്ഷണങ്ങൾ, വിശപ്പ്, ഫോട്ടോകൾ, ഓർമ്മപ്പെടുത്തലുകൾ, Apple Health സന്ദർഭം എന്നിവ രേഖപ്പെടുത്തുക.","നിങ്ങളുടെ GLP-1 റൂട്ടീൻ, അലങ്കോലമില്ലാതെ ക്രമപ്പെടുത്തി.",1767,no,no,no,yes,1,yes,no,no,54 alternates,135,index
https://www.glpzy.app/ml/local-first-private-glp-tracker.html,ml/local-first-private-glp-tracker.html,ml,privacy,200,https://www.glpzy.app/ml/local-first-private-glp-tracker.html,index,yes,സ്ഥിരമായി സ്വകാര്യമാണ്. നിങ്ങൾ തിരഞ്ഞെടുക്കുമ്പോൾ കയറ്റുമതി ചെയ്യാം | OneGLP,"ഡോസുകൾ, ഭാരം, ലക്ഷണങ്ങൾ, ഓർമ്മപ്പെടുത്തലുകൾ, അല്ലെങ്കിൽ ഓർഡറുകൾ എന്നിവ ട്രാക്ക് ചെയ്യാൻ അക്കൗണ്ട് ആവശ്യമില്ല.",സ്ഥിരമായി സ്വകാര്യമാണ്. നിങ്ങൾ തിരഞ്ഞെടുക്കുമ്പോൾ കയറ്റുമതി ചെയ്യാം.,977,no,no,no,yes,1,no,no,no,54 alternates,54,index
https://www.glpzy.app/ml/medical-safety.html,ml/medical-safety.html,ml,trust,200,https://www.glpzy.app/ml/medical-safety.html,index,yes,മെഡിക്കൽ സുരക്ഷ | OneGLP,എന്താണ് സംഭവിച്ചതെന്നതിൻ്റെ വ്യക്തമായ റെക്കോർഡ് സൂക്ഷിക്കാൻ OneGLP നിങ്ങളെ സഹായിക്കുന്നു. ഇത് നിങ്ങളുടെ ഡോസ് നിർണ്ണയിക്കുകയോ നിർദ്ദേശിക്കുകയോ തിരഞ്ഞെടുക്കുകയോ ചെയ്യുന്നില്ല.,മെഡിക്കൽ സുരക്ഷ,1616,no,no,no,yes,1,no,no,no,54 alternates,78,index
https://www.glpzy.app/ml/methodology.html,ml/methodology.html,ml,trust,200,https://www.glpzy.app/ml/methodology.html,index,yes,രീതിശാസ്ത്രം | OneGLP,ഏകദേശ എക്‌സ്‌പോഷർ ട്രെൻഡ് വ്യക്തിഗത ട്രാക്കിംഗിനായി മാത്രം ലോഗ് ചെയ്‌ത ഡോസ് ടൈമിംഗും ഒരു ലളിതമായ ആഗിരണം-എലിമിനേഷൻ മോഡലും ഉപയോഗിക്കുന്നു.,രീതിശാസ്ത്രം,1664,no,no,no,yes,1,no,no,no,54 alternates,77,index
https://www.glpzy.app/ml/mounjaro-tracker-iphone.html,ml/mounjaro-tracker-iphone.html,ml,medicine,200,https://www.glpzy.app/ml/mounjaro-tracker-iphone.html,index,yes,Mounjaro — അലങ്കോലമില്ലാതെ വേഗത്തിലുള്ള ലോഗിംഗ് | OneGLP,"Mounjaro: ഒരു സ്വകാര്യ ആപ്പിൽ ഡോസ് ചരിത്രം, ഭാരം, ലക്ഷണങ്ങൾ, വിശപ്പ്, ഫോട്ടോകൾ, ഓർമ്മപ്പെടുത്തലുകൾ, കയറ്റുമതികൾ എന്നിവയോടെ ഈ റൂട്ടീൻ ട്രാക്ക് ചെയ്യുക.",Mounjaro,999,no,no,no,yes,1,no,no,no,54 alternates,57,improve-copy-keep-indexable
https://www.glpzy.app/ml/overview.html,ml/overview.html,ml,other,200,https://www.glpzy.app/ml/overview.html,index,yes,OneGLP — സ്വകാര്യതാ നയം · മെഡിക്കൽ സുരക്ഷ · പിന്തുണ,"പിന്തുണയുടെ വ്യാപ്തി, സ്വകാര്യതാ കോൺടാക്റ്റുകൾ, അടിയന്തരമല്ലാത്ത മാർഗ്ഗനിർദ്ദേശങ്ങൾ എന്നിവ അവലോകനം ചെയ്യുക.",OneGLP,841,no,no,no,yes,1,no,no,no,54 alternates,54,index
https://www.glpzy.app/ml/ozempic-tracker-iphone.html,ml/ozempic-tracker-iphone.html,ml,commercial,200,https://www.glpzy.app/ml/ozempic-tracker-iphone.html,index,yes,Ozempic — അലങ്കോലമില്ലാതെ വേഗത്തിലുള്ള ലോഗിംഗ് | OneGLP,"Ozempic: ഒരു സ്വകാര്യ ആപ്പിൽ ഡോസ് ചരിത്രം, ഭാരം, ലക്ഷണങ്ങൾ, വിശപ്പ്, ഫോട്ടോകൾ, ഓർമ്മപ്പെടുത്തലുകൾ, കയറ്റുമതികൾ എന്നിവയോടെ ഈ റൂട്ടീൻ ട്രാക്ക് ചെയ്യുക.",Ozempic,983,no,no,no,yes,1,no,no,no,54 alternates,58,index
https://www.glpzy.app/ml/privacy.html,ml/privacy.html,ml,privacy,200,https://www.glpzy.app/ml/privacy.html,index,yes,സ്ഥിരമായി സ്വകാര്യമാണ്. നിങ്ങൾ തിരഞ്ഞെടുക്കുമ്പോൾ കയറ്റുമതി ചെയ്യാം | OneGLP,"ഡോസുകൾ, ഭാരം, ലക്ഷണങ്ങൾ, ഓർമ്മപ്പെടുത്തലുകൾ, അല്ലെങ്കിൽ ഓർഡറുകൾ എന്നിവ ട്രാക്ക് ചെയ്യാൻ അക്കൗണ്ട് ആവശ്യമില്ല.",സ്ഥിരമായി സ്വകാര്യമാണ്. നിങ്ങൾ തിരഞ്ഞെടുക്കുമ്പോൾ കയറ്റുമതി ചെയ്യാം.,977,no,no,no,yes,1,no,no,no,54 alternates,116,index
https://www.glpzy.app/ml/rybelsus-tracker-iphone.html,ml/rybelsus-tracker-iphone.html,ml,commercial,200,https://www.glpzy.app/ml/rybelsus-tracker-iphone.html,index,yes,Rybelsus — അലങ്കോലമില്ലാതെ വേഗത്തിലുള്ള ലോഗിംഗ് | OneGLP,"Rybelsus: ഒരു സ്വകാര്യ ആപ്പിൽ ഡോസ് ചരിത്രം, ഭാരം, ലക്ഷണങ്ങൾ, വിശപ്പ്, ഫോട്ടോകൾ, ഓർമ്മപ്പെടുത്തലുകൾ, കയറ്റുമതികൾ എന്നിവയോടെ ഈ റൂട്ടീൻ ട്രാക്ക് ചെയ്യുക.",Rybelsus,962,no,no,no,yes,1,no,no,no,54 alternates,58,index
https://www.glpzy.app/ml/saxenda-tracker-iphone.html,ml/saxenda-tracker-iphone.html,ml,commercial,200,https://www.glpzy.app/ml/saxenda-tracker-iphone.html,index,yes,Saxenda — അലങ്കോലമില്ലാതെ വേഗത്തിലുള്ള ലോഗിംഗ് | OneGLP,"Saxenda: ഒരു സ്വകാര്യ ആപ്പിൽ ഡോസ് ചരിത്രം, ഭാരം, ലക്ഷണങ്ങൾ, വിശപ്പ്, ഫോട്ടോകൾ, ഓർമ്മപ്പെടുത്തലുകൾ, കയറ്റുമതികൾ എന്നിവയോടെ ഈ റൂട്ടീൻ ട്രാക്ക് ചെയ്യുക.",Saxenda,964,no,no,no,yes,1,no,no,no,54 alternates,56,index
https://www.glpzy.app/ml/semaglutide-tracker-iphone.html,ml/semaglutide-tracker-iphone.html,ml,ingredient,200,https://www.glpzy.app/ml/semaglutide-tracker-iphone.html,index,yes,Semaglutide — അലങ്കോലമില്ലാതെ വേഗത്തിലുള്ള ലോഗിംഗ് | OneGLP,"Semaglutide: ഒരു സ്വകാര്യ ആപ്പിൽ ഡോസ് ചരിത്രം, ഭാരം, ലക്ഷണങ്ങൾ, വിശപ്പ്, ഫോട്ടോകൾ, ഓർമ്മപ്പെടുത്തലുകൾ, കയറ്റുമതികൾ എന്നിവയോടെ ഈ റൂട്ടീൻ ട്രാക്ക് ചെയ്യുക.",Semaglutide,994,no,no,no,yes,1,no,no,no,54 alternates,60,improve-copy-keep-indexable
https://www.glpzy.app/ml/support.html,ml/support.html,ml,trust,200,https://www.glpzy.app/ml/support.html,index,yes,പിന്തുണ | OneGLP,"പിന്തുണയുടെ വ്യാപ്തി, സ്വകാര്യതാ കോൺടാക്റ്റുകൾ, അടിയന്തരമല്ലാത്ത മാർഗ്ഗനിർദ്ദേശങ്ങൾ എന്നിവ അവലോകനം ചെയ്യുക.",പിന്തുണ,954,no,no,no,yes,1,no,no,no,54 alternates,103,index
https://www.glpzy.app/ml/terms.html,ml/terms.html,ml,trust,200,https://www.glpzy.app/ml/terms.html,index,yes,ഉപയോഗ നിബന്ധനകൾ | OneGLP,വാങ്ങുന്നതിന് മുമ്പ് നിങ്ങളുടെ App Store അക്കൗണ്ടിൽ നിന്ന് വിലയും ബില്ലിംഗ് കാലയളവും ഏതെങ്കിലും ആമുഖ ഓഫർ വിശദാംശങ്ങളും കാണിക്കും. App Store ക്രമീകരണങ്ങളിൽ നിയന്ത്രിക്കുക അല്ലെങ്കിൽ റദ്ദാക്കുക.,ഉപയോഗ നിബന്ധനകൾ,1011,no,no,no,yes,1,no,no,no,54 alternates,77,index
https://www.glpzy.app/ml/tirzepatide-tracker-iphone.html,ml/tirzepatide-tracker-iphone.html,ml,ingredient,200,https://www.glpzy.app/ml/tirzepatide-tracker-iphone.html,index,yes,Tirzepatide — അലങ്കോലമില്ലാതെ വേഗത്തിലുള്ള ലോഗിംഗ് | OneGLP,"Tirzepatide: ഒരു സ്വകാര്യ ആപ്പിൽ ഡോസ് ചരിത്രം, ഭാരം, ലക്ഷണങ്ങൾ, വിശപ്പ്, ഫോട്ടോകൾ, ഓർമ്മപ്പെടുത്തലുകൾ, കയറ്റുമതികൾ എന്നിവയോടെ ഈ റൂട്ടീൻ ട്രാക്ക് ചെയ്യുക.",Tirzepatide,1016,no,no,no,yes,1,no,no,no,54 alternates,59,improve-copy-keep-indexable
https://www.glpzy.app/ml/trulicity-tracker-iphone.html,ml/trulicity-tracker-iphone.html,ml,commercial,200,https://www.glpzy.app/ml/trulicity-tracker-iphone.html,index,yes,Trulicity — അലങ്കോലമില്ലാതെ വേഗത്തിലുള്ള ലോഗിംഗ് | OneGLP,"Trulicity: ഒരു സ്വകാര്യ ആപ്പിൽ ഡോസ് ചരിത്രം, ഭാരം, ലക്ഷണങ്ങൾ, വിശപ്പ്, ഫോട്ടോകൾ, ഓർമ്മപ്പെടുത്തലുകൾ, കയറ്റുമതികൾ എന്നിവയോടെ ഈ റൂട്ടീൻ ട്രാക്ക് ചെയ്യുക.",Trulicity,967,no,no,no,yes,1,no,no,no,54 alternates,55,index
https://www.glpzy.app/ml/victoza-tracker-iphone.html,ml/victoza-tracker-iphone.html,ml,commercial,200,https://www.glpzy.app/ml/victoza-tracker-iphone.html,index,yes,Victoza — അലങ്കോലമില്ലാതെ വേഗത്തിലുള്ള ലോഗിംഗ് | OneGLP,"Victoza: ഒരു സ്വകാര്യ ആപ്പിൽ ഡോസ് ചരിത്രം, ഭാരം, ലക്ഷണങ്ങൾ, വിശപ്പ്, ഫോട്ടോകൾ, ഓർമ്മപ്പെടുത്തലുകൾ, കയറ്റുമതികൾ എന്നിവയോടെ ഈ റൂട്ടീൻ ട്രാക്ക് ചെയ്യുക.",Victoza,964,no,no,no,yes,1,no,no,no,54 alternates,56,index
https://www.glpzy.app/ml/wegovy-tracker-iphone.html,ml/wegovy-tracker-iphone.html,ml,medicine,200,https://www.glpzy.app/ml/wegovy-tracker-iphone.html,index,yes,Wegovy — അലങ്കോലമില്ലാതെ വേഗത്തിലുള്ള ലോഗിംഗ് | OneGLP,"Wegovy: ഒരു സ്വകാര്യ ആപ്പിൽ ഡോസ് ചരിത്രം, ഭാരം, ലക്ഷണങ്ങൾ, വിശപ്പ്, ഫോട്ടോകൾ, ഓർമ്മപ്പെടുത്തലുകൾ, കയറ്റുമതികൾ എന്നിവയോടെ ഈ റൂട്ടീൻ ട്രാക്ക് ചെയ്യുക.",Wegovy,994,no,no,no,yes,1,no,no,no,54 alternates,58,improve-copy-keep-indexable
https://www.glpzy.app/ml/zepbound-tracker-iphone.html,ml/zepbound-tracker-iphone.html,ml,medicine,200,https://www.glpzy.app/ml/zepbound-tracker-iphone.html,index,yes,Zepbound — അലങ്കോലമില്ലാതെ വേഗത്തിലുള്ള ലോഗിംഗ് | OneGLP,"Zepbound: ഒരു സ്വകാര്യ ആപ്പിൽ ഡോസ് ചരിത്രം, ഭാരം, ലക്ഷണങ്ങൾ, വിശപ്പ്, ഫോട്ടോകൾ, ഓർമ്മപ്പെടുത്തലുകൾ, കയറ്റുമതികൾ എന്നിവയോടെ ഈ റൂട്ടീൻ ട്രാക്ക് ചെയ്യുക.",Zepbound,1041,no,no,no,yes,1,no,no,no,54 alternates,57,improve-copy-keep-indexable
https://www.glpzy.app/mounjaro-tracker-iphone.html,mounjaro-tracker-iphone.html,root,medicine,200,https://www.glpzy.app/mounjaro-tracker-iphone.html,index,yes,Mounjaro tracker app for iPhone | OneGLP,"Track Mounjaro doses, reminders, injection sites, weight, symptoms, photos and optional read-only Apple Health context privately on iPhone.",Mounjaro tracker app for iPhone,1079,yes,yes,yes,yes,4,yes,yes,yes,54 alternates,68,index
https://www.glpzy.app/mr/apple-health-glp-tracker.html,mr/apple-health-glp-tracker.html,mr,feature,200,https://www.glpzy.app/mr/apple-health-glp-tracker.html,index,yes,Apple Health वरून केवळ-वाचनीय संदर्भ | OneGLP,"Apple Health प्रवेश ऐच्छिक आहे आणि तुम्ही दिलेल्या परवानग्यांपुरता मर्यादित आहे. OneGLP शरीराच्या वजनाचा इतिहास आणि उंची आयात करते, नंतर शरीर रचना, झोप, हालचाल, कसरत, कॅलरी, प्रथिने आणि पाण्याचे सारांश केवळ-वाचनीय मोडमध्ये वाचते. परत काहीही लिहिलेले नाही.",Apple Health वरून केवळ-वाचनीय संदर्भ,825,no,no,no,yes,1,no,no,no,54 alternates,54,improve-copy-keep-indexable
https://www.glpzy.app/mr/compounded-glp-tracker-iphone.html,mr/compounded-glp-tracker-iphone.html,mr,commercial,200,https://www.glpzy.app/mr/compounded-glp-tracker-iphone.html,index,yes,चक्रवाढ — गोंधळाशिवाय द्रुत डोस नोंद | OneGLP,"चक्रवाढ: एका खाजगी अॅपमध्ये डोस इतिहास, वजन, लक्षणे, भूक, फोटो, स्मरणपत्रे आणि निर्यातांसह ही दिनचर्या ट्रॅक करा.",चक्रवाढ,828,no,no,no,yes,1,no,no,no,54 alternates,56,index
https://www.glpzy.app/mr/custom-medication-tracker-iphone.html,mr/custom-medication-tracker-iphone.html,mr,commercial,200,https://www.glpzy.app/mr/custom-medication-tracker-iphone.html,index,yes,सानुकूल — गोंधळाशिवाय द्रुत डोस नोंद | OneGLP,"सानुकूल: एका खाजगी अॅपमध्ये डोस इतिहास, वजन, लक्षणे, भूक, फोटो, स्मरणपत्रे आणि निर्यातांसह ही दिनचर्या ट्रॅक करा.",सानुकूल,853,no,no,no,yes,1,no,no,no,54 alternates,58,index
https://www.glpzy.app/mr/data-rights.html,mr/data-rights.html,mr,privacy,200,https://www.glpzy.app/mr/data-rights.html,index,yes,निर्यात इतिहास | OneGLP,"OneGLP प्रथम स्थानिक सुरक्षा बॅकअप तयार करेल, नंतर या डिव्हाइसवर स्थानिक रेकॉर्ड पुनर्स्थित करेल.",निर्यात इतिहास,673,no,no,no,yes,1,no,no,no,54 alternates,77,index
https://www.glpzy.app/mr/foundayo-tracker-iphone.html,mr/foundayo-tracker-iphone.html,mr,commercial,200,https://www.glpzy.app/mr/foundayo-tracker-iphone.html,index,yes,Foundayo — गोंधळाशिवाय द्रुत डोस नोंद | OneGLP,"Foundayo: एका खाजगी अॅपमध्ये डोस इतिहास, वजन, लक्षणे, भूक, फोटो, स्मरणपत्रे आणि निर्यातांसह ही दिनचर्या ट्रॅक करा.",Foundayo,797,no,no,no,yes,1,no,no,no,54 alternates,55,index
https://www.glpzy.app/mr/glp1-weight-dose-symptom-tracker.html,mr/glp1-weight-dose-symptom-tracker.html,mr,commercial,200,https://www.glpzy.app/mr/glp1-weight-dose-symptom-tracker.html,index,yes,"तुमची GLP-1 दिनचर्या, गोंधळाशिवाय व्यवस्थित | OneGLP","वैयक्तिक पुनरावलोकनासाठी एका खाजगी अॅपमध्ये डोस, वजन, लक्षणे, भूक, फोटो, स्मरणपत्रे आणि Apple Health संदर्भ नोंदवा.","तुमची GLP-1 दिनचर्या, गोंधळाशिवाय व्यवस्थित.",983,no,no,no,yes,1,no,no,no,54 alternates,54,index
https://www.glpzy.app/mr/glpzy-is-now-oneglp/,mr/glpzy-is-now-oneglp/index.html,mr,home,200,https://www.glpzy.app/mr/glpzy-is-now-oneglp/,index,yes,GLPzy चे नवीन नाव OneGLP आहे,GLPzy आता OneGLP आहे. ॲप आणि डेव्हलपर तेच आहेत. तुमच्या आधीच्या नोंदी आणि Premium खरेदी कायम राहतील.,GLPzy चे नवीन नाव OneGLP आहे,314,no,no,no,yes,1,yes,yes,no,54 alternates,77,index
https://www.glpzy.app/mr/,mr/index.html,mr,home,200,https://www.glpzy.app/mr/,index,yes,"तुमची GLP-1 दिनचर्या, गोंधळाशिवाय व्यवस्थित | OneGLP","वैयक्तिक पुनरावलोकनासाठी एका खाजगी अॅपमध्ये डोस, वजन, लक्षणे, भूक, फोटो, स्मरणपत्रे आणि Apple Health संदर्भ नोंदवा.","तुमची GLP-1 दिनचर्या, गोंधळाशिवाय व्यवस्थित.",1418,no,no,no,yes,1,yes,no,no,54 alternates,135,index
https://www.glpzy.app/mr/local-first-private-glp-tracker.html,mr/local-first-private-glp-tracker.html,mr,privacy,200,https://www.glpzy.app/mr/local-first-private-glp-tracker.html,index,yes,मुळात खाजगी. तुम्ही निवडल्यावर निर्यातयोग्य | OneGLP,"डोस, वजन, लक्षणे, स्मरणपत्रे किंवा ऑर्डर ट्रॅक करण्यासाठी कोणत्याही खात्याची आवश्यकता नाही.",मुळात खाजगी. तुम्ही निवडल्यावर निर्यातयोग्य.,823,no,no,no,yes,1,no,no,no,54 alternates,54,index
https://www.glpzy.app/mr/medical-safety.html,mr/medical-safety.html,mr,trust,200,https://www.glpzy.app/mr/medical-safety.html,index,yes,वैद्यकीय सुरक्षा | OneGLP,"OneGLP तुम्हाला काय घडले याची स्पष्ट नोंद ठेवण्यात मदत करते. हे निदान, लिहून किंवा तुमचा डोस निवडत नाही.",वैद्यकीय सुरक्षा,1343,no,no,no,yes,1,no,no,no,54 alternates,78,index
https://www.glpzy.app/mr/methodology.html,mr/methodology.html,mr,trust,200,https://www.glpzy.app/mr/methodology.html,index,yes,कार्यपद्धती | OneGLP,अंदाजे एक्सपोजर ट्रेंड केवळ वैयक्तिक ट्रॅकिंगसाठी लॉग केलेले डोस वेळ आणि एक सरलीकृत शोषण-आणि-निर्मूलन मॉडेल वापरते.,कार्यपद्धती,1412,no,no,no,yes,1,no,no,no,54 alternates,77,index
https://www.glpzy.app/mr/mounjaro-tracker-iphone.html,mr/mounjaro-tracker-iphone.html,mr,medicine,200,https://www.glpzy.app/mr/mounjaro-tracker-iphone.html,index,yes,Mounjaro — गोंधळाशिवाय द्रुत डोस नोंद | OneGLP,"Mounjaro: एका खाजगी अॅपमध्ये डोस इतिहास, वजन, लक्षणे, भूक, फोटो, स्मरणपत्रे आणि निर्यातांसह ही दिनचर्या ट्रॅक करा.",Mounjaro,830,no,no,no,yes,1,no,no,no,54 alternates,57,improve-copy-keep-indexable
https://www.glpzy.app/mr/overview.html,mr/overview.html,mr,other,200,https://www.glpzy.app/mr/overview.html,index,yes,OneGLP — गोपनीयता धोरण · वैद्यकीय सुरक्षा · सपोर्ट,"समर्थन व्याप्ती, गोपनीयता संपर्क आणि गैर-आणीबाणी मार्गदर्शनाचे पुनरावलोकन करा.",OneGLP,729,no,no,no,yes,1,no,no,no,54 alternates,54,index
https://www.glpzy.app/mr/ozempic-tracker-iphone.html,mr/ozempic-tracker-iphone.html,mr,commercial,200,https://www.glpzy.app/mr/ozempic-tracker-iphone.html,index,yes,Ozempic — गोंधळाशिवाय द्रुत डोस नोंद | OneGLP,"Ozempic: एका खाजगी अॅपमध्ये डोस इतिहास, वजन, लक्षणे, भूक, फोटो, स्मरणपत्रे आणि निर्यातांसह ही दिनचर्या ट्रॅक करा.",Ozempic,818,no,no,no,yes,1,no,no,no,54 alternates,58,index
https://www.glpzy.app/mr/privacy.html,mr/privacy.html,mr,privacy,200,https://www.glpzy.app/mr/privacy.html,index,yes,मुळात खाजगी. तुम्ही निवडल्यावर निर्यातयोग्य | OneGLP,"डोस, वजन, लक्षणे, स्मरणपत्रे किंवा ऑर्डर ट्रॅक करण्यासाठी कोणत्याही खात्याची आवश्यकता नाही.",मुळात खाजगी. तुम्ही निवडल्यावर निर्यातयोग्य.,823,no,no,no,yes,1,no,no,no,54 alternates,116,index
https://www.glpzy.app/mr/rybelsus-tracker-iphone.html,mr/rybelsus-tracker-iphone.html,mr,commercial,200,https://www.glpzy.app/mr/rybelsus-tracker-iphone.html,index,yes,Rybelsus — गोंधळाशिवाय द्रुत डोस नोंद | OneGLP,"Rybelsus: एका खाजगी अॅपमध्ये डोस इतिहास, वजन, लक्षणे, भूक, फोटो, स्मरणपत्रे आणि निर्यातांसह ही दिनचर्या ट्रॅक करा.",Rybelsus,796,no,no,no,yes,1,no,no,no,54 alternates,58,index
https://www.glpzy.app/mr/saxenda-tracker-iphone.html,mr/saxenda-tracker-iphone.html,mr,commercial,200,https://www.glpzy.app/mr/saxenda-tracker-iphone.html,index,yes,Saxenda — गोंधळाशिवाय द्रुत डोस नोंद | OneGLP,"Saxenda: एका खाजगी अॅपमध्ये डोस इतिहास, वजन, लक्षणे, भूक, फोटो, स्मरणपत्रे आणि निर्यातांसह ही दिनचर्या ट्रॅक करा.",Saxenda,799,no,no,no,yes,1,no,no,no,54 alternates,56,index
https://www.glpzy.app/mr/semaglutide-tracker-iphone.html,mr/semaglutide-tracker-iphone.html,mr,ingredient,200,https://www.glpzy.app/mr/semaglutide-tracker-iphone.html,index,yes,Semaglutide — गोंधळाशिवाय द्रुत डोस नोंद | OneGLP,"Semaglutide: एका खाजगी अॅपमध्ये डोस इतिहास, वजन, लक्षणे, भूक, फोटो, स्मरणपत्रे आणि निर्यातांसह ही दिनचर्या ट्रॅक करा.",Semaglutide,824,no,no,no,yes,1,no,no,no,54 alternates,60,improve-copy-keep-indexable
https://www.glpzy.app/mr/support.html,mr/support.html,mr,trust,200,https://www.glpzy.app/mr/support.html,index,yes,सपोर्ट | OneGLP,"समर्थन व्याप्ती, गोपनीयता संपर्क आणि गैर-आणीबाणी मार्गदर्शनाचे पुनरावलोकन करा.",सपोर्ट,773,no,no,no,yes,1,no,no,no,54 alternates,103,index
https://www.glpzy.app/mr/terms.html,mr/terms.html,mr,trust,200,https://www.glpzy.app/mr/terms.html,index,yes,वापरण्याच्या अटी | OneGLP,"किंमत, बिलिंग कालावधी आणि कोणतेही प्रास्ताविक ऑफर तपशील खरेदी करण्यापूर्वी तुमच्या App Store खात्यातून दाखवले जातात. App Store सेटिंग्जमध्ये व्यवस्थापित करा किंवा रद्द करा.",वापरण्याच्या अटी,852,no,no,no,yes,1,no,no,no,54 alternates,77,index
https://www.glpzy.app/mr/tirzepatide-tracker-iphone.html,mr/tirzepatide-tracker-iphone.html,mr,ingredient,200,https://www.glpzy.app/mr/tirzepatide-tracker-iphone.html,index,yes,Tirzepatide — गोंधळाशिवाय द्रुत डोस नोंद | OneGLP,"Tirzepatide: एका खाजगी अॅपमध्ये डोस इतिहास, वजन, लक्षणे, भूक, फोटो, स्मरणपत्रे आणि निर्यातांसह ही दिनचर्या ट्रॅक करा.",Tirzepatide,844,no,no,no,yes,1,no,no,no,54 alternates,59,improve-copy-keep-indexable
https://www.glpzy.app/mr/trulicity-tracker-iphone.html,mr/trulicity-tracker-iphone.html,mr,commercial,200,https://www.glpzy.app/mr/trulicity-tracker-iphone.html,index,yes,Trulicity — गोंधळाशिवाय द्रुत डोस नोंद | OneGLP,"Trulicity: एका खाजगी अॅपमध्ये डोस इतिहास, वजन, लक्षणे, भूक, फोटो, स्मरणपत्रे आणि निर्यातांसह ही दिनचर्या ट्रॅक करा.",Trulicity,805,no,no,no,yes,1,no,no,no,54 alternates,55,index
https://www.glpzy.app/mr/victoza-tracker-iphone.html,mr/victoza-tracker-iphone.html,mr,commercial,200,https://www.glpzy.app/mr/victoza-tracker-iphone.html,index,yes,Victoza — गोंधळाशिवाय द्रुत डोस नोंद | OneGLP,"Victoza: एका खाजगी अॅपमध्ये डोस इतिहास, वजन, लक्षणे, भूक, फोटो, स्मरणपत्रे आणि निर्यातांसह ही दिनचर्या ट्रॅक करा.",Victoza,799,no,no,no,yes,1,no,no,no,54 alternates,56,index
https://www.glpzy.app/mr/wegovy-tracker-iphone.html,mr/wegovy-tracker-iphone.html,mr,medicine,200,https://www.glpzy.app/mr/wegovy-tracker-iphone.html,index,yes,Wegovy — गोंधळाशिवाय द्रुत डोस नोंद | OneGLP,"Wegovy: एका खाजगी अॅपमध्ये डोस इतिहास, वजन, लक्षणे, भूक, फोटो, स्मरणपत्रे आणि निर्यातांसह ही दिनचर्या ट्रॅक करा.",Wegovy,824,no,no,no,yes,1,no,no,no,54 alternates,58,improve-copy-keep-indexable
https://www.glpzy.app/mr/zepbound-tracker-iphone.html,mr/zepbound-tracker-iphone.html,mr,medicine,200,https://www.glpzy.app/mr/zepbound-tracker-iphone.html,index,yes,Zepbound — गोंधळाशिवाय द्रुत डोस नोंद | OneGLP,"Zepbound: एका खाजगी अॅपमध्ये डोस इतिहास, वजन, लक्षणे, भूक, फोटो, स्मरणपत्रे आणि निर्यातांसह ही दिनचर्या ट्रॅक करा.",Zepbound,859,no,no,no,yes,1,no,no,no,54 alternates,57,improve-copy-keep-indexable
https://www.glpzy.app/ms/apple-health-glp-tracker.html,ms/apple-health-glp-tracker.html,ms,feature,200,https://www.glpzy.app/ms/apple-health-glp-tracker.html,index,yes,Konteks baca sahaja daripada Apple Health | OneGLP,"Akses Apple Health adalah pilihan dan terhad kepada kebenaran yang anda berikan. OneGLP mengimport sejarah berat badan dan ketinggian, kemudian membaca komposisi badan, pergerakan, senaman, kalori, protein dan ringkasan air dalam mod baca sahaja. Tiada apa yang ditulis kembali.",Konteks baca sahaja daripada Apple Health,472,no,no,no,yes,1,no,no,no,54 alternates,54,improve-copy-keep-indexable
https://www.glpzy.app/ms/compounded-glp-tracker-iphone.html,ms/compounded-glp-tracker-iphone.html,ms,commercial,200,https://www.glpzy.app/ms/compounded-glp-tracker-iphone.html,index,yes,Terkompaun — Pembalakan cepat tanpa kekacauan | OneGLP,"Terkompaun: Jejaki rutin ini dengan sejarah dos, berat, gejala, selera makan, foto, peringatan dan eksport dalam satu app peribadi.",Terkompaun,469,no,no,no,yes,1,no,no,no,54 alternates,56,index
https://www.glpzy.app/ms/custom-medication-tracker-iphone.html,ms/custom-medication-tracker-iphone.html,ms,commercial,200,https://www.glpzy.app/ms/custom-medication-tracker-iphone.html,index,yes,Adat — Pembalakan cepat tanpa kekacauan | OneGLP,"Adat: Jejaki rutin ini dengan sejarah dos, berat, gejala, selera makan, foto, peringatan dan eksport dalam satu app peribadi.",Adat,479,no,no,no,yes,1,no,no,no,54 alternates,58,index
https://www.glpzy.app/ms/data-rights.html,ms/data-rights.html,ms,privacy,200,https://www.glpzy.app/ms/data-rights.html,index,yes,Sejarah eksport | OneGLP,"OneGLP mula-mula akan membuat sandaran keselamatan setempat, kemudian menggantikan rekod tempatan pada peranti ini.",Sejarah eksport,385,no,no,no,yes,1,no,no,no,54 alternates,77,index
https://www.glpzy.app/ms/foundayo-tracker-iphone.html,ms/foundayo-tracker-iphone.html,ms,commercial,200,https://www.glpzy.app/ms/foundayo-tracker-iphone.html,index,yes,Foundayo — Pembalakan cepat tanpa kekacauan | OneGLP,"Foundayo: Jejaki rutin ini dengan sejarah dos, berat, gejala, selera makan, foto, peringatan dan eksport dalam satu app peribadi.",Foundayo,459,no,no,no,yes,1,no,no,no,54 alternates,55,index
https://www.glpzy.app/ms/glp1-weight-dose-symptom-tracker.html,ms/glp1-weight-dose-symptom-tracker.html,ms,commercial,200,https://www.glpzy.app/ms/glp1-weight-dose-symptom-tracker.html,index,yes,"Rutin GLP-1 anda, tersusun tanpa kekusutan | OneGLP","Log dos, berat, gejala, selera makan, foto, peringatan dan konteks Apple Health dalam satu app peribadi untuk semakan peribadi.","Rutin GLP-1 anda, tersusun tanpa kekusutan.",536,no,no,no,yes,1,no,no,no,54 alternates,54,index
https://www.glpzy.app/ms/glpzy-is-now-oneglp/,ms/glpzy-is-now-oneglp/index.html,ms,home,200,https://www.glpzy.app/ms/glpzy-is-now-oneglp/,index,yes,GLPzy kini bernama OneGLP,"GLPzy kini menjadi OneGLP. Aplikasi, pembangun, rekod dan pembelian Premium anda kekal sama.",GLPzy kini bernama OneGLP,193,no,no,no,yes,1,yes,yes,no,54 alternates,77,index
https://www.glpzy.app/ms/,ms/index.html,ms,home,200,https://www.glpzy.app/ms/,index,yes,"Rutin GLP-1 anda, tersusun tanpa kekusutan | OneGLP","Log dos, berat, gejala, selera makan, foto, peringatan dan konteks Apple Health dalam satu app peribadi untuk semakan peribadi.","Rutin GLP-1 anda, tersusun tanpa kekusutan.",756,no,no,no,yes,1,yes,no,no,54 alternates,135,index
https://www.glpzy.app/ms/local-first-private-glp-tracker.html,ms/local-first-private-glp-tracker.html,ms,privacy,200,https://www.glpzy.app/ms/local-first-private-glp-tracker.html,index,yes,Peribadi secara lalai. Boleh dieksport apabila anda memilih | OneGLP,"Tiada akaun dalam app diperlukan untuk merekod dos, berat, gejala atau peringatan.",Peribadi secara lalai. Boleh dieksport apabila anda memilih.,459,no,no,no,yes,1,no,no,no,54 alternates,54,index
https://www.glpzy.app/ms/medical-safety.html,ms/medical-safety.html,ms,trust,200,https://www.glpzy.app/ms/medical-safety.html,index,yes,Keselamatan perubatan | OneGLP,"OneGLP membantu anda menyimpan rekod yang lebih jelas tentang perkara yang berlaku. Ia tidak mendiagnosis, menetapkan, atau memilih dos anda.",Keselamatan perubatan,697,no,no,no,yes,1,no,no,no,54 alternates,78,index
https://www.glpzy.app/ms/methodology.html,ms/methodology.html,ms,trust,200,https://www.glpzy.app/ms/methodology.html,index,yes,Metodologi | OneGLP,Anggaran Trend Pendedahan menggunakan pemasaan dos yang dilog ditambah dengan model penyerapan dan penyingkiran yang dipermudahkan untuk penjejakan peribadi sahaja.,Metodologi,724,no,no,no,yes,1,no,no,no,54 alternates,77,index
https://www.glpzy.app/ms/mounjaro-tracker-iphone.html,ms/mounjaro-tracker-iphone.html,ms,medicine,200,https://www.glpzy.app/ms/mounjaro-tracker-iphone.html,index,yes,Mounjaro — Pembalakan cepat tanpa kekacauan | OneGLP,"Mounjaro: Jejaki rutin ini dengan sejarah dos, berat, gejala, selera makan, foto, peringatan dan eksport dalam satu app peribadi.",Mounjaro,470,no,no,no,yes,1,no,no,no,54 alternates,57,improve-copy-keep-indexable
https://www.glpzy.app/ms/overview.html,ms/overview.html,ms,other,200,https://www.glpzy.app/ms/overview.html,index,yes,OneGLP — Dasar privasi · Keselamatan perubatan · Sokongan,"Semak skop sokongan, hubungan privasi dan panduan bukan kecemasan.",OneGLP,422,no,no,no,yes,1,no,no,no,54 alternates,54,index
https://www.glpzy.app/ms/ozempic-tracker-iphone.html,ms/ozempic-tracker-iphone.html,ms,commercial,200,https://www.glpzy.app/ms/ozempic-tracker-iphone.html,index,yes,Ozempic — Pembalakan cepat tanpa kekacauan | OneGLP,"Ozempic: Jejaki rutin ini dengan sejarah dos, berat, gejala, selera makan, foto, peringatan dan eksport dalam satu app peribadi.",Ozempic,466,no,no,no,yes,1,no,no,no,54 alternates,58,index
https://www.glpzy.app/ms/privacy.html,ms/privacy.html,ms,privacy,200,https://www.glpzy.app/ms/privacy.html,index,yes,Peribadi secara lalai. Boleh dieksport apabila anda memilih | OneGLP,"Tiada akaun dalam app diperlukan untuk merekod dos, berat, gejala atau peringatan.",Peribadi secara lalai. Boleh dieksport apabila anda memilih.,459,no,no,no,yes,1,no,no,no,54 alternates,116,index
https://www.glpzy.app/ms/rybelsus-tracker-iphone.html,ms/rybelsus-tracker-iphone.html,ms,commercial,200,https://www.glpzy.app/ms/rybelsus-tracker-iphone.html,index,yes,Rybelsus — Pembalakan cepat tanpa kekacauan | OneGLP,"Rybelsus: Jejaki rutin ini dengan sejarah dos, berat, gejala, selera makan, foto, peringatan dan eksport dalam satu app peribadi.",Rybelsus,461,no,no,no,yes,1,no,no,no,54 alternates,58,index
https://www.glpzy.app/ms/saxenda-tracker-iphone.html,ms/saxenda-tracker-iphone.html,ms,commercial,200,https://www.glpzy.app/ms/saxenda-tracker-iphone.html,index,yes,Saxenda — Pembalakan cepat tanpa kekacauan | OneGLP,"Saxenda: Jejaki rutin ini dengan sejarah dos, berat, gejala, selera makan, foto, peringatan dan eksport dalam satu app peribadi.",Saxenda,460,no,no,no,yes,1,no,no,no,54 alternates,56,index
https://www.glpzy.app/ms/semaglutide-tracker-iphone.html,ms/semaglutide-tracker-iphone.html,ms,ingredient,200,https://www.glpzy.app/ms/semaglutide-tracker-iphone.html,index,yes,Semaglutide — Pembalakan cepat tanpa kekacauan | OneGLP,"Semaglutide: Jejaki rutin ini dengan sejarah dos, berat, gejala, selera makan, foto, peringatan dan eksport dalam satu app peribadi.",Semaglutide,471,no,no,no,yes,1,no,no,no,54 alternates,60,improve-copy-keep-indexable
https://www.glpzy.app/ms/support.html,ms/support.html,ms,trust,200,https://www.glpzy.app/ms/support.html,index,yes,Sokongan | OneGLP,"Semak skop sokongan, hubungan privasi dan panduan bukan kecemasan.",Sokongan,439,no,no,no,yes,1,no,no,no,54 alternates,103,index
https://www.glpzy.app/ms/terms.html,ms/terms.html,ms,trust,200,https://www.glpzy.app/ms/terms.html,index,yes,Syarat penggunaan | OneGLP,"Harga, tempoh pengebilan dan sebarang butiran tawaran pengenalan ditunjukkan daripada akaun App Store anda sebelum pembelian. Urus atau batalkan dalam tetapan App Store.",Syarat penggunaan,475,no,no,no,yes,1,no,no,no,54 alternates,77,index
https://www.glpzy.app/ms/tirzepatide-tracker-iphone.html,ms/tirzepatide-tracker-iphone.html,ms,ingredient,200,https://www.glpzy.app/ms/tirzepatide-tracker-iphone.html,index,yes,Tirzepatide — Pembalakan cepat tanpa kekacauan | OneGLP,"Tirzepatide: Jejaki rutin ini dengan sejarah dos, berat, gejala, selera makan, foto, peringatan dan eksport dalam satu app peribadi.",Tirzepatide,475,no,no,no,yes,1,no,no,no,54 alternates,59,improve-copy-keep-indexable
https://www.glpzy.app/ms/trulicity-tracker-iphone.html,ms/trulicity-tracker-iphone.html,ms,commercial,200,https://www.glpzy.app/ms/trulicity-tracker-iphone.html,index,yes,Trulicity — Pembalakan cepat tanpa kekacauan | OneGLP,"Trulicity: Jejaki rutin ini dengan sejarah dos, berat, gejala, selera makan, foto, peringatan dan eksport dalam satu app peribadi.",Trulicity,459,no,no,no,yes,1,no,no,no,54 alternates,55,index
https://www.glpzy.app/ms/victoza-tracker-iphone.html,ms/victoza-tracker-iphone.html,ms,commercial,200,https://www.glpzy.app/ms/victoza-tracker-iphone.html,index,yes,Victoza — Pembalakan cepat tanpa kekacauan | OneGLP,"Victoza: Jejaki rutin ini dengan sejarah dos, berat, gejala, selera makan, foto, peringatan dan eksport dalam satu app peribadi.",Victoza,460,no,no,no,yes,1,no,no,no,54 alternates,56,index
https://www.glpzy.app/ms/wegovy-tracker-iphone.html,ms/wegovy-tracker-iphone.html,ms,medicine,200,https://www.glpzy.app/ms/wegovy-tracker-iphone.html,index,yes,Wegovy — Pembalakan cepat tanpa kekacauan | OneGLP,"Wegovy: Jejaki rutin ini dengan sejarah dos, berat, gejala, selera makan, foto, peringatan dan eksport dalam satu app peribadi.",Wegovy,471,no,no,no,yes,1,no,no,no,54 alternates,58,improve-copy-keep-indexable
https://www.glpzy.app/ms/zepbound-tracker-iphone.html,ms/zepbound-tracker-iphone.html,ms,medicine,200,https://www.glpzy.app/ms/zepbound-tracker-iphone.html,index,yes,Zepbound — Pembalakan cepat tanpa kekacauan | OneGLP,"Zepbound: Jejaki rutin ini dengan sejarah dos, berat, gejala, selera makan, foto, peringatan dan eksport dalam satu app peribadi.",Zepbound,481,no,no,no,yes,1,no,no,no,54 alternates,57,improve-copy-keep-indexable
https://www.glpzy.app/nb/apple-health-glp-tracker.html,nb/apple-health-glp-tracker.html,nb,feature,200,https://www.glpzy.app/nb/apple-health-glp-tracker.html,index,yes,Skrivebeskyttet kontekst fra Apple Health | OneGLP,"Apple Health-tilgang er valgfri og begrenset til tillatelsene du gir. OneGLP importerer kroppsvekthistorikk og høyde, og leser deretter kroppssammensetning, bevegelse, trening, kalorier, proteiner og vann i skrivebeskyttet modus. Ingenting er skrevet tilbake.",Skrivebeskyttet kontekst fra Apple Health,477,no,no,no,yes,1,no,no,no,54 alternates,54,improve-copy-keep-indexable
https://www.glpzy.app/nb/compounded-glp-tracker-iphone.html,nb/compounded-glp-tracker-iphone.html,nb,commercial,200,https://www.glpzy.app/nb/compounded-glp-tracker-iphone.html,index,yes,Compounded​ — Rask logging uten rot | OneGLP,"Compounded​: Spor denne rutinen med dosehistorikk, vekt, symptomer, appetitt, bilder, påminnelser og eksport i én privat app.",Compounded​,453,no,no,no,yes,1,no,no,no,54 alternates,56,index
https://www.glpzy.app/nb/custom-medication-tracker-iphone.html,nb/custom-medication-tracker-iphone.html,nb,commercial,200,https://www.glpzy.app/nb/custom-medication-tracker-iphone.html,index,yes,Tilpassetk — Rask logging uten rot | OneGLP,"Tilpassetk: Spor denne rutinen med dosehistorikk, vekt, symptomer, appetitt, bilder, påminnelser og eksport i én privat app.",Tilpassetk,461,no,no,no,yes,1,no,no,no,54 alternates,58,index
https://www.glpzy.app/nb/data-rights.html,nb/data-rights.html,nb,privacy,200,https://www.glpzy.app/nb/data-rights.html,index,yes,Eksporter historikk | OneGLP,"OneGLP vil først opprette en lokal sikkerhetskopi, deretter erstatte lokale poster på denne enheten.",Eksporter historikk,390,no,no,no,yes,1,no,no,no,54 alternates,77,index
https://www.glpzy.app/nb/foundayo-tracker-iphone.html,nb/foundayo-tracker-iphone.html,nb,commercial,200,https://www.glpzy.app/nb/foundayo-tracker-iphone.html,index,yes,Foundayo — Rask logging uten rot | OneGLP,"Foundayo: Spor denne rutinen med dosehistorikk, vekt, symptomer, appetitt, bilder, påminnelser og eksport i én privat app.",Foundayo,443,no,no,no,yes,1,no,no,no,54 alternates,55,index
https://www.glpzy.app/nb/glp1-weight-dose-symptom-tracker.html,nb/glp1-weight-dose-symptom-tracker.html,nb,commercial,200,https://www.glpzy.app/nb/glp1-weight-dose-symptom-tracker.html,index,yes,"Din GLP-1-rutine, organisert uten rot | OneGLP","Logg doser, vekt, symptomer, appetitt, bilder, påminnelser og Apple Health-kontekst i én privat app for personlig gjennomgang.","Din GLP-1-rutine, organisert uten rot.",532,no,no,no,yes,1,no,no,no,54 alternates,54,index
https://www.glpzy.app/nb/glpzy-is-now-oneglp/,nb/glpzy-is-now-oneglp/index.html,nb,home,200,https://www.glpzy.app/nb/glpzy-is-now-oneglp/,index,yes,GLPzy heter nå OneGLP,"GLPzy heter nå OneGLP. Appen, utvikleren, registreringene dine og Premium-kjøpene er uendret.",GLPzy heter nå OneGLP,195,no,no,no,yes,1,yes,yes,no,54 alternates,77,index
https://www.glpzy.app/nb/,nb/index.html,nb,home,200,https://www.glpzy.app/nb/,index,yes,"Din GLP-1-rutine, organisert uten rot | OneGLP","Logg doser, vekt, symptomer, appetitt, bilder, påminnelser og Apple Health-kontekst i én privat app for personlig gjennomgang.","Din GLP-1-rutine, organisert uten rot.",720,no,no,no,yes,1,yes,no,no,54 alternates,135,index
https://www.glpzy.app/nb/local-first-private-glp-tracker.html,nb/local-first-private-glp-tracker.html,nb,privacy,200,https://www.glpzy.app/nb/local-first-private-glp-tracker.html,index,yes,Privat som standard. Kan eksporteres når du velger det | OneGLP,"Ingen konto er nødvendig for å spore doser, vekt, symptomer, påminnelser eller bestillinger.",Privat som standard. Kan eksporteres når du velger det.,469,no,no,no,yes,1,no,no,no,54 alternates,54,index
https://www.glpzy.app/nb/medical-safety.html,nb/medical-safety.html,nb,trust,200,https://www.glpzy.app/nb/medical-safety.html,index,yes,Medisinsk sikkerhet | OneGLP,"OneGLP hjelper deg å holde en klarere oversikt over hva som skjedde. Den diagnostiserer, foreskriver eller velger ikke dosen din.",Medisinsk sikkerhet,690,no,no,no,yes,1,no,no,no,54 alternates,78,index
https://www.glpzy.app/nb/methodology.html,nb/methodology.html,nb,trust,200,https://www.glpzy.app/nb/methodology.html,index,yes,Metodikk | OneGLP,Estimert eksponeringstrend bruker loggede dosetidspunkter sammen med en forenklet absorpsjons- og eliminasjonsmodell kun for personlig sporing.,Metodikk,702,no,no,no,yes,1,no,no,no,54 alternates,77,index
https://www.glpzy.app/nb/mounjaro-tracker-iphone.html,nb/mounjaro-tracker-iphone.html,nb,medicine,200,https://www.glpzy.app/nb/mounjaro-tracker-iphone.html,index,yes,Mounjaro — Rask logging uten rot | OneGLP,"Mounjaro: Spor denne rutinen med dosehistorikk, vekt, symptomer, appetitt, bilder, påminnelser og eksport i én privat app.",Mounjaro,453,no,no,no,yes,1,no,no,no,54 alternates,57,improve-copy-keep-indexable
https://www.glpzy.app/nb/overview.html,nb/overview.html,nb,other,200,https://www.glpzy.app/nb/overview.html,index,yes,OneGLP — Personvernerklæring · Medisinsk sikkerhet · Støtte,"Gjennomgå støtteomfang, personvernkontakter og ikke-nødveiledning.",OneGLP,409,no,no,no,yes,1,no,no,no,54 alternates,54,index
https://www.glpzy.app/nb/ozempic-tracker-iphone.html,nb/ozempic-tracker-iphone.html,nb,commercial,200,https://www.glpzy.app/nb/ozempic-tracker-iphone.html,index,yes,Ozempic — Rask logging uten rot | OneGLP,"Ozempic: Spor denne rutinen med dosehistorikk, vekt, symptomer, appetitt, bilder, påminnelser og eksport i én privat app.",Ozempic,450,no,no,no,yes,1,no,no,no,54 alternates,58,index
https://www.glpzy.app/nb/privacy.html,nb/privacy.html,nb,privacy,200,https://www.glpzy.app/nb/privacy.html,index,yes,Privat som standard. Kan eksporteres når du velger det | OneGLP,"Ingen konto er nødvendig for å spore doser, vekt, symptomer, påminnelser eller bestillinger.",Privat som standard. Kan eksporteres når du velger det.,469,no,no,no,yes,1,no,no,no,54 alternates,116,index
https://www.glpzy.app/nb/rybelsus-tracker-iphone.html,nb/rybelsus-tracker-iphone.html,nb,commercial,200,https://www.glpzy.app/nb/rybelsus-tracker-iphone.html,index,yes,Rybelsus — Rask logging uten rot | OneGLP,"Rybelsus: Spor denne rutinen med dosehistorikk, vekt, symptomer, appetitt, bilder, påminnelser og eksport i én privat app.",Rybelsus,445,no,no,no,yes,1,no,no,no,54 alternates,58,index
https://www.glpzy.app/nb/saxenda-tracker-iphone.html,nb/saxenda-tracker-iphone.html,nb,commercial,200,https://www.glpzy.app/nb/saxenda-tracker-iphone.html,index,yes,Saxenda — Rask logging uten rot | OneGLP,"Saxenda: Spor denne rutinen med dosehistorikk, vekt, symptomer, appetitt, bilder, påminnelser og eksport i én privat app.",Saxenda,444,no,no,no,yes,1,no,no,no,54 alternates,56,index
https://www.glpzy.app/nb/semaglutide-tracker-iphone.html,nb/semaglutide-tracker-iphone.html,nb,ingredient,200,https://www.glpzy.app/nb/semaglutide-tracker-iphone.html,index,yes,Semaglutide — Rask logging uten rot | OneGLP,"Semaglutide: Spor denne rutinen med dosehistorikk, vekt, symptomer, appetitt, bilder, påminnelser og eksport i én privat app.",Semaglutide,453,no,no,no,yes,1,no,no,no,54 alternates,60,improve-copy-keep-indexable
https://www.glpzy.app/nb/support.html,nb/support.html,nb,trust,200,https://www.glpzy.app/nb/support.html,index,yes,Støtte | OneGLP,"Gjennomgå støtteomfang, personvernkontakter og ikke-nødveiledning.",Støtte,437,no,no,no,yes,1,no,no,no,54 alternates,103,index
https://www.glpzy.app/nb/terms.html,nb/terms.html,nb,trust,200,https://www.glpzy.app/nb/terms.html,index,yes,Vilkår for bruk | OneGLP,"Priser, faktureringsperiode og eventuelle introduksjonstilbud vises fra App Store-kontoen din før kjøp. Administrer eller avbryt i App Store-innstillingene.",Vilkår for bruk,477,no,no,no,yes,1,no,no,no,54 alternates,77,index
https://www.glpzy.app/nb/tirzepatide-tracker-iphone.html,nb/tirzepatide-tracker-iphone.html,nb,ingredient,200,https://www.glpzy.app/nb/tirzepatide-tracker-iphone.html,index,yes,Tirzepatide — Rask logging uten rot | OneGLP,"Tirzepatide: Spor denne rutinen med dosehistorikk, vekt, symptomer, appetitt, bilder, påminnelser og eksport i én privat app.",Tirzepatide,457,no,no,no,yes,1,no,no,no,54 alternates,59,improve-copy-keep-indexable
https://www.glpzy.app/nb/trulicity-tracker-iphone.html,nb/trulicity-tracker-iphone.html,nb,commercial,200,https://www.glpzy.app/nb/trulicity-tracker-iphone.html,index,yes,Trulicity — Rask logging uten rot | OneGLP,"Trulicity: Spor denne rutinen med dosehistorikk, vekt, symptomer, appetitt, bilder, påminnelser og eksport i én privat app.",Trulicity,444,no,no,no,yes,1,no,no,no,54 alternates,55,index
https://www.glpzy.app/nb/victoza-tracker-iphone.html,nb/victoza-tracker-iphone.html,nb,commercial,200,https://www.glpzy.app/nb/victoza-tracker-iphone.html,index,yes,Victoza — Rask logging uten rot | OneGLP,"Victoza: Spor denne rutinen med dosehistorikk, vekt, symptomer, appetitt, bilder, påminnelser og eksport i én privat app.",Victoza,444,no,no,no,yes,1,no,no,no,54 alternates,56,index
https://www.glpzy.app/nb/wegovy-tracker-iphone.html,nb/wegovy-tracker-iphone.html,nb,medicine,200,https://www.glpzy.app/nb/wegovy-tracker-iphone.html,index,yes,Wegovy — Rask logging uten rot | OneGLP,"Wegovy: Spor denne rutinen med dosehistorikk, vekt, symptomer, appetitt, bilder, påminnelser og eksport i én privat app.",Wegovy,453,no,no,no,yes,1,no,no,no,54 alternates,58,improve-copy-keep-indexable
https://www.glpzy.app/nb/zepbound-tracker-iphone.html,nb/zepbound-tracker-iphone.html,nb,medicine,200,https://www.glpzy.app/nb/zepbound-tracker-iphone.html,index,yes,Zepbound — Rask logging uten rot | OneGLP,"Zepbound: Spor denne rutinen med dosehistorikk, vekt, symptomer, appetitt, bilder, påminnelser og eksport i én privat app.",Zepbound,462,no,no,no,yes,1,no,no,no,54 alternates,57,improve-copy-keep-indexable
https://www.glpzy.app/nl/apple-health-glp-tracker.html,nl/apple-health-glp-tracker.html,nl,feature,200,https://www.glpzy.app/nl/apple-health-glp-tracker.html,index,yes,Alleen-lezen context van Apple Health | OneGLP,"Apple Health-toegang is optioneel en beperkt tot de machtigingen die u verleent. OneGLP importeert de geschiedenis en lengte van het lichaamsgewicht en leest vervolgens samenvattingen van de lichaamssamenstelling, beweging, training, calorieën, eiwitten en water in de alleen-lezen modus. Er wordt niets teruggeschreven.",Alleen-lezen context van Apple Health,564,no,no,no,yes,1,no,no,no,54 alternates,54,improve-copy-keep-indexable
https://www.glpzy.app/nl/compounded-glp-tracker-iphone.html,nl/compounded-glp-tracker-iphone.html,nl,commercial,200,https://www.glpzy.app/nl/compounded-glp-tracker-iphone.html,index,yes,Compounded​ — Snel loggen zonder rommel | OneGLP,"Compounded​: Volg deze routine met dosishistorie, gewicht, symptomen, eetlust, foto’s, herinneringen en exports in één privé-app.",Compounded​,491,no,no,no,yes,1,no,no,no,54 alternates,56,index
https://www.glpzy.app/nl/custom-medication-tracker-iphone.html,nl/custom-medication-tracker-iphone.html,nl,commercial,200,https://www.glpzy.app/nl/custom-medication-tracker-iphone.html,index,yes,Aangepast — Snel loggen zonder rommel | OneGLP,"Aangepast: Volg deze routine met dosishistorie, gewicht, symptomen, eetlust, foto’s, herinneringen en exports in één privé-app.",Aangepast,498,no,no,no,yes,1,no,no,no,54 alternates,58,index
https://www.glpzy.app/nl/data-rights.html,nl/data-rights.html,nl,privacy,200,https://www.glpzy.app/nl/data-rights.html,index,yes,Geschiedenis exporteren | OneGLP,OneGLP maakt eerst een lokale veiligheidsback-up en vervangt vervolgens de lokale records op dit apparaat.,Geschiedenis exporteren,434,no,no,no,yes,1,no,no,no,54 alternates,77,index
https://www.glpzy.app/nl/foundayo-tracker-iphone.html,nl/foundayo-tracker-iphone.html,nl,commercial,200,https://www.glpzy.app/nl/foundayo-tracker-iphone.html,index,yes,Foundayo — Snel loggen zonder rommel | OneGLP,"Foundayo: Volg deze routine met dosishistorie, gewicht, symptomen, eetlust, foto’s, herinneringen en exports in één privé-app.",Foundayo,478,no,no,no,yes,1,no,no,no,54 alternates,55,index
https://www.glpzy.app/nl/glp1-weight-dose-symptom-tracker.html,nl/glp1-weight-dose-symptom-tracker.html,nl,commercial,200,https://www.glpzy.app/nl/glp1-weight-dose-symptom-tracker.html,index,yes,"Je GLP-1-routine, overzichtelijk zonder rommel | OneGLP","Log doses, gewicht, symptomen, eetlust, foto’s, herinneringen en Apple Health-context in één privé-app voor persoonlijke controle.","Je GLP-1-routine, overzichtelijk zonder rommel.",587,no,no,no,yes,1,no,no,no,54 alternates,54,index
https://www.glpzy.app/nl/glpzy-is-now-oneglp/,nl/glpzy-is-now-oneglp/index.html,nl,home,200,https://www.glpzy.app/nl/glpzy-is-now-oneglp/,index,yes,GLPzy heet nu OneGLP,GLPzy heet nu OneGLP. De app en ontwikkelaar blijven hetzelfde. Je bestaande gegevens en Premium-aankopen blijven behouden. Lees over de naamswijziging.,GLPzy heet nu OneGLP,235,no,no,no,yes,1,yes,yes,no,54 alternates,77,index
https://www.glpzy.app/nl/,nl/index.html,nl,home,200,https://www.glpzy.app/nl/,index,yes,"Je GLP-1-routine, overzichtelijk zonder rommel | OneGLP","Log doses, gewicht, symptomen, eetlust, foto’s, herinneringen en Apple Health-context in één privé-app voor persoonlijke controle.","Je GLP-1-routine, overzichtelijk zonder rommel.",887,no,no,no,yes,1,yes,no,no,54 alternates,135,index
https://www.glpzy.app/nl/local-first-private-glp-tracker.html,nl/local-first-private-glp-tracker.html,nl,privacy,200,https://www.glpzy.app/nl/local-first-private-glp-tracker.html,index,yes,Standaard privé. Exporteerbaar wanneer jij dat kiest | OneGLP,"Er is geen account vereist om doses, gewicht, symptomen, herinneringen of bestellingen bij te houden.",Standaard privé. Exporteerbaar wanneer jij dat kiest.,516,no,no,no,yes,1,no,no,no,54 alternates,54,index
https://www.glpzy.app/nl/medical-safety.html,nl/medical-safety.html,nl,trust,200,https://www.glpzy.app/nl/medical-safety.html,index,yes,Medische veiligheid | OneGLP,"Met OneGLP kunt u duidelijker vastleggen wat er is gebeurd. Het diagnosticeert, schrijft niet voor en kiest uw dosis niet.",Medische veiligheid,723,no,no,no,yes,1,no,no,no,54 alternates,78,index
https://www.glpzy.app/nl/methodology.html,nl/methodology.html,nl,trust,200,https://www.glpzy.app/nl/methodology.html,index,yes,Methodologie | OneGLP,"De geschatte blootstellingstrend gebruikt gelogde doseertijden samen met een vereenvoudigd absorptie- en eliminatiemodel, uitsluitend voor persoonlijke monitoring.",Methodologie,750,no,no,no,yes,1,no,no,no,54 alternates,77,index
https://www.glpzy.app/nl/mounjaro-tracker-iphone.html,nl/mounjaro-tracker-iphone.html,nl,medicine,200,https://www.glpzy.app/nl/mounjaro-tracker-iphone.html,index,yes,Mounjaro — Snel loggen zonder rommel | OneGLP,"Mounjaro: Volg deze routine met dosishistorie, gewicht, symptomen, eetlust, foto’s, herinneringen en exports in één privé-app.",Mounjaro,493,no,no,no,yes,1,no,no,no,54 alternates,57,improve-copy-keep-indexable
https://www.glpzy.app/nl/overview.html,nl/overview.html,nl,other,200,https://www.glpzy.app/nl/overview.html,index,yes,OneGLP — Privacybeleid · Medische veiligheid · Ondersteuning,"Bekijk de ondersteuningsreikwijdte, privacycontacten en niet-dringende begeleiding.",OneGLP,433,no,no,no,yes,1,no,no,no,54 alternates,54,index
https://www.glpzy.app/nl/ozempic-tracker-iphone.html,nl/ozempic-tracker-iphone.html,nl,commercial,200,https://www.glpzy.app/nl/ozempic-tracker-iphone.html,index,yes,Ozempic — Snel loggen zonder rommel | OneGLP,"Ozempic: Volg deze routine met dosishistorie, gewicht, symptomen, eetlust, foto’s, herinneringen en exports in één privé-app.",Ozempic,488,no,no,no,yes,1,no,no,no,54 alternates,58,index
https://www.glpzy.app/nl/privacy.html,nl/privacy.html,nl,privacy,200,https://www.glpzy.app/nl/privacy.html,index,yes,Standaard privé. Exporteerbaar wanneer jij dat kiest | OneGLP,"Er is geen account vereist om doses, gewicht, symptomen, herinneringen of bestellingen bij te houden.",Standaard privé. Exporteerbaar wanneer jij dat kiest.,516,no,no,no,yes,1,no,no,no,54 alternates,116,index
https://www.glpzy.app/nl/rybelsus-tracker-iphone.html,nl/rybelsus-tracker-iphone.html,nl,commercial,200,https://www.glpzy.app/nl/rybelsus-tracker-iphone.html,index,yes,Rybelsus — Snel loggen zonder rommel | OneGLP,"Rybelsus: Volg deze routine met dosishistorie, gewicht, symptomen, eetlust, foto’s, herinneringen en exports in één privé-app.",Rybelsus,480,no,no,no,yes,1,no,no,no,54 alternates,58,index
https://www.glpzy.app/nl/saxenda-tracker-iphone.html,nl/saxenda-tracker-iphone.html,nl,commercial,200,https://www.glpzy.app/nl/saxenda-tracker-iphone.html,index,yes,Saxenda — Snel loggen zonder rommel | OneGLP,"Saxenda: Volg deze routine met dosishistorie, gewicht, symptomen, eetlust, foto’s, herinneringen en exports in één privé-app.",Saxenda,480,no,no,no,yes,1,no,no,no,54 alternates,56,index
https://www.glpzy.app/nl/semaglutide-tracker-iphone.html,nl/semaglutide-tracker-iphone.html,nl,ingredient,200,https://www.glpzy.app/nl/semaglutide-tracker-iphone.html,index,yes,Semaglutide — Snel loggen zonder rommel | OneGLP,"Semaglutide: Volg deze routine met dosishistorie, gewicht, symptomen, eetlust, foto’s, herinneringen en exports in één privé-app.",Semaglutide,492,no,no,no,yes,1,no,no,no,54 alternates,60,improve-copy-keep-indexable
https://www.glpzy.app/nl/support.html,nl/support.html,nl,trust,200,https://www.glpzy.app/nl/support.html,index,yes,Ondersteuning | OneGLP,"Bekijk de ondersteuningsreikwijdte, privacycontacten en niet-dringende begeleiding.",Ondersteuning,455,no,no,no,yes,1,no,no,no,54 alternates,103,index
https://www.glpzy.app/nl/terms.html,nl/terms.html,nl,trust,200,https://www.glpzy.app/nl/terms.html,index,yes,Gebruiksvoorwaarden | OneGLP,"Prijzen, factureringsperiode en eventuele details van de introductieaanbieding worden vóór aankoop weergegeven in uw App Store-account. Beheer of annuleer in de App Store instellingen.",Gebruiksvoorwaarden,498,no,no,no,yes,1,no,no,no,54 alternates,77,index
https://www.glpzy.app/nl/tirzepatide-tracker-iphone.html,nl/tirzepatide-tracker-iphone.html,nl,ingredient,200,https://www.glpzy.app/nl/tirzepatide-tracker-iphone.html,index,yes,Tirzepatide — Snel loggen zonder rommel | OneGLP,"Tirzepatide: Volg deze routine met dosishistorie, gewicht, symptomen, eetlust, foto’s, herinneringen en exports in één privé-app.",Tirzepatide,499,no,no,no,yes,1,no,no,no,54 alternates,59,improve-copy-keep-indexable
https://www.glpzy.app/nl/trulicity-tracker-iphone.html,nl/trulicity-tracker-iphone.html,nl,commercial,200,https://www.glpzy.app/nl/trulicity-tracker-iphone.html,index,yes,Trulicity — Snel loggen zonder rommel | OneGLP,"Trulicity: Volg deze routine met dosishistorie, gewicht, symptomen, eetlust, foto’s, herinneringen en exports in één privé-app.",Trulicity,480,no,no,no,yes,1,no,no,no,54 alternates,55,index
https://www.glpzy.app/nl/victoza-tracker-iphone.html,nl/victoza-tracker-iphone.html,nl,commercial,200,https://www.glpzy.app/nl/victoza-tracker-iphone.html,index,yes,Victoza — Snel loggen zonder rommel | OneGLP,"Victoza: Volg deze routine met dosishistorie, gewicht, symptomen, eetlust, foto’s, herinneringen en exports in één privé-app.",Victoza,480,no,no,no,yes,1,no,no,no,54 alternates,56,index
https://www.glpzy.app/nl/wegovy-tracker-iphone.html,nl/wegovy-tracker-iphone.html,nl,medicine,200,https://www.glpzy.app/nl/wegovy-tracker-iphone.html,index,yes,Wegovy — Snel loggen zonder rommel | OneGLP,"Wegovy: Volg deze routine met dosishistorie, gewicht, symptomen, eetlust, foto’s, herinneringen en exports in één privé-app.",Wegovy,492,no,no,no,yes,1,no,no,no,54 alternates,58,improve-copy-keep-indexable
https://www.glpzy.app/nl/zepbound-tracker-iphone.html,nl/zepbound-tracker-iphone.html,nl,medicine,200,https://www.glpzy.app/nl/zepbound-tracker-iphone.html,index,yes,Zepbound — Snel loggen zonder rommel | OneGLP,"Zepbound: Volg deze routine met dosishistorie, gewicht, symptomen, eetlust, foto’s, herinneringen en exports in één privé-app.",Zepbound,507,no,no,no,yes,1,no,no,no,54 alternates,57,improve-copy-keep-indexable
https://www.glpzy.app/or/apple-health-glp-tracker.html,or/apple-health-glp-tracker.html,or,feature,200,https://www.glpzy.app/or/apple-health-glp-tracker.html,index,yes,Apple Health ରୁ କେବଳ ପଠନ ପ୍ରସଙ୍ଗ | | OneGLP,"Apple Health ପ୍ରବେଶ ବ al କଳ୍ପିକ ଏବଂ ଆପଣ ପ୍ରଦାନ କରୁଥିବା ଅନୁମତି ମଧ୍ୟରେ ସୀମିତ | OneGLP ଶରୀରର ଓଜନ ଇତିହାସ ଏବଂ ଉଚ୍ଚତା ଆମଦାନୀ କରେ, ତା’ପରେ ଶରୀରର ରଚନା, ନିଦ, ଗତିବିଧି, ବ୍ୟାୟାମ, କ୍ୟାଲୋରୀ, ପ୍ରୋଟିନ୍, ଏବଂ କେବଳ ପଠନ ମୋଡ୍ ରେ ଜଳ ସାରାଂଶ ପ read େ | କିଛି ଲେଖା ନାହିଁ |",Apple Health ରୁ କେବଳ ପଠନ ପ୍ରସଙ୍ଗ |,796,no,no,no,yes,1,no,no,no,54 alternates,54,improve-copy-keep-indexable
https://www.glpzy.app/or/compounded-glp-tracker-iphone.html,or/compounded-glp-tracker-iphone.html,or,commercial,200,https://www.glpzy.app/or/compounded-glp-tracker-iphone.html,index,yes,ମିଶ୍ରିତ — କ୍ଲଟର୍ ବିନା ଶୀଘ୍ର ଲଗିଂ | | OneGLP,"ମିଶ୍ରିତ: ଗୋଟିଏ ବ୍ୟକ୍ତିଗତ ଆପ୍‌ରେ ଡୋଜ୍ ଇତିହାସ, ଓଜନ, ଲକ୍ଷଣ, ଭୋକ, ଫଟୋ, ସ୍ମରଣିକା ଏବଂ ରପ୍ତାନି ସହିତ ଏହି ରୁଟିନ୍‌କୁ ଟ୍ରାକ୍ କରନ୍ତୁ।",ମିଶ୍ରିତ,845,no,no,no,yes,1,no,no,no,54 alternates,56,index
https://www.glpzy.app/or/custom-medication-tracker-iphone.html,or/custom-medication-tracker-iphone.html,or,commercial,200,https://www.glpzy.app/or/custom-medication-tracker-iphone.html,index,yes,କଷ୍ଟମ୍ | — କ୍ଲଟର୍ ବିନା ଶୀଘ୍ର ଲଗିଂ | | OneGLP,"କଷ୍ଟମ୍ |: ଗୋଟିଏ ବ୍ୟକ୍ତିଗତ ଆପ୍‌ରେ ଡୋଜ୍ ଇତିହାସ, ଓଜନ, ଲକ୍ଷଣ, ଭୋକ, ଫଟୋ, ସ୍ମରଣିକା ଏବଂ ରପ୍ତାନି ସହିତ ଏହି ରୁଟିନ୍‌କୁ ଟ୍ରାକ୍ କରନ୍ତୁ।",କଷ୍ଟମ୍ |,858,no,no,no,yes,1,no,no,no,54 alternates,58,index
https://www.glpzy.app/or/data-rights.html,or/data-rights.html,or,privacy,200,https://www.glpzy.app/or/data-rights.html,index,yes,ରପ୍ତାନି ଇତିହାସ | | OneGLP,"OneGLP ପ୍ରଥମେ ଏକ ସ୍ଥାନୀୟ ସୁରକ୍ଷା ବ୍ୟାକଅପ୍ ସୃଷ୍ଟି କରିବ, ତାପରେ ଏହି ଉପକରଣରେ ସ୍ଥାନୀୟ ରେକର୍ଡଗୁଡ଼ିକୁ ବଦଳାଇବ |",ରପ୍ତାନି ଇତିହାସ |,655,no,no,no,yes,1,no,no,no,54 alternates,77,index
https://www.glpzy.app/or/foundayo-tracker-iphone.html,or/foundayo-tracker-iphone.html,or,commercial,200,https://www.glpzy.app/or/foundayo-tracker-iphone.html,index,yes,Foundayo — କ୍ଲଟର୍ ବିନା ଶୀଘ୍ର ଲଗିଂ | | OneGLP,"Foundayo: ଗୋଟିଏ ବ୍ୟକ୍ତିଗତ ଆପ୍‌ରେ ଡୋଜ୍ ଇତିହାସ, ଓଜନ, ଲକ୍ଷଣ, ଭୋକ, ଫଟୋ, ସ୍ମରଣିକା ଏବଂ ରପ୍ତାନି ସହିତ ଏହି ରୁଟିନ୍‌କୁ ଟ୍ରାକ୍ କରନ୍ତୁ।",Foundayo,808,no,no,no,yes,1,no,no,no,54 alternates,55,index
https://www.glpzy.app/or/glp1-weight-dose-symptom-tracker.html,or/glp1-weight-dose-symptom-tracker.html,or,commercial,200,https://www.glpzy.app/or/glp1-weight-dose-symptom-tracker.html,index,yes,"ଆପଣଙ୍କ GLP-1 ରୁଟିନ୍‌, ଅବ୍ୟବସ୍ଥା ବିନା ସଜାଗୋଛା। | OneGLP","ବ୍ୟକ୍ତିଗତ ସମୀକ୍ଷା ପାଇଁ ଗୋଟିଏ ବ୍ୟକ୍ତିଗତ ଆପ୍‌ରେ ଡୋଜ୍‌, ଓଜନ, ଲକ୍ଷଣ, ଭୋକ, ଫଟୋ, ସ୍ମରଣିକା ଏବଂ Apple Health ପରିପ୍ରେକ୍ଷ୍ୟ ଲଗ୍ କରନ୍ତୁ।","ଆପଣଙ୍କ GLP-1 ରୁଟିନ୍‌, ଅବ୍ୟବସ୍ଥା ବିନା ସଜାଗୋଛା।",1000,no,no,no,yes,1,no,no,no,54 alternates,54,index
https://www.glpzy.app/or/glpzy-is-now-oneglp/,or/glpzy-is-now-oneglp/index.html,or,home,200,https://www.glpzy.app/or/glpzy-is-now-oneglp/,index,yes,GLPzyର ନୂଆ ନାମ OneGLP,GLPzy ଏବେ OneGLP। ଆପ୍ ଏବଂ ଡେଭେଲପର ବଦଳିନାହାନ୍ତି। ଆପଣଙ୍କ ପୂର୍ବ ରେକର୍ଡ ଏବଂ Premium କ୍ରୟ ଅପରିବର୍ତ୍ତିତ ରହିବ।,GLPzyର ନୂଆ ନାମ OneGLP,301,no,no,no,yes,1,yes,yes,no,54 alternates,77,index
https://www.glpzy.app/or/,or/index.html,or,home,200,https://www.glpzy.app/or/,index,yes,"ଆପଣଙ୍କ GLP-1 ରୁଟିନ୍‌, ଅବ୍ୟବସ୍ଥା ବିନା ସଜାଗୋଛା। | OneGLP","ବ୍ୟକ୍ତିଗତ ସମୀକ୍ଷା ପାଇଁ ଗୋଟିଏ ବ୍ୟକ୍ତିଗତ ଆପ୍‌ରେ ଡୋଜ୍‌, ଓଜନ, ଲକ୍ଷଣ, ଭୋକ, ଫଟୋ, ସ୍ମରଣିକା ଏବଂ Apple Health ପରିପ୍ରେକ୍ଷ୍ୟ ଲଗ୍ କରନ୍ତୁ।","ଆପଣଙ୍କ GLP-1 ରୁଟିନ୍‌, ଅବ୍ୟବସ୍ଥା ବିନା ସଜାଗୋଛା।",1435,no,no,no,yes,1,yes,no,no,54 alternates,135,index
https://www.glpzy.app/or/local-first-private-glp-tracker.html,or/local-first-private-glp-tracker.html,or,privacy,200,https://www.glpzy.app/or/local-first-private-glp-tracker.html,index,yes,ଡିଫଲ୍ଟରୁ ବ୍ୟକ୍ତିଗତ। ଆପଣ ବାଛିଲେ ରପ୍ତାନିଯୋଗ୍ୟ। | OneGLP,"ଡୋଜ, ଓଜନ, ଲକ୍ଷଣ, ସ୍ମାରକପତ୍ର କିମ୍ବା ଅର୍ଡରକୁ ଟ୍ରାକ୍ କରିବା ପାଇଁ କୌଣସି ଖାତା ଦରକାର ନାହିଁ।",ଡିଫଲ୍ଟରୁ ବ୍ୟକ୍ତିଗତ। ଆପଣ ବାଛିଲେ ରପ୍ତାନିଯୋଗ୍ୟ।,804,no,no,no,yes,1,no,no,no,54 alternates,54,index
https://www.glpzy.app/or/medical-safety.html,or/medical-safety.html,or,trust,200,https://www.glpzy.app/or/medical-safety.html,index,yes,ଚିକିତ୍ସା ସୁରକ୍ଷା | OneGLP,"OneGLP ଯାହା ଘଟିଲା ତାହାର ଏକ ସ୍ପଷ୍ଟ ରେକର୍ଡ ରଖିବାରେ ସାହାଯ୍ୟ କରେ | ଏହା ତୁମର ଡୋଜ ନିର୍ଣ୍ଣୟ, ପ୍ରେସକ୍ରିପସନ୍ କିମ୍ବା ବାଛି ନାହିଁ |",ଚିକିତ୍ସା ସୁରକ୍ଷା,1358,no,no,no,yes,1,no,no,no,54 alternates,78,index
https://www.glpzy.app/or/methodology.html,or/methodology.html,or,trust,200,https://www.glpzy.app/or/methodology.html,index,yes,ପଦ୍ଧତି | OneGLP,ଆନୁମାନିକ ଏକ୍ସପୋଜର ଟ୍ରେଣ୍ଡ କେବଳ ବ୍ୟକ୍ତିଗତ ଟ୍ରାକିଂ ପାଇଁ ଲଗ୍ ହୋଇଥିବା ଡୋଜ୍ ଟାଇମିଂ ଏବଂ ଏକ ସରଳୀକୃତ ଅବଶୋଷଣ-ଏବଂ-ବିଲୋପ ମଡେଲ ବ୍ୟବହାର କରେ |,ପଦ୍ଧତି,1380,no,no,no,yes,1,no,no,no,54 alternates,77,index
https://www.glpzy.app/or/mounjaro-tracker-iphone.html,or/mounjaro-tracker-iphone.html,or,medicine,200,https://www.glpzy.app/or/mounjaro-tracker-iphone.html,index,yes,Mounjaro — କ୍ଲଟର୍ ବିନା ଶୀଘ୍ର ଲଗିଂ | | OneGLP,"Mounjaro: ଗୋଟିଏ ବ୍ୟକ୍ତିଗତ ଆପ୍‌ରେ ଡୋଜ୍ ଇତିହାସ, ଓଜନ, ଲକ୍ଷଣ, ଭୋକ, ଫଟୋ, ସ୍ମରଣିକା ଏବଂ ରପ୍ତାନି ସହିତ ଏହି ରୁଟିନ୍‌କୁ ଟ୍ରାକ୍ କରନ୍ତୁ।",Mounjaro,838,no,no,no,yes,1,no,no,no,54 alternates,57,improve-copy-keep-indexable
https://www.glpzy.app/or/overview.html,or/overview.html,or,other,200,https://www.glpzy.app/or/overview.html,index,yes,OneGLP — ଗୋପନୀୟତା ନୀତି · ଚିକିତ୍ସା ସୁରକ୍ଷା · ସମର୍ଥନ,"ସମର୍ଥନ ପରିସର, ଗୋପନୀୟତା ସମ୍ପର୍କ ଏବଂ ଜରୁରୀକାଳୀନ ନିର୍ଦ୍ଦେଶନାମା ସମୀକ୍ଷା କରନ୍ତୁ |",OneGLP,729,no,no,no,yes,1,no,no,no,54 alternates,54,index
https://www.glpzy.app/or/ozempic-tracker-iphone.html,or/ozempic-tracker-iphone.html,or,commercial,200,https://www.glpzy.app/or/ozempic-tracker-iphone.html,index,yes,Ozempic — କ୍ଲଟର୍ ବିନା ଶୀଘ୍ର ଲଗିଂ | | OneGLP,"Ozempic: ଗୋଟିଏ ବ୍ୟକ୍ତିଗତ ଆପ୍‌ରେ ଡୋଜ୍ ଇତିହାସ, ଓଜନ, ଲକ୍ଷଣ, ଭୋକ, ଫଟୋ, ସ୍ମରଣିକା ଏବଂ ରପ୍ତାନି ସହିତ ଏହି ରୁଟିନ୍‌କୁ ଟ୍ରାକ୍ କରନ୍ତୁ।",Ozempic,826,no,no,no,yes,1,no,no,no,54 alternates,58,index
https://www.glpzy.app/or/privacy.html,or/privacy.html,or,privacy,200,https://www.glpzy.app/or/privacy.html,index,yes,ଡିଫଲ୍ଟରୁ ବ୍ୟକ୍ତିଗତ। ଆପଣ ବାଛିଲେ ରପ୍ତାନିଯୋଗ୍ୟ। | OneGLP,"ଡୋଜ, ଓଜନ, ଲକ୍ଷଣ, ସ୍ମାରକପତ୍ର କିମ୍ବା ଅର୍ଡରକୁ ଟ୍ରାକ୍ କରିବା ପାଇଁ କୌଣସି ଖାତା ଦରକାର ନାହିଁ।",ଡିଫଲ୍ଟରୁ ବ୍ୟକ୍ତିଗତ। ଆପଣ ବାଛିଲେ ରପ୍ତାନିଯୋଗ୍ୟ।,804,no,no,no,yes,1,no,no,no,54 alternates,116,index
https://www.glpzy.app/or/rybelsus-tracker-iphone.html,or/rybelsus-tracker-iphone.html,or,commercial,200,https://www.glpzy.app/or/rybelsus-tracker-iphone.html,index,yes,Rybelsus — କ୍ଲଟର୍ ବିନା ଶୀଘ୍ର ଲଗିଂ | | OneGLP,"Rybelsus: ଗୋଟିଏ ବ୍ୟକ୍ତିଗତ ଆପ୍‌ରେ ଡୋଜ୍ ଇତିହାସ, ଓଜନ, ଲକ୍ଷଣ, ଭୋକ, ଫଟୋ, ସ୍ମରଣିକା ଏବଂ ରପ୍ତାନି ସହିତ ଏହି ରୁଟିନ୍‌କୁ ଟ୍ରାକ୍ କରନ୍ତୁ।",Rybelsus,809,no,no,no,yes,1,no,no,no,54 alternates,58,index
https://www.glpzy.app/or/saxenda-tracker-iphone.html,or/saxenda-tracker-iphone.html,or,commercial,200,https://www.glpzy.app/or/saxenda-tracker-iphone.html,index,yes,Saxenda — କ୍ଲଟର୍ ବିନା ଶୀଘ୍ର ଲଗିଂ | | OneGLP,"Saxenda: ଗୋଟିଏ ବ୍ୟକ୍ତିଗତ ଆପ୍‌ରେ ଡୋଜ୍ ଇତିହାସ, ଓଜନ, ଲକ୍ଷଣ, ଭୋକ, ଫଟୋ, ସ୍ମରଣିକା ଏବଂ ରପ୍ତାନି ସହିତ ଏହି ରୁଟିନ୍‌କୁ ଟ୍ରାକ୍ କରନ୍ତୁ।",Saxenda,811,no,no,no,yes,1,no,no,no,54 alternates,56,index
https://www.glpzy.app/or/semaglutide-tracker-iphone.html,or/semaglutide-tracker-iphone.html,or,ingredient,200,https://www.glpzy.app/or/semaglutide-tracker-iphone.html,index,yes,Semaglutide — କ୍ଲଟର୍ ବିନା ଶୀଘ୍ର ଲଗିଂ | | OneGLP,"Semaglutide: ଗୋଟିଏ ବ୍ୟକ୍ତିଗତ ଆପ୍‌ରେ ଡୋଜ୍ ଇତିହାସ, ଓଜନ, ଲକ୍ଷଣ, ଭୋକ, ଫଟୋ, ସ୍ମରଣିକା ଏବଂ ରପ୍ତାନି ସହିତ ଏହି ରୁଟିନ୍‌କୁ ଟ୍ରାକ୍ କରନ୍ତୁ।",Semaglutide,835,no,no,no,yes,1,no,no,no,54 alternates,60,improve-copy-keep-indexable
https://www.glpzy.app/or/support.html,or/support.html,or,trust,200,https://www.glpzy.app/or/support.html,index,yes,ସମର୍ଥନ | OneGLP,"ସମର୍ଥନ ପରିସର, ଗୋପନୀୟତା ସମ୍ପର୍କ ଏବଂ ଜରୁରୀକାଳୀନ ନିର୍ଦ୍ଦେଶନାମା ସମୀକ୍ଷା କରନ୍ତୁ |",ସମର୍ଥନ,792,no,no,no,yes,1,no,no,no,54 alternates,103,index
https://www.glpzy.app/or/terms.html,or/terms.html,or,trust,200,https://www.glpzy.app/or/terms.html,index,yes,ବ୍ୟବହାର ସର୍ତ୍ତାବଳୀ | OneGLP,"ମୂଲ୍ୟ, ବିଲିଂ ଅବଧି, ଏବଂ ଯେକ any ଣସି ପ୍ରାରମ୍ଭିକ ଅଫର ବିବରଣୀ କ୍ରୟ ପୂର୍ବରୁ ଆପଣଙ୍କ App Store ଆକାଉଣ୍ଟରୁ ଦର୍ଶାଯାଇଛି | App Store ସେଟିଙ୍ଗରେ ପରିଚାଳନା କିମ୍ବା ବାତିଲ କରନ୍ତୁ |",ବ୍ୟବହାର ସର୍ତ୍ତାବଳୀ,861,no,no,no,yes,1,no,no,no,54 alternates,77,index
https://www.glpzy.app/or/tirzepatide-tracker-iphone.html,or/tirzepatide-tracker-iphone.html,or,ingredient,200,https://www.glpzy.app/or/tirzepatide-tracker-iphone.html,index,yes,Tirzepatide — କ୍ଲଟର୍ ବିନା ଶୀଘ୍ର ଲଗିଂ | | OneGLP,"Tirzepatide: ଗୋଟିଏ ବ୍ୟକ୍ତିଗତ ଆପ୍‌ରେ ଡୋଜ୍ ଇତିହାସ, ଓଜନ, ଲକ୍ଷଣ, ଭୋକ, ଫଟୋ, ସ୍ମରଣିକା ଏବଂ ରପ୍ତାନି ସହିତ ଏହି ରୁଟିନ୍‌କୁ ଟ୍ରାକ୍ କରନ୍ତୁ।",Tirzepatide,853,no,no,no,yes,1,no,no,no,54 alternates,59,improve-copy-keep-indexable
https://www.glpzy.app/or/trulicity-tracker-iphone.html,or/trulicity-tracker-iphone.html,or,commercial,200,https://www.glpzy.app/or/trulicity-tracker-iphone.html,index,yes,Trulicity — କ୍ଲଟର୍ ବିନା ଶୀଘ୍ର ଲଗିଂ | | OneGLP,"Trulicity: ଗୋଟିଏ ବ୍ୟକ୍ତିଗତ ଆପ୍‌ରେ ଡୋଜ୍ ଇତିହାସ, ଓଜନ, ଲକ୍ଷଣ, ଭୋକ, ଫଟୋ, ସ୍ମରଣିକା ଏବଂ ରପ୍ତାନି ସହିତ ଏହି ରୁଟିନ୍‌କୁ ଟ୍ରାକ୍ କରନ୍ତୁ।",Trulicity,811,no,no,no,yes,1,no,no,no,54 alternates,55,index
https://www.glpzy.app/or/victoza-tracker-iphone.html,or/victoza-tracker-iphone.html,or,commercial,200,https://www.glpzy.app/or/victoza-tracker-iphone.html,index,yes,Victoza — କ୍ଲଟର୍ ବିନା ଶୀଘ୍ର ଲଗିଂ | | OneGLP,"Victoza: ଗୋଟିଏ ବ୍ୟକ୍ତିଗତ ଆପ୍‌ରେ ଡୋଜ୍ ଇତିହାସ, ଓଜନ, ଲକ୍ଷଣ, ଭୋକ, ଫଟୋ, ସ୍ମରଣିକା ଏବଂ ରପ୍ତାନି ସହିତ ଏହି ରୁଟିନ୍‌କୁ ଟ୍ରାକ୍ କରନ୍ତୁ।",Victoza,811,no,no,no,yes,1,no,no,no,54 alternates,56,index
https://www.glpzy.app/or/wegovy-tracker-iphone.html,or/wegovy-tracker-iphone.html,or,medicine,200,https://www.glpzy.app/or/wegovy-tracker-iphone.html,index,yes,Wegovy — କ୍ଲଟର୍ ବିନା ଶୀଘ୍ର ଲଗିଂ | | OneGLP,"Wegovy: ଗୋଟିଏ ବ୍ୟକ୍ତିଗତ ଆପ୍‌ରେ ଡୋଜ୍ ଇତିହାସ, ଓଜନ, ଲକ୍ଷଣ, ଭୋକ, ଫଟୋ, ସ୍ମରଣିକା ଏବଂ ରପ୍ତାନି ସହିତ ଏହି ରୁଟିନ୍‌କୁ ଟ୍ରାକ୍ କରନ୍ତୁ।",Wegovy,835,no,no,no,yes,1,no,no,no,54 alternates,58,improve-copy-keep-indexable
https://www.glpzy.app/or/zepbound-tracker-iphone.html,or/zepbound-tracker-iphone.html,or,medicine,200,https://www.glpzy.app/or/zepbound-tracker-iphone.html,index,yes,Zepbound — କ୍ଲଟର୍ ବିନା ଶୀଘ୍ର ଲଗିଂ | | OneGLP,"Zepbound: ଗୋଟିଏ ବ୍ୟକ୍ତିଗତ ଆପ୍‌ରେ ଡୋଜ୍ ଇତିହାସ, ଓଜନ, ଲକ୍ଷଣ, ଭୋକ, ଫଟୋ, ସ୍ମରଣିକା ଏବଂ ରପ୍ତାନି ସହିତ ଏହି ରୁଟିନ୍‌କୁ ଟ୍ରାକ୍ କରନ୍ତୁ।",Zepbound,869,no,no,no,yes,1,no,no,no,54 alternates,57,improve-copy-keep-indexable
https://www.glpzy.app/overview.html,overview.html,root,other,200,https://www.glpzy.app/overview.html,index,yes,"OneGLP trust, privacy, safety, and medical references","Read OneGLP trust, privacy, support, medical safety, methodology, legal, and medical-reference pages before downloading the app.","Trust, privacy, and support",435,no,no,yes,yes,0,no,no,no,54 alternates,107,index
https://www.glpzy.app/ozempic-tracker-iphone.html,ozempic-tracker-iphone.html,root,commercial,200,https://www.glpzy.app/ozempic-tracker-iphone.html,index,yes,Ozempic pen tracker for iPhone and iPad | OneGLP dose and review app,"Track Ozempic pen injections on iPhone and iPad with dose history, Apple Health context, reminders, and local-first review in OneGLP.",Ozempic pen tracking that stays easy to review later,642,no,no,yes,yes,2,no,yes,no,54 alternates,54,index
https://www.glpzy.app/pa/apple-health-glp-tracker.html,pa/apple-health-glp-tracker.html,pa,feature,200,https://www.glpzy.app/pa/apple-health-glp-tracker.html,index,yes,Apple Health ਤੋਂ ਸਿਰਫ਼ ਪੜ੍ਹਨ ਲਈ ਸੰਦਰਭ | OneGLP,"Apple Health ਪਹੁੰਚ ਵਿਕਲਪਿਕ ਹੈ ਅਤੇ ਤੁਹਾਡੇ ਦੁਆਰਾ ਪ੍ਰਦਾਨ ਕੀਤੀਆਂ ਇਜਾਜ਼ਤਾਂ ਤੱਕ ਸੀਮਿਤ ਹੈ। OneGLP ਸਰੀਰ ਦੇ ਭਾਰ ਦੇ ਇਤਿਹਾਸ ਅਤੇ ਉਚਾਈ ਨੂੰ ਆਯਾਤ ਕਰਦਾ ਹੈ, ਫਿਰ ਸਰੀਰ ਦੀ ਰਚਨਾ, ਨੀਂਦ, ਅੰਦੋਲਨ, ਕਸਰਤ, ਕੈਲੋਰੀਆਂ, ਪ੍ਰੋਟੀਨ, ਅਤੇ ਪਾਣੀ ਦੇ ਸੰਖੇਪਾਂ ਨੂੰ ਸਿਰਫ਼-ਪੜ੍ਹਨ ਵਾਲੇ ਮੋਡ ਵਿੱਚ ਪੜ੍ਹਦਾ ਹੈ। ਕੁਝ ਵੀ ਪਿੱਛੇ ਨਹੀਂ ਲਿਖਿਆ ਜਾਂਦਾ।",Apple Health ਤੋਂ ਸਿਰਫ਼ ਪੜ੍ਹਨ ਲਈ ਸੰਦਰਭ,777,no,no,no,yes,1,no,no,no,54 alternates,54,improve-copy-keep-indexable
https://www.glpzy.app/pa/compounded-glp-tracker-iphone.html,pa/compounded-glp-tracker-iphone.html,pa,commercial,200,https://www.glpzy.app/pa/compounded-glp-tracker-iphone.html,index,yes,ਮਿਸ਼ਰਤ — ਬਿਨਾਂ ਕਿਸੇ ਗੜਬੜ ਦੇ ਤੇਜ਼ ਲੌਗਿੰਗ। | OneGLP,"ਮਿਸ਼ਰਤ: ਇੱਕ ਨਿੱਜੀ ਐਪ ਵਿੱਚ ਡੋਜ਼ ਇਤਿਹਾਸ, ਵਜ਼ਨ, ਲੱਛਣ, ਭੁੱਖ, ਫੋਟੋਆਂ, ਯਾਦ ਦਿਹਾਣੀਆਂ ਅਤੇ ਨਿਰਯਾਤਾਂ ਨਾਲ ਇਸ ਰੁਟੀਨ ਨੂੰ ਟ੍ਰੈਕ ਕਰੋ।",ਮਿਸ਼ਰਤ,792,no,no,no,yes,1,no,no,no,54 alternates,56,index
https://www.glpzy.app/pa/custom-medication-tracker-iphone.html,pa/custom-medication-tracker-iphone.html,pa,commercial,200,https://www.glpzy.app/pa/custom-medication-tracker-iphone.html,index,yes,ਕਸਟਮ — ਬਿਨਾਂ ਕਿਸੇ ਗੜਬੜ ਦੇ ਤੇਜ਼ ਲੌਗਿੰਗ। | OneGLP,"ਕਸਟਮ: ਇੱਕ ਨਿੱਜੀ ਐਪ ਵਿੱਚ ਡੋਜ਼ ਇਤਿਹਾਸ, ਵਜ਼ਨ, ਲੱਛਣ, ਭੁੱਖ, ਫੋਟੋਆਂ, ਯਾਦ ਦਿਹਾਣੀਆਂ ਅਤੇ ਨਿਰਯਾਤਾਂ ਨਾਲ ਇਸ ਰੁਟੀਨ ਨੂੰ ਟ੍ਰੈਕ ਕਰੋ।",ਕਸਟਮ,797,no,no,no,yes,1,no,no,no,54 alternates,58,index
https://www.glpzy.app/pa/data-rights.html,pa/data-rights.html,pa,privacy,200,https://www.glpzy.app/pa/data-rights.html,index,yes,ਨਿਰਯਾਤ ਇਤਿਹਾਸ | OneGLP,"OneGLP ਪਹਿਲਾਂ ਇੱਕ ਸਥਾਨਕ ਸੁਰੱਖਿਆ ਬੈਕਅੱਪ ਬਣਾਏਗਾ, ਫਿਰ ਇਸ ਡੀਵਾਈਸ 'ਤੇ ਸਥਾਨਕ ਰਿਕਾਰਡਾਂ ਨੂੰ ਬਦਲੇਗਾ।",ਨਿਰਯਾਤ ਇਤਿਹਾਸ,632,no,no,no,yes,1,no,no,no,54 alternates,77,index
https://www.glpzy.app/pa/foundayo-tracker-iphone.html,pa/foundayo-tracker-iphone.html,pa,commercial,200,https://www.glpzy.app/pa/foundayo-tracker-iphone.html,index,yes,Foundayo — ਬਿਨਾਂ ਕਿਸੇ ਗੜਬੜ ਦੇ ਤੇਜ਼ ਲੌਗਿੰਗ। | OneGLP,"Foundayo: ਇੱਕ ਨਿੱਜੀ ਐਪ ਵਿੱਚ ਡੋਜ਼ ਇਤਿਹਾਸ, ਵਜ਼ਨ, ਲੱਛਣ, ਭੁੱਖ, ਫੋਟੋਆਂ, ਯਾਦ ਦਿਹਾਣੀਆਂ ਅਤੇ ਨਿਰਯਾਤਾਂ ਨਾਲ ਇਸ ਰੁਟੀਨ ਨੂੰ ਟ੍ਰੈਕ ਕਰੋ।",Foundayo,769,no,no,no,yes,1,no,no,no,54 alternates,55,index
https://www.glpzy.app/pa/glp1-weight-dose-symptom-tracker.html,pa/glp1-weight-dose-symptom-tracker.html,pa,commercial,200,https://www.glpzy.app/pa/glp1-weight-dose-symptom-tracker.html,index,yes,"ਤੁਹਾਡੀ GLP-1 ਰੁਟੀਨ, ਬਿਨਾਂ ਭੀੜਭਾੜ ਦੇ ਸਜਾਈ ਹੋਈ। | OneGLP","ਨਿੱਜੀ ਸਮੀਖਿਆ ਲਈ ਇੱਕ ਨਿੱਜੀ ਐਪ ਵਿੱਚ ਡੋਜ਼, ਵਜ਼ਨ, ਲੱਛਣ, ਭੁੱਖ, ਫੋਟੋਆਂ, ਯਾਦ ਦਿਹਾਣੀਆਂ ਅਤੇ Apple Health ਸੰਦਰਭ ਦਰਜ ਕਰੋ।","ਤੁਹਾਡੀ GLP-1 ਰੁਟੀਨ, ਬਿਨਾਂ ਭੀੜਭਾੜ ਦੇ ਸਜਾਈ ਹੋਈ।",950,no,no,no,yes,1,no,no,no,54 alternates,54,index
https://www.glpzy.app/pa/glpzy-is-now-oneglp/,pa/glpzy-is-now-oneglp/index.html,pa,home,200,https://www.glpzy.app/pa/glpzy-is-now-oneglp/,index,yes,GLPzy ਦਾ ਨਵਾਂ ਨਾਮ OneGLP ਹੈ,GLPzy ਹੁਣ OneGLP ਹੈ। ਐਪ ਅਤੇ ਡਿਵੈਲਪਰ ਉਹੀ ਹਨ। ਤੁਹਾਡੇ ਪੁਰਾਣੇ ਰਿਕਾਰਡ ਅਤੇ Premium ਖਰੀਦਾਂ ਬਰਕਰਾਰ ਹਨ।,GLPzy ਦਾ ਨਵਾਂ ਨਾਮ OneGLP ਹੈ,292,no,no,no,yes,1,yes,yes,no,54 alternates,77,index
https://www.glpzy.app/pa/,pa/index.html,pa,home,200,https://www.glpzy.app/pa/,index,yes,"ਤੁਹਾਡੀ GLP-1 ਰੁਟੀਨ, ਬਿਨਾਂ ਭੀੜਭਾੜ ਦੇ ਸਜਾਈ ਹੋਈ। | OneGLP","ਨਿੱਜੀ ਸਮੀਖਿਆ ਲਈ ਇੱਕ ਨਿੱਜੀ ਐਪ ਵਿੱਚ ਡੋਜ਼, ਵਜ਼ਨ, ਲੱਛਣ, ਭੁੱਖ, ਫੋਟੋਆਂ, ਯਾਦ ਦਿਹਾਣੀਆਂ ਅਤੇ Apple Health ਸੰਦਰਭ ਦਰਜ ਕਰੋ।","ਤੁਹਾਡੀ GLP-1 ਰੁਟੀਨ, ਬਿਨਾਂ ਭੀੜਭਾੜ ਦੇ ਸਜਾਈ ਹੋਈ।",1367,no,no,no,yes,1,yes,no,no,54 alternates,135,index
https://www.glpzy.app/pa/local-first-private-glp-tracker.html,pa/local-first-private-glp-tracker.html,pa,privacy,200,https://www.glpzy.app/pa/local-first-private-glp-tracker.html,index,yes,ਡਿਫਾਲਟ ਤੌਰ ਤੇ ਨਿੱਜੀ। ਜਦੋਂ ਤੁਸੀਂ ਚਾਹੋ ਨਿਰਯਾਤਯੋਗ। | OneGLP,"ਖੁਰਾਕਾਂ, ਭਾਰ, ਲੱਛਣਾਂ, ਰੀਮਾਈਂਡਰਾਂ ਜਾਂ ਆਦੇਸ਼ਾਂ ਨੂੰ ਟਰੈਕ ਕਰਨ ਲਈ ਕਿਸੇ ਖਾਤੇ ਦੀ ਲੋੜ ਨਹੀਂ ਹੈ।",ਡਿਫਾਲਟ ਤੌਰ ਤੇ ਨਿੱਜੀ। ਜਦੋਂ ਤੁਸੀਂ ਚਾਹੋ ਨਿਰਯਾਤਯੋਗ।,781,no,no,no,yes,1,no,no,no,54 alternates,54,index
https://www.glpzy.app/pa/medical-safety.html,pa/medical-safety.html,pa,trust,200,https://www.glpzy.app/pa/medical-safety.html,index,yes,ਮੈਡੀਕਲ ਸੁਰੱਖਿਆ | OneGLP,"OneGLP ਜੋ ਵਾਪਰਿਆ ਉਸ ਦਾ ਸਪਸ਼ਟ ਰਿਕਾਰਡ ਰੱਖਣ ਵਿੱਚ ਤੁਹਾਡੀ ਮਦਦ ਕਰਦਾ ਹੈ। ਇਹ ਤੁਹਾਡੀ ਖੁਰਾਕ ਦਾ ਨਿਦਾਨ, ਨੁਸਖ਼ਾ ਜਾਂ ਚੋਣ ਨਹੀਂ ਕਰਦਾ।",ਮੈਡੀਕਲ ਸੁਰੱਖਿਆ,1268,no,no,no,yes,1,no,no,no,54 alternates,78,index
https://www.glpzy.app/pa/methodology.html,pa/methodology.html,pa,trust,200,https://www.glpzy.app/pa/methodology.html,index,yes,ਵਿਧੀ | OneGLP,ਅਨੁਮਾਨਿਤ ਐਕਸਪੋਜ਼ਰ ਰੁਝਾਨ ਸਿਰਫ ਨਿੱਜੀ ਟਰੈਕਿੰਗ ਲਈ ਲੌਗਡ ਡੋਜ਼ ਟਾਈਮਿੰਗ ਅਤੇ ਇੱਕ ਸਰਲ ਸਮਾਈ-ਅਤੇ-ਖਤਮ ਮਾਡਲ ਦੀ ਵਰਤੋਂ ਕਰਦਾ ਹੈ।,ਵਿਧੀ,1314,no,no,no,yes,1,no,no,no,54 alternates,77,index
https://www.glpzy.app/pa/mounjaro-tracker-iphone.html,pa/mounjaro-tracker-iphone.html,pa,medicine,200,https://www.glpzy.app/pa/mounjaro-tracker-iphone.html,index,yes,Mounjaro — ਬਿਨਾਂ ਕਿਸੇ ਗੜਬੜ ਦੇ ਤੇਜ਼ ਲੌਗਿੰਗ। | OneGLP,"Mounjaro: ਇੱਕ ਨਿੱਜੀ ਐਪ ਵਿੱਚ ਡੋਜ਼ ਇਤਿਹਾਸ, ਵਜ਼ਨ, ਲੱਛਣ, ਭੁੱਖ, ਫੋਟੋਆਂ, ਯਾਦ ਦਿਹਾਣੀਆਂ ਅਤੇ ਨਿਰਯਾਤਾਂ ਨਾਲ ਇਸ ਰੁਟੀਨ ਨੂੰ ਟ੍ਰੈਕ ਕਰੋ।",Mounjaro,794,no,no,no,yes,1,no,no,no,54 alternates,57,improve-copy-keep-indexable
https://www.glpzy.app/pa/overview.html,pa/overview.html,pa,other,200,https://www.glpzy.app/pa/overview.html,index,yes,OneGLP — ਗੋਪਨੀਯਤਾ ਨੀਤੀ · ਮੈਡੀਕਲ ਸੁਰੱਖਿਆ · ਸਪੋਰਟ,"ਸਹਾਇਤਾ ਦਾਇਰੇ, ਗੋਪਨੀਯਤਾ ਸੰਪਰਕਾਂ, ਅਤੇ ਗੈਰ-ਐਮਰਜੈਂਸੀ ਮਾਰਗਦਰਸ਼ਨ ਦੀ ਸਮੀਖਿਆ ਕਰੋ।",OneGLP,685,no,no,no,yes,1,no,no,no,54 alternates,54,index
https://www.glpzy.app/pa/ozempic-tracker-iphone.html,pa/ozempic-tracker-iphone.html,pa,commercial,200,https://www.glpzy.app/pa/ozempic-tracker-iphone.html,index,yes,Ozempic — ਬਿਨਾਂ ਕਿਸੇ ਗੜਬੜ ਦੇ ਤੇਜ਼ ਲੌਗਿੰਗ। | OneGLP,"Ozempic: ਇੱਕ ਨਿੱਜੀ ਐਪ ਵਿੱਚ ਡੋਜ਼ ਇਤਿਹਾਸ, ਵਜ਼ਨ, ਲੱਛਣ, ਭੁੱਖ, ਫੋਟੋਆਂ, ਯਾਦ ਦਿਹਾਣੀਆਂ ਅਤੇ ਨਿਰਯਾਤਾਂ ਨਾਲ ਇਸ ਰੁਟੀਨ ਨੂੰ ਟ੍ਰੈਕ ਕਰੋ।",Ozempic,783,no,no,no,yes,1,no,no,no,54 alternates,58,index
https://www.glpzy.app/pa/privacy.html,pa/privacy.html,pa,privacy,200,https://www.glpzy.app/pa/privacy.html,index,yes,ਡਿਫਾਲਟ ਤੌਰ ਤੇ ਨਿੱਜੀ। ਜਦੋਂ ਤੁਸੀਂ ਚਾਹੋ ਨਿਰਯਾਤਯੋਗ। | OneGLP,"ਖੁਰਾਕਾਂ, ਭਾਰ, ਲੱਛਣਾਂ, ਰੀਮਾਈਂਡਰਾਂ ਜਾਂ ਆਦੇਸ਼ਾਂ ਨੂੰ ਟਰੈਕ ਕਰਨ ਲਈ ਕਿਸੇ ਖਾਤੇ ਦੀ ਲੋੜ ਨਹੀਂ ਹੈ।",ਡਿਫਾਲਟ ਤੌਰ ਤੇ ਨਿੱਜੀ। ਜਦੋਂ ਤੁਸੀਂ ਚਾਹੋ ਨਿਰਯਾਤਯੋਗ।,781,no,no,no,yes,1,no,no,no,54 alternates,116,index
https://www.glpzy.app/pa/rybelsus-tracker-iphone.html,pa/rybelsus-tracker-iphone.html,pa,commercial,200,https://www.glpzy.app/pa/rybelsus-tracker-iphone.html,index,yes,Rybelsus — ਬਿਨਾਂ ਕਿਸੇ ਗੜਬੜ ਦੇ ਤੇਜ਼ ਲੌਗਿੰਗ। | OneGLP,"Rybelsus: ਇੱਕ ਨਿੱਜੀ ਐਪ ਵਿੱਚ ਡੋਜ਼ ਇਤਿਹਾਸ, ਵਜ਼ਨ, ਲੱਛਣ, ਭੁੱਖ, ਫੋਟੋਆਂ, ਯਾਦ ਦਿਹਾਣੀਆਂ ਅਤੇ ਨਿਰਯਾਤਾਂ ਨਾਲ ਇਸ ਰੁਟੀਨ ਨੂੰ ਟ੍ਰੈਕ ਕਰੋ।",Rybelsus,771,no,no,no,yes,1,no,no,no,54 alternates,58,index
https://www.glpzy.app/pa/saxenda-tracker-iphone.html,pa/saxenda-tracker-iphone.html,pa,commercial,200,https://www.glpzy.app/pa/saxenda-tracker-iphone.html,index,yes,Saxenda — ਬਿਨਾਂ ਕਿਸੇ ਗੜਬੜ ਦੇ ਤੇਜ਼ ਲੌਗਿੰਗ। | OneGLP,"Saxenda: ਇੱਕ ਨਿੱਜੀ ਐਪ ਵਿੱਚ ਡੋਜ਼ ਇਤਿਹਾਸ, ਵਜ਼ਨ, ਲੱਛਣ, ਭੁੱਖ, ਫੋਟੋਆਂ, ਯਾਦ ਦਿਹਾਣੀਆਂ ਅਤੇ ਨਿਰਯਾਤਾਂ ਨਾਲ ਇਸ ਰੁਟੀਨ ਨੂੰ ਟ੍ਰੈਕ ਕਰੋ।",Saxenda,771,no,no,no,yes,1,no,no,no,54 alternates,56,index
https://www.glpzy.app/pa/semaglutide-tracker-iphone.html,pa/semaglutide-tracker-iphone.html,pa,ingredient,200,https://www.glpzy.app/pa/semaglutide-tracker-iphone.html,index,yes,Semaglutide — ਬਿਨਾਂ ਕਿਸੇ ਗੜਬੜ ਦੇ ਤੇਜ਼ ਲੌਗਿੰਗ। | OneGLP,"Semaglutide: ਇੱਕ ਨਿੱਜੀ ਐਪ ਵਿੱਚ ਡੋਜ਼ ਇਤਿਹਾਸ, ਵਜ਼ਨ, ਲੱਛਣ, ਭੁੱਖ, ਫੋਟੋਆਂ, ਯਾਦ ਦਿਹਾਣੀਆਂ ਅਤੇ ਨਿਰਯਾਤਾਂ ਨਾਲ ਇਸ ਰੁਟੀਨ ਨੂੰ ਟ੍ਰੈਕ ਕਰੋ।",Semaglutide,791,no,no,no,yes,1,no,no,no,54 alternates,60,improve-copy-keep-indexable
https://www.glpzy.app/pa/support.html,pa/support.html,pa,trust,200,https://www.glpzy.app/pa/support.html,index,yes,ਸਪੋਰਟ | OneGLP,"ਸਹਾਇਤਾ ਦਾਇਰੇ, ਗੋਪਨੀਯਤਾ ਸੰਪਰਕਾਂ, ਅਤੇ ਗੈਰ-ਐਮਰਜੈਂਸੀ ਮਾਰਗਦਰਸ਼ਨ ਦੀ ਸਮੀਖਿਆ ਕਰੋ।",ਸਪੋਰਟ,735,no,no,no,yes,1,no,no,no,54 alternates,103,index
https://www.glpzy.app/pa/terms.html,pa/terms.html,pa,trust,200,https://www.glpzy.app/pa/terms.html,index,yes,ਵਰਤੋਂ ਦੀਆਂ ਸ਼ਰਤਾਂ | OneGLP,"ਕੀਮਤ, ਬਿਲਿੰਗ ਮਿਆਦ, ਅਤੇ ਕੋਈ ਵੀ ਸ਼ੁਰੂਆਤੀ ਪੇਸ਼ਕਸ਼ ਵੇਰਵੇ ਖਰੀਦ ਤੋਂ ਪਹਿਲਾਂ ਤੁਹਾਡੇ App Store ਖਾਤੇ ਤੋਂ ਦਿਖਾਏ ਜਾਂਦੇ ਹਨ। App Store ਸੈਟਿੰਗਾਂ ਵਿੱਚ ਪ੍ਰਬੰਧਿਤ ਜਾਂ ਰੱਦ ਕਰੋ।",ਵਰਤੋਂ ਦੀਆਂ ਸ਼ਰਤਾਂ,819,no,no,no,yes,1,no,no,no,54 alternates,77,index
https://www.glpzy.app/pa/tirzepatide-tracker-iphone.html,pa/tirzepatide-tracker-iphone.html,pa,ingredient,200,https://www.glpzy.app/pa/tirzepatide-tracker-iphone.html,index,yes,Tirzepatide — ਬਿਨਾਂ ਕਿਸੇ ਗੜਬੜ ਦੇ ਤੇਜ਼ ਲੌਗਿੰਗ। | OneGLP,"Tirzepatide: ਇੱਕ ਨਿੱਜੀ ਐਪ ਵਿੱਚ ਡੋਜ਼ ਇਤਿਹਾਸ, ਵਜ਼ਨ, ਲੱਛਣ, ਭੁੱਖ, ਫੋਟੋਆਂ, ਯਾਦ ਦਿਹਾਣੀਆਂ ਅਤੇ ਨਿਰਯਾਤਾਂ ਨਾਲ ਇਸ ਰੁਟੀਨ ਨੂੰ ਟ੍ਰੈਕ ਕਰੋ।",Tirzepatide,806,no,no,no,yes,1,no,no,no,54 alternates,59,improve-copy-keep-indexable
https://www.glpzy.app/pa/trulicity-tracker-iphone.html,pa/trulicity-tracker-iphone.html,pa,commercial,200,https://www.glpzy.app/pa/trulicity-tracker-iphone.html,index,yes,Trulicity — ਬਿਨਾਂ ਕਿਸੇ ਗੜਬੜ ਦੇ ਤੇਜ਼ ਲੌਗਿੰਗ। | OneGLP,"Trulicity: ਇੱਕ ਨਿੱਜੀ ਐਪ ਵਿੱਚ ਡੋਜ਼ ਇਤਿਹਾਸ, ਵਜ਼ਨ, ਲੱਛਣ, ਭੁੱਖ, ਫੋਟੋਆਂ, ਯਾਦ ਦਿਹਾਣੀਆਂ ਅਤੇ ਨਿਰਯਾਤਾਂ ਨਾਲ ਇਸ ਰੁਟੀਨ ਨੂੰ ਟ੍ਰੈਕ ਕਰੋ।",Trulicity,771,no,no,no,yes,1,no,no,no,54 alternates,55,index
https://www.glpzy.app/pa/victoza-tracker-iphone.html,pa/victoza-tracker-iphone.html,pa,commercial,200,https://www.glpzy.app/pa/victoza-tracker-iphone.html,index,yes,Victoza — ਬਿਨਾਂ ਕਿਸੇ ਗੜਬੜ ਦੇ ਤੇਜ਼ ਲੌਗਿੰਗ। | OneGLP,"Victoza: ਇੱਕ ਨਿੱਜੀ ਐਪ ਵਿੱਚ ਡੋਜ਼ ਇਤਿਹਾਸ, ਵਜ਼ਨ, ਲੱਛਣ, ਭੁੱਖ, ਫੋਟੋਆਂ, ਯਾਦ ਦਿਹਾਣੀਆਂ ਅਤੇ ਨਿਰਯਾਤਾਂ ਨਾਲ ਇਸ ਰੁਟੀਨ ਨੂੰ ਟ੍ਰੈਕ ਕਰੋ।",Victoza,771,no,no,no,yes,1,no,no,no,54 alternates,56,index
https://www.glpzy.app/pa/wegovy-tracker-iphone.html,pa/wegovy-tracker-iphone.html,pa,medicine,200,https://www.glpzy.app/pa/wegovy-tracker-iphone.html,index,yes,Wegovy — ਬਿਨਾਂ ਕਿਸੇ ਗੜਬੜ ਦੇ ਤੇਜ਼ ਲੌਗਿੰਗ। | OneGLP,"Wegovy: ਇੱਕ ਨਿੱਜੀ ਐਪ ਵਿੱਚ ਡੋਜ਼ ਇਤਿਹਾਸ, ਵਜ਼ਨ, ਲੱਛਣ, ਭੁੱਖ, ਫੋਟੋਆਂ, ਯਾਦ ਦਿਹਾਣੀਆਂ ਅਤੇ ਨਿਰਯਾਤਾਂ ਨਾਲ ਇਸ ਰੁਟੀਨ ਨੂੰ ਟ੍ਰੈਕ ਕਰੋ।",Wegovy,791,no,no,no,yes,1,no,no,no,54 alternates,58,improve-copy-keep-indexable
https://www.glpzy.app/pa/zepbound-tracker-iphone.html,pa/zepbound-tracker-iphone.html,pa,medicine,200,https://www.glpzy.app/pa/zepbound-tracker-iphone.html,index,yes,Zepbound — ਬਿਨਾਂ ਕਿਸੇ ਗੜਬੜ ਦੇ ਤੇਜ਼ ਲੌਗਿੰਗ। | OneGLP,"Zepbound: ਇੱਕ ਨਿੱਜੀ ਐਪ ਵਿੱਚ ਡੋਜ਼ ਇਤਿਹਾਸ, ਵਜ਼ਨ, ਲੱਛਣ, ਭੁੱਖ, ਫੋਟੋਆਂ, ਯਾਦ ਦਿਹਾਣੀਆਂ ਅਤੇ ਨਿਰਯਾਤਾਂ ਨਾਲ ਇਸ ਰੁਟੀਨ ਨੂੰ ਟ੍ਰੈਕ ਕਰੋ।",Zepbound,817,no,no,no,yes,1,no,no,no,54 alternates,57,improve-copy-keep-indexable
https://www.glpzy.app/pl/apple-health-glp-tracker.html,pl/apple-health-glp-tracker.html,pl,feature,200,https://www.glpzy.app/pl/apple-health-glp-tracker.html,index,yes,Kontekst tylko do odczytu z Apple Health | OneGLP,"Dostęp Apple Health jest opcjonalny i ograniczony do przyznanych przez Ciebie uprawnień. OneGLP importuje historię masy ciała i wzrostu, a następnie odczytuje skład ciała, sen, ruch, trening, kalorie, białko i podsumowania wody w trybie tylko do odczytu. Nic nie jest odpisane.",Kontekst tylko do odczytu z Apple Health,491,no,no,no,yes,1,no,no,no,54 alternates,54,improve-copy-keep-indexable
https://www.glpzy.app/pl/compounded-glp-tracker-iphone.html,pl/compounded-glp-tracker-iphone.html,pl,commercial,200,https://www.glpzy.app/pl/compounded-glp-tracker-iphone.html,index,yes,Compounded​ — Szybkie rejestrowanie bez bałaganu | OneGLP,"Compounded​: Śledź tę rutynę z historią dawek, masą ciała, objawami, apetytem, zdjęciami, przypomnieniami i eksportami w jednej prywatnej aplikacji.",Compounded​,477,no,no,no,yes,1,no,no,no,54 alternates,56,index
https://www.glpzy.app/pl/custom-medication-tracker-iphone.html,pl/custom-medication-tracker-iphone.html,pl,commercial,200,https://www.glpzy.app/pl/custom-medication-tracker-iphone.html,index,yes,Zwyczaj — Szybkie rejestrowanie bez bałaganu | OneGLP,"Zwyczaj: Śledź tę rutynę z historią dawek, masą ciała, objawami, apetytem, zdjęciami, przypomnieniami i eksportami w jednej prywatnej aplikacji.",Zwyczaj,485,no,no,no,yes,1,no,no,no,54 alternates,58,index
https://www.glpzy.app/pl/data-rights.html,pl/data-rights.html,pl,privacy,200,https://www.glpzy.app/pl/data-rights.html,index,yes,Eksportuj historię | OneGLP,"OneGLP najpierw utworzy lokalną kopię zapasową bezpieczeństwa, a następnie zastąpi lokalne rekordy na tym urządzeniu.",Eksportuj historię,395,no,no,no,yes,1,no,no,no,54 alternates,77,index
https://www.glpzy.app/pl/foundayo-tracker-iphone.html,pl/foundayo-tracker-iphone.html,pl,commercial,200,https://www.glpzy.app/pl/foundayo-tracker-iphone.html,index,yes,Foundayo — Szybkie rejestrowanie bez bałaganu | OneGLP,"Foundayo: Śledź tę rutynę z historią dawek, masą ciała, objawami, apetytem, zdjęciami, przypomnieniami i eksportami w jednej prywatnej aplikacji.",Foundayo,467,no,no,no,yes,1,no,no,no,54 alternates,55,index
https://www.glpzy.app/pl/glp1-weight-dose-symptom-tracker.html,pl/glp1-weight-dose-symptom-tracker.html,pl,commercial,200,https://www.glpzy.app/pl/glp1-weight-dose-symptom-tracker.html,index,yes,"Twoja rutyna GLP-1, uporządkowana bez bałaganu | OneGLP","Zapisuj dawki, masę ciała, objawy, apetyt, zdjęcia, przypomnienia i kontekst Apple Health w jednej prywatnej aplikacji do osobistego przeglądu.","Twoja rutyna GLP-1, uporządkowana bez bałaganu.",543,no,no,no,yes,1,no,no,no,54 alternates,54,index
https://www.glpzy.app/pl/glpzy-is-now-oneglp/,pl/glpzy-is-now-oneglp/index.html,pl,home,200,https://www.glpzy.app/pl/glpzy-is-now-oneglp/,index,yes,GLPzy nazywa się teraz OneGLP,"GLPzy to teraz OneGLP. Aplikacja, twórca, Twoje zapisy i zakupy Premium pozostają bez zmian.",GLPzy nazywa się teraz OneGLP,197,no,no,no,yes,1,yes,yes,no,54 alternates,77,index
https://www.glpzy.app/pl/,pl/index.html,pl,home,200,https://www.glpzy.app/pl/,index,yes,"Twoja rutyna GLP-1, uporządkowana bez bałaganu | OneGLP","Zapisuj dawki, masę ciała, objawy, apetyt, zdjęcia, przypomnienia i kontekst Apple Health w jednej prywatnej aplikacji do osobistego przeglądu.","Twoja rutyna GLP-1, uporządkowana bez bałaganu.",741,no,no,no,yes,1,yes,no,no,54 alternates,135,index
https://www.glpzy.app/pl/local-first-private-glp-tracker.html,pl/local-first-private-glp-tracker.html,pl,privacy,200,https://www.glpzy.app/pl/local-first-private-glp-tracker.html,index,yes,"Domyślnie prywatnie. Eksportuj, kiedy wybierzesz | OneGLP","Aby śledzić dawki, wagę, objawy, przypomnienia lub zamówienia, nie jest wymagane żadne konto.","Domyślnie prywatnie. Eksportuj, kiedy wybierzesz.",469,no,no,no,yes,1,no,no,no,54 alternates,54,index
https://www.glpzy.app/pl/medical-safety.html,pl/medical-safety.html,pl,trust,200,https://www.glpzy.app/pl/medical-safety.html,index,yes,Bezpieczeństwo medyczne | OneGLP,"OneGLP pomaga Ci zachować jaśniejszy zapis tego, co się wydarzyło. Nie diagnozuje, nie przepisuje ani nie wybiera dawki.",Bezpieczeństwo medyczne,717,no,no,no,yes,1,no,no,no,54 alternates,78,index
https://www.glpzy.app/pl/methodology.html,pl/methodology.html,pl,trust,200,https://www.glpzy.app/pl/methodology.html,index,yes,Metodologia | OneGLP,Szacowany trend ekspozycji wykorzystuje zapisane czasy dawek wraz z uproszczonym modelem wchłaniania i eliminacji wyłącznie do osobistego śledzenia.,Metodologia,742,no,no,no,yes,1,no,no,no,54 alternates,77,index
https://www.glpzy.app/pl/mounjaro-tracker-iphone.html,pl/mounjaro-tracker-iphone.html,pl,medicine,200,https://www.glpzy.app/pl/mounjaro-tracker-iphone.html,index,yes,Mounjaro — Szybkie rejestrowanie bez bałaganu | OneGLP,"Mounjaro: Śledź tę rutynę z historią dawek, masą ciała, objawami, apetytem, zdjęciami, przypomnieniami i eksportami w jednej prywatnej aplikacji.",Mounjaro,477,no,no,no,yes,1,no,no,no,54 alternates,57,improve-copy-keep-indexable
https://www.glpzy.app/pl/overview.html,pl/overview.html,pl,other,200,https://www.glpzy.app/pl/overview.html,index,yes,OneGLP — Polityka prywatności · Bezpieczeństwo medyczne · Wsparcie,"Przejrzyj zakres wsparcia, kontakty dotyczące prywatności i wskazówki inne niż awaryjne.",OneGLP,428,no,no,no,yes,1,no,no,no,54 alternates,54,index
https://www.glpzy.app/pl/ozempic-tracker-iphone.html,pl/ozempic-tracker-iphone.html,pl,commercial,200,https://www.glpzy.app/pl/ozempic-tracker-iphone.html,index,yes,Ozempic — Szybkie rejestrowanie bez bałaganu | OneGLP,"Ozempic: Śledź tę rutynę z historią dawek, masą ciała, objawami, apetytem, zdjęciami, przypomnieniami i eksportami w jednej prywatnej aplikacji.",Ozempic,474,no,no,no,yes,1,no,no,no,54 alternates,58,index
https://www.glpzy.app/pl/privacy.html,pl/privacy.html,pl,privacy,200,https://www.glpzy.app/pl/privacy.html,index,yes,"Domyślnie prywatnie. Eksportuj, kiedy wybierzesz | OneGLP","Aby śledzić dawki, wagę, objawy, przypomnienia lub zamówienia, nie jest wymagane żadne konto.","Domyślnie prywatnie. Eksportuj, kiedy wybierzesz.",469,no,no,no,yes,1,no,no,no,54 alternates,116,index
https://www.glpzy.app/pl/rybelsus-tracker-iphone.html,pl/rybelsus-tracker-iphone.html,pl,commercial,200,https://www.glpzy.app/pl/rybelsus-tracker-iphone.html,index,yes,Rybelsus — Szybkie rejestrowanie bez bałaganu | OneGLP,"Rybelsus: Śledź tę rutynę z historią dawek, masą ciała, objawami, apetytem, zdjęciami, przypomnieniami i eksportami w jednej prywatnej aplikacji.",Rybelsus,469,no,no,no,yes,1,no,no,no,54 alternates,58,index
https://www.glpzy.app/pl/saxenda-tracker-iphone.html,pl/saxenda-tracker-iphone.html,pl,commercial,200,https://www.glpzy.app/pl/saxenda-tracker-iphone.html,index,yes,Saxenda — Szybkie rejestrowanie bez bałaganu | OneGLP,"Saxenda: Śledź tę rutynę z historią dawek, masą ciała, objawami, apetytem, zdjęciami, przypomnieniami i eksportami w jednej prywatnej aplikacji.",Saxenda,468,no,no,no,yes,1,no,no,no,54 alternates,56,index
https://www.glpzy.app/pl/semaglutide-tracker-iphone.html,pl/semaglutide-tracker-iphone.html,pl,ingredient,200,https://www.glpzy.app/pl/semaglutide-tracker-iphone.html,index,yes,Semaglutide — Szybkie rejestrowanie bez bałaganu | OneGLP,"Semaglutide: Śledź tę rutynę z historią dawek, masą ciała, objawami, apetytem, zdjęciami, przypomnieniami i eksportami w jednej prywatnej aplikacji.",Semaglutide,477,no,no,no,yes,1,no,no,no,54 alternates,60,improve-copy-keep-indexable
https://www.glpzy.app/pl/support.html,pl/support.html,pl,trust,200,https://www.glpzy.app/pl/support.html,index,yes,Wsparcie | OneGLP,"Przejrzyj zakres wsparcia, kontakty dotyczące prywatności i wskazówki inne niż awaryjne.",Wsparcie,463,no,no,no,yes,1,no,no,no,54 alternates,103,index
https://www.glpzy.app/pl/terms.html,pl/terms.html,pl,trust,200,https://www.glpzy.app/pl/terms.html,index,yes,Warunki użytkowania | OneGLP,"Ceny, okres rozliczeniowy i wszelkie szczegóły oferty wstępnej są wyświetlane na Twoim koncie App Store przed zakupem. Zarządzaj lub anuluj w ustawieniach App Store.",Warunki użytkowania,494,no,no,no,yes,1,no,no,no,54 alternates,77,index
https://www.glpzy.app/pl/tirzepatide-tracker-iphone.html,pl/tirzepatide-tracker-iphone.html,pl,ingredient,200,https://www.glpzy.app/pl/tirzepatide-tracker-iphone.html,index,yes,Tirzepatide — Szybkie rejestrowanie bez bałaganu | OneGLP,"Tirzepatide: Śledź tę rutynę z historią dawek, masą ciała, objawami, apetytem, zdjęciami, przypomnieniami i eksportami w jednej prywatnej aplikacji.",Tirzepatide,481,no,no,no,yes,1,no,no,no,54 alternates,59,improve-copy-keep-indexable
https://www.glpzy.app/pl/trulicity-tracker-iphone.html,pl/trulicity-tracker-iphone.html,pl,commercial,200,https://www.glpzy.app/pl/trulicity-tracker-iphone.html,index,yes,Trulicity — Szybkie rejestrowanie bez bałaganu | OneGLP,"Trulicity: Śledź tę rutynę z historią dawek, masą ciała, objawami, apetytem, zdjęciami, przypomnieniami i eksportami w jednej prywatnej aplikacji.",Trulicity,468,no,no,no,yes,1,no,no,no,54 alternates,55,index
https://www.glpzy.app/pl/victoza-tracker-iphone.html,pl/victoza-tracker-iphone.html,pl,commercial,200,https://www.glpzy.app/pl/victoza-tracker-iphone.html,index,yes,Victoza — Szybkie rejestrowanie bez bałaganu | OneGLP,"Victoza: Śledź tę rutynę z historią dawek, masą ciała, objawami, apetytem, zdjęciami, przypomnieniami i eksportami w jednej prywatnej aplikacji.",Victoza,468,no,no,no,yes,1,no,no,no,54 alternates,56,index
https://www.glpzy.app/pl/wegovy-tracker-iphone.html,pl/wegovy-tracker-iphone.html,pl,medicine,200,https://www.glpzy.app/pl/wegovy-tracker-iphone.html,index,yes,Wegovy — Szybkie rejestrowanie bez bałaganu | OneGLP,"Wegovy: Śledź tę rutynę z historią dawek, masą ciała, objawami, apetytem, zdjęciami, przypomnieniami i eksportami w jednej prywatnej aplikacji.",Wegovy,477,no,no,no,yes,1,no,no,no,54 alternates,58,improve-copy-keep-indexable
https://www.glpzy.app/pl/zepbound-tracker-iphone.html,pl/zepbound-tracker-iphone.html,pl,medicine,200,https://www.glpzy.app/pl/zepbound-tracker-iphone.html,index,yes,Zepbound — Szybkie rejestrowanie bez bałaganu | OneGLP,"Zepbound: Śledź tę rutynę z historią dawek, masą ciała, objawami, apetytem, zdjęciami, przypomnieniami i eksportami w jednej prywatnej aplikacji.",Zepbound,489,no,no,no,yes,1,no,no,no,54 alternates,57,improve-copy-keep-indexable
https://www.glpzy.app/privacy.html,privacy.html,root,privacy,200,https://www.glpzy.app/privacy.html,index,yes,OneGLP privacy policy for the iPhone and iPad app,"Read the OneGLP privacy policy covering local-first records, Apple Health permissions, nutrition context, support handling, exports, and continuity backups.",Privacy Policy,1631,no,no,no,no,0,no,no,no,54 alternates,136,index
https://www.glpzy.app/pt-br/apple-health-glp-tracker.html,pt-br/apple-health-glp-tracker.html,pt-br,feature,200,https://www.glpzy.app/pt-br/apple-health-glp-tracker.html,index,yes,Contexto somente leitura de Apple Health | OneGLP,"O acesso Apple Health é opcional e limitado às permissões que você concede. OneGLP importa histórico de peso corporal e altura e, em seguida, lê resumos de composição corporal, movimento, treino, calorias, proteínas e água no modo somente leitura. Nada é escrito de volta.",Contexto somente leitura de Apple Health,526,no,no,no,yes,1,no,no,no,54 alternates,54,improve-copy-keep-indexable
https://www.glpzy.app/pt-br/compounded-glp-tracker-iphone.html,pt-br/compounded-glp-tracker-iphone.html,pt-br,commercial,200,https://www.glpzy.app/pt-br/compounded-glp-tracker-iphone.html,index,yes,Compounded​ — Registro rápido e sem confusão | OneGLP,"Compounded​: Acompanhe esta rotina com histórico de doses, peso, sintomas, apetite, fotos, lembretes e exportações em um app privado.",Compounded​,510,no,no,no,yes,1,no,no,no,54 alternates,56,index
https://www.glpzy.app/pt-br/custom-medication-tracker-iphone.html,pt-br/custom-medication-tracker-iphone.html,pt-br,commercial,200,https://www.glpzy.app/pt-br/custom-medication-tracker-iphone.html,index,yes,Personalizado — Registro rápido e sem confusão | OneGLP,"Personalizado: Acompanhe esta rotina com histórico de doses, peso, sintomas, apetite, fotos, lembretes e exportações em um app privado.",Personalizado,520,no,no,no,yes,1,no,no,no,54 alternates,58,index
https://www.glpzy.app/pt-br/data-rights.html,pt-br/data-rights.html,pt-br,privacy,200,https://www.glpzy.app/pt-br/data-rights.html,index,yes,Histórico de exportação | OneGLP,"OneGLP criará primeiro um backup de segurança local e, em seguida, substituirá os registros locais neste dispositivo.",Histórico de exportação,422,no,no,no,yes,1,no,no,no,54 alternates,77,index
https://www.glpzy.app/pt-br/foundayo-tracker-iphone.html,pt-br/foundayo-tracker-iphone.html,pt-br,commercial,200,https://www.glpzy.app/pt-br/foundayo-tracker-iphone.html,index,yes,Foundayo — Registro rápido e sem confusão | OneGLP,"Foundayo: Acompanhe esta rotina com histórico de doses, peso, sintomas, apetite, fotos, lembretes e exportações em um app privado.",Foundayo,499,no,no,no,yes,1,no,no,no,54 alternates,55,index
https://www.glpzy.app/pt-br/glp1-weight-dose-symptom-tracker.html,pt-br/glp1-weight-dose-symptom-tracker.html,pt-br,commercial,200,https://www.glpzy.app/pt-br/glp1-weight-dose-symptom-tracker.html,index,yes,"Sua rotina GLP-1, organizada sem confusão | OneGLP","Registre doses, peso, sintomas, apetite, fotos, lembretes e contexto do Apple Health em um app privado para revisão pessoal.","Sua rotina GLP-1, organizada sem confusão.",593,no,no,no,yes,1,no,no,no,54 alternates,54,index
https://www.glpzy.app/pt-br/glpzy-is-now-oneglp/,pt-br/glpzy-is-now-oneglp/index.html,pt-br,home,200,https://www.glpzy.app/pt-br/glpzy-is-now-oneglp/,index,yes,GLPzy agora se chama OneGLP,"GLPzy agora é OneGLP. O app, o desenvolvedor, seus registros e suas compras Premium continuam os mesmos.",GLPzy agora se chama OneGLP,203,no,no,no,yes,1,yes,yes,no,54 alternates,77,index
https://www.glpzy.app/pt-br/,pt-br/index.html,pt-br,home,200,https://www.glpzy.app/pt-br/,index,yes,"Sua rotina GLP-1, organizada sem confusão | OneGLP","Registre doses, peso, sintomas, apetite, fotos, lembretes e contexto do Apple Health em um app privado para revisão pessoal.","Sua rotina GLP-1, organizada sem confusão.",828,no,no,no,yes,1,yes,no,no,54 alternates,135,index
https://www.glpzy.app/pt-br/local-first-private-glp-tracker.html,pt-br/local-first-private-glp-tracker.html,pt-br,privacy,200,https://www.glpzy.app/pt-br/local-first-private-glp-tracker.html,index,yes,Privado por padrão. Exportável quando você escolher | OneGLP,"Nenhuma conta é necessária para rastrear doses, peso, sintomas, lembretes ou lembretes.",Privado por padrão. Exportável quando você escolher.,506,no,no,no,yes,1,no,no,no,54 alternates,54,index
https://www.glpzy.app/pt-br/medical-safety.html,pt-br/medical-safety.html,pt-br,trust,200,https://www.glpzy.app/pt-br/medical-safety.html,index,yes,Segurança médica | OneGLP,"OneGLP ajuda você a manter um registro mais claro do que aconteceu. Não diagnostica, prescreve ou escolhe sua dose.",Segurança médica,803,no,no,no,yes,1,no,no,no,54 alternates,78,index
https://www.glpzy.app/pt-br/methodology.html,pt-br/methodology.html,pt-br,trust,200,https://www.glpzy.app/pt-br/methodology.html,index,yes,Metodologia | OneGLP,A tendência estimada de exposição usa o horário registrado das doses junto com um modelo simplificado de absorção e eliminação apenas para acompanhamento pessoal.,Metodologia,842,no,no,no,yes,1,no,no,no,54 alternates,77,index
https://www.glpzy.app/pt-br/mounjaro-tracker-iphone.html,pt-br/mounjaro-tracker-iphone.html,pt-br,medicine,200,https://www.glpzy.app/pt-br/mounjaro-tracker-iphone.html,index,yes,Mounjaro — Registro rápido e sem confusão | OneGLP,"Mounjaro: Acompanhe esta rotina com histórico de doses, peso, sintomas, apetite, fotos, lembretes e exportações em um app privado.",Mounjaro,510,no,no,no,yes,1,no,no,no,54 alternates,57,improve-copy-keep-indexable
https://www.glpzy.app/pt-br/overview.html,pt-br/overview.html,pt-br,other,200,https://www.glpzy.app/pt-br/overview.html,index,yes,OneGLP — Política de Privacidade · Segurança médica · Apoiar,"Revise o escopo do suporte, os contatos de privacidade e as orientações não emergenciais.",OneGLP,462,no,no,no,yes,1,no,no,no,54 alternates,54,index
https://www.glpzy.app/pt-br/ozempic-tracker-iphone.html,pt-br/ozempic-tracker-iphone.html,pt-br,commercial,200,https://www.glpzy.app/pt-br/ozempic-tracker-iphone.html,index,yes,Ozempic — Registro rápido e sem confusão | OneGLP,"Ozempic: Acompanhe esta rotina com histórico de doses, peso, sintomas, apetite, fotos, lembretes e exportações em um app privado.",Ozempic,505,no,no,no,yes,1,no,no,no,54 alternates,58,index
https://www.glpzy.app/pt-br/privacy.html,pt-br/privacy.html,pt-br,privacy,200,https://www.glpzy.app/pt-br/privacy.html,index,yes,Privado por padrão. Exportável quando você escolher | OneGLP,"Nenhuma conta é necessária para rastrear doses, peso, sintomas, lembretes ou lembretes.",Privado por padrão. Exportável quando você escolher.,506,no,no,no,yes,1,no,no,no,54 alternates,116,index
https://www.glpzy.app/pt-br/rybelsus-tracker-iphone.html,pt-br/rybelsus-tracker-iphone.html,pt-br,commercial,200,https://www.glpzy.app/pt-br/rybelsus-tracker-iphone.html,index,yes,Rybelsus — Registro rápido e sem confusão | OneGLP,"Rybelsus: Acompanhe esta rotina com histórico de doses, peso, sintomas, apetite, fotos, lembretes e exportações em um app privado.",Rybelsus,501,no,no,no,yes,1,no,no,no,54 alternates,58,index
https://www.glpzy.app/pt-br/saxenda-tracker-iphone.html,pt-br/saxenda-tracker-iphone.html,pt-br,commercial,200,https://www.glpzy.app/pt-br/saxenda-tracker-iphone.html,index,yes,Saxenda — Registro rápido e sem confusão | OneGLP,"Saxenda: Acompanhe esta rotina com histórico de doses, peso, sintomas, apetite, fotos, lembretes e exportações em um app privado.",Saxenda,499,no,no,no,yes,1,no,no,no,54 alternates,56,index
https://www.glpzy.app/pt-br/semaglutide-tracker-iphone.html,pt-br/semaglutide-tracker-iphone.html,pt-br,ingredient,200,https://www.glpzy.app/pt-br/semaglutide-tracker-iphone.html,index,yes,Semaglutide — Registro rápido e sem confusão | OneGLP,"Semaglutide: Acompanhe esta rotina com histórico de doses, peso, sintomas, apetite, fotos, lembretes e exportações em um app privado.",Semaglutide,509,no,no,no,yes,1,no,no,no,54 alternates,60,improve-copy-keep-indexable
https://www.glpzy.app/pt-br/support.html,pt-br/support.html,pt-br,trust,200,https://www.glpzy.app/pt-br/support.html,index,yes,Apoiar | OneGLP,"Revise o escopo do suporte, os contatos de privacidade e as orientações não emergenciais.",Apoiar,484,no,no,no,yes,1,no,no,no,54 alternates,103,index
https://www.glpzy.app/pt-br/terms.html,pt-br/terms.html,pt-br,trust,200,https://www.glpzy.app/pt-br/terms.html,index,yes,Termos de uso | OneGLP,"Preço, período de cobrança e quaisquer detalhes da oferta introdutória são mostrados em sua conta App Store antes da compra. Gerencie ou cancele nas configurações de App Store.",Termos de uso,519,no,no,no,yes,1,no,no,no,54 alternates,77,index
https://www.glpzy.app/pt-br/tirzepatide-tracker-iphone.html,pt-br/tirzepatide-tracker-iphone.html,pt-br,ingredient,200,https://www.glpzy.app/pt-br/tirzepatide-tracker-iphone.html,index,yes,Tirzepatide — Registro rápido e sem confusão | OneGLP,"Tirzepatide: Acompanhe esta rotina com histórico de doses, peso, sintomas, apetite, fotos, lembretes e exportações em um app privado.",Tirzepatide,514,no,no,no,yes,1,no,no,no,54 alternates,59,improve-copy-keep-indexable
https://www.glpzy.app/pt-br/trulicity-tracker-iphone.html,pt-br/trulicity-tracker-iphone.html,pt-br,commercial,200,https://www.glpzy.app/pt-br/trulicity-tracker-iphone.html,index,yes,Trulicity — Registro rápido e sem confusão | OneGLP,"Trulicity: Acompanhe esta rotina com histórico de doses, peso, sintomas, apetite, fotos, lembretes e exportações em um app privado.",Trulicity,499,no,no,no,yes,1,no,no,no,54 alternates,55,index
https://www.glpzy.app/pt-br/victoza-tracker-iphone.html,pt-br/victoza-tracker-iphone.html,pt-br,commercial,200,https://www.glpzy.app/pt-br/victoza-tracker-iphone.html,index,yes,Victoza — Registro rápido e sem confusão | OneGLP,"Victoza: Acompanhe esta rotina com histórico de doses, peso, sintomas, apetite, fotos, lembretes e exportações em um app privado.",Victoza,499,no,no,no,yes,1,no,no,no,54 alternates,56,index
https://www.glpzy.app/pt-br/wegovy-tracker-iphone.html,pt-br/wegovy-tracker-iphone.html,pt-br,medicine,200,https://www.glpzy.app/pt-br/wegovy-tracker-iphone.html,index,yes,Wegovy — Registro rápido e sem confusão | OneGLP,"Wegovy: Acompanhe esta rotina com histórico de doses, peso, sintomas, apetite, fotos, lembretes e exportações em um app privado.",Wegovy,509,no,no,no,yes,1,no,no,no,54 alternates,58,improve-copy-keep-indexable
https://www.glpzy.app/pt-br/zepbound-tracker-iphone.html,pt-br/zepbound-tracker-iphone.html,pt-br,medicine,200,https://www.glpzy.app/pt-br/zepbound-tracker-iphone.html,index,yes,Zepbound — Registro rápido e sem confusão | OneGLP,"Zepbound: Acompanhe esta rotina com histórico de doses, peso, sintomas, apetite, fotos, lembretes e exportações em um app privado.",Zepbound,523,no,no,no,yes,1,no,no,no,54 alternates,57,improve-copy-keep-indexable
https://www.glpzy.app/pt-pt/apple-health-glp-tracker.html,pt-pt/apple-health-glp-tracker.html,pt-pt,feature,200,https://www.glpzy.app/pt-pt/apple-health-glp-tracker.html,index,yes,Contexto só de leitura do Apple Health | OneGLP,"O acesso ao Apple Health é opcional e limitado às permissões que concede. O OneGLP importa o histórico de peso corporal e altura e, em seguida, lê resumos de composição corporal, movimento, treino, calorias, proteínas e água no modo só de leitura. Nada é escrito de volta.",Contexto só de leitura do Apple Health,590,no,no,no,yes,1,no,no,no,54 alternates,54,improve-copy-keep-indexable
https://www.glpzy.app/pt-pt/compounded-glp-tracker-iphone.html,pt-pt/compounded-glp-tracker-iphone.html,pt-pt,commercial,200,https://www.glpzy.app/pt-pt/compounded-glp-tracker-iphone.html,index,yes,Medicação manipulada — Registo rápido e sem confusão | OneGLP,"Medicação manipulada: Acompanhe esta rotina com histórico de doses, peso, sintomas, apetite, fotografias, lembretes e exportações numa app privada.",Medicação manipulada,518,no,no,no,yes,1,no,no,no,54 alternates,56,index
https://www.glpzy.app/pt-pt/custom-medication-tracker-iphone.html,pt-pt/custom-medication-tracker-iphone.html,pt-pt,commercial,200,https://www.glpzy.app/pt-pt/custom-medication-tracker-iphone.html,index,yes,Personalizado — Registo rápido e sem confusão | OneGLP,"Personalizado: Acompanhe esta rotina com histórico de doses, peso, sintomas, apetite, fotografias, lembretes e exportações numa app privada.",Personalizado,524,no,no,no,yes,1,no,no,no,54 alternates,58,index
https://www.glpzy.app/pt-pt/data-rights.html,pt-pt/data-rights.html,pt-pt,privacy,200,https://www.glpzy.app/pt-pt/data-rights.html,index,yes,Histórico de exportação | OneGLP,"O OneGLP criará primeiro um backup de segurança local e, em seguida, substituirá os registos locais neste dispositivo.",Histórico de exportação,455,no,no,no,yes,1,no,no,no,54 alternates,77,index
https://www.glpzy.app/pt-pt/foundayo-tracker-iphone.html,pt-pt/foundayo-tracker-iphone.html,pt-pt,commercial,200,https://www.glpzy.app/pt-pt/foundayo-tracker-iphone.html,index,yes,Foundayo — Registo rápido e sem confusão | OneGLP,"Foundayo: Acompanhe esta rotina com histórico de doses, peso, sintomas, apetite, fotografias, lembretes e exportações numa app privada.",Foundayo,502,no,no,no,yes,1,no,no,no,54 alternates,55,index
https://www.glpzy.app/pt-pt/glp1-weight-dose-symptom-tracker.html,pt-pt/glp1-weight-dose-symptom-tracker.html,pt-pt,commercial,200,https://www.glpzy.app/pt-pt/glp1-weight-dose-symptom-tracker.html,index,yes,"A sua rotina GLP-1, organizada sem confusão | OneGLP","Registe doses, peso, sintomas, apetite, fotografias, lembretes e contexto do Apple Health numa app privada para revisão pessoal.","A sua rotina GLP-1, organizada sem confusão.",616,no,no,no,yes,1,no,no,no,54 alternates,54,index
https://www.glpzy.app/pt-pt/glpzy-is-now-oneglp/,pt-pt/glpzy-is-now-oneglp/index.html,pt-pt,home,200,https://www.glpzy.app/pt-pt/glpzy-is-now-oneglp/,index,yes,GLPzy chama-se agora OneGLP,GLPzy chama-se agora OneGLP. A aplicação e o programador mantêm-se. Os seus registos e compras Premium continuam disponíveis. Saiba mais sobre a mudança de nome.,GLPzy chama-se agora OneGLP,252,no,no,no,yes,1,yes,yes,no,54 alternates,77,index
https://www.glpzy.app/pt-pt/,pt-pt/index.html,pt-pt,home,200,https://www.glpzy.app/pt-pt/,index,yes,"A sua rotina GLP-1, organizada sem confusão | OneGLP","Registe doses, peso, sintomas, apetite, fotografias, lembretes e contexto do Apple Health numa app privada para revisão pessoal.","A sua rotina GLP-1, organizada sem confusão.",968,no,no,no,yes,1,yes,no,no,54 alternates,135,index
https://www.glpzy.app/pt-pt/local-first-private-glp-tracker.html,pt-pt/local-first-private-glp-tracker.html,pt-pt,privacy,200,https://www.glpzy.app/pt-pt/local-first-private-glp-tracker.html,index,yes,Privado por predefinição. Exportável quando escolher | OneGLP,"Nenhuma conta é necessária para rastrear doses, peso, sintomas, lembretes ou lembretes.",Privado por predefinição. Exportável quando escolher.,520,no,no,no,yes,1,no,no,no,54 alternates,54,index
https://www.glpzy.app/pt-pt/medical-safety.html,pt-pt/medical-safety.html,pt-pt,trust,200,https://www.glpzy.app/pt-pt/medical-safety.html,index,yes,Segurança médica | OneGLP,"O OneGLP ajuda-o a manter um registo mais claro do que aconteceu. Não diagnostica, prescreve ou escolhe a sua dose.",Segurança médica,789,no,no,no,yes,1,no,no,no,54 alternates,78,index
https://www.glpzy.app/pt-pt/methodology.html,pt-pt/methodology.html,pt-pt,trust,200,https://www.glpzy.app/pt-pt/methodology.html,index,yes,Metodologia | OneGLP,A tendência de exposição estimada usa o momento registado das doses juntamente com um modelo simplificado de absorção e eliminação apenas para acompanhamento pessoal.,Metodologia,829,no,no,no,yes,1,no,no,no,54 alternates,77,index
https://www.glpzy.app/pt-pt/mounjaro-tracker-iphone.html,pt-pt/mounjaro-tracker-iphone.html,pt-pt,medicine,200,https://www.glpzy.app/pt-pt/mounjaro-tracker-iphone.html,index,yes,Mounjaro — Registo rápido e sem confusão | OneGLP,"Mounjaro: Acompanhe esta rotina com histórico de doses, peso, sintomas, apetite, fotografias, lembretes e exportações numa app privada.",Mounjaro,513,no,no,no,yes,1,no,no,no,54 alternates,57,improve-copy-keep-indexable
https://www.glpzy.app/pt-pt/overview.html,pt-pt/overview.html,pt-pt,other,200,https://www.glpzy.app/pt-pt/overview.html,index,yes,OneGLP — Política de Privacidade · Segurança médica · Suporte,"Reveja o âmbito do suporte, os contactos de privacidade e as orientações não urgentes.",OneGLP,458,no,no,no,yes,1,no,no,no,54 alternates,54,index
https://www.glpzy.app/pt-pt/ozempic-tracker-iphone.html,pt-pt/ozempic-tracker-iphone.html,pt-pt,commercial,200,https://www.glpzy.app/pt-pt/ozempic-tracker-iphone.html,index,yes,Ozempic — Registo rápido e sem confusão | OneGLP,"Ozempic: Acompanhe esta rotina com histórico de doses, peso, sintomas, apetite, fotografias, lembretes e exportações numa app privada.",Ozempic,508,no,no,no,yes,1,no,no,no,54 alternates,58,index
https://www.glpzy.app/pt-pt/privacy.html,pt-pt/privacy.html,pt-pt,privacy,200,https://www.glpzy.app/pt-pt/privacy.html,index,yes,Privado por predefinição. Exportável quando escolher | OneGLP,"Nenhuma conta é necessária para rastrear doses, peso, sintomas, lembretes ou lembretes.",Privado por predefinição. Exportável quando escolher.,520,no,no,no,yes,1,no,no,no,54 alternates,116,index
https://www.glpzy.app/pt-pt/rybelsus-tracker-iphone.html,pt-pt/rybelsus-tracker-iphone.html,pt-pt,commercial,200,https://www.glpzy.app/pt-pt/rybelsus-tracker-iphone.html,index,yes,Rybelsus — Registo rápido e sem confusão | OneGLP,"Rybelsus: Acompanhe esta rotina com histórico de doses, peso, sintomas, apetite, fotografias, lembretes e exportações numa app privada.",Rybelsus,504,no,no,no,yes,1,no,no,no,54 alternates,58,index
https://www.glpzy.app/pt-pt/saxenda-tracker-iphone.html,pt-pt/saxenda-tracker-iphone.html,pt-pt,commercial,200,https://www.glpzy.app/pt-pt/saxenda-tracker-iphone.html,index,yes,Saxenda — Registo rápido e sem confusão | OneGLP,"Saxenda: Acompanhe esta rotina com histórico de doses, peso, sintomas, apetite, fotografias, lembretes e exportações numa app privada.",Saxenda,502,no,no,no,yes,1,no,no,no,54 alternates,56,index
https://www.glpzy.app/pt-pt/semaglutide-tracker-iphone.html,pt-pt/semaglutide-tracker-iphone.html,pt-pt,ingredient,200,https://www.glpzy.app/pt-pt/semaglutide-tracker-iphone.html,index,yes,Semaglutide — Registo rápido e sem confusão | OneGLP,"Semaglutide: Acompanhe esta rotina com histórico de doses, peso, sintomas, apetite, fotografias, lembretes e exportações numa app privada.",Semaglutide,512,no,no,no,yes,1,no,no,no,54 alternates,60,improve-copy-keep-indexable
https://www.glpzy.app/pt-pt/support.html,pt-pt/support.html,pt-pt,trust,200,https://www.glpzy.app/pt-pt/support.html,index,yes,Suporte | OneGLP,"Reveja o âmbito do suporte, os contactos de privacidade e as orientações não urgentes.",Suporte,479,no,no,no,yes,1,no,no,no,54 alternates,103,index
https://www.glpzy.app/pt-pt/terms.html,pt-pt/terms.html,pt-pt,trust,200,https://www.glpzy.app/pt-pt/terms.html,index,yes,Termos de utilização | OneGLP,"Preço, período de cobrança e quaisquer detalhes da oferta introdutória são apresentados na sua conta da App Store antes da compra. Faça a gestão ou cancele nas definições da App Store.",Termos de utilização,514,no,no,no,yes,1,no,no,no,54 alternates,77,index
https://www.glpzy.app/pt-pt/tirzepatide-tracker-iphone.html,pt-pt/tirzepatide-tracker-iphone.html,pt-pt,ingredient,200,https://www.glpzy.app/pt-pt/tirzepatide-tracker-iphone.html,index,yes,Tirzepatide — Registo rápido e sem confusão | OneGLP,"Tirzepatide: Acompanhe esta rotina com histórico de doses, peso, sintomas, apetite, fotografias, lembretes e exportações numa app privada.",Tirzepatide,517,no,no,no,yes,1,no,no,no,54 alternates,59,improve-copy-keep-indexable
https://www.glpzy.app/pt-pt/trulicity-tracker-iphone.html,pt-pt/trulicity-tracker-iphone.html,pt-pt,commercial,200,https://www.glpzy.app/pt-pt/trulicity-tracker-iphone.html,index,yes,Trulicity — Registo rápido e sem confusão | OneGLP,"Trulicity: Acompanhe esta rotina com histórico de doses, peso, sintomas, apetite, fotografias, lembretes e exportações numa app privada.",Trulicity,502,no,no,no,yes,1,no,no,no,54 alternates,55,index
https://www.glpzy.app/pt-pt/victoza-tracker-iphone.html,pt-pt/victoza-tracker-iphone.html,pt-pt,commercial,200,https://www.glpzy.app/pt-pt/victoza-tracker-iphone.html,index,yes,Victoza — Registo rápido e sem confusão | OneGLP,"Victoza: Acompanhe esta rotina com histórico de doses, peso, sintomas, apetite, fotografias, lembretes e exportações numa app privada.",Victoza,502,no,no,no,yes,1,no,no,no,54 alternates,56,index
https://www.glpzy.app/pt-pt/wegovy-tracker-iphone.html,pt-pt/wegovy-tracker-iphone.html,pt-pt,medicine,200,https://www.glpzy.app/pt-pt/wegovy-tracker-iphone.html,index,yes,Wegovy — Registo rápido e sem confusão | OneGLP,"Wegovy: Acompanhe esta rotina com histórico de doses, peso, sintomas, apetite, fotografias, lembretes e exportações numa app privada.",Wegovy,512,no,no,no,yes,1,no,no,no,54 alternates,58,improve-copy-keep-indexable
https://www.glpzy.app/pt-pt/zepbound-tracker-iphone.html,pt-pt/zepbound-tracker-iphone.html,pt-pt,medicine,200,https://www.glpzy.app/pt-pt/zepbound-tracker-iphone.html,index,yes,Zepbound — Registo rápido e sem confusão | OneGLP,"Zepbound: Acompanhe esta rotina com histórico de doses, peso, sintomas, apetite, fotografias, lembretes e exportações numa app privada.",Zepbound,526,no,no,no,yes,1,no,no,no,54 alternates,57,improve-copy-keep-indexable
https://www.glpzy.app/ro/apple-health-glp-tracker.html,ro/apple-health-glp-tracker.html,ro,feature,200,https://www.glpzy.app/ro/apple-health-glp-tracker.html,index,yes,Context numai pentru citire de la Apple Health | OneGLP,"Accesul Apple Health este opțional și limitat la permisiunile pe care le acordați. OneGLP importă istoricul greutății corporale și înălțimea, apoi citește compoziția corporală, somnul, mișcarea, antrenamentul, caloriile, proteinele și rezumatele apei în modul numai citire. Nimic nu este scris înapoi.",Context numai pentru citire de la Apple Health,522,no,no,no,yes,1,no,no,no,54 alternates,54,improve-copy-keep-indexable
https://www.glpzy.app/ro/compounded-glp-tracker-iphone.html,ro/compounded-glp-tracker-iphone.html,ro,commercial,200,https://www.glpzy.app/ro/compounded-glp-tracker-iphone.html,index,yes,Compus — Înregistrare rapidă fără dezordine | OneGLP,"Compus: Urmăriți această rutină cu istoricul dozelor, greutate, simptome, apetit, fotografii, mementouri și exporturi într-o aplicație privată.",Compus,491,no,no,no,yes,1,no,no,no,54 alternates,56,index
https://www.glpzy.app/ro/custom-medication-tracker-iphone.html,ro/custom-medication-tracker-iphone.html,ro,commercial,200,https://www.glpzy.app/ro/custom-medication-tracker-iphone.html,index,yes,Personalizat — Înregistrare rapidă fără dezordine | OneGLP,"Personalizat: Urmăriți această rutină cu istoricul dozelor, greutate, simptome, apetit, fotografii, mementouri și exporturi într-o aplicație privată.",Personalizat,500,no,no,no,yes,1,no,no,no,54 alternates,58,index
https://www.glpzy.app/ro/data-rights.html,ro/data-rights.html,ro,privacy,200,https://www.glpzy.app/ro/data-rights.html,index,yes,Istoricul exporturilor | OneGLP,"OneGLP va crea mai întâi o copie de siguranță locală, apoi va înlocui înregistrările locale de pe acest dispozitiv.",Istoricul exporturilor,421,no,no,no,yes,1,no,no,no,54 alternates,77,index
https://www.glpzy.app/ro/foundayo-tracker-iphone.html,ro/foundayo-tracker-iphone.html,ro,commercial,200,https://www.glpzy.app/ro/foundayo-tracker-iphone.html,index,yes,Foundayo — Înregistrare rapidă fără dezordine | OneGLP,"Foundayo: Urmăriți această rutină cu istoricul dozelor, greutate, simptome, apetit, fotografii, mementouri și exporturi într-o aplicație privată.",Foundayo,480,no,no,no,yes,1,no,no,no,54 alternates,55,index
https://www.glpzy.app/ro/glp1-weight-dose-symptom-tracker.html,ro/glp1-weight-dose-symptom-tracker.html,ro,commercial,200,https://www.glpzy.app/ro/glp1-weight-dose-symptom-tracker.html,index,yes,"Rutina dvs. GLP-1, organizată fără aglomerație | OneGLP","Înregistrați doze, greutate, simptome, apetit, fotografii, mementouri și context Apple Health într-o aplicație privată pentru revizuire personală.","Rutina dvs. GLP-1, organizată fără aglomerație.",585,no,no,no,yes,1,no,no,no,54 alternates,54,index
https://www.glpzy.app/ro/glpzy-is-now-oneglp/,ro/glpzy-is-now-oneglp/index.html,ro,home,200,https://www.glpzy.app/ro/glpzy-is-now-oneglp/,index,yes,GLPzy se numește acum OneGLP,"GLPzy este acum OneGLP. Aplicația, dezvoltatorul, înregistrările și achizițiile Premium rămân aceleași.",GLPzy se numește acum OneGLP,191,no,no,no,yes,1,yes,yes,no,54 alternates,77,index
https://www.glpzy.app/ro/,ro/index.html,ro,home,200,https://www.glpzy.app/ro/,index,yes,"Rutina dvs. GLP-1, organizată fără aglomerație | OneGLP","Înregistrați doze, greutate, simptome, apetit, fotografii, mementouri și context Apple Health într-o aplicație privată pentru revizuire personală.","Rutina dvs. GLP-1, organizată fără aglomerație.",802,no,no,no,yes,1,yes,no,no,54 alternates,135,index
https://www.glpzy.app/ro/local-first-private-glp-tracker.html,ro/local-first-private-glp-tracker.html,ro,privacy,200,https://www.glpzy.app/ro/local-first-private-glp-tracker.html,index,yes,Privat în mod implicit. Exportabil când alegeți | OneGLP,"Nu este necesar niciun cont pentru a urmări dozele, greutatea, simptomele, mementourile sau comenzile.",Privat în mod implicit. Exportabil când alegeți.,511,no,no,no,yes,1,no,no,no,54 alternates,54,index
https://www.glpzy.app/ro/medical-safety.html,ro/medical-safety.html,ro,trust,200,https://www.glpzy.app/ro/medical-safety.html,index,yes,Siguranta medicala | OneGLP,"OneGLP vă ajută să păstrați o evidență mai clară a ceea ce s-a întâmplat. Nu diagnosticează, prescrie sau alege doza dumneavoastră.",Siguranta medicala,771,no,no,no,yes,1,no,no,no,54 alternates,78,index
https://www.glpzy.app/ro/methodology.html,ro/methodology.html,ro,trust,200,https://www.glpzy.app/ro/methodology.html,index,yes,Metodologie | OneGLP,Tendința estimată a expunerii utilizează sincronizarea dozei înregistrate plus un model simplificat de absorbție și eliminare numai pentru urmărirea personală.,Metodologie,797,no,no,no,yes,1,no,no,no,54 alternates,77,index
https://www.glpzy.app/ro/mounjaro-tracker-iphone.html,ro/mounjaro-tracker-iphone.html,ro,medicine,200,https://www.glpzy.app/ro/mounjaro-tracker-iphone.html,index,yes,Mounjaro — Înregistrare rapidă fără dezordine | OneGLP,"Mounjaro: Urmăriți această rutină cu istoricul dozelor, greutate, simptome, apetit, fotografii, mementouri și exporturi într-o aplicație privată.",Mounjaro,495,no,no,no,yes,1,no,no,no,54 alternates,57,improve-copy-keep-indexable
https://www.glpzy.app/ro/overview.html,ro/overview.html,ro,other,200,https://www.glpzy.app/ro/overview.html,index,yes,OneGLP — Politica de confidențialitate · Siguranta medicala · Sprijin,"Examinați domeniul de asistență, contactele de confidențialitate și îndrumările care nu sunt de urgență.",OneGLP,459,no,no,no,yes,1,no,no,no,54 alternates,54,index
https://www.glpzy.app/ro/ozempic-tracker-iphone.html,ro/ozempic-tracker-iphone.html,ro,commercial,200,https://www.glpzy.app/ro/ozempic-tracker-iphone.html,index,yes,Ozempic — Înregistrare rapidă fără dezordine | OneGLP,"Ozempic: Urmăriți această rutină cu istoricul dozelor, greutate, simptome, apetit, fotografii, mementouri și exporturi într-o aplicație privată.",Ozempic,490,no,no,no,yes,1,no,no,no,54 alternates,58,index
https://www.glpzy.app/ro/privacy.html,ro/privacy.html,ro,privacy,200,https://www.glpzy.app/ro/privacy.html,index,yes,Privat în mod implicit. Exportabil când alegeți | OneGLP,"Nu este necesar niciun cont pentru a urmări dozele, greutatea, simptomele, mementourile sau comenzile.",Privat în mod implicit. Exportabil când alegeți.,511,no,no,no,yes,1,no,no,no,54 alternates,116,index
https://www.glpzy.app/ro/rybelsus-tracker-iphone.html,ro/rybelsus-tracker-iphone.html,ro,commercial,200,https://www.glpzy.app/ro/rybelsus-tracker-iphone.html,index,yes,Rybelsus — Înregistrare rapidă fără dezordine | OneGLP,"Rybelsus: Urmăriți această rutină cu istoricul dozelor, greutate, simptome, apetit, fotografii, mementouri și exporturi într-o aplicație privată.",Rybelsus,482,no,no,no,yes,1,no,no,no,54 alternates,58,index
https://www.glpzy.app/ro/saxenda-tracker-iphone.html,ro/saxenda-tracker-iphone.html,ro,commercial,200,https://www.glpzy.app/ro/saxenda-tracker-iphone.html,index,yes,Saxenda — Înregistrare rapidă fără dezordine | OneGLP,"Saxenda: Urmăriți această rutină cu istoricul dozelor, greutate, simptome, apetit, fotografii, mementouri și exporturi într-o aplicație privată.",Saxenda,481,no,no,no,yes,1,no,no,no,54 alternates,56,index
https://www.glpzy.app/ro/semaglutide-tracker-iphone.html,ro/semaglutide-tracker-iphone.html,ro,ingredient,200,https://www.glpzy.app/ro/semaglutide-tracker-iphone.html,index,yes,Semaglutide — Înregistrare rapidă fără dezordine | OneGLP,"Semaglutide: Urmăriți această rutină cu istoricul dozelor, greutate, simptome, apetit, fotografii, mementouri și exporturi într-o aplicație privată.",Semaglutide,493,no,no,no,yes,1,no,no,no,54 alternates,60,improve-copy-keep-indexable
https://www.glpzy.app/ro/support.html,ro/support.html,ro,trust,200,https://www.glpzy.app/ro/support.html,index,yes,Sprijin | OneGLP,"Examinați domeniul de asistență, contactele de confidențialitate și îndrumările care nu sunt de urgență.",Sprijin,490,no,no,no,yes,1,no,no,no,54 alternates,103,index
https://www.glpzy.app/ro/terms.html,ro/terms.html,ro,trust,200,https://www.glpzy.app/ro/terms.html,index,yes,Condiții de utilizare | OneGLP,"Prețurile, perioada de facturare și toate detaliile ofertei introductive sunt afișate din contul dvs. App Store înainte de cumpărare. Gestionați sau anulați în setările App Store.",Condiții de utilizare,519,no,no,no,yes,1,no,no,no,54 alternates,77,index
https://www.glpzy.app/ro/tirzepatide-tracker-iphone.html,ro/tirzepatide-tracker-iphone.html,ro,ingredient,200,https://www.glpzy.app/ro/tirzepatide-tracker-iphone.html,index,yes,Tirzepatide — Înregistrare rapidă fără dezordine | OneGLP,"Tirzepatide: Urmăriți această rutină cu istoricul dozelor, greutate, simptome, apetit, fotografii, mementouri și exporturi într-o aplicație privată.",Tirzepatide,501,no,no,no,yes,1,no,no,no,54 alternates,59,improve-copy-keep-indexable
https://www.glpzy.app/ro/trulicity-tracker-iphone.html,ro/trulicity-tracker-iphone.html,ro,commercial,200,https://www.glpzy.app/ro/trulicity-tracker-iphone.html,index,yes,Trulicity — Înregistrare rapidă fără dezordine | OneGLP,"Trulicity: Urmăriți această rutină cu istoricul dozelor, greutate, simptome, apetit, fotografii, mementouri și exporturi într-o aplicație privată.",Trulicity,484,no,no,no,yes,1,no,no,no,54 alternates,55,index
https://www.glpzy.app/ro/victoza-tracker-iphone.html,ro/victoza-tracker-iphone.html,ro,commercial,200,https://www.glpzy.app/ro/victoza-tracker-iphone.html,index,yes,Victoza — Înregistrare rapidă fără dezordine | OneGLP,"Victoza: Urmăriți această rutină cu istoricul dozelor, greutate, simptome, apetit, fotografii, mementouri și exporturi într-o aplicație privată.",Victoza,481,no,no,no,yes,1,no,no,no,54 alternates,56,index
https://www.glpzy.app/ro/wegovy-tracker-iphone.html,ro/wegovy-tracker-iphone.html,ro,medicine,200,https://www.glpzy.app/ro/wegovy-tracker-iphone.html,index,yes,Wegovy — Înregistrare rapidă fără dezordine | OneGLP,"Wegovy: Urmăriți această rutină cu istoricul dozelor, greutate, simptome, apetit, fotografii, mementouri și exporturi într-o aplicație privată.",Wegovy,493,no,no,no,yes,1,no,no,no,54 alternates,58,improve-copy-keep-indexable
https://www.glpzy.app/ro/zepbound-tracker-iphone.html,ro/zepbound-tracker-iphone.html,ro,medicine,200,https://www.glpzy.app/ro/zepbound-tracker-iphone.html,index,yes,Zepbound — Înregistrare rapidă fără dezordine | OneGLP,"Zepbound: Urmăriți această rutină cu istoricul dozelor, greutate, simptome, apetit, fotografii, mementouri și exporturi într-o aplicație privată.",Zepbound,508,no,no,no,yes,1,no,no,no,54 alternates,57,improve-copy-keep-indexable
https://www.glpzy.app/ru/apple-health-glp-tracker.html,ru/apple-health-glp-tracker.html,ru,feature,200,https://www.glpzy.app/ru/apple-health-glp-tracker.html,index,yes,Контекст только для чтения от Apple Health | OneGLP,"Доступ к Apple Health не является обязательным и ограничивается предоставленными вами разрешениями. OneGLP импортирует историю веса и роста тела, а затем считывает сводные данные о составе тела, сне, движении, тренировках, калориях, белке и воде в режиме только для чтения. Ничего не записывается обратно.",Контекст только для чтения от Apple Health,493,no,no,no,yes,1,no,no,no,54 alternates,54,improve-copy-keep-indexable
https://www.glpzy.app/ru/compounded-glp-tracker-iphone.html,ru/compounded-glp-tracker-iphone.html,ru,commercial,200,https://www.glpzy.app/ru/compounded-glp-tracker-iphone.html,index,yes,Сложный — Быстрая регистрация без беспорядка | OneGLP,"Сложный: Отслеживайте эту рутину с историей доз, весом, симптомами, аппетитом, фотографиями, напоминаниями и экспортом в одном приватном приложении.",Сложный,468,no,no,no,yes,1,no,no,no,54 alternates,56,index
https://www.glpzy.app/ru/custom-medication-tracker-iphone.html,ru/custom-medication-tracker-iphone.html,ru,commercial,200,https://www.glpzy.app/ru/custom-medication-tracker-iphone.html,index,yes,Пользовательский — Быстрая регистрация без беспорядка | OneGLP,"Пользовательский: Отслеживайте эту рутину с историей доз, весом, симптомами, аппетитом, фотографиями, напоминаниями и экспортом в одном приватном приложении.",Пользовательский,476,no,no,no,yes,1,no,no,no,54 alternates,58,index
https://www.glpzy.app/ru/data-rights.html,ru/data-rights.html,ru,privacy,200,https://www.glpzy.app/ru/data-rights.html,index,yes,История экспорта | OneGLP,"OneGLP сначала создаст локальную резервную копию, а затем заменит локальные записи на этом устройстве.",История экспорта,393,no,no,no,yes,1,no,no,no,54 alternates,77,index
https://www.glpzy.app/ru/foundayo-tracker-iphone.html,ru/foundayo-tracker-iphone.html,ru,commercial,200,https://www.glpzy.app/ru/foundayo-tracker-iphone.html,index,yes,Foundayo — Быстрая регистрация без беспорядка | OneGLP,"Foundayo: Отслеживайте эту рутину с историей доз, весом, симптомами, аппетитом, фотографиями, напоминаниями и экспортом в одном приватном приложении.",Foundayo,458,no,no,no,yes,1,no,no,no,54 alternates,55,index
https://www.glpzy.app/ru/glp1-weight-dose-symptom-tracker.html,ru/glp1-weight-dose-symptom-tracker.html,ru,commercial,200,https://www.glpzy.app/ru/glp1-weight-dose-symptom-tracker.html,index,yes,"Ваша рутина GLP-1, упорядоченная без лишнего шума | OneGLP","Записывайте дозы, вес, симптомы, аппетит, фотографии, напоминания и контекст Apple Health в одном приватном приложении для личного просмотра.","Ваша рутина GLP-1, упорядоченная без лишнего шума.",549,no,no,no,yes,1,no,no,no,54 alternates,54,index
https://www.glpzy.app/ru/glpzy-is-now-oneglp/,ru/glpzy-is-now-oneglp/index.html,ru,home,200,https://www.glpzy.app/ru/glpzy-is-now-oneglp/,index,yes,GLPzy теперь называется OneGLP,GLPzy теперь OneGLP. Приложение и разработчик не изменились. Ваши записи и покупки Premium сохраняются.,GLPzy теперь называется OneGLP,183,no,no,no,yes,1,yes,yes,no,54 alternates,77,index
https://www.glpzy.app/ru/,ru/index.html,ru,home,200,https://www.glpzy.app/ru/,index,yes,"Ваша рутина GLP-1, упорядоченная без лишнего шума | OneGLP","Записывайте дозы, вес, симптомы, аппетит, фотографии, напоминания и контекст Apple Health в одном приватном приложении для личного просмотра.","Ваша рутина GLP-1, упорядоченная без лишнего шума.",746,no,no,no,yes,1,yes,no,no,54 alternates,135,index
https://www.glpzy.app/ru/local-first-private-glp-tracker.html,ru/local-first-private-glp-tracker.html,ru,privacy,200,https://www.glpzy.app/ru/local-first-private-glp-tracker.html,index,yes,"Приватно по умолчанию. Можно экспортировать, когда вы решите | OneGLP","Для отслеживания доз, веса, симптомов, напоминаний или заказов не требуется учетная запись.","Приватно по умолчанию. Можно экспортировать, когда вы решите.",476,no,no,no,yes,1,no,no,no,54 alternates,54,index
https://www.glpzy.app/ru/medical-safety.html,ru/medical-safety.html,ru,trust,200,https://www.glpzy.app/ru/medical-safety.html,index,yes,Медицинская безопасность | OneGLP,"OneGLP помогает вам более четко записывать, что произошло. Он не ставит диагноз, не назначает и не выбирает дозу.",Медицинская безопасность,713,no,no,no,yes,1,no,no,no,54 alternates,78,index
https://www.glpzy.app/ru/methodology.html,ru/methodology.html,ru,trust,200,https://www.glpzy.app/ru/methodology.html,index,yes,Методология | OneGLP,"В расчетной тенденции воздействия используется зарегистрированное время приема дозы, а также упрощенная модель поглощения и выведения только для личного отслеживания.",Методология,740,no,no,no,yes,1,no,no,no,54 alternates,77,index
https://www.glpzy.app/ru/mounjaro-tracker-iphone.html,ru/mounjaro-tracker-iphone.html,ru,medicine,200,https://www.glpzy.app/ru/mounjaro-tracker-iphone.html,index,yes,Mounjaro — Быстрая регистрация без беспорядка | OneGLP,"Mounjaro: Отслеживайте эту рутину с историей доз, весом, симптомами, аппетитом, фотографиями, напоминаниями и экспортом в одном приватном приложении.",Mounjaro,468,no,no,no,yes,1,no,no,no,54 alternates,57,improve-copy-keep-indexable
https://www.glpzy.app/ru/overview.html,ru/overview.html,ru,other,200,https://www.glpzy.app/ru/overview.html,index,yes,OneGLP — Политика конфиденциальности · Медицинская безопасность · Поддержка,"Ознакомьтесь с объемом поддержки, контактами по вопросам конфиденциальности и рекомендациями по нечрезвычайным ситуациям.",OneGLP,431,no,no,no,yes,1,no,no,no,54 alternates,54,index
https://www.glpzy.app/ru/ozempic-tracker-iphone.html,ru/ozempic-tracker-iphone.html,ru,commercial,200,https://www.glpzy.app/ru/ozempic-tracker-iphone.html,index,yes,Ozempic — Быстрая регистрация без беспорядка | OneGLP,"Ozempic: Отслеживайте эту рутину с историей доз, весом, симптомами, аппетитом, фотографиями, напоминаниями и экспортом в одном приватном приложении.",Ozempic,465,no,no,no,yes,1,no,no,no,54 alternates,58,index
https://www.glpzy.app/ru/privacy.html,ru/privacy.html,ru,privacy,200,https://www.glpzy.app/ru/privacy.html,index,yes,"Приватно по умолчанию. Можно экспортировать, когда вы решите | OneGLP","Для отслеживания доз, веса, симптомов, напоминаний или заказов не требуется учетная запись.","Приватно по умолчанию. Можно экспортировать, когда вы решите.",476,no,no,no,yes,1,no,no,no,54 alternates,116,index
https://www.glpzy.app/ru/rybelsus-tracker-iphone.html,ru/rybelsus-tracker-iphone.html,ru,commercial,200,https://www.glpzy.app/ru/rybelsus-tracker-iphone.html,index,yes,Rybelsus — Быстрая регистрация без беспорядка | OneGLP,"Rybelsus: Отслеживайте эту рутину с историей доз, весом, симптомами, аппетитом, фотографиями, напоминаниями и экспортом в одном приватном приложении.",Rybelsus,460,no,no,no,yes,1,no,no,no,54 alternates,58,index
https://www.glpzy.app/ru/saxenda-tracker-iphone.html,ru/saxenda-tracker-iphone.html,ru,commercial,200,https://www.glpzy.app/ru/saxenda-tracker-iphone.html,index,yes,Saxenda — Быстрая регистрация без беспорядка | OneGLP,"Saxenda: Отслеживайте эту рутину с историей доз, весом, симптомами, аппетитом, фотографиями, напоминаниями и экспортом в одном приватном приложении.",Saxenda,459,no,no,no,yes,1,no,no,no,54 alternates,56,index
https://www.glpzy.app/ru/semaglutide-tracker-iphone.html,ru/semaglutide-tracker-iphone.html,ru,ingredient,200,https://www.glpzy.app/ru/semaglutide-tracker-iphone.html,index,yes,Semaglutide — Быстрая регистрация без беспорядка | OneGLP,"Semaglutide: Отслеживайте эту рутину с историей доз, весом, симптомами, аппетитом, фотографиями, напоминаниями и экспортом в одном приватном приложении.",Semaglutide,468,no,no,no,yes,1,no,no,no,54 alternates,60,improve-copy-keep-indexable
https://www.glpzy.app/ru/support.html,ru/support.html,ru,trust,200,https://www.glpzy.app/ru/support.html,index,yes,Поддержка | OneGLP,"Ознакомьтесь с объемом поддержки, контактами по вопросам конфиденциальности и рекомендациями по нечрезвычайным ситуациям.",Поддержка,461,no,no,no,yes,1,no,no,no,54 alternates,103,index
https://www.glpzy.app/ru/terms.html,ru/terms.html,ru,trust,200,https://www.glpzy.app/ru/terms.html,index,yes,Условия использования | OneGLP,"Цены, расчетный период и любые сведения о вводном предложении отображаются в вашей учетной записи App Store перед покупкой. Управляйте или отменяйте настройки App Store.",Условия использования,489,no,no,no,yes,1,no,no,no,54 alternates,77,index
https://www.glpzy.app/ru/tirzepatide-tracker-iphone.html,ru/tirzepatide-tracker-iphone.html,ru,ingredient,200,https://www.glpzy.app/ru/tirzepatide-tracker-iphone.html,index,yes,Tirzepatide — Быстрая регистрация без беспорядка | OneGLP,"Tirzepatide: Отслеживайте эту рутину с историей доз, весом, симптомами, аппетитом, фотографиями, напоминаниями и экспортом в одном приватном приложении.",Tirzepatide,472,no,no,no,yes,1,no,no,no,54 alternates,59,improve-copy-keep-indexable
https://www.glpzy.app/ru/trulicity-tracker-iphone.html,ru/trulicity-tracker-iphone.html,ru,commercial,200,https://www.glpzy.app/ru/trulicity-tracker-iphone.html,index,yes,Trulicity — Быстрая регистрация без беспорядка | OneGLP,"Trulicity: Отслеживайте эту рутину с историей доз, весом, симптомами, аппетитом, фотографиями, напоминаниями и экспортом в одном приватном приложении.",Trulicity,459,no,no,no,yes,1,no,no,no,54 alternates,55,index
https://www.glpzy.app/ru/victoza-tracker-iphone.html,ru/victoza-tracker-iphone.html,ru,commercial,200,https://www.glpzy.app/ru/victoza-tracker-iphone.html,index,yes,Victoza — Быстрая регистрация без беспорядка | OneGLP,"Victoza: Отслеживайте эту рутину с историей доз, весом, симптомами, аппетитом, фотографиями, напоминаниями и экспортом в одном приватном приложении.",Victoza,459,no,no,no,yes,1,no,no,no,54 alternates,56,index
https://www.glpzy.app/ru/wegovy-tracker-iphone.html,ru/wegovy-tracker-iphone.html,ru,medicine,200,https://www.glpzy.app/ru/wegovy-tracker-iphone.html,index,yes,Wegovy — Быстрая регистрация без беспорядка | OneGLP,"Wegovy: Отслеживайте эту рутину с историей доз, весом, симптомами, аппетитом, фотографиями, напоминаниями и экспортом в одном приватном приложении.",Wegovy,468,no,no,no,yes,1,no,no,no,54 alternates,58,improve-copy-keep-indexable
https://www.glpzy.app/ru/zepbound-tracker-iphone.html,ru/zepbound-tracker-iphone.html,ru,medicine,200,https://www.glpzy.app/ru/zepbound-tracker-iphone.html,index,yes,Zepbound — Быстрая регистрация без беспорядка | OneGLP,"Zepbound: Отслеживайте эту рутину с историей доз, весом, симптомами, аппетитом, фотографиями, напоминаниями и экспортом в одном приватном приложении.",Zepbound,478,no,no,no,yes,1,no,no,no,54 alternates,57,improve-copy-keep-indexable
https://www.glpzy.app/rybelsus-tracker-iphone.html,rybelsus-tracker-iphone.html,root,commercial,200,https://www.glpzy.app/rybelsus-tracker-iphone.html,index,yes,Rybelsus tablet tracker for iPhone and iPad | OneGLP daily routine log,"Track Rybelsus oral tablet routines on iPhone and iPad with daily reminders, notes, Apple Health context, and local-first history in OneGLP.",Rybelsus tracking for daily tablet routines,611,no,no,yes,yes,1,no,yes,no,54 alternates,54,index
https://www.glpzy.app/saxenda-tracker-iphone.html,saxenda-tracker-iphone.html,root,commercial,200,https://www.glpzy.app/saxenda-tracker-iphone.html,index,yes,Saxenda pen tracker for iPhone and iPad | OneGLP daily progress app,"Track Saxenda pen injections on iPhone and iPad with daily reminders, photo milestones, symptom notes, and Apple Health context in OneGLP.",Saxenda tracking with daily review and photo milestones,543,no,no,yes,yes,1,no,yes,no,54 alternates,55,index
https://www.glpzy.app/semaglutide-tracker-iphone.html,semaglutide-tracker-iphone.html,root,ingredient,200,https://www.glpzy.app/semaglutide-tracker-iphone.html,index,yes,Semaglutide tracker app for iPhone | OneGLP,"Track semaglutide dose records, reminders, weight, symptoms, photos and optional read-only Apple Health context privately on iPhone.",Semaglutide tracker app for iPhone,1014,yes,yes,yes,yes,4,yes,yes,yes,54 alternates,71,index
https://www.glpzy.app/sk/apple-health-glp-tracker.html,sk/apple-health-glp-tracker.html,sk,feature,200,https://www.glpzy.app/sk/apple-health-glp-tracker.html,index,yes,Kontext len na čítanie z Apple Health | OneGLP,"Prístup Apple Health je voliteľný a obmedzený na povolenia, ktoré udelíte. OneGLP importuje históriu telesnej hmotnosti a výšku a potom načíta zloženie tela, spánok, pohyb, cvičenie, kalórie, bielkoviny a vodu v režime iba na čítanie. Nič sa neodpisuje.",Kontext len na čítanie z Apple Health,472,no,no,no,yes,1,no,no,no,54 alternates,54,improve-copy-keep-indexable
https://www.glpzy.app/sk/compounded-glp-tracker-iphone.html,sk/compounded-glp-tracker-iphone.html,sk,commercial,200,https://www.glpzy.app/sk/compounded-glp-tracker-iphone.html,index,yes,Zložené — Rýchle zaznamenávanie dávok bez neporiadku | OneGLP,"Zložené: Sledujte túto rutinu s históriou dávok, hmotnosťou, príznakmi, chuťou do jedla, fotografiami, pripomienkami a exportmi v jednej súkromnej aplikácii.",Zložené,469,no,no,no,yes,1,no,no,no,54 alternates,56,index
https://www.glpzy.app/sk/custom-medication-tracker-iphone.html,sk/custom-medication-tracker-iphone.html,sk,commercial,200,https://www.glpzy.app/sk/custom-medication-tracker-iphone.html,index,yes,Vlastné — Rýchle zaznamenávanie dávok bez neporiadku | OneGLP,"Vlastné: Sledujte túto rutinu s históriou dávok, hmotnosťou, príznakmi, chuťou do jedla, fotografiami, pripomienkami a exportmi v jednej súkromnej aplikácii.",Vlastné,478,no,no,no,yes,1,no,no,no,54 alternates,58,index
https://www.glpzy.app/sk/data-rights.html,sk/data-rights.html,sk,privacy,200,https://www.glpzy.app/sk/data-rights.html,index,yes,História exportu | OneGLP,OneGLP najprv vytvorí lokálnu bezpečnostnú zálohu a potom nahradí lokálne záznamy na tomto zariadení.,História exportu,383,no,no,no,yes,1,no,no,no,54 alternates,77,index
https://www.glpzy.app/sk/foundayo-tracker-iphone.html,sk/foundayo-tracker-iphone.html,sk,commercial,200,https://www.glpzy.app/sk/foundayo-tracker-iphone.html,index,yes,Foundayo — Rýchle zaznamenávanie dávok bez neporiadku | OneGLP,"Foundayo: Sledujte túto rutinu s históriou dávok, hmotnosťou, príznakmi, chuťou do jedla, fotografiami, pripomienkami a exportmi v jednej súkromnej aplikácii.",Foundayo,459,no,no,no,yes,1,no,no,no,54 alternates,55,index
https://www.glpzy.app/sk/glp1-weight-dose-symptom-tracker.html,sk/glp1-weight-dose-symptom-tracker.html,sk,commercial,200,https://www.glpzy.app/sk/glp1-weight-dose-symptom-tracker.html,index,yes,"Vaša rutina GLP-1, usporiadaná bez zbytočného neporiadku | OneGLP","Zaznamenávajte dávky, hmotnosť, príznaky, chuť do jedla, fotografie, pripomienky a kontext Apple Health v jednej súkromnej aplikácii na osobnú kontrolu.","Vaša rutina GLP-1, usporiadaná bez zbytočného neporiadku.",526,no,no,no,yes,1,no,no,no,54 alternates,54,index
https://www.glpzy.app/sk/glpzy-is-now-oneglp/,sk/glpzy-is-now-oneglp/index.html,sk,home,200,https://www.glpzy.app/sk/glpzy-is-now-oneglp/,index,yes,GLPzy sa teraz volá OneGLP,"GLPzy je teraz OneGLP. Aplikácia, vývojár, vaše záznamy aj nákupy Premium zostávajú rovnaké.",GLPzy sa teraz volá OneGLP,179,no,no,no,yes,1,yes,yes,no,54 alternates,77,index
https://www.glpzy.app/sk/,sk/index.html,sk,home,200,https://www.glpzy.app/sk/,index,yes,"Vaša rutina GLP-1, usporiadaná bez zbytočného neporiadku | OneGLP","Zaznamenávajte dávky, hmotnosť, príznaky, chuť do jedla, fotografie, pripomienky a kontext Apple Health v jednej súkromnej aplikácii na osobnú kontrolu.","Vaša rutina GLP-1, usporiadaná bez zbytočného neporiadku.",727,no,no,no,yes,1,yes,no,no,54 alternates,135,index
https://www.glpzy.app/sk/local-first-private-glp-tracker.html,sk/local-first-private-glp-tracker.html,sk,privacy,200,https://www.glpzy.app/sk/local-first-private-glp-tracker.html,index,yes,"Súkromné predvolene. Exportovateľné, keď si vyberiete | OneGLP","Na sledovanie dávok, hmotnosti, symptómov, pripomenutí alebo objednávok nie je potrebný žiadny účet.","Súkromné predvolene. Exportovateľné, keď si vyberiete.",453,no,no,no,yes,1,no,no,no,54 alternates,54,index
https://www.glpzy.app/sk/medical-safety.html,sk/medical-safety.html,sk,trust,200,https://www.glpzy.app/sk/medical-safety.html,index,yes,Lekárska bezpečnosť | OneGLP,"OneGLP vám pomáha udržiavať jasnejšie záznamy o tom, čo sa stalo. Nediagnostikuje, nepredpisuje ani nevyberá vašu dávku.",Lekárska bezpečnosť,702,no,no,no,yes,1,no,no,no,54 alternates,78,index
https://www.glpzy.app/sk/methodology.html,sk/methodology.html,sk,trust,200,https://www.glpzy.app/sk/methodology.html,index,yes,Metodológia | OneGLP,Odhadovaný trend expozície používa zaznamenané načasovanie dávky plus zjednodušený model absorpcie a eliminácie len na osobné sledovanie.,Metodológia,725,no,no,no,yes,1,no,no,no,54 alternates,77,index
https://www.glpzy.app/sk/mounjaro-tracker-iphone.html,sk/mounjaro-tracker-iphone.html,sk,medicine,200,https://www.glpzy.app/sk/mounjaro-tracker-iphone.html,index,yes,Mounjaro — Rýchle zaznamenávanie dávok bez neporiadku | OneGLP,"Mounjaro: Sledujte túto rutinu s históriou dávok, hmotnosťou, príznakmi, chuťou do jedla, fotografiami, pripomienkami a exportmi v jednej súkromnej aplikácii.",Mounjaro,469,no,no,no,yes,1,no,no,no,54 alternates,57,improve-copy-keep-indexable
https://www.glpzy.app/sk/overview.html,sk/overview.html,sk,other,200,https://www.glpzy.app/sk/overview.html,index,yes,OneGLP — Zásady ochrany osobných údajov · Lekárska bezpečnosť · Podpora,"Skontrolujte rozsah podpory, kontakty na ochranu osobných údajov a pokyny, ktoré nie sú núdzové.",OneGLP,421,no,no,no,yes,1,no,no,no,54 alternates,54,index
https://www.glpzy.app/sk/ozempic-tracker-iphone.html,sk/ozempic-tracker-iphone.html,sk,commercial,200,https://www.glpzy.app/sk/ozempic-tracker-iphone.html,index,yes,Ozempic — Rýchle zaznamenávanie dávok bez neporiadku | OneGLP,"Ozempic: Sledujte túto rutinu s históriou dávok, hmotnosťou, príznakmi, chuťou do jedla, fotografiami, pripomienkami a exportmi v jednej súkromnej aplikácii.",Ozempic,465,no,no,no,yes,1,no,no,no,54 alternates,58,index
https://www.glpzy.app/sk/privacy.html,sk/privacy.html,sk,privacy,200,https://www.glpzy.app/sk/privacy.html,index,yes,"Súkromné predvolene. Exportovateľné, keď si vyberiete | OneGLP","Na sledovanie dávok, hmotnosti, symptómov, pripomenutí alebo objednávok nie je potrebný žiadny účet.","Súkromné predvolene. Exportovateľné, keď si vyberiete.",453,no,no,no,yes,1,no,no,no,54 alternates,116,index
https://www.glpzy.app/sk/rybelsus-tracker-iphone.html,sk/rybelsus-tracker-iphone.html,sk,commercial,200,https://www.glpzy.app/sk/rybelsus-tracker-iphone.html,index,yes,Rybelsus — Rýchle zaznamenávanie dávok bez neporiadku | OneGLP,"Rybelsus: Sledujte túto rutinu s históriou dávok, hmotnosťou, príznakmi, chuťou do jedla, fotografiami, pripomienkami a exportmi v jednej súkromnej aplikácii.",Rybelsus,461,no,no,no,yes,1,no,no,no,54 alternates,58,index
https://www.glpzy.app/sk/saxenda-tracker-iphone.html,sk/saxenda-tracker-iphone.html,sk,commercial,200,https://www.glpzy.app/sk/saxenda-tracker-iphone.html,index,yes,Saxenda — Rýchle zaznamenávanie dávok bez neporiadku | OneGLP,"Saxenda: Sledujte túto rutinu s históriou dávok, hmotnosťou, príznakmi, chuťou do jedla, fotografiami, pripomienkami a exportmi v jednej súkromnej aplikácii.",Saxenda,459,no,no,no,yes,1,no,no,no,54 alternates,56,index
https://www.glpzy.app/sk/semaglutide-tracker-iphone.html,sk/semaglutide-tracker-iphone.html,sk,ingredient,200,https://www.glpzy.app/sk/semaglutide-tracker-iphone.html,index,yes,Semaglutide — Rýchle zaznamenávanie dávok bez neporiadku | OneGLP,"Semaglutide: Sledujte túto rutinu s históriou dávok, hmotnosťou, príznakmi, chuťou do jedla, fotografiami, pripomienkami a exportmi v jednej súkromnej aplikácii.",Semaglutide,469,no,no,no,yes,1,no,no,no,54 alternates,60,improve-copy-keep-indexable
https://www.glpzy.app/sk/support.html,sk/support.html,sk,trust,200,https://www.glpzy.app/sk/support.html,index,yes,Podpora | OneGLP,"Skontrolujte rozsah podpory, kontakty na ochranu osobných údajov a pokyny, ktoré nie sú núdzové.",Podpora,449,no,no,no,yes,1,no,no,no,54 alternates,103,index
https://www.glpzy.app/sk/terms.html,sk/terms.html,sk,trust,200,https://www.glpzy.app/sk/terms.html,index,yes,Podmienky používania | OneGLP,"Ceny, fakturačné obdobie a všetky podrobnosti úvodnej ponuky sa pred nákupom zobrazia z vášho účtu App Store. Spravujte alebo zrušte v nastaveniach App Store.",Podmienky používania,477,no,no,no,yes,1,no,no,no,54 alternates,77,index
https://www.glpzy.app/sk/tirzepatide-tracker-iphone.html,sk/tirzepatide-tracker-iphone.html,sk,ingredient,200,https://www.glpzy.app/sk/tirzepatide-tracker-iphone.html,index,yes,Tirzepatide — Rýchle zaznamenávanie dávok bez neporiadku | OneGLP,"Tirzepatide: Sledujte túto rutinu s históriou dávok, hmotnosťou, príznakmi, chuťou do jedla, fotografiami, pripomienkami a exportmi v jednej súkromnej aplikácii.",Tirzepatide,474,no,no,no,yes,1,no,no,no,54 alternates,59,improve-copy-keep-indexable
https://www.glpzy.app/sk/trulicity-tracker-iphone.html,sk/trulicity-tracker-iphone.html,sk,commercial,200,https://www.glpzy.app/sk/trulicity-tracker-iphone.html,index,yes,Trulicity — Rýchle zaznamenávanie dávok bez neporiadku | OneGLP,"Trulicity: Sledujte túto rutinu s históriou dávok, hmotnosťou, príznakmi, chuťou do jedla, fotografiami, pripomienkami a exportmi v jednej súkromnej aplikácii.",Trulicity,459,no,no,no,yes,1,no,no,no,54 alternates,55,index
https://www.glpzy.app/sk/victoza-tracker-iphone.html,sk/victoza-tracker-iphone.html,sk,commercial,200,https://www.glpzy.app/sk/victoza-tracker-iphone.html,index,yes,Victoza — Rýchle zaznamenávanie dávok bez neporiadku | OneGLP,"Victoza: Sledujte túto rutinu s históriou dávok, hmotnosťou, príznakmi, chuťou do jedla, fotografiami, pripomienkami a exportmi v jednej súkromnej aplikácii.",Victoza,459,no,no,no,yes,1,no,no,no,54 alternates,56,index
https://www.glpzy.app/sk/wegovy-tracker-iphone.html,sk/wegovy-tracker-iphone.html,sk,medicine,200,https://www.glpzy.app/sk/wegovy-tracker-iphone.html,index,yes,Wegovy — Rýchle zaznamenávanie dávok bez neporiadku | OneGLP,"Wegovy: Sledujte túto rutinu s históriou dávok, hmotnosťou, príznakmi, chuťou do jedla, fotografiami, pripomienkami a exportmi v jednej súkromnej aplikácii.",Wegovy,469,no,no,no,yes,1,no,no,no,54 alternates,58,improve-copy-keep-indexable
https://www.glpzy.app/sk/zepbound-tracker-iphone.html,sk/zepbound-tracker-iphone.html,sk,medicine,200,https://www.glpzy.app/sk/zepbound-tracker-iphone.html,index,yes,Zepbound — Rýchle zaznamenávanie dávok bez neporiadku | OneGLP,"Zepbound: Sledujte túto rutinu s históriou dávok, hmotnosťou, príznakmi, chuťou do jedla, fotografiami, pripomienkami a exportmi v jednej súkromnej aplikácii.",Zepbound,480,no,no,no,yes,1,no,no,no,54 alternates,57,improve-copy-keep-indexable
https://www.glpzy.app/sl/apple-health-glp-tracker.html,sl/apple-health-glp-tracker.html,sl,feature,200,https://www.glpzy.app/sl/apple-health-glp-tracker.html,index,yes,Kontekst samo za branje iz Apple Health | OneGLP,"Dostop Apple Health ni obvezen in omejen na dovoljenja, ki jih dodelite. OneGLP uvozi zgodovino telesne teže in višine, nato prebere povzetke telesne sestave, spanja, gibanja, vadbe, kalorij, beljakovin in vode v načinu samo za branje. Nič ni zapisano nazaj.",Kontekst samo za branje iz Apple Health,489,no,no,no,yes,1,no,no,no,54 alternates,54,improve-copy-keep-indexable
https://www.glpzy.app/sl/compounded-glp-tracker-iphone.html,sl/compounded-glp-tracker-iphone.html,sl,commercial,200,https://www.glpzy.app/sl/compounded-glp-tracker-iphone.html,index,yes,Sestavljeno — Hitro beleženje brez nereda | OneGLP,"Sestavljeno: Sledite tej rutini z zgodovino odmerkov, težo, simptomi, apetitom, fotografijami, opomniki in izvozi v eni zasebni aplikaciji.",Sestavljeno,469,no,no,no,yes,1,no,no,no,54 alternates,56,index
https://www.glpzy.app/sl/custom-medication-tracker-iphone.html,sl/custom-medication-tracker-iphone.html,sl,commercial,200,https://www.glpzy.app/sl/custom-medication-tracker-iphone.html,index,yes,Po meri — Hitro beleženje brez nereda | OneGLP,"Po meri: Sledite tej rutini z zgodovino odmerkov, težo, simptomi, apetitom, fotografijami, opomniki in izvozi v eni zasebni aplikaciji.",Po meri,483,no,no,no,yes,1,no,no,no,54 alternates,58,index
https://www.glpzy.app/sl/data-rights.html,sl/data-rights.html,sl,privacy,200,https://www.glpzy.app/sl/data-rights.html,index,yes,Zgodovina izvoza | OneGLP,"OneGLP bo najprej ustvaril lokalno varnostno kopijo, nato pa zamenjal lokalne zapise v tej napravi.",Zgodovina izvoza,399,no,no,no,yes,1,no,no,no,54 alternates,77,index
https://www.glpzy.app/sl/foundayo-tracker-iphone.html,sl/foundayo-tracker-iphone.html,sl,commercial,200,https://www.glpzy.app/sl/foundayo-tracker-iphone.html,index,yes,Foundayo — Hitro beleženje brez nereda | OneGLP,"Foundayo: Sledite tej rutini z zgodovino odmerkov, težo, simptomi, apetitom, fotografijami, opomniki in izvozi v eni zasebni aplikaciji.",Foundayo,460,no,no,no,yes,1,no,no,no,54 alternates,55,index
https://www.glpzy.app/sl/glp1-weight-dose-symptom-tracker.html,sl/glp1-weight-dose-symptom-tracker.html,sl,commercial,200,https://www.glpzy.app/sl/glp1-weight-dose-symptom-tracker.html,index,yes,"Vaša rutina GLP-1, urejena brez navlake | OneGLP","Beležite odmerke, težo, simptome, apetit, fotografije, opomnike in kontekst Apple Health v eni zasebni aplikaciji za osebni pregled.","Vaša rutina GLP-1, urejena brez navlake.",540,no,no,no,yes,1,no,no,no,54 alternates,54,index
https://www.glpzy.app/sl/glpzy-is-now-oneglp/,sl/glpzy-is-now-oneglp/index.html,sl,home,200,https://www.glpzy.app/sl/glpzy-is-now-oneglp/,index,yes,GLPzy se zdaj imenuje OneGLP,"GLPzy je zdaj OneGLP. Aplikacija, razvijalec, vaši zapisi in nakupi Premium ostajajo enaki.",GLPzy se zdaj imenuje OneGLP,187,no,no,no,yes,1,yes,yes,no,54 alternates,77,index
https://www.glpzy.app/sl/,sl/index.html,sl,home,200,https://www.glpzy.app/sl/,index,yes,"Vaša rutina GLP-1, urejena brez navlake | OneGLP","Beležite odmerke, težo, simptome, apetit, fotografije, opomnike in kontekst Apple Health v eni zasebni aplikaciji za osebni pregled.","Vaša rutina GLP-1, urejena brez navlake.",744,no,no,no,yes,1,yes,no,no,54 alternates,135,index
https://www.glpzy.app/sl/local-first-private-glp-tracker.html,sl/local-first-private-glp-tracker.html,sl,privacy,200,https://www.glpzy.app/sl/local-first-private-glp-tracker.html,index,yes,"Privatno privzeto. Izvozljivo, ko se odločite | OneGLP","Za sledenje odmerkom, teži, simptomom, opomnikom ali naročilom ni potreben noben račun.","Privatno privzeto. Izvozljivo, ko se odločite.",472,no,no,no,yes,1,no,no,no,54 alternates,54,index
https://www.glpzy.app/sl/medical-safety.html,sl/medical-safety.html,sl,trust,200,https://www.glpzy.app/sl/medical-safety.html,index,yes,Medicinska varnost | OneGLP,"OneGLP vam pomaga voditi jasnejši zapis o tem, kaj se je zgodilo. Ne postavlja diagnoze, predpisuje ali izbira odmerka.",Medicinska varnost,719,no,no,no,yes,1,no,no,no,54 alternates,78,index
https://www.glpzy.app/sl/methodology.html,sl/methodology.html,sl,trust,200,https://www.glpzy.app/sl/methodology.html,index,yes,Metodologija | OneGLP,Ocenjeni trend izpostavljenosti uporablja zabeležen čas odmerka ter poenostavljen model absorpcije in izločanja samo za osebno sledenje.,Metodologija,739,no,no,no,yes,1,no,no,no,54 alternates,77,index
https://www.glpzy.app/sl/mounjaro-tracker-iphone.html,sl/mounjaro-tracker-iphone.html,sl,medicine,200,https://www.glpzy.app/sl/mounjaro-tracker-iphone.html,index,yes,Mounjaro — Hitro beleženje brez nereda | OneGLP,"Mounjaro: Sledite tej rutini z zgodovino odmerkov, težo, simptomi, apetitom, fotografijami, opomniki in izvozi v eni zasebni aplikaciji.",Mounjaro,468,no,no,no,yes,1,no,no,no,54 alternates,57,improve-copy-keep-indexable
https://www.glpzy.app/sl/overview.html,sl/overview.html,sl,other,200,https://www.glpzy.app/sl/overview.html,index,yes,OneGLP — Politika zasebnosti · Medicinska varnost · Podpora,"Preglejte obseg podpore, stike za zasebnost in navodila za nenujne primere.",OneGLP,427,no,no,no,yes,1,no,no,no,54 alternates,54,index
https://www.glpzy.app/sl/ozempic-tracker-iphone.html,sl/ozempic-tracker-iphone.html,sl,commercial,200,https://www.glpzy.app/sl/ozempic-tracker-iphone.html,index,yes,Ozempic — Hitro beleženje brez nereda | OneGLP,"Ozempic: Sledite tej rutini z zgodovino odmerkov, težo, simptomi, apetitom, fotografijami, opomniki in izvozi v eni zasebni aplikaciji.",Ozempic,465,no,no,no,yes,1,no,no,no,54 alternates,58,index
https://www.glpzy.app/sl/privacy.html,sl/privacy.html,sl,privacy,200,https://www.glpzy.app/sl/privacy.html,index,yes,"Privatno privzeto. Izvozljivo, ko se odločite | OneGLP","Za sledenje odmerkom, teži, simptomom, opomnikom ali naročilom ni potreben noben račun.","Privatno privzeto. Izvozljivo, ko se odločite.",472,no,no,no,yes,1,no,no,no,54 alternates,116,index
https://www.glpzy.app/sl/rybelsus-tracker-iphone.html,sl/rybelsus-tracker-iphone.html,sl,commercial,200,https://www.glpzy.app/sl/rybelsus-tracker-iphone.html,index,yes,Rybelsus — Hitro beleženje brez nereda | OneGLP,"Rybelsus: Sledite tej rutini z zgodovino odmerkov, težo, simptomi, apetitom, fotografijami, opomniki in izvozi v eni zasebni aplikaciji.",Rybelsus,461,no,no,no,yes,1,no,no,no,54 alternates,58,index
https://www.glpzy.app/sl/saxenda-tracker-iphone.html,sl/saxenda-tracker-iphone.html,sl,commercial,200,https://www.glpzy.app/sl/saxenda-tracker-iphone.html,index,yes,Saxenda — Hitro beleženje brez nereda | OneGLP,"Saxenda: Sledite tej rutini z zgodovino odmerkov, težo, simptomi, apetitom, fotografijami, opomniki in izvozi v eni zasebni aplikaciji.",Saxenda,459,no,no,no,yes,1,no,no,no,54 alternates,56,index
https://www.glpzy.app/sl/semaglutide-tracker-iphone.html,sl/semaglutide-tracker-iphone.html,sl,ingredient,200,https://www.glpzy.app/sl/semaglutide-tracker-iphone.html,index,yes,Semaglutide — Hitro beleženje brez nereda | OneGLP,"Semaglutide: Sledite tej rutini z zgodovino odmerkov, težo, simptomi, apetitom, fotografijami, opomniki in izvozi v eni zasebni aplikaciji.",Semaglutide,469,no,no,no,yes,1,no,no,no,54 alternates,60,improve-copy-keep-indexable
https://www.glpzy.app/sl/support.html,sl/support.html,sl,trust,200,https://www.glpzy.app/sl/support.html,index,yes,Podpora | OneGLP,"Preglejte obseg podpore, stike za zasebnost in navodila za nenujne primere.",Podpora,459,no,no,no,yes,1,no,no,no,54 alternates,103,index
https://www.glpzy.app/sl/terms.html,sl/terms.html,sl,trust,200,https://www.glpzy.app/sl/terms.html,index,yes,Pogoji uporabe | OneGLP,"Cene, obračunsko obdobje in vse podrobnosti uvodne ponudbe so pred nakupom prikazane v vašem računu App Store. Upravljajte ali prekličite v nastavitvah App Store.",Pogoji uporabe,488,no,no,no,yes,1,no,no,no,54 alternates,77,index
https://www.glpzy.app/sl/tirzepatide-tracker-iphone.html,sl/tirzepatide-tracker-iphone.html,sl,ingredient,200,https://www.glpzy.app/sl/tirzepatide-tracker-iphone.html,index,yes,Tirzepatide — Hitro beleženje brez nereda | OneGLP,"Tirzepatide: Sledite tej rutini z zgodovino odmerkov, težo, simptomi, apetitom, fotografijami, opomniki in izvozi v eni zasebni aplikaciji.",Tirzepatide,474,no,no,no,yes,1,no,no,no,54 alternates,59,improve-copy-keep-indexable
https://www.glpzy.app/sl/trulicity-tracker-iphone.html,sl/trulicity-tracker-iphone.html,sl,commercial,200,https://www.glpzy.app/sl/trulicity-tracker-iphone.html,index,yes,Trulicity — Hitro beleženje brez nereda | OneGLP,"Trulicity: Sledite tej rutini z zgodovino odmerkov, težo, simptomi, apetitom, fotografijami, opomniki in izvozi v eni zasebni aplikaciji.",Trulicity,460,no,no,no,yes,1,no,no,no,54 alternates,55,index
https://www.glpzy.app/sl/victoza-tracker-iphone.html,sl/victoza-tracker-iphone.html,sl,commercial,200,https://www.glpzy.app/sl/victoza-tracker-iphone.html,index,yes,Victoza — Hitro beleženje brez nereda | OneGLP,"Victoza: Sledite tej rutini z zgodovino odmerkov, težo, simptomi, apetitom, fotografijami, opomniki in izvozi v eni zasebni aplikaciji.",Victoza,459,no,no,no,yes,1,no,no,no,54 alternates,56,index
https://www.glpzy.app/sl/wegovy-tracker-iphone.html,sl/wegovy-tracker-iphone.html,sl,medicine,200,https://www.glpzy.app/sl/wegovy-tracker-iphone.html,index,yes,Wegovy — Hitro beleženje brez nereda | OneGLP,"Wegovy: Sledite tej rutini z zgodovino odmerkov, težo, simptomi, apetitom, fotografijami, opomniki in izvozi v eni zasebni aplikaciji.",Wegovy,469,no,no,no,yes,1,no,no,no,54 alternates,58,improve-copy-keep-indexable
https://www.glpzy.app/sl/zepbound-tracker-iphone.html,sl/zepbound-tracker-iphone.html,sl,medicine,200,https://www.glpzy.app/sl/zepbound-tracker-iphone.html,index,yes,Zepbound — Hitro beleženje brez nereda | OneGLP,"Zepbound: Sledite tej rutini z zgodovino odmerkov, težo, simptomi, apetitom, fotografijami, opomniki in izvozi v eni zasebni aplikaciji.",Zepbound,480,no,no,no,yes,1,no,no,no,54 alternates,57,improve-copy-keep-indexable
https://www.glpzy.app/sr/apple-health-glp-tracker.html,sr/apple-health-glp-tracker.html,sr,feature,200,https://www.glpzy.app/sr/apple-health-glp-tracker.html,index,yes,Контекст само за читање од Apple Health | OneGLP,"Приступ Apple Health-у је опционалан и ограничен на дозволе које одобрите. OneGLP увози историју телесне тежине и висину, затим чита састав тела, сан, кретање, вежбање, калорије, протеине и воду у режиму само за читање. Ништа се не уписује назад.",Контекст само за читање од Apple Health,483,no,no,no,yes,1,no,no,no,54 alternates,54,improve-copy-keep-indexable
https://www.glpzy.app/sr/compounded-glp-tracker-iphone.html,sr/compounded-glp-tracker-iphone.html,sr,commercial,200,https://www.glpzy.app/sr/compounded-glp-tracker-iphone.html,index,yes,Сложено — Брзо сечење без нереда | OneGLP,"Сложено: Пратите ову рутину са историјом доза, тежином, симптомима, апетитом, фотографијама, подсетницима и извозима у једној приватној апликацији.",Сложено,461,no,no,no,yes,1,no,no,no,54 alternates,56,index
https://www.glpzy.app/sr/custom-medication-tracker-iphone.html,sr/custom-medication-tracker-iphone.html,sr,commercial,200,https://www.glpzy.app/sr/custom-medication-tracker-iphone.html,index,yes,Цустом — Брзо сечење без нереда | OneGLP,"Цустом: Пратите ову рутину са историјом доза, тежином, симптомима, апетитом, фотографијама, подсетницима и извозима у једној приватној апликацији.",Цустом,469,no,no,no,yes,1,no,no,no,54 alternates,58,index
https://www.glpzy.app/sr/data-rights.html,sr/data-rights.html,sr,privacy,200,https://www.glpzy.app/sr/data-rights.html,index,yes,Историја извоза | OneGLP,"OneGLP ће прво направити локалну сигурносну резервну копију, а затим заменити локалне записе на овом уређају.",Историја извоза,390,no,no,no,yes,1,no,no,no,54 alternates,77,index
https://www.glpzy.app/sr/foundayo-tracker-iphone.html,sr/foundayo-tracker-iphone.html,sr,commercial,200,https://www.glpzy.app/sr/foundayo-tracker-iphone.html,index,yes,Foundayo — Брзо сечење без нереда | OneGLP,"Foundayo: Пратите ову рутину са историјом доза, тежином, симптомима, апетитом, фотографијама, подсетницима и извозима у једној приватној апликацији.",Foundayo,451,no,no,no,yes,1,no,no,no,54 alternates,55,index
https://www.glpzy.app/sr/glp1-weight-dose-symptom-tracker.html,sr/glp1-weight-dose-symptom-tracker.html,sr,commercial,200,https://www.glpzy.app/sr/glp1-weight-dose-symptom-tracker.html,index,yes,"Ваша GLP-1 рутина, организована без нереда | OneGLP","Бележите дозе, тежину, симптоме, апетит, фотографије, подсетнике и Apple Health контекст у једној приватној апликацији за лични преглед.","Ваша GLP-1 рутина, организована без нереда.",533,no,no,no,yes,1,no,no,no,54 alternates,54,index
https://www.glpzy.app/sr/glpzy-is-now-oneglp/,sr/glpzy-is-now-oneglp/index.html,sr,home,200,https://www.glpzy.app/sr/glpzy-is-now-oneglp/,index,yes,GLPzy се сада зове OneGLP,"GLPzy је сада OneGLP. Апликација, програмер, ваши записи и куповине Premium остају исти.",GLPzy се сада зове OneGLP,192,no,no,no,yes,1,yes,yes,no,54 alternates,77,index
https://www.glpzy.app/sr/,sr/index.html,sr,home,200,https://www.glpzy.app/sr/,index,yes,"Ваша GLP-1 рутина, организована без нереда | OneGLP","Бележите дозе, тежину, симптоме, апетит, фотографије, подсетнике и Apple Health контекст у једној приватној апликацији за лични преглед.","Ваша GLP-1 рутина, организована без нереда.",726,no,no,no,yes,1,yes,no,no,54 alternates,135,index
https://www.glpzy.app/sr/local-first-private-glp-tracker.html,sr/local-first-private-glp-tracker.html,sr,privacy,200,https://www.glpzy.app/sr/local-first-private-glp-tracker.html,index,yes,Приватно подразумевано. Извозиво када ви изаберете | OneGLP,"Није потребан налог за праћење доза, тежине, симптома, подсетника или поруџбина.",Приватно подразумевано. Извозиво када ви изаберете.,465,no,no,no,yes,1,no,no,no,54 alternates,54,index
https://www.glpzy.app/sr/medical-safety.html,sr/medical-safety.html,sr,trust,200,https://www.glpzy.app/sr/medical-safety.html,index,yes,Медицинска сигурност | OneGLP,"OneGLP вам помаже да водите јаснију евиденцију о томе шта се догодило. Не поставља дијагнозу, не прописује и не бира вашу дозу.",Медицинска сигурност,715,no,no,no,yes,1,no,no,no,54 alternates,78,index
https://www.glpzy.app/sr/methodology.html,sr/methodology.html,sr,trust,200,https://www.glpzy.app/sr/methodology.html,index,yes,Методологија | OneGLP,Тренд процењене изложености користи забележено време дозе плус поједностављени модел апсорпције и елиминације само за лично праћење.,Методологија,725,no,no,no,yes,1,no,no,no,54 alternates,77,index
https://www.glpzy.app/sr/mounjaro-tracker-iphone.html,sr/mounjaro-tracker-iphone.html,sr,medicine,200,https://www.glpzy.app/sr/mounjaro-tracker-iphone.html,index,yes,Mounjaro — Брзо сечење без нереда | OneGLP,"Mounjaro: Пратите ову рутину са историјом доза, тежином, симптомима, апетитом, фотографијама, подсетницима и извозима у једној приватној апликацији.",Mounjaro,465,no,no,no,yes,1,no,no,no,54 alternates,57,improve-copy-keep-indexable
https://www.glpzy.app/sr/overview.html,sr/overview.html,sr,other,200,https://www.glpzy.app/sr/overview.html,index,yes,OneGLP — Политика приватности · Медицинска сигурност · Подршка,"Прегледајте обим подршке, контакте за приватност и упутства која нису хитна.",OneGLP,418,no,no,no,yes,1,no,no,no,54 alternates,54,index
https://www.glpzy.app/sr/ozempic-tracker-iphone.html,sr/ozempic-tracker-iphone.html,sr,commercial,200,https://www.glpzy.app/sr/ozempic-tracker-iphone.html,index,yes,Ozempic — Брзо сечење без нереда | OneGLP,"Ozempic: Пратите ову рутину са историјом доза, тежином, симптомима, апетитом, фотографијама, подсетницима и извозима у једној приватној апликацији.",Ozempic,460,no,no,no,yes,1,no,no,no,54 alternates,58,index
https://www.glpzy.app/sr/privacy.html,sr/privacy.html,sr,privacy,200,https://www.glpzy.app/sr/privacy.html,index,yes,Приватно подразумевано. Извозиво када ви изаберете | OneGLP,"Није потребан налог за праћење доза, тежине, симптома, подсетника или поруџбина.",Приватно подразумевано. Извозиво када ви изаберете.,465,no,no,no,yes,1,no,no,no,54 alternates,116,index
https://www.glpzy.app/sr/rybelsus-tracker-iphone.html,sr/rybelsus-tracker-iphone.html,sr,commercial,200,https://www.glpzy.app/sr/rybelsus-tracker-iphone.html,index,yes,Rybelsus — Брзо сечење без нереда | OneGLP,"Rybelsus: Пратите ову рутину са историјом доза, тежином, симптомима, апетитом, фотографијама, подсетницима и извозима у једној приватној апликацији.",Rybelsus,453,no,no,no,yes,1,no,no,no,54 alternates,58,index
https://www.glpzy.app/sr/saxenda-tracker-iphone.html,sr/saxenda-tracker-iphone.html,sr,commercial,200,https://www.glpzy.app/sr/saxenda-tracker-iphone.html,index,yes,Saxenda — Брзо сечење без нереда | OneGLP,"Saxenda: Пратите ову рутину са историјом доза, тежином, симптомима, апетитом, фотографијама, подсетницима и извозима у једној приватној апликацији.",Saxenda,452,no,no,no,yes,1,no,no,no,54 alternates,56,index
https://www.glpzy.app/sr/semaglutide-tracker-iphone.html,sr/semaglutide-tracker-iphone.html,sr,ingredient,200,https://www.glpzy.app/sr/semaglutide-tracker-iphone.html,index,yes,Semaglutide — Брзо сечење без нереда | OneGLP,"Semaglutide: Пратите ову рутину са историјом доза, тежином, симптомима, апетитом, фотографијама, подсетницима и извозима у једној приватној апликацији.",Semaglutide,463,no,no,no,yes,1,no,no,no,54 alternates,60,improve-copy-keep-indexable
https://www.glpzy.app/sr/support.html,sr/support.html,sr,trust,200,https://www.glpzy.app/sr/support.html,index,yes,Подршка | OneGLP,"Прегледајте обим подршке, контакте за приватност и упутства која нису хитна.",Подршка,451,no,no,no,yes,1,no,no,no,54 alternates,103,index
https://www.glpzy.app/sr/terms.html,sr/terms.html,sr,trust,200,https://www.glpzy.app/sr/terms.html,index,yes,Услови коришћења | OneGLP,"Цене, обрачунски период и сви детаљи о уводној понуди приказују се са вашег App Store налога пре куповине. Управљајте или откажите у подешавањима App Store-а.",Услови коришћења,482,no,no,no,yes,1,no,no,no,54 alternates,77,index
https://www.glpzy.app/sr/tirzepatide-tracker-iphone.html,sr/tirzepatide-tracker-iphone.html,sr,ingredient,200,https://www.glpzy.app/sr/tirzepatide-tracker-iphone.html,index,yes,Tirzepatide — Брзо сечење без нереда | OneGLP,"Tirzepatide: Пратите ову рутину са историјом доза, тежином, симптомима, апетитом, фотографијама, подсетницима и извозима у једној приватној апликацији.",Tirzepatide,469,no,no,no,yes,1,no,no,no,54 alternates,59,improve-copy-keep-indexable
https://www.glpzy.app/sr/trulicity-tracker-iphone.html,sr/trulicity-tracker-iphone.html,sr,commercial,200,https://www.glpzy.app/sr/trulicity-tracker-iphone.html,index,yes,Trulicity — Брзо сечење без нереда | OneGLP,"Trulicity: Пратите ову рутину са историјом доза, тежином, симптомима, апетитом, фотографијама, подсетницима и извозима у једној приватној апликацији.",Trulicity,454,no,no,no,yes,1,no,no,no,54 alternates,55,index
https://www.glpzy.app/sr/victoza-tracker-iphone.html,sr/victoza-tracker-iphone.html,sr,commercial,200,https://www.glpzy.app/sr/victoza-tracker-iphone.html,index,yes,Victoza — Брзо сечење без нереда | OneGLP,"Victoza: Пратите ову рутину са историјом доза, тежином, симптомима, апетитом, фотографијама, подсетницима и извозима у једној приватној апликацији.",Victoza,452,no,no,no,yes,1,no,no,no,54 alternates,56,index
https://www.glpzy.app/sr/wegovy-tracker-iphone.html,sr/wegovy-tracker-iphone.html,sr,medicine,200,https://www.glpzy.app/sr/wegovy-tracker-iphone.html,index,yes,Wegovy — Брзо сечење без нереда | OneGLP,"Wegovy: Пратите ову рутину са историјом доза, тежином, симптомима, апетитом, фотографијама, подсетницима и извозима у једној приватној апликацији.",Wegovy,463,no,no,no,yes,1,no,no,no,54 alternates,58,improve-copy-keep-indexable
https://www.glpzy.app/sr/zepbound-tracker-iphone.html,sr/zepbound-tracker-iphone.html,sr,medicine,200,https://www.glpzy.app/sr/zepbound-tracker-iphone.html,index,yes,Zepbound — Брзо сечење без нереда | OneGLP,"Zepbound: Пратите ову рутину са историјом доза, тежином, симптомима, апетитом, фотографијама, подсетницима и извозима у једној приватној апликацији.",Zepbound,475,no,no,no,yes,1,no,no,no,54 alternates,57,improve-copy-keep-indexable
https://www.glpzy.app/support.html,support.html,root,trust,200,https://www.glpzy.app/support.html,index,yes,OneGLP support and contact information,"Find OneGLP support, privacy, Apple Health, accessibility, subscription, and continuity help contacts, plus guidance on what support can and cannot do.",Support,987,no,no,no,no,0,no,no,no,54 alternates,113,index
https://www.glpzy.app/sv/apple-health-glp-tracker.html,sv/apple-health-glp-tracker.html,sv,feature,200,https://www.glpzy.app/sv/apple-health-glp-tracker.html,index,yes,Skrivskyddad kontext från Apple Health | OneGLP,"Apple Health åtkomst är valfri och begränsad till de behörigheter du ger. OneGLP importerar kroppsviktshistorik och längd och läser sedan sammanfattningar av kroppssammansättning, rörelse, träning, kalorier, protein och vatten i skrivskyddat läge. Inget skrivs tillbaka.",Skrivskyddad kontext från Apple Health,476,no,no,no,yes,1,no,no,no,54 alternates,54,improve-copy-keep-indexable
https://www.glpzy.app/sv/compounded-glp-tracker-iphone.html,sv/compounded-glp-tracker-iphone.html,sv,commercial,200,https://www.glpzy.app/sv/compounded-glp-tracker-iphone.html,index,yes,Compounded​ — Snabb loggning utan skräp | OneGLP,"Compounded​: Spåra den här rutinen med doshistorik, vikt, symtom, aptit, foton, påminnelser och exporter i en privat app.",Compounded​,455,no,no,no,yes,1,no,no,no,54 alternates,56,index
https://www.glpzy.app/sv/custom-medication-tracker-iphone.html,sv/custom-medication-tracker-iphone.html,sv,commercial,200,https://www.glpzy.app/sv/custom-medication-tracker-iphone.html,index,yes,Beställnings — Snabb loggning utan skräp | OneGLP,"Beställnings: Spåra den här rutinen med doshistorik, vikt, symtom, aptit, foton, påminnelser och exporter i en privat app.",Beställnings,463,no,no,no,yes,1,no,no,no,54 alternates,58,index
https://www.glpzy.app/sv/data-rights.html,sv/data-rights.html,sv,privacy,200,https://www.glpzy.app/sv/data-rights.html,index,yes,Exporthistorik | OneGLP,OneGLP skapar först en lokal säkerhetskopia och ersätter sedan lokala register på den här enheten.,Exporthistorik,387,no,no,no,yes,1,no,no,no,54 alternates,77,index
https://www.glpzy.app/sv/foundayo-tracker-iphone.html,sv/foundayo-tracker-iphone.html,sv,commercial,200,https://www.glpzy.app/sv/foundayo-tracker-iphone.html,index,yes,Foundayo — Snabb loggning utan skräp | OneGLP,"Foundayo: Spåra den här rutinen med doshistorik, vikt, symtom, aptit, foton, påminnelser och exporter i en privat app.",Foundayo,444,no,no,no,yes,1,no,no,no,54 alternates,55,index
https://www.glpzy.app/sv/glp1-weight-dose-symptom-tracker.html,sv/glp1-weight-dose-symptom-tracker.html,sv,commercial,200,https://www.glpzy.app/sv/glp1-weight-dose-symptom-tracker.html,index,yes,"Din GLP-1-rutin, organiserad utan röra | OneGLP","Logga doser, vikt, symtom, aptit, foton, påminnelser och Apple Health-sammanhang i en privat app för personlig granskning.","Din GLP-1-rutin, organiserad utan röra.",526,no,no,no,yes,1,no,no,no,54 alternates,54,index
https://www.glpzy.app/sv/glpzy-is-now-oneglp/,sv/glpzy-is-now-oneglp/index.html,sv,home,200,https://www.glpzy.app/sv/glpzy-is-now-oneglp/,index,yes,GLPzy heter nu OneGLP,"GLPzy heter nu OneGLP. Appen, utvecklaren, dina anteckningar och Premium-köp är oförändrade.",GLPzy heter nu OneGLP,189,no,no,no,yes,1,yes,yes,no,54 alternates,77,index
https://www.glpzy.app/sv/,sv/index.html,sv,home,200,https://www.glpzy.app/sv/,index,yes,"Din GLP-1-rutin, organiserad utan röra | OneGLP","Logga doser, vikt, symtom, aptit, foton, påminnelser och Apple Health-sammanhang i en privat app för personlig granskning.","Din GLP-1-rutin, organiserad utan röra.",714,no,no,no,yes,1,yes,no,no,54 alternates,135,index
https://www.glpzy.app/sv/local-first-private-glp-tracker.html,sv/local-first-private-glp-tracker.html,sv,privacy,200,https://www.glpzy.app/sv/local-first-private-glp-tracker.html,index,yes,Privat som standard. Exporterbar när du väljer | OneGLP,"Inget konto krävs för att spåra doser, vikt, symtom, påminnelser eller beställningar.",Privat som standard. Exporterbar när du väljer.,463,no,no,no,yes,1,no,no,no,54 alternates,54,index
https://www.glpzy.app/sv/medical-safety.html,sv/medical-safety.html,sv,trust,200,https://www.glpzy.app/sv/medical-safety.html,index,yes,Medicinsk säkerhet | OneGLP,"OneGLP hjälper dig att hålla ett tydligare register över vad som hände. Den diagnostiserar inte, ordinerar eller väljer din dos.",Medicinsk säkerhet,687,no,no,no,yes,1,no,no,no,54 alternates,78,index
https://www.glpzy.app/sv/methodology.html,sv/methodology.html,sv,trust,200,https://www.glpzy.app/sv/methodology.html,index,yes,Metodik | OneGLP,Beräknad exponeringstrend använder loggade dostidpunkter tillsammans med en förenklad absorptions- och eliminationsmodell endast för personlig uppföljning.,Metodik,696,no,no,no,yes,1,no,no,no,54 alternates,77,index
https://www.glpzy.app/sv/mounjaro-tracker-iphone.html,sv/mounjaro-tracker-iphone.html,sv,medicine,200,https://www.glpzy.app/sv/mounjaro-tracker-iphone.html,index,yes,Mounjaro — Snabb loggning utan skräp | OneGLP,"Mounjaro: Spåra den här rutinen med doshistorik, vikt, symtom, aptit, foton, påminnelser och exporter i en privat app.",Mounjaro,454,no,no,no,yes,1,no,no,no,54 alternates,57,improve-copy-keep-indexable
https://www.glpzy.app/sv/overview.html,sv/overview.html,sv,other,200,https://www.glpzy.app/sv/overview.html,index,yes,OneGLP — Integritetspolicy · Medicinsk säkerhet · Stöd,"Granska supportomfattning, sekretesskontakter och vägledning som inte är nödsituationer.",OneGLP,412,no,no,no,yes,1,no,no,no,54 alternates,54,index
https://www.glpzy.app/sv/ozempic-tracker-iphone.html,sv/ozempic-tracker-iphone.html,sv,commercial,200,https://www.glpzy.app/sv/ozempic-tracker-iphone.html,index,yes,Ozempic — Snabb loggning utan skräp | OneGLP,"Ozempic: Spåra den här rutinen med doshistorik, vikt, symtom, aptit, foton, påminnelser och exporter i en privat app.",Ozempic,451,no,no,no,yes,1,no,no,no,54 alternates,58,index
https://www.glpzy.app/sv/privacy.html,sv/privacy.html,sv,privacy,200,https://www.glpzy.app/sv/privacy.html,index,yes,Privat som standard. Exporterbar när du väljer | OneGLP,"Inget konto krävs för att spåra doser, vikt, symtom, påminnelser eller beställningar.",Privat som standard. Exporterbar när du väljer.,463,no,no,no,yes,1,no,no,no,54 alternates,116,index
https://www.glpzy.app/sv/rybelsus-tracker-iphone.html,sv/rybelsus-tracker-iphone.html,sv,commercial,200,https://www.glpzy.app/sv/rybelsus-tracker-iphone.html,index,yes,Rybelsus — Snabb loggning utan skräp | OneGLP,"Rybelsus: Spåra den här rutinen med doshistorik, vikt, symtom, aptit, foton, påminnelser och exporter i en privat app.",Rybelsus,446,no,no,no,yes,1,no,no,no,54 alternates,58,index
https://www.glpzy.app/sv/saxenda-tracker-iphone.html,sv/saxenda-tracker-iphone.html,sv,commercial,200,https://www.glpzy.app/sv/saxenda-tracker-iphone.html,index,yes,Saxenda — Snabb loggning utan skräp | OneGLP,"Saxenda: Spåra den här rutinen med doshistorik, vikt, symtom, aptit, foton, påminnelser och exporter i en privat app.",Saxenda,444,no,no,no,yes,1,no,no,no,54 alternates,56,index
https://www.glpzy.app/sv/semaglutide-tracker-iphone.html,sv/semaglutide-tracker-iphone.html,sv,ingredient,200,https://www.glpzy.app/sv/semaglutide-tracker-iphone.html,index,yes,Semaglutide — Snabb loggning utan skräp | OneGLP,"Semaglutide: Spåra den här rutinen med doshistorik, vikt, symtom, aptit, foton, påminnelser och exporter i en privat app.",Semaglutide,454,no,no,no,yes,1,no,no,no,54 alternates,60,improve-copy-keep-indexable
https://www.glpzy.app/sv/support.html,sv/support.html,sv,trust,200,https://www.glpzy.app/sv/support.html,index,yes,Stöd | OneGLP,"Granska supportomfattning, sekretesskontakter och vägledning som inte är nödsituationer.",Stöd,442,no,no,no,yes,1,no,no,no,54 alternates,103,index
https://www.glpzy.app/sv/terms.html,sv/terms.html,sv,trust,200,https://www.glpzy.app/sv/terms.html,index,yes,Användarvillkor | OneGLP,"Prissättning, faktureringsperiod och alla introduktionserbjudanden visas från ditt App Store-konto före köp. Hantera eller avbryt i App Store-inställningarna.",Användarvillkor,469,no,no,no,yes,1,no,no,no,54 alternates,77,index
https://www.glpzy.app/sv/tirzepatide-tracker-iphone.html,sv/tirzepatide-tracker-iphone.html,sv,ingredient,200,https://www.glpzy.app/sv/tirzepatide-tracker-iphone.html,index,yes,Tirzepatide — Snabb loggning utan skräp | OneGLP,"Tirzepatide: Spåra den här rutinen med doshistorik, vikt, symtom, aptit, foton, påminnelser och exporter i en privat app.",Tirzepatide,458,no,no,no,yes,1,no,no,no,54 alternates,59,improve-copy-keep-indexable
https://www.glpzy.app/sv/trulicity-tracker-iphone.html,sv/trulicity-tracker-iphone.html,sv,commercial,200,https://www.glpzy.app/sv/trulicity-tracker-iphone.html,index,yes,Trulicity — Snabb loggning utan skräp | OneGLP,"Trulicity: Spåra den här rutinen med doshistorik, vikt, symtom, aptit, foton, påminnelser och exporter i en privat app.",Trulicity,445,no,no,no,yes,1,no,no,no,54 alternates,55,index
https://www.glpzy.app/sv/victoza-tracker-iphone.html,sv/victoza-tracker-iphone.html,sv,commercial,200,https://www.glpzy.app/sv/victoza-tracker-iphone.html,index,yes,Victoza — Snabb loggning utan skräp | OneGLP,"Victoza: Spåra den här rutinen med doshistorik, vikt, symtom, aptit, foton, påminnelser och exporter i en privat app.",Victoza,444,no,no,no,yes,1,no,no,no,54 alternates,56,index
https://www.glpzy.app/sv/wegovy-tracker-iphone.html,sv/wegovy-tracker-iphone.html,sv,medicine,200,https://www.glpzy.app/sv/wegovy-tracker-iphone.html,index,yes,Wegovy — Snabb loggning utan skräp | OneGLP,"Wegovy: Spåra den här rutinen med doshistorik, vikt, symtom, aptit, foton, påminnelser och exporter i en privat app.",Wegovy,454,no,no,no,yes,1,no,no,no,54 alternates,58,improve-copy-keep-indexable
https://www.glpzy.app/sv/zepbound-tracker-iphone.html,sv/zepbound-tracker-iphone.html,sv,medicine,200,https://www.glpzy.app/sv/zepbound-tracker-iphone.html,index,yes,Zepbound — Snabb loggning utan skräp | OneGLP,"Zepbound: Spåra den här rutinen med doshistorik, vikt, symtom, aptit, foton, påminnelser och exporter i en privat app.",Zepbound,464,no,no,no,yes,1,no,no,no,54 alternates,57,improve-copy-keep-indexable
https://www.glpzy.app/ta/apple-health-glp-tracker.html,ta/apple-health-glp-tracker.html,ta,feature,200,https://www.glpzy.app/ta/apple-health-glp-tracker.html,index,yes,Apple Health இலிருந்து படிக்க-மட்டும் சூழல் | OneGLP,"Apple Health அணுகல் விருப்பமானது மற்றும் நீங்கள் வழங்கும் அனுமதிகளுக்கு மட்டுமே. OneGLP உடல் எடை வரலாறு மற்றும் உயரத்தை இறக்குமதி செய்கிறது, பின்னர் உடல் அமைப்பு, தூக்கம், இயக்கம், உடற்பயிற்சி, கலோரிகள், புரதம் மற்றும் நீர் சுருக்கங்களை படிக்க மட்டும் பயன்முறையில் படிக்கிறது. எதுவும் திருப்பி எழுதப்படவில்லை.",Apple Health இலிருந்து படிக்க-மட்டும் சூழல்,890,no,no,no,yes,1,no,no,no,54 alternates,54,improve-copy-keep-indexable
https://www.glpzy.app/ta/compounded-glp-tracker-iphone.html,ta/compounded-glp-tracker-iphone.html,ta,commercial,200,https://www.glpzy.app/ta/compounded-glp-tracker-iphone.html,index,yes,கூட்டு — ஒழுங்கீனம் இல்லாமல் விரைவான பதிவு | OneGLP,"கூட்டு: ஒரு தனியார் செயலியில் டோஸ் வரலாறு, எடை, அறிகுறிகள், பசி, புகைப்படங்கள், நினைவூட்டல்கள் மற்றும் ஏற்றுமதிகளுடன் இந்த நடைமுறையைப் பதிவுசெய்யுங்கள்.",கூட்டு,994,no,no,no,yes,1,no,no,no,54 alternates,56,index
https://www.glpzy.app/ta/custom-medication-tracker-iphone.html,ta/custom-medication-tracker-iphone.html,ta,commercial,200,https://www.glpzy.app/ta/custom-medication-tracker-iphone.html,index,yes,தனிப்பயன் — ஒழுங்கீனம் இல்லாமல் விரைவான பதிவு | OneGLP,"தனிப்பயன்: ஒரு தனியார் செயலியில் டோஸ் வரலாறு, எடை, அறிகுறிகள், பசி, புகைப்படங்கள், நினைவூட்டல்கள் மற்றும் ஏற்றுமதிகளுடன் இந்த நடைமுறையைப் பதிவுசெய்யுங்கள்.",தனிப்பயன்,1015,no,no,no,yes,1,no,no,no,54 alternates,58,index
https://www.glpzy.app/ta/data-rights.html,ta/data-rights.html,ta,privacy,200,https://www.glpzy.app/ta/data-rights.html,index,yes,ஏற்றுமதி வரலாறு | OneGLP,"OneGLP முதலில் உள்ளூர் பாதுகாப்பு காப்புப்பிரதியை உருவாக்கும், பின்னர் இந்தச் சாதனத்தில் உள்ளூர் பதிவுகளை மாற்றும்.",ஏற்றுமதி வரலாறு,720,no,no,no,yes,1,no,no,no,54 alternates,77,index
https://www.glpzy.app/ta/foundayo-tracker-iphone.html,ta/foundayo-tracker-iphone.html,ta,commercial,200,https://www.glpzy.app/ta/foundayo-tracker-iphone.html,index,yes,Foundayo — ஒழுங்கீனம் இல்லாமல் விரைவான பதிவு | OneGLP,"Foundayo: ஒரு தனியார் செயலியில் டோஸ் வரலாறு, எடை, அறிகுறிகள், பசி, புகைப்படங்கள், நினைவூட்டல்கள் மற்றும் ஏற்றுமதிகளுடன் இந்த நடைமுறையைப் பதிவுசெய்யுங்கள்.",Foundayo,968,no,no,no,yes,1,no,no,no,54 alternates,55,index
https://www.glpzy.app/ta/glp1-weight-dose-symptom-tracker.html,ta/glp1-weight-dose-symptom-tracker.html,ta,commercial,200,https://www.glpzy.app/ta/glp1-weight-dose-symptom-tracker.html,index,yes,"உங்கள் GLP-1 நடைமுறை, குழப்பமின்றி ஒழுங்குபடுத்தப்பட்டது | OneGLP","தனிப்பட்ட மதிப்பாய்விற்காக ஒரு தனியார் செயலியில் டோஸ், எடை, அறிகுறிகள், பசி, புகைப்படங்கள், நினைவூட்டல்கள் மற்றும் Apple Health சூழலை பதிவு செய்யுங்கள்.","உங்கள் GLP-1 நடைமுறை, குழப்பமின்றி ஒழுங்குபடுத்தப்பட்டது.",1143,no,no,no,yes,1,no,no,no,54 alternates,54,index
https://www.glpzy.app/ta/glpzy-is-now-oneglp/,ta/glpzy-is-now-oneglp/index.html,ta,home,200,https://www.glpzy.app/ta/glpzy-is-now-oneglp/,index,yes,GLPzy இப்போது OneGLP,GLPzy இப்போது OneGLP என அழைக்கப்படுகிறது. செயலியும் உருவாக்குநரும் மாறவில்லை. உங்கள் பதிவுகளும் Premium வாங்குதல்களும் தொடரும்.,GLPzy இப்போது OneGLP,336,no,no,no,yes,1,yes,yes,no,54 alternates,77,index
https://www.glpzy.app/ta/,ta/index.html,ta,home,200,https://www.glpzy.app/ta/,index,yes,"உங்கள் GLP-1 நடைமுறை, குழப்பமின்றி ஒழுங்குபடுத்தப்பட்டது | OneGLP","தனிப்பட்ட மதிப்பாய்விற்காக ஒரு தனியார் செயலியில் டோஸ், எடை, அறிகுறிகள், பசி, புகைப்படங்கள், நினைவூட்டல்கள் மற்றும் Apple Health சூழலை பதிவு செய்யுங்கள்.","உங்கள் GLP-1 நடைமுறை, குழப்பமின்றி ஒழுங்குபடுத்தப்பட்டது.",1715,no,no,no,yes,1,yes,no,no,54 alternates,135,index
https://www.glpzy.app/ta/local-first-private-glp-tracker.html,ta/local-first-private-glp-tracker.html,ta,privacy,200,https://www.glpzy.app/ta/local-first-private-glp-tracker.html,index,yes,இயல்பாகவே தனிப்பட்டது. நீங்கள் தேர்ந்தெடுக்கும்போது ஏற்றுமதி செய்யலாம் | OneGLP,"அளவுகள், எடை, அறிகுறிகள், நினைவூட்டல்கள் அல்லது ஆர்டர்களைக் கண்காணிக்க எந்தக் கணக்கும் தேவையில்லை.",இயல்பாகவே தனிப்பட்டது. நீங்கள் தேர்ந்தெடுக்கும்போது ஏற்றுமதி செய்யலாம்.,887,no,no,no,yes,1,no,no,no,54 alternates,54,index
https://www.glpzy.app/ta/medical-safety.html,ta/medical-safety.html,ta,trust,200,https://www.glpzy.app/ta/medical-safety.html,index,yes,மருத்துவ பாதுகாப்பு | OneGLP,"என்ன நடந்தது என்பதைப் பற்றிய தெளிவான பதிவை வைத்திருக்க OneGLP உதவுகிறது. இது உங்கள் அளவைக் கண்டறியவோ, பரிந்துரைக்கவோ அல்லது தேர்வு செய்யவோ இல்லை.",மருத்துவ பாதுகாப்பு,1613,no,no,no,yes,1,no,no,no,54 alternates,78,index
https://www.glpzy.app/ta/methodology.html,ta/methodology.html,ta,trust,200,https://www.glpzy.app/ta/methodology.html,index,yes,முறையியல் | OneGLP,"மதிப்பிடப்பட்ட வெளிப்பாடு போக்கு, பதிவுசெய்யப்பட்ட டோஸ் நேரத்தைப் பயன்படுத்துகிறது மற்றும் தனிப்பட்ட கண்காணிப்புக்கு மட்டுமே எளிமைப்படுத்தப்பட்ட உறிஞ்சுதல் மற்றும் நீக்குதல் மாதிரியைப் பயன்படுத்துகிறது.",முறையியல்,1739,no,no,no,yes,1,no,no,no,54 alternates,77,index
https://www.glpzy.app/ta/mounjaro-tracker-iphone.html,ta/mounjaro-tracker-iphone.html,ta,medicine,200,https://www.glpzy.app/ta/mounjaro-tracker-iphone.html,index,yes,Mounjaro — ஒழுங்கீனம் இல்லாமல் விரைவான பதிவு | OneGLP,"Mounjaro: ஒரு தனியார் செயலியில் டோஸ் வரலாறு, எடை, அறிகுறிகள், பசி, புகைப்படங்கள், நினைவூட்டல்கள் மற்றும் ஏற்றுமதிகளுடன் இந்த நடைமுறையைப் பதிவுசெய்யுங்கள்.",Mounjaro,993,no,no,no,yes,1,no,no,no,54 alternates,57,improve-copy-keep-indexable
https://www.glpzy.app/ta/overview.html,ta/overview.html,ta,other,200,https://www.glpzy.app/ta/overview.html,index,yes,OneGLP — தனியுரிமைக் கொள்கை · மருத்துவ பாதுகாப்பு · ஆதரவு,"ஆதரவு நோக்கம், தனியுரிமை தொடர்புகள் மற்றும் அவசரமற்ற வழிகாட்டல் ஆகியவற்றை மதிப்பாய்வு செய்யவும்.",OneGLP,829,no,no,no,yes,1,no,no,no,54 alternates,54,index
https://www.glpzy.app/ta/ozempic-tracker-iphone.html,ta/ozempic-tracker-iphone.html,ta,commercial,200,https://www.glpzy.app/ta/ozempic-tracker-iphone.html,index,yes,Ozempic — ஒழுங்கீனம் இல்லாமல் விரைவான பதிவு | OneGLP,"Ozempic: ஒரு தனியார் செயலியில் டோஸ் வரலாறு, எடை, அறிகுறிகள், பசி, புகைப்படங்கள், நினைவூட்டல்கள் மற்றும் ஏற்றுமதிகளுடன் இந்த நடைமுறையைப் பதிவுசெய்யுங்கள்.",Ozempic,981,no,no,no,yes,1,no,no,no,54 alternates,58,index
https://www.glpzy.app/ta/privacy.html,ta/privacy.html,ta,privacy,200,https://www.glpzy.app/ta/privacy.html,index,yes,இயல்பாகவே தனிப்பட்டது. நீங்கள் தேர்ந்தெடுக்கும்போது ஏற்றுமதி செய்யலாம் | OneGLP,"அளவுகள், எடை, அறிகுறிகள், நினைவூட்டல்கள் அல்லது ஆர்டர்களைக் கண்காணிக்க எந்தக் கணக்கும் தேவையில்லை.",இயல்பாகவே தனிப்பட்டது. நீங்கள் தேர்ந்தெடுக்கும்போது ஏற்றுமதி செய்யலாம்.,887,no,no,no,yes,1,no,no,no,54 alternates,116,index
https://www.glpzy.app/ta/rybelsus-tracker-iphone.html,ta/rybelsus-tracker-iphone.html,ta,commercial,200,https://www.glpzy.app/ta/rybelsus-tracker-iphone.html,index,yes,Rybelsus — ஒழுங்கீனம் இல்லாமல் விரைவான பதிவு | OneGLP,"Rybelsus: ஒரு தனியார் செயலியில் டோஸ் வரலாறு, எடை, அறிகுறிகள், பசி, புகைப்படங்கள், நினைவூட்டல்கள் மற்றும் ஏற்றுமதிகளுடன் இந்த நடைமுறையைப் பதிவுசெய்யுங்கள்.",Rybelsus,968,no,no,no,yes,1,no,no,no,54 alternates,58,index
https://www.glpzy.app/ta/saxenda-tracker-iphone.html,ta/saxenda-tracker-iphone.html,ta,commercial,200,https://www.glpzy.app/ta/saxenda-tracker-iphone.html,index,yes,Saxenda — ஒழுங்கீனம் இல்லாமல் விரைவான பதிவு | OneGLP,"Saxenda: ஒரு தனியார் செயலியில் டோஸ் வரலாறு, எடை, அறிகுறிகள், பசி, புகைப்படங்கள், நினைவூட்டல்கள் மற்றும் ஏற்றுமதிகளுடன் இந்த நடைமுறையைப் பதிவுசெய்யுங்கள்.",Saxenda,964,no,no,no,yes,1,no,no,no,54 alternates,56,index
https://www.glpzy.app/ta/semaglutide-tracker-iphone.html,ta/semaglutide-tracker-iphone.html,ta,ingredient,200,https://www.glpzy.app/ta/semaglutide-tracker-iphone.html,index,yes,Semaglutide — ஒழுங்கீனம் இல்லாமல் விரைவான பதிவு | OneGLP,"Semaglutide: ஒரு தனியார் செயலியில் டோஸ் வரலாறு, எடை, அறிகுறிகள், பசி, புகைப்படங்கள், நினைவூட்டல்கள் மற்றும் ஏற்றுமதிகளுடன் இந்த நடைமுறையைப் பதிவுசெய்யுங்கள்.",Semaglutide,991,no,no,no,yes,1,no,no,no,54 alternates,60,improve-copy-keep-indexable
https://www.glpzy.app/ta/support.html,ta/support.html,ta,trust,200,https://www.glpzy.app/ta/support.html,index,yes,ஆதரவு | OneGLP,"ஆதரவு நோக்கம், தனியுரிமை தொடர்புகள் மற்றும் அவசரமற்ற வழிகாட்டல் ஆகியவற்றை மதிப்பாய்வு செய்யவும்.",ஆதரவு,900,no,no,no,yes,1,no,no,no,54 alternates,103,index
https://www.glpzy.app/ta/terms.html,ta/terms.html,ta,trust,200,https://www.glpzy.app/ta/terms.html,index,yes,பயன்பாட்டு விதிமுறைகள் | OneGLP,"விலை, பில்லிங் காலம் மற்றும் ஏதேனும் அறிமுக சலுகை விவரங்கள் வாங்குவதற்கு முன் உங்கள் App Store கணக்கில் காட்டப்படும். App Store அமைப்புகளில் நிர்வகிக்கவும் அல்லது ரத்து செய்யவும்.",பயன்பாட்டு விதிமுறைகள்,968,no,no,no,yes,1,no,no,no,54 alternates,77,index
https://www.glpzy.app/ta/tirzepatide-tracker-iphone.html,ta/tirzepatide-tracker-iphone.html,ta,ingredient,200,https://www.glpzy.app/ta/tirzepatide-tracker-iphone.html,index,yes,Tirzepatide — ஒழுங்கீனம் இல்லாமல் விரைவான பதிவு | OneGLP,"Tirzepatide: ஒரு தனியார் செயலியில் டோஸ் வரலாறு, எடை, அறிகுறிகள், பசி, புகைப்படங்கள், நினைவூட்டல்கள் மற்றும் ஏற்றுமதிகளுடன் இந்த நடைமுறையைப் பதிவுசெய்யுங்கள்.",Tirzepatide,1005,no,no,no,yes,1,no,no,no,54 alternates,59,improve-copy-keep-indexable
https://www.glpzy.app/ta/trulicity-tracker-iphone.html,ta/trulicity-tracker-iphone.html,ta,commercial,200,https://www.glpzy.app/ta/trulicity-tracker-iphone.html,index,yes,Trulicity — ஒழுங்கீனம் இல்லாமல் விரைவான பதிவு | OneGLP,"Trulicity: ஒரு தனியார் செயலியில் டோஸ் வரலாறு, எடை, அறிகுறிகள், பசி, புகைப்படங்கள், நினைவூட்டல்கள் மற்றும் ஏற்றுமதிகளுடன் இந்த நடைமுறையைப் பதிவுசெய்யுங்கள்.",Trulicity,970,no,no,no,yes,1,no,no,no,54 alternates,55,index
https://www.glpzy.app/ta/victoza-tracker-iphone.html,ta/victoza-tracker-iphone.html,ta,commercial,200,https://www.glpzy.app/ta/victoza-tracker-iphone.html,index,yes,Victoza — ஒழுங்கீனம் இல்லாமல் விரைவான பதிவு | OneGLP,"Victoza: ஒரு தனியார் செயலியில் டோஸ் வரலாறு, எடை, அறிகுறிகள், பசி, புகைப்படங்கள், நினைவூட்டல்கள் மற்றும் ஏற்றுமதிகளுடன் இந்த நடைமுறையைப் பதிவுசெய்யுங்கள்.",Victoza,964,no,no,no,yes,1,no,no,no,54 alternates,56,index
https://www.glpzy.app/ta/wegovy-tracker-iphone.html,ta/wegovy-tracker-iphone.html,ta,medicine,200,https://www.glpzy.app/ta/wegovy-tracker-iphone.html,index,yes,Wegovy — ஒழுங்கீனம் இல்லாமல் விரைவான பதிவு | OneGLP,"Wegovy: ஒரு தனியார் செயலியில் டோஸ் வரலாறு, எடை, அறிகுறிகள், பசி, புகைப்படங்கள், நினைவூட்டல்கள் மற்றும் ஏற்றுமதிகளுடன் இந்த நடைமுறையைப் பதிவுசெய்யுங்கள்.",Wegovy,991,no,no,no,yes,1,no,no,no,54 alternates,58,improve-copy-keep-indexable
https://www.glpzy.app/ta/zepbound-tracker-iphone.html,ta/zepbound-tracker-iphone.html,ta,medicine,200,https://www.glpzy.app/ta/zepbound-tracker-iphone.html,index,yes,Zepbound — ஒழுங்கீனம் இல்லாமல் விரைவான பதிவு | OneGLP,"Zepbound: ஒரு தனியார் செயலியில் டோஸ் வரலாறு, எடை, அறிகுறிகள், பசி, புகைப்படங்கள், நினைவூட்டல்கள் மற்றும் ஏற்றுமதிகளுடன் இந்த நடைமுறையைப் பதிவுசெய்யுங்கள்.",Zepbound,1023,no,no,no,yes,1,no,no,no,54 alternates,57,improve-copy-keep-indexable
https://www.glpzy.app/te/apple-health-glp-tracker.html,te/apple-health-glp-tracker.html,te,feature,200,https://www.glpzy.app/te/apple-health-glp-tracker.html,index,yes,Apple Health నుండి చదవడానికి మాత్రమే సందర్భం | OneGLP,"Apple Health యాక్సెస్ ఐచ్ఛికం మరియు మీరు మంజూరు చేసే అనుమతులకు పరిమితం. OneGLP శరీర బరువు చరిత్ర మరియు ఎత్తును దిగుమతి చేస్తుంది, ఆపై శరీర కూర్పు, నిద్ర, కదలిక, వ్యాయామం, కేలరీలు, ప్రోటీన్ మరియు నీటి సారాంశాలను చదవడానికి మాత్రమే మోడ్‌లో చదువుతుంది. తిరిగి ఏమీ వ్రాయలేదు.",Apple Health నుండి చదవడానికి మాత్రమే సందర్భం,829,no,no,no,yes,1,no,no,no,54 alternates,54,improve-copy-keep-indexable
https://www.glpzy.app/te/compounded-glp-tracker-iphone.html,te/compounded-glp-tracker-iphone.html,te,commercial,200,https://www.glpzy.app/te/compounded-glp-tracker-iphone.html,index,yes,సమ్మేళనం చేయబడింది — అయోమయ లేకుండా త్వరిత లాగింగ్ | OneGLP,"సమ్మేళనం చేయబడింది: ఒక ప్రైవేట్ యాప్‌లో డోస్ చరిత్ర, బరువు, లక్షణాలు, ఆకలి, ఫోటోలు, రిమైండర్లు మరియు ఎగుమతులతో ఈ రూటిన్‌ను ట్రాక్ చేయండి.",సమ్మేళనం చేయబడింది,882,no,no,no,yes,1,no,no,no,54 alternates,56,index
https://www.glpzy.app/te/custom-medication-tracker-iphone.html,te/custom-medication-tracker-iphone.html,te,commercial,200,https://www.glpzy.app/te/custom-medication-tracker-iphone.html,index,yes,కస్టమ్ — అయోమయ లేకుండా త్వరిత లాగింగ్ | OneGLP,"కస్టమ్: ఒక ప్రైవేట్ యాప్‌లో డోస్ చరిత్ర, బరువు, లక్షణాలు, ఆకలి, ఫోటోలు, రిమైండర్లు మరియు ఎగుమతులతో ఈ రూటిన్‌ను ట్రాక్ చేయండి.",కస్టమ్,886,no,no,no,yes,1,no,no,no,54 alternates,58,index
https://www.glpzy.app/te/data-rights.html,te/data-rights.html,te,privacy,200,https://www.glpzy.app/te/data-rights.html,index,yes,ఎగుమతి చరిత్ర | OneGLP,"OneGLP ముందుగా స్థానిక భద్రతా బ్యాకప్‌ని సృష్టిస్తుంది, ఆపై ఈ పరికరంలో స్థానిక రికార్డులను భర్తీ చేస్తుంది.",ఎగుమతి చరిత్ర,682,no,no,no,yes,1,no,no,no,54 alternates,77,index
https://www.glpzy.app/te/foundayo-tracker-iphone.html,te/foundayo-tracker-iphone.html,te,commercial,200,https://www.glpzy.app/te/foundayo-tracker-iphone.html,index,yes,Foundayo — అయోమయ లేకుండా త్వరిత లాగింగ్ | OneGLP,"Foundayo: ఒక ప్రైవేట్ యాప్‌లో డోస్ చరిత్ర, బరువు, లక్షణాలు, ఆకలి, ఫోటోలు, రిమైండర్లు మరియు ఎగుమతులతో ఈ రూటిన్‌ను ట్రాక్ చేయండి.",Foundayo,836,no,no,no,yes,1,no,no,no,54 alternates,55,index
https://www.glpzy.app/te/glp1-weight-dose-symptom-tracker.html,te/glp1-weight-dose-symptom-tracker.html,te,commercial,200,https://www.glpzy.app/te/glp1-weight-dose-symptom-tracker.html,index,yes,"మీ GLP-1 రూటిన్, గందరగోళం లేకుండా క్రమబద్ధంగా | OneGLP","వ్యక్తిగత సమీక్ష కోసం ఒక ప్రైవేట్ యాప్‌లో డోసులు, బరువు, లక్షణాలు, ఆకలి, ఫోటోలు, రిమైండర్లు మరియు Apple Health సందర్భాన్ని నమోదు చేయండి.","మీ GLP-1 రూటిన్, గందరగోళం లేకుండా క్రమబద్ధంగా.",1045,no,no,no,yes,1,no,no,no,54 alternates,54,index
https://www.glpzy.app/te/glpzy-is-now-oneglp/,te/glpzy-is-now-oneglp/index.html,te,home,200,https://www.glpzy.app/te/glpzy-is-now-oneglp/,index,yes,GLPzy ఇప్పుడు OneGLP,"GLPzy ఇప్పుడు OneGLP అయింది. యాప్, డెవలపర్ మారలేదు. మీ ప్రస్తుత రికార్డులు, Premium కొనుగోళ్లు అలాగే ఉంటాయి.",GLPzy ఇప్పుడు OneGLP,314,no,no,no,yes,1,yes,yes,no,54 alternates,77,index
https://www.glpzy.app/te/,te/index.html,te,home,200,https://www.glpzy.app/te/,index,yes,"మీ GLP-1 రూటిన్, గందరగోళం లేకుండా క్రమబద్ధంగా | OneGLP","వ్యక్తిగత సమీక్ష కోసం ఒక ప్రైవేట్ యాప్‌లో డోసులు, బరువు, లక్షణాలు, ఆకలి, ఫోటోలు, రిమైండర్లు మరియు Apple Health సందర్భాన్ని నమోదు చేయండి.","మీ GLP-1 రూటిన్, గందరగోళం లేకుండా క్రమబద్ధంగా.",1527,no,no,no,yes,1,yes,no,no,54 alternates,135,index
https://www.glpzy.app/te/local-first-private-glp-tracker.html,te/local-first-private-glp-tracker.html,te,privacy,200,https://www.glpzy.app/te/local-first-private-glp-tracker.html,index,yes,డిఫాల్ట్‌గా ప్రైవేట్. మీరు ఎంచుకున్నప్పుడు ఎగుమతి చేయవచ్చు | OneGLP,"మోతాదులు, బరువు, లక్షణాలు, రిమైండర్‌లు లేదా ఆర్డర్‌లను ట్రాక్ చేయడానికి ఖాతా అవసరం లేదు.",డిఫాల్ట్‌గా ప్రైవేట్. మీరు ఎంచుకున్నప్పుడు ఎగుమతి చేయవచ్చు.,847,no,no,no,yes,1,no,no,no,54 alternates,54,index
https://www.glpzy.app/te/medical-safety.html,te/medical-safety.html,te,trust,200,https://www.glpzy.app/te/medical-safety.html,index,yes,వైద్య భద్రత | OneGLP,"OneGLP ఏమి జరిగిందో స్పష్టంగా రికార్డ్ చేయడానికి మీకు సహాయపడుతుంది. ఇది మీ మోతాదును నిర్ధారించదు, సూచించదు లేదా ఎంచుకోదు.",వైద్య భద్రత,1373,no,no,no,yes,1,no,no,no,54 alternates,78,index
https://www.glpzy.app/te/methodology.html,te/methodology.html,te,trust,200,https://www.glpzy.app/te/methodology.html,index,yes,మెథడాలజీ | OneGLP,అంచనా వేయబడిన ఎక్స్‌పోజర్ ట్రెండ్ వ్యక్తిగత ట్రాకింగ్ కోసం మాత్రమే లాగ్ చేయబడిన డోస్ టైమింగ్‌తో పాటు సరళీకృత శోషణ మరియు తొలగింపు మోడల్‌ని ఉపయోగిస్తుంది.,మెథడాలజీ,1474,no,no,no,yes,1,no,no,no,54 alternates,77,index
https://www.glpzy.app/te/mounjaro-tracker-iphone.html,te/mounjaro-tracker-iphone.html,te,medicine,200,https://www.glpzy.app/te/mounjaro-tracker-iphone.html,index,yes,Mounjaro — అయోమయ లేకుండా త్వరిత లాగింగ్ | OneGLP,"Mounjaro: ఒక ప్రైవేట్ యాప్‌లో డోస్ చరిత్ర, బరువు, లక్షణాలు, ఆకలి, ఫోటోలు, రిమైండర్లు మరియు ఎగుమతులతో ఈ రూటిన్‌ను ట్రాక్ చేయండి.",Mounjaro,876,no,no,no,yes,1,no,no,no,54 alternates,57,improve-copy-keep-indexable
https://www.glpzy.app/te/overview.html,te/overview.html,te,other,200,https://www.glpzy.app/te/overview.html,index,yes,OneGLP — గోప్యతా విధానం · వైద్య భద్రత · మద్దతు,"సపోర్ట్ స్కోప్, గోప్యతా కాంటాక్ట్‌లు మరియు నాన్-ఎమర్జెన్సీ గైడెన్స్‌ని రివ్యూ చేయండి.",OneGLP,761,no,no,no,yes,1,no,no,no,54 alternates,54,index
https://www.glpzy.app/te/ozempic-tracker-iphone.html,te/ozempic-tracker-iphone.html,te,commercial,200,https://www.glpzy.app/te/ozempic-tracker-iphone.html,index,yes,Ozempic — అయోమయ లేకుండా త్వరిత లాగింగ్ | OneGLP,"Ozempic: ఒక ప్రైవేట్ యాప్‌లో డోస్ చరిత్ర, బరువు, లక్షణాలు, ఆకలి, ఫోటోలు, రిమైండర్లు మరియు ఎగుమతులతో ఈ రూటిన్‌ను ట్రాక్ చేయండి.",Ozempic,860,no,no,no,yes,1,no,no,no,54 alternates,58,index
https://www.glpzy.app/te/privacy.html,te/privacy.html,te,privacy,200,https://www.glpzy.app/te/privacy.html,index,yes,డిఫాల్ట్‌గా ప్రైవేట్. మీరు ఎంచుకున్నప్పుడు ఎగుమతి చేయవచ్చు | OneGLP,"మోతాదులు, బరువు, లక్షణాలు, రిమైండర్‌లు లేదా ఆర్డర్‌లను ట్రాక్ చేయడానికి ఖాతా అవసరం లేదు.",డిఫాల్ట్‌గా ప్రైవేట్. మీరు ఎంచుకున్నప్పుడు ఎగుమతి చేయవచ్చు.,847,no,no,no,yes,1,no,no,no,54 alternates,116,index
https://www.glpzy.app/te/rybelsus-tracker-iphone.html,te/rybelsus-tracker-iphone.html,te,commercial,200,https://www.glpzy.app/te/rybelsus-tracker-iphone.html,index,yes,Rybelsus — అయోమయ లేకుండా త్వరిత లాగింగ్ | OneGLP,"Rybelsus: ఒక ప్రైవేట్ యాప్‌లో డోస్ చరిత్ర, బరువు, లక్షణాలు, ఆకలి, ఫోటోలు, రిమైండర్లు మరియు ఎగుమతులతో ఈ రూటిన్‌ను ట్రాక్ చేయండి.",Rybelsus,837,no,no,no,yes,1,no,no,no,54 alternates,58,index
https://www.glpzy.app/te/saxenda-tracker-iphone.html,te/saxenda-tracker-iphone.html,te,commercial,200,https://www.glpzy.app/te/saxenda-tracker-iphone.html,index,yes,Saxenda — అయోమయ లేకుండా త్వరిత లాగింగ్ | OneGLP,"Saxenda: ఒక ప్రైవేట్ యాప్‌లో డోస్ చరిత్ర, బరువు, లక్షణాలు, ఆకలి, ఫోటోలు, రిమైండర్లు మరియు ఎగుమతులతో ఈ రూటిన్‌ను ట్రాక్ చేయండి.",Saxenda,839,no,no,no,yes,1,no,no,no,54 alternates,56,index
https://www.glpzy.app/te/semaglutide-tracker-iphone.html,te/semaglutide-tracker-iphone.html,te,ingredient,200,https://www.glpzy.app/te/semaglutide-tracker-iphone.html,index,yes,Semaglutide — అయోమయ లేకుండా త్వరిత లాగింగ్ | OneGLP,"Semaglutide: ఒక ప్రైవేట్ యాప్‌లో డోస్ చరిత్ర, బరువు, లక్షణాలు, ఆకలి, ఫోటోలు, రిమైండర్లు మరియు ఎగుమతులతో ఈ రూటిన్‌ను ట్రాక్ చేయండి.",Semaglutide,870,no,no,no,yes,1,no,no,no,54 alternates,60,improve-copy-keep-indexable
https://www.glpzy.app/te/support.html,te/support.html,te,trust,200,https://www.glpzy.app/te/support.html,index,yes,మద్దతు | OneGLP,"సపోర్ట్ స్కోప్, గోప్యతా కాంటాక్ట్‌లు మరియు నాన్-ఎమర్జెన్సీ గైడెన్స్‌ని రివ్యూ చేయండి.",మద్దతు,824,no,no,no,yes,1,no,no,no,54 alternates,103,index
https://www.glpzy.app/te/terms.html,te/terms.html,te,trust,200,https://www.glpzy.app/te/terms.html,index,yes,ఉపయోగ నిబంధనలు | OneGLP,"కొనుగోలుకు ముందు మీ App Store ఖాతా నుండి ధర, బిల్లింగ్ వ్యవధి మరియు ఏవైనా పరిచయ ఆఫర్ వివరాలు చూపబడతాయి. App Store సెట్టింగ్‌లలో నిర్వహించండి లేదా రద్దు చేయండి.",ఉపయోగ నిబంధనలు,889,no,no,no,yes,1,no,no,no,54 alternates,77,index
https://www.glpzy.app/te/tirzepatide-tracker-iphone.html,te/tirzepatide-tracker-iphone.html,te,ingredient,200,https://www.glpzy.app/te/tirzepatide-tracker-iphone.html,index,yes,Tirzepatide — అయోమయ లేకుండా త్వరిత లాగింగ్ | OneGLP,"Tirzepatide: ఒక ప్రైవేట్ యాప్‌లో డోస్ చరిత్ర, బరువు, లక్షణాలు, ఆకలి, ఫోటోలు, రిమైండర్లు మరియు ఎగుమతులతో ఈ రూటిన్‌ను ట్రాక్ చేయండి.",Tirzepatide,893,no,no,no,yes,1,no,no,no,54 alternates,59,improve-copy-keep-indexable
https://www.glpzy.app/te/trulicity-tracker-iphone.html,te/trulicity-tracker-iphone.html,te,commercial,200,https://www.glpzy.app/te/trulicity-tracker-iphone.html,index,yes,Trulicity — అయోమయ లేకుండా త్వరిత లాగింగ్ | OneGLP,"Trulicity: ఒక ప్రైవేట్ యాప్‌లో డోస్ చరిత్ర, బరువు, లక్షణాలు, ఆకలి, ఫోటోలు, రిమైండర్లు మరియు ఎగుమతులతో ఈ రూటిన్‌ను ట్రాక్ చేయండి.",Trulicity,843,no,no,no,yes,1,no,no,no,54 alternates,55,index
https://www.glpzy.app/te/victoza-tracker-iphone.html,te/victoza-tracker-iphone.html,te,commercial,200,https://www.glpzy.app/te/victoza-tracker-iphone.html,index,yes,Victoza — అయోమయ లేకుండా త్వరిత లాగింగ్ | OneGLP,"Victoza: ఒక ప్రైవేట్ యాప్‌లో డోస్ చరిత్ర, బరువు, లక్షణాలు, ఆకలి, ఫోటోలు, రిమైండర్లు మరియు ఎగుమతులతో ఈ రూటిన్‌ను ట్రాక్ చేయండి.",Victoza,839,no,no,no,yes,1,no,no,no,54 alternates,56,index
https://www.glpzy.app/te/wegovy-tracker-iphone.html,te/wegovy-tracker-iphone.html,te,medicine,200,https://www.glpzy.app/te/wegovy-tracker-iphone.html,index,yes,Wegovy — అయోమయ లేకుండా త్వరిత లాగింగ్ | OneGLP,"Wegovy: ఒక ప్రైవేట్ యాప్‌లో డోస్ చరిత్ర, బరువు, లక్షణాలు, ఆకలి, ఫోటోలు, రిమైండర్లు మరియు ఎగుమతులతో ఈ రూటిన్‌ను ట్రాక్ చేయండి.",Wegovy,870,no,no,no,yes,1,no,no,no,54 alternates,58,improve-copy-keep-indexable
https://www.glpzy.app/te/zepbound-tracker-iphone.html,te/zepbound-tracker-iphone.html,te,medicine,200,https://www.glpzy.app/te/zepbound-tracker-iphone.html,index,yes,Zepbound — అయోమయ లేకుండా త్వరిత లాగింగ్ | OneGLP,"Zepbound: ఒక ప్రైవేట్ యాప్‌లో డోస్ చరిత్ర, బరువు, లక్షణాలు, ఆకలి, ఫోటోలు, రిమైండర్లు మరియు ఎగుమతులతో ఈ రూటిన్‌ను ట్రాక్ చేయండి.",Zepbound,913,no,no,no,yes,1,no,no,no,54 alternates,57,improve-copy-keep-indexable
https://www.glpzy.app/terms.html,terms.html,root,trust,200,https://www.glpzy.app/terms.html,index,yes,OneGLP legal and trader information,"Read OneGLP legal and trader information, including the Apple standard EULA used for the iOS app and subscription, plus support contact details.",Legal and Trader Information,540,no,no,yes,yes,0,no,no,no,54 alternates,79,index
https://www.glpzy.app/th/apple-health-glp-tracker.html,th/apple-health-glp-tracker.html,th,feature,200,https://www.glpzy.app/th/apple-health-glp-tracker.html,index,yes,บริบทแบบอ่านอย่างเดียวจาก Apple Health | OneGLP,การเข้าถึง Apple Health เป็นทางเลือกและจำกัดเฉพาะการอนุญาตที่คุณให้ OneGLP นำเข้าประวัติน้ำหนักตัวและส่วนสูง จากนั้นอ่านสรุปองค์ประกอบร่างกาย การนอนหลับ การเคลื่อนไหว การออกกำลังกาย แคลอรี่ โปรตีน และน้ำในโหมดอ่านอย่างเดียว ไม่มีอะไรถูกเขียนกลับ,บริบทแบบอ่านอย่างเดียวจาก Apple Health,574,no,no,no,yes,1,no,no,no,54 alternates,54,improve-copy-keep-indexable
https://www.glpzy.app/th/compounded-glp-tracker-iphone.html,th/compounded-glp-tracker-iphone.html,th,commercial,200,https://www.glpzy.app/th/compounded-glp-tracker-iphone.html,index,yes,ยาผสม — บันทึกยาได้รวดเร็ว ไม่รก | OneGLP,ยาผสม: ติดตามกิจวัตรนี้พร้อมประวัติขนาดยา น้ำหนัก อาการ ความอยากอาหาร รูปภาพ การเตือน และการส่งออกในแอปส่วนตัวเดียว.,ยาผสม,563,no,no,no,yes,1,no,no,no,54 alternates,56,index
https://www.glpzy.app/th/custom-medication-tracker-iphone.html,th/custom-medication-tracker-iphone.html,th,commercial,200,https://www.glpzy.app/th/custom-medication-tracker-iphone.html,index,yes,กำหนดเอง — บันทึกยาได้รวดเร็ว ไม่รก | OneGLP,กำหนดเอง: ติดตามกิจวัตรนี้พร้อมประวัติขนาดยา น้ำหนัก อาการ ความอยากอาหาร รูปภาพ การเตือน และการส่งออกในแอปส่วนตัวเดียว.,กำหนดเอง,577,no,no,no,yes,1,no,no,no,54 alternates,58,index
https://www.glpzy.app/th/data-rights.html,th/data-rights.html,th,privacy,200,https://www.glpzy.app/th/data-rights.html,index,yes,ส่งออกประวัติ | OneGLP,ส่งออกสำเนาบันทึกของคุณ การส่งออกจะไม่แทนที่บันทึกที่อยู่ในอุปกรณ์,ส่งออกประวัติ,457,no,no,no,yes,1,no,no,no,54 alternates,77,index
https://www.glpzy.app/th/foundayo-tracker-iphone.html,th/foundayo-tracker-iphone.html,th,commercial,200,https://www.glpzy.app/th/foundayo-tracker-iphone.html,index,yes,Foundayo — บันทึกยาได้รวดเร็ว ไม่รก | OneGLP,Foundayo: ติดตามกิจวัตรนี้พร้อมประวัติขนาดยา น้ำหนัก อาการ ความอยากอาหาร รูปภาพ การเตือน และการส่งออกในแอปส่วนตัวเดียว.,Foundayo,549,no,no,no,yes,1,no,no,no,54 alternates,55,index
https://www.glpzy.app/th/glp1-weight-dose-symptom-tracker.html,th/glp1-weight-dose-symptom-tracker.html,th,commercial,200,https://www.glpzy.app/th/glp1-weight-dose-symptom-tracker.html,index,yes,กิจวัตร GLP-1 ของคุณ จัดระเบียบโดยไม่รก | OneGLP,บันทึกขนาดยา น้ำหนัก อาการ ความอยากอาหาร รูปภาพ การเตือน และบริบทจาก Apple Health ในแอปส่วนตัวเดียวสำหรับการทบทวนของคุณเอง,กิจวัตร GLP-1 ของคุณ จัดระเบียบโดยไม่รก.,678,no,no,no,yes,1,no,no,no,54 alternates,54,index
https://www.glpzy.app/th/glpzy-is-now-oneglp/,th/glpzy-is-now-oneglp/index.html,th,home,200,https://www.glpzy.app/th/glpzy-is-now-oneglp/,index,yes,GLPzy เปลี่ยนชื่อเป็น OneGLP แล้ว,GLPzy เปลี่ยนชื่อเป็น OneGLP แอปและผู้พัฒนาไม่เปลี่ยนแปลง บันทึกและการซื้อ Premium เดิมของคุณยังคงอยู่,GLPzy เปลี่ยนชื่อเป็น OneGLP แล้ว,234,no,no,no,yes,1,yes,yes,no,54 alternates,77,index
https://www.glpzy.app/th/,th/index.html,th,home,200,https://www.glpzy.app/th/,index,yes,กิจวัตร GLP-1 ของคุณ จัดระเบียบโดยไม่รก | OneGLP,บันทึกขนาดยา น้ำหนัก อาการ ความอยากอาหาร รูปภาพ การเตือน และบริบทจาก Apple Health ในแอปส่วนตัวเดียวสำหรับการทบทวนของคุณเอง,กิจวัตร GLP-1 ของคุณ จัดระเบียบโดยไม่รก.,936,no,no,no,yes,1,yes,no,no,54 alternates,135,index
https://www.glpzy.app/th/local-first-private-glp-tracker.html,th/local-first-private-glp-tracker.html,th,privacy,200,https://www.glpzy.app/th/local-first-private-glp-tracker.html,index,yes,เป็นส่วนตัวโดยค่าเริ่มต้น ส่งออกได้เมื่อคุณเลือก | OneGLP,ไม่ต้องมีบัญชีเพื่อบันทึกขนาดยา น้ำหนัก อาการ การเตือน หรือการเตือน,เป็นส่วนตัวโดยค่าเริ่มต้น ส่งออกได้เมื่อคุณเลือก.,576,no,no,no,yes,1,no,no,no,54 alternates,54,index
https://www.glpzy.app/th/medical-safety.html,th/medical-safety.html,th,trust,200,https://www.glpzy.app/th/medical-safety.html,index,yes,ความปลอดภัยทางการแพทย์ | OneGLP,OneGLP ช่วยให้คุณเก็บบันทึกสิ่งที่เกิดขึ้นได้ชัดเจนยิ่งขึ้น ไม่ได้วินิจฉัย กำหนด หรือเลือกขนาดยาของคุณ,ความปลอดภัยทางการแพทย์,862,no,no,no,yes,1,no,no,no,54 alternates,78,index
https://www.glpzy.app/th/methodology.html,th/methodology.html,th,trust,200,https://www.glpzy.app/th/methodology.html,index,yes,ระเบียบวิธี | OneGLP,แนวโน้มการสัมผัสโดยประมาณใช้การจับเวลาปริมาณรังสีที่บันทึกไว้ บวกกับแบบจำลองการดูดซึมและการกำจัดแบบง่ายสำหรับการติดตามส่วนบุคคลเท่านั้น,ระเบียบวิธี,892,no,no,no,yes,1,no,no,no,54 alternates,77,index
https://www.glpzy.app/th/mounjaro-tracker-iphone.html,th/mounjaro-tracker-iphone.html,th,medicine,200,https://www.glpzy.app/th/mounjaro-tracker-iphone.html,index,yes,Mounjaro — บันทึกยาได้รวดเร็ว ไม่รก | OneGLP,Mounjaro: ติดตามกิจวัตรนี้พร้อมประวัติขนาดยา น้ำหนัก อาการ ความอยากอาหาร รูปภาพ การเตือน และการส่งออกในแอปส่วนตัวเดียว.,Mounjaro,564,no,no,no,yes,1,no,no,no,54 alternates,57,improve-copy-keep-indexable
https://www.glpzy.app/th/overview.html,th/overview.html,th,other,200,https://www.glpzy.app/th/overview.html,index,yes,OneGLP — นโยบายความเป็นส่วนตัว · ความปลอดภัยทางการแพทย์ · ช่วยเหลือ,ตรวจสอบขอบเขตการช่วยเหลือ ช่องทางติดต่อด้านความเป็นส่วนตัว และคำแนะนำที่ไม่ใช่เหตุฉุกเฉิน,OneGLP,520,no,no,no,yes,1,no,no,no,54 alternates,54,index
https://www.glpzy.app/th/ozempic-tracker-iphone.html,th/ozempic-tracker-iphone.html,th,commercial,200,https://www.glpzy.app/th/ozempic-tracker-iphone.html,index,yes,Ozempic — บันทึกยาได้รวดเร็ว ไม่รก | OneGLP,Ozempic: ติดตามกิจวัตรนี้พร้อมประวัติขนาดยา น้ำหนัก อาการ ความอยากอาหาร รูปภาพ การเตือน และการส่งออกในแอปส่วนตัวเดียว.,Ozempic,557,no,no,no,yes,1,no,no,no,54 alternates,58,index
https://www.glpzy.app/th/privacy.html,th/privacy.html,th,privacy,200,https://www.glpzy.app/th/privacy.html,index,yes,เป็นส่วนตัวโดยค่าเริ่มต้น ส่งออกได้เมื่อคุณเลือก | OneGLP,ไม่ต้องมีบัญชีเพื่อบันทึกขนาดยา น้ำหนัก อาการ การเตือน หรือการเตือน,เป็นส่วนตัวโดยค่าเริ่มต้น ส่งออกได้เมื่อคุณเลือก.,576,no,no,no,yes,1,no,no,no,54 alternates,116,index
https://www.glpzy.app/th/rybelsus-tracker-iphone.html,th/rybelsus-tracker-iphone.html,th,commercial,200,https://www.glpzy.app/th/rybelsus-tracker-iphone.html,index,yes,Rybelsus — บันทึกยาได้รวดเร็ว ไม่รก | OneGLP,Rybelsus: ติดตามกิจวัตรนี้พร้อมประวัติขนาดยา น้ำหนัก อาการ ความอยากอาหาร รูปภาพ การเตือน และการส่งออกในแอปส่วนตัวเดียว.,Rybelsus,551,no,no,no,yes,1,no,no,no,54 alternates,58,index
https://www.glpzy.app/th/saxenda-tracker-iphone.html,th/saxenda-tracker-iphone.html,th,commercial,200,https://www.glpzy.app/th/saxenda-tracker-iphone.html,index,yes,Saxenda — บันทึกยาได้รวดเร็ว ไม่รก | OneGLP,Saxenda: ติดตามกิจวัตรนี้พร้อมประวัติขนาดยา น้ำหนัก อาการ ความอยากอาหาร รูปภาพ การเตือน และการส่งออกในแอปส่วนตัวเดียว.,Saxenda,548,no,no,no,yes,1,no,no,no,54 alternates,56,index
https://www.glpzy.app/th/semaglutide-tracker-iphone.html,th/semaglutide-tracker-iphone.html,th,ingredient,200,https://www.glpzy.app/th/semaglutide-tracker-iphone.html,index,yes,Semaglutide — บันทึกยาได้รวดเร็ว ไม่รก | OneGLP,Semaglutide: ติดตามกิจวัตรนี้พร้อมประวัติขนาดยา น้ำหนัก อาการ ความอยากอาหาร รูปภาพ การเตือน และการส่งออกในแอปส่วนตัวเดียว.,Semaglutide,564,no,no,no,yes,1,no,no,no,54 alternates,60,improve-copy-keep-indexable
https://www.glpzy.app/th/support.html,th/support.html,th,trust,200,https://www.glpzy.app/th/support.html,index,yes,ช่วยเหลือ | OneGLP,ตรวจสอบขอบเขตการช่วยเหลือ ช่องทางติดต่อด้านความเป็นส่วนตัว และคำแนะนำที่ไม่ใช่เหตุฉุกเฉิน,ช่วยเหลือ,565,no,no,no,yes,1,no,no,no,54 alternates,103,index
https://www.glpzy.app/th/terms.html,th/terms.html,th,trust,200,https://www.glpzy.app/th/terms.html,index,yes,ข้อกำหนดการใช้งาน | OneGLP,ราคา ระยะเวลาการเรียกเก็บเงิน และรายละเอียดข้อเสนอเบื้องต้นจะแสดงจากบัญชี App Store ของคุณก่อนซื้อ จัดการหรือยกเลิกในการตั้งค่า App Store,ข้อกำหนดการใช้งาน,594,no,no,no,yes,1,no,no,no,54 alternates,77,index
https://www.glpzy.app/th/tirzepatide-tracker-iphone.html,th/tirzepatide-tracker-iphone.html,th,ingredient,200,https://www.glpzy.app/th/tirzepatide-tracker-iphone.html,index,yes,Tirzepatide — บันทึกยาได้รวดเร็ว ไม่รก | OneGLP,Tirzepatide: ติดตามกิจวัตรนี้พร้อมประวัติขนาดยา น้ำหนัก อาการ ความอยากอาหาร รูปภาพ การเตือน และการส่งออกในแอปส่วนตัวเดียว.,Tirzepatide,569,no,no,no,yes,1,no,no,no,54 alternates,59,improve-copy-keep-indexable
https://www.glpzy.app/th/trulicity-tracker-iphone.html,th/trulicity-tracker-iphone.html,th,commercial,200,https://www.glpzy.app/th/trulicity-tracker-iphone.html,index,yes,Trulicity — บันทึกยาได้รวดเร็ว ไม่รก | OneGLP,Trulicity: ติดตามกิจวัตรนี้พร้อมประวัติขนาดยา น้ำหนัก อาการ ความอยากอาหาร รูปภาพ การเตือน และการส่งออกในแอปส่วนตัวเดียว.,Trulicity,550,no,no,no,yes,1,no,no,no,54 alternates,55,index
https://www.glpzy.app/th/victoza-tracker-iphone.html,th/victoza-tracker-iphone.html,th,commercial,200,https://www.glpzy.app/th/victoza-tracker-iphone.html,index,yes,Victoza — บันทึกยาได้รวดเร็ว ไม่รก | OneGLP,Victoza: ติดตามกิจวัตรนี้พร้อมประวัติขนาดยา น้ำหนัก อาการ ความอยากอาหาร รูปภาพ การเตือน และการส่งออกในแอปส่วนตัวเดียว.,Victoza,548,no,no,no,yes,1,no,no,no,54 alternates,56,index
https://www.glpzy.app/th/wegovy-tracker-iphone.html,th/wegovy-tracker-iphone.html,th,medicine,200,https://www.glpzy.app/th/wegovy-tracker-iphone.html,index,yes,Wegovy — บันทึกยาได้รวดเร็ว ไม่รก | OneGLP,Wegovy: ติดตามกิจวัตรนี้พร้อมประวัติขนาดยา น้ำหนัก อาการ ความอยากอาหาร รูปภาพ การเตือน และการส่งออกในแอปส่วนตัวเดียว.,Wegovy,564,no,no,no,yes,1,no,no,no,54 alternates,58,improve-copy-keep-indexable
https://www.glpzy.app/th/zepbound-tracker-iphone.html,th/zepbound-tracker-iphone.html,th,medicine,200,https://www.glpzy.app/th/zepbound-tracker-iphone.html,index,yes,Zepbound — บันทึกยาได้รวดเร็ว ไม่รก | OneGLP,Zepbound: ติดตามกิจวัตรนี้พร้อมประวัติขนาดยา น้ำหนัก อาการ ความอยากอาหาร รูปภาพ การเตือน และการส่งออกในแอปส่วนตัวเดียว.,Zepbound,578,no,no,no,yes,1,no,no,no,54 alternates,57,improve-copy-keep-indexable
https://www.glpzy.app/tirzepatide-tracker-iphone.html,tirzepatide-tracker-iphone.html,root,ingredient,200,https://www.glpzy.app/tirzepatide-tracker-iphone.html,index,yes,Tirzepatide tracker app for iPhone | OneGLP,"Track tirzepatide dose records, reminders, weight, symptoms, photos and optional read-only Apple Health context privately on iPhone.",Tirzepatide tracker app for iPhone,1018,yes,yes,yes,yes,4,yes,yes,yes,54 alternates,70,index
https://www.glpzy.app/tr/apple-health-glp-tracker.html,tr/apple-health-glp-tracker.html,tr,feature,200,https://www.glpzy.app/tr/apple-health-glp-tracker.html,index,yes,Apple Health'den salt okunur içerik | OneGLP,"Apple Health erişimi isteğe bağlıdır ve verdiğiniz izinlerle sınırlıdır. OneGLP vücut ağırlığı geçmişini ve boyunu içe aktarır, ardından salt okunur modda vücut kompozisyonu, uyku, hareket, egzersiz, kalori, protein ve su özetlerini okur. Hiçbir şey geri yazılmıyor.",Apple Health'den salt okunur içerik,462,no,no,no,yes,1,no,no,no,54 alternates,54,improve-copy-keep-indexable
https://www.glpzy.app/tr/compounded-glp-tracker-iphone.html,tr/compounded-glp-tracker-iphone.html,tr,commercial,200,https://www.glpzy.app/tr/compounded-glp-tracker-iphone.html,index,yes,Bileşik — Dağınıklık olmadan hızlı kayıt | OneGLP,"Bileşik: Bu rutini doz geçmişi, kilo, belirtiler, iştah, fotoğraflar, hatırlatıcılar ve dışa aktarımlarla tek bir özel uygulamada takip edin.",Bileşik,449,no,no,no,yes,1,no,no,no,54 alternates,56,index
https://www.glpzy.app/tr/custom-medication-tracker-iphone.html,tr/custom-medication-tracker-iphone.html,tr,commercial,200,https://www.glpzy.app/tr/custom-medication-tracker-iphone.html,index,yes,Özel — Dağınıklık olmadan hızlı kayıt | OneGLP,"Özel: Bu rutini doz geçmişi, kilo, belirtiler, iştah, fotoğraflar, hatırlatıcılar ve dışa aktarımlarla tek bir özel uygulamada takip edin.",Özel,458,no,no,no,yes,1,no,no,no,54 alternates,58,index
https://www.glpzy.app/tr/data-rights.html,tr/data-rights.html,tr,privacy,200,https://www.glpzy.app/tr/data-rights.html,index,yes,Dışa aktarma geçmişi | OneGLP,"OneGLP önce yerel bir güvenlik yedeği oluşturacak, ardından bu cihazdaki yerel kayıtları değiştirecek.",Dışa aktarma geçmişi,379,no,no,no,yes,1,no,no,no,54 alternates,77,index
https://www.glpzy.app/tr/foundayo-tracker-iphone.html,tr/foundayo-tracker-iphone.html,tr,commercial,200,https://www.glpzy.app/tr/foundayo-tracker-iphone.html,index,yes,Foundayo — Dağınıklık olmadan hızlı kayıt | OneGLP,"Foundayo: Bu rutini doz geçmişi, kilo, belirtiler, iştah, fotoğraflar, hatırlatıcılar ve dışa aktarımlarla tek bir özel uygulamada takip edin.",Foundayo,438,no,no,no,yes,1,no,no,no,54 alternates,55,index
https://www.glpzy.app/tr/glp1-weight-dose-symptom-tracker.html,tr/glp1-weight-dose-symptom-tracker.html,tr,commercial,200,https://www.glpzy.app/tr/glp1-weight-dose-symptom-tracker.html,index,yes,"GLP-1 rutininiz, karmaşa olmadan düzenli | OneGLP","Kişisel inceleme için dozları, kiloyu, belirtileri, iştahı, fotoğrafları, hatırlatıcıları ve Apple Health bağlamını tek bir özel uygulamada kaydedin.","GLP-1 rutininiz, karmaşa olmadan düzenli.",515,no,no,no,yes,1,no,no,no,54 alternates,54,index
https://www.glpzy.app/tr/glpzy-is-now-oneglp/,tr/glpzy-is-now-oneglp/index.html,tr,home,200,https://www.glpzy.app/tr/glpzy-is-now-oneglp/,index,yes,GLPzy artık OneGLP,"GLPzy artık OneGLP adını taşıyor. Uygulama, geliştirici, kayıtlarınız ve Premium satın alımlarınız değişmedi.",GLPzy artık OneGLP,181,no,no,no,yes,1,yes,yes,no,54 alternates,77,index
https://www.glpzy.app/tr/,tr/index.html,tr,home,200,https://www.glpzy.app/tr/,index,yes,"GLP-1 rutininiz, karmaşa olmadan düzenli | OneGLP","Kişisel inceleme için dozları, kiloyu, belirtileri, iştahı, fotoğrafları, hatırlatıcıları ve Apple Health bağlamını tek bir özel uygulamada kaydedin.","GLP-1 rutininiz, karmaşa olmadan düzenli.",714,no,no,no,yes,1,yes,no,no,54 alternates,135,index
https://www.glpzy.app/tr/local-first-private-glp-tracker.html,tr/local-first-private-glp-tracker.html,tr,privacy,200,https://www.glpzy.app/tr/local-first-private-glp-tracker.html,index,yes,Varsayılan olarak özel. Siz seçtiğinizde dışa aktarılabilir | OneGLP,"Dozları, ağırlığı, semptomları, hatırlatıcıları veya siparişleri takip etmek için herhangi bir hesaba gerek yoktur.",Varsayılan olarak özel. Siz seçtiğinizde dışa aktarılabilir.,450,no,no,no,yes,1,no,no,no,54 alternates,54,index
https://www.glpzy.app/tr/medical-safety.html,tr/medical-safety.html,tr,trust,200,https://www.glpzy.app/tr/medical-safety.html,index,yes,Tıbbi güvenlik | OneGLP,"OneGLP olup bitenlerin daha net kaydını tutmanıza yardımcı olur. Teşhis etmez, reçete yazmaz veya dozunuzu seçmez.",Tıbbi güvenlik,660,no,no,no,yes,1,no,no,no,54 alternates,78,index
https://www.glpzy.app/tr/methodology.html,tr/methodology.html,tr,trust,200,https://www.glpzy.app/tr/methodology.html,index,yes,Metodoloji | OneGLP,"Tahmini Maruz Kalma Trendi, kayıtlı doz zamanlamasını ve yalnızca kişisel takip için basitleştirilmiş bir emilim ve eliminasyon modelini kullanır.",Metodoloji,689,no,no,no,yes,1,no,no,no,54 alternates,77,index
https://www.glpzy.app/tr/mounjaro-tracker-iphone.html,tr/mounjaro-tracker-iphone.html,tr,medicine,200,https://www.glpzy.app/tr/mounjaro-tracker-iphone.html,index,yes,Mounjaro — Dağınıklık olmadan hızlı kayıt | OneGLP,"Mounjaro: Bu rutini doz geçmişi, kilo, belirtiler, iştah, fotoğraflar, hatırlatıcılar ve dışa aktarımlarla tek bir özel uygulamada takip edin.",Mounjaro,451,no,no,no,yes,1,no,no,no,54 alternates,57,improve-copy-keep-indexable
https://www.glpzy.app/tr/overview.html,tr/overview.html,tr,other,200,https://www.glpzy.app/tr/overview.html,index,yes,OneGLP — Gizlilik politikası · Tıbbi güvenlik · Destek,"Destek kapsamını, gizlilik iletişim bilgilerini ve acil olmayan durum rehberliğini inceleyin.",OneGLP,408,no,no,no,yes,1,no,no,no,54 alternates,54,index
https://www.glpzy.app/tr/ozempic-tracker-iphone.html,tr/ozempic-tracker-iphone.html,tr,commercial,200,https://www.glpzy.app/tr/ozempic-tracker-iphone.html,index,yes,Ozempic — Dağınıklık olmadan hızlı kayıt | OneGLP,"Ozempic: Bu rutini doz geçmişi, kilo, belirtiler, iştah, fotoğraflar, hatırlatıcılar ve dışa aktarımlarla tek bir özel uygulamada takip edin.",Ozempic,447,no,no,no,yes,1,no,no,no,54 alternates,58,index
https://www.glpzy.app/tr/privacy.html,tr/privacy.html,tr,privacy,200,https://www.glpzy.app/tr/privacy.html,index,yes,Varsayılan olarak özel. Siz seçtiğinizde dışa aktarılabilir | OneGLP,"Dozları, ağırlığı, semptomları, hatırlatıcıları veya siparişleri takip etmek için herhangi bir hesaba gerek yoktur.",Varsayılan olarak özel. Siz seçtiğinizde dışa aktarılabilir.,450,no,no,no,yes,1,no,no,no,54 alternates,116,index
https://www.glpzy.app/tr/rybelsus-tracker-iphone.html,tr/rybelsus-tracker-iphone.html,tr,commercial,200,https://www.glpzy.app/tr/rybelsus-tracker-iphone.html,index,yes,Rybelsus — Dağınıklık olmadan hızlı kayıt | OneGLP,"Rybelsus: Bu rutini doz geçmişi, kilo, belirtiler, iştah, fotoğraflar, hatırlatıcılar ve dışa aktarımlarla tek bir özel uygulamada takip edin.",Rybelsus,440,no,no,no,yes,1,no,no,no,54 alternates,58,index
https://www.glpzy.app/tr/saxenda-tracker-iphone.html,tr/saxenda-tracker-iphone.html,tr,commercial,200,https://www.glpzy.app/tr/saxenda-tracker-iphone.html,index,yes,Saxenda — Dağınıklık olmadan hızlı kayıt | OneGLP,"Saxenda: Bu rutini doz geçmişi, kilo, belirtiler, iştah, fotoğraflar, hatırlatıcılar ve dışa aktarımlarla tek bir özel uygulamada takip edin.",Saxenda,440,no,no,no,yes,1,no,no,no,54 alternates,56,index
https://www.glpzy.app/tr/semaglutide-tracker-iphone.html,tr/semaglutide-tracker-iphone.html,tr,ingredient,200,https://www.glpzy.app/tr/semaglutide-tracker-iphone.html,index,yes,Semaglutide — Dağınıklık olmadan hızlı kayıt | OneGLP,"Semaglutide: Bu rutini doz geçmişi, kilo, belirtiler, iştah, fotoğraflar, hatırlatıcılar ve dışa aktarımlarla tek bir özel uygulamada takip edin.",Semaglutide,450,no,no,no,yes,1,no,no,no,54 alternates,60,improve-copy-keep-indexable
https://www.glpzy.app/tr/support.html,tr/support.html,tr,trust,200,https://www.glpzy.app/tr/support.html,index,yes,Destek | OneGLP,"Destek kapsamını, gizlilik iletişim bilgilerini ve acil olmayan durum rehberliğini inceleyin.",Destek,434,no,no,no,yes,1,no,no,no,54 alternates,103,index
https://www.glpzy.app/tr/terms.html,tr/terms.html,tr,trust,200,https://www.glpzy.app/tr/terms.html,index,yes,Kullanım şartları | OneGLP,"Fiyatlandırma, fatura dönemi ve tüm tanıtım teklif ayrıntıları satın almadan önce App Store hesabınızda gösterilir. App Store ayarlarında yönetin veya iptal edin.",Kullanım şartları,472,no,no,no,yes,1,no,no,no,54 alternates,77,index
https://www.glpzy.app/tr/tirzepatide-tracker-iphone.html,tr/tirzepatide-tracker-iphone.html,tr,ingredient,200,https://www.glpzy.app/tr/tirzepatide-tracker-iphone.html,index,yes,Tirzepatide — Dağınıklık olmadan hızlı kayıt | OneGLP,"Tirzepatide: Bu rutini doz geçmişi, kilo, belirtiler, iştah, fotoğraflar, hatırlatıcılar ve dışa aktarımlarla tek bir özel uygulamada takip edin.",Tirzepatide,456,no,no,no,yes,1,no,no,no,54 alternates,59,improve-copy-keep-indexable
https://www.glpzy.app/tr/trulicity-tracker-iphone.html,tr/trulicity-tracker-iphone.html,tr,commercial,200,https://www.glpzy.app/tr/trulicity-tracker-iphone.html,index,yes,Trulicity — Dağınıklık olmadan hızlı kayıt | OneGLP,"Trulicity: Bu rutini doz geçmişi, kilo, belirtiler, iştah, fotoğraflar, hatırlatıcılar ve dışa aktarımlarla tek bir özel uygulamada takip edin.",Trulicity,440,no,no,no,yes,1,no,no,no,54 alternates,55,index
https://www.glpzy.app/tr/victoza-tracker-iphone.html,tr/victoza-tracker-iphone.html,tr,commercial,200,https://www.glpzy.app/tr/victoza-tracker-iphone.html,index,yes,Victoza — Dağınıklık olmadan hızlı kayıt | OneGLP,"Victoza: Bu rutini doz geçmişi, kilo, belirtiler, iştah, fotoğraflar, hatırlatıcılar ve dışa aktarımlarla tek bir özel uygulamada takip edin.",Victoza,440,no,no,no,yes,1,no,no,no,54 alternates,56,index
https://www.glpzy.app/tr/wegovy-tracker-iphone.html,tr/wegovy-tracker-iphone.html,tr,medicine,200,https://www.glpzy.app/tr/wegovy-tracker-iphone.html,index,yes,Wegovy — Dağınıklık olmadan hızlı kayıt | OneGLP,"Wegovy: Bu rutini doz geçmişi, kilo, belirtiler, iştah, fotoğraflar, hatırlatıcılar ve dışa aktarımlarla tek bir özel uygulamada takip edin.",Wegovy,450,no,no,no,yes,1,no,no,no,54 alternates,58,improve-copy-keep-indexable
https://www.glpzy.app/tr/zepbound-tracker-iphone.html,tr/zepbound-tracker-iphone.html,tr,medicine,200,https://www.glpzy.app/tr/zepbound-tracker-iphone.html,index,yes,Zepbound — Dağınıklık olmadan hızlı kayıt | OneGLP,"Zepbound: Bu rutini doz geçmişi, kilo, belirtiler, iştah, fotoğraflar, hatırlatıcılar ve dışa aktarımlarla tek bir özel uygulamada takip edin.",Zepbound,462,no,no,no,yes,1,no,no,no,54 alternates,57,improve-copy-keep-indexable
https://www.glpzy.app/trulicity-tracker-iphone.html,trulicity-tracker-iphone.html,root,commercial,200,https://www.glpzy.app/trulicity-tracker-iphone.html,index,yes,Trulicity pen tracker for iPhone and iPad | OneGLP weekly routine app,"Track Trulicity pen routines on iPhone and iPad with weekly reminders, dose history, Apple Health context, and local-first review in OneGLP.",Trulicity tracking for weekly routines and later review,547,no,no,yes,yes,1,no,yes,no,54 alternates,54,index
https://www.glpzy.app/uk/apple-health-glp-tracker.html,uk/apple-health-glp-tracker.html,uk,feature,200,https://www.glpzy.app/uk/apple-health-glp-tracker.html,index,yes,Контекст лише для читання з Apple Health | OneGLP,"Доступ до Apple Health необов’язковий і обмежений дозволами, які ви надаєте. OneGLP імпортує історію маси тіла та зріст, а потім зчитує підсумкові дані про склад тіла, сон, рух, тренування, калорії, білок і воду в режимі лише для читання. Нічого не написано назад.",Контекст лише для читання з Apple Health,494,no,no,no,yes,1,no,no,no,54 alternates,54,improve-copy-keep-indexable
https://www.glpzy.app/uk/compounded-glp-tracker-iphone.html,uk/compounded-glp-tracker-iphone.html,uk,commercial,200,https://www.glpzy.app/uk/compounded-glp-tracker-iphone.html,index,yes,Складений — Швидке ведення журналу без перешкод | OneGLP,"Складений: Відстежуйте цю рутину з історією доз, вагою, симптомами, апетитом, фото, нагадуваннями та експортами в одному приватному застосунку.",Складений,466,no,no,no,yes,1,no,no,no,54 alternates,56,index
https://www.glpzy.app/uk/custom-medication-tracker-iphone.html,uk/custom-medication-tracker-iphone.html,uk,commercial,200,https://www.glpzy.app/uk/custom-medication-tracker-iphone.html,index,yes,Власний — Швидке ведення журналу без перешкод | OneGLP,"Власний: Відстежуйте цю рутину з історією доз, вагою, симптомами, апетитом, фото, нагадуваннями та експортами в одному приватному застосунку.",Власний,474,no,no,no,yes,1,no,no,no,54 alternates,58,index
https://www.glpzy.app/uk/data-rights.html,uk/data-rights.html,uk,privacy,200,https://www.glpzy.app/uk/data-rights.html,index,yes,Історія експорту | OneGLP,"OneGLP спочатку створить локальну резервну копію безпеки, а потім замінить локальні записи на цьому пристрої.",Історія експорту,392,no,no,no,yes,1,no,no,no,54 alternates,77,index
https://www.glpzy.app/uk/foundayo-tracker-iphone.html,uk/foundayo-tracker-iphone.html,uk,commercial,200,https://www.glpzy.app/uk/foundayo-tracker-iphone.html,index,yes,Foundayo — Швидке ведення журналу без перешкод | OneGLP,"Foundayo: Відстежуйте цю рутину з історією доз, вагою, симптомами, апетитом, фото, нагадуваннями та експортами в одному приватному застосунку.",Foundayo,456,no,no,no,yes,1,no,no,no,54 alternates,55,index
https://www.glpzy.app/uk/glp1-weight-dose-symptom-tracker.html,uk/glp1-weight-dose-symptom-tracker.html,uk,commercial,200,https://www.glpzy.app/uk/glp1-weight-dose-symptom-tracker.html,index,yes,"Ваша рутина GLP-1, впорядкована без зайвого безладу | OneGLP","Записуйте дози, вагу, симптоми, апетит, фото, нагадування та контекст Apple Health в одному приватному застосунку для особистого перегляду.","Ваша рутина GLP-1, впорядкована без зайвого безладу.",546,no,no,no,yes,1,no,no,no,54 alternates,54,index
https://www.glpzy.app/uk/glpzy-is-now-oneglp/,uk/glpzy-is-now-oneglp/index.html,uk,home,200,https://www.glpzy.app/uk/glpzy-is-now-oneglp/,index,yes,GLPzy тепер називається OneGLP,GLPzy тепер OneGLP. Застосунок і розробник не змінилися. Ваші записи та покупки Premium зберігаються.,GLPzy тепер називається OneGLP,185,no,no,no,yes,1,yes,yes,no,54 alternates,77,index
https://www.glpzy.app/uk/,uk/index.html,uk,home,200,https://www.glpzy.app/uk/,index,yes,"Ваша рутина GLP-1, впорядкована без зайвого безладу | OneGLP","Записуйте дози, вагу, симптоми, апетит, фото, нагадування та контекст Apple Health в одному приватному застосунку для особистого перегляду.","Ваша рутина GLP-1, впорядкована без зайвого безладу.",741,no,no,no,yes,1,yes,no,no,54 alternates,135,index
https://www.glpzy.app/uk/local-first-private-glp-tracker.html,uk/local-first-private-glp-tracker.html,uk,privacy,200,https://www.glpzy.app/uk/local-first-private-glp-tracker.html,index,yes,"Приватно за замовчуванням. Експортується, коли ви обираєте | OneGLP","Для відстеження доз, ваги, симптомів, нагадувань або замовлень обліковий запис не потрібен.","Приватно за замовчуванням. Експортується, коли ви обираєте.",474,no,no,no,yes,1,no,no,no,54 alternates,54,index
https://www.glpzy.app/uk/medical-safety.html,uk/medical-safety.html,uk,trust,200,https://www.glpzy.app/uk/medical-safety.html,index,yes,Медична безпека | OneGLP,"OneGLP допомагає точніше записувати те, що сталося. Він не діагностує, не призначає та не вибирає вашу дозу.",Медична безпека,702,no,no,no,yes,1,no,no,no,54 alternates,78,index
https://www.glpzy.app/uk/methodology.html,uk/methodology.html,uk,trust,200,https://www.glpzy.app/uk/methodology.html,index,yes,Методологія | OneGLP,"Тенденція очікуваного опромінення використовує зареєстрований час дози, а також спрощену модель поглинання та елімінації лише для особистого відстеження.",Методологія,727,no,no,no,yes,1,no,no,no,54 alternates,77,index
https://www.glpzy.app/uk/mounjaro-tracker-iphone.html,uk/mounjaro-tracker-iphone.html,uk,medicine,200,https://www.glpzy.app/uk/mounjaro-tracker-iphone.html,index,yes,Mounjaro — Швидке ведення журналу без перешкод | OneGLP,"Mounjaro: Відстежуйте цю рутину з історією доз, вагою, симптомами, апетитом, фото, нагадуваннями та експортами в одному приватному застосунку.",Mounjaro,466,no,no,no,yes,1,no,no,no,54 alternates,57,improve-copy-keep-indexable
https://www.glpzy.app/uk/overview.html,uk/overview.html,uk,other,200,https://www.glpzy.app/uk/overview.html,index,yes,OneGLP — Політика конфіденційності · Медична безпека · Підтримка,"Перегляньте обсяг підтримки, контакти щодо конфіденційності та вказівки щодо ненадзвичайних ситуацій.",OneGLP,424,no,no,no,yes,1,no,no,no,54 alternates,54,index
https://www.glpzy.app/uk/ozempic-tracker-iphone.html,uk/ozempic-tracker-iphone.html,uk,commercial,200,https://www.glpzy.app/uk/ozempic-tracker-iphone.html,index,yes,Ozempic — Швидке ведення журналу без перешкод | OneGLP,"Ozempic: Відстежуйте цю рутину з історією доз, вагою, симптомами, апетитом, фото, нагадуваннями та експортами в одному приватному застосунку.",Ozempic,463,no,no,no,yes,1,no,no,no,54 alternates,58,index
https://www.glpzy.app/uk/privacy.html,uk/privacy.html,uk,privacy,200,https://www.glpzy.app/uk/privacy.html,index,yes,"Приватно за замовчуванням. Експортується, коли ви обираєте | OneGLP","Для відстеження доз, ваги, симптомів, нагадувань або замовлень обліковий запис не потрібен.","Приватно за замовчуванням. Експортується, коли ви обираєте.",474,no,no,no,yes,1,no,no,no,54 alternates,116,index
https://www.glpzy.app/uk/rybelsus-tracker-iphone.html,uk/rybelsus-tracker-iphone.html,uk,commercial,200,https://www.glpzy.app/uk/rybelsus-tracker-iphone.html,index,yes,Rybelsus — Швидке ведення журналу без перешкод | OneGLP,"Rybelsus: Відстежуйте цю рутину з історією доз, вагою, симптомами, апетитом, фото, нагадуваннями та експортами в одному приватному застосунку.",Rybelsus,458,no,no,no,yes,1,no,no,no,54 alternates,58,index
https://www.glpzy.app/uk/saxenda-tracker-iphone.html,uk/saxenda-tracker-iphone.html,uk,commercial,200,https://www.glpzy.app/uk/saxenda-tracker-iphone.html,index,yes,Saxenda — Швидке ведення журналу без перешкод | OneGLP,"Saxenda: Відстежуйте цю рутину з історією доз, вагою, симптомами, апетитом, фото, нагадуваннями та експортами в одному приватному застосунку.",Saxenda,457,no,no,no,yes,1,no,no,no,54 alternates,56,index
https://www.glpzy.app/uk/semaglutide-tracker-iphone.html,uk/semaglutide-tracker-iphone.html,uk,ingredient,200,https://www.glpzy.app/uk/semaglutide-tracker-iphone.html,index,yes,Semaglutide — Швидке ведення журналу без перешкод | OneGLP,"Semaglutide: Відстежуйте цю рутину з історією доз, вагою, симптомами, апетитом, фото, нагадуваннями та експортами в одному приватному застосунку.",Semaglutide,466,no,no,no,yes,1,no,no,no,54 alternates,60,improve-copy-keep-indexable
https://www.glpzy.app/uk/support.html,uk/support.html,uk,trust,200,https://www.glpzy.app/uk/support.html,index,yes,Підтримка | OneGLP,"Перегляньте обсяг підтримки, контакти щодо конфіденційності та вказівки щодо ненадзвичайних ситуацій.",Підтримка,453,no,no,no,yes,1,no,no,no,54 alternates,103,index
https://www.glpzy.app/uk/terms.html,uk/terms.html,uk,trust,200,https://www.glpzy.app/uk/terms.html,index,yes,Умови використання | OneGLP,"Ціни, розрахунковий період і будь-які деталі вступної пропозиції відображаються у вашому обліковому записі App Store перед покупкою. Керуйте або скасуйте в налаштуваннях App Store.",Умови використання,484,no,no,no,yes,1,no,no,no,54 alternates,77,index
https://www.glpzy.app/uk/tirzepatide-tracker-iphone.html,uk/tirzepatide-tracker-iphone.html,uk,ingredient,200,https://www.glpzy.app/uk/tirzepatide-tracker-iphone.html,index,yes,Tirzepatide — Швидке ведення журналу без перешкод | OneGLP,"Tirzepatide: Відстежуйте цю рутину з історією доз, вагою, симптомами, апетитом, фото, нагадуваннями та експортами в одному приватному застосунку.",Tirzepatide,470,no,no,no,yes,1,no,no,no,54 alternates,59,improve-copy-keep-indexable
https://www.glpzy.app/uk/trulicity-tracker-iphone.html,uk/trulicity-tracker-iphone.html,uk,commercial,200,https://www.glpzy.app/uk/trulicity-tracker-iphone.html,index,yes,Trulicity — Швидке ведення журналу без перешкод | OneGLP,"Trulicity: Відстежуйте цю рутину з історією доз, вагою, симптомами, апетитом, фото, нагадуваннями та експортами в одному приватному застосунку.",Trulicity,457,no,no,no,yes,1,no,no,no,54 alternates,55,index
https://www.glpzy.app/uk/victoza-tracker-iphone.html,uk/victoza-tracker-iphone.html,uk,commercial,200,https://www.glpzy.app/uk/victoza-tracker-iphone.html,index,yes,Victoza — Швидке ведення журналу без перешкод | OneGLP,"Victoza: Відстежуйте цю рутину з історією доз, вагою, симптомами, апетитом, фото, нагадуваннями та експортами в одному приватному застосунку.",Victoza,457,no,no,no,yes,1,no,no,no,54 alternates,56,index
https://www.glpzy.app/uk/wegovy-tracker-iphone.html,uk/wegovy-tracker-iphone.html,uk,medicine,200,https://www.glpzy.app/uk/wegovy-tracker-iphone.html,index,yes,Wegovy — Швидке ведення журналу без перешкод | OneGLP,"Wegovy: Відстежуйте цю рутину з історією доз, вагою, симптомами, апетитом, фото, нагадуваннями та експортами в одному приватному застосунку.",Wegovy,466,no,no,no,yes,1,no,no,no,54 alternates,58,improve-copy-keep-indexable
https://www.glpzy.app/uk/zepbound-tracker-iphone.html,uk/zepbound-tracker-iphone.html,uk,medicine,200,https://www.glpzy.app/uk/zepbound-tracker-iphone.html,index,yes,Zepbound — Швидке ведення журналу без перешкод | OneGLP,"Zepbound: Відстежуйте цю рутину з історією доз, вагою, симптомами, апетитом, фото, нагадуваннями та експортами в одному приватному застосунку.",Zepbound,476,no,no,no,yes,1,no,no,no,54 alternates,57,improve-copy-keep-indexable
https://www.glpzy.app/ur/apple-health-glp-tracker.html,ur/apple-health-glp-tracker.html,ur,feature,200,https://www.glpzy.app/ur/apple-health-glp-tracker.html,index,yes,Apple Health سے صرف پڑھنے کے لیے سیاق و سباق | OneGLP,Apple Health رسائی اختیاری ہے اور ان اجازتوں تک محدود ہے جو آپ دیتے ہیں۔ OneGLP جسمانی وزن کی تاریخ اور قد درآمد کرتا ہے، پھر جسمانی ساخت، نیند، حرکت، ورزش، کیلوریز، پروٹین، اور پانی کے خلاصے صرف پڑھنے کے موڈ میں پڑھتا ہے۔ پیچھے کچھ نہیں لکھا۔,Apple Health سے صرف پڑھنے کے لیے سیاق و سباق,591,no,no,no,yes,1,no,no,no,54 alternates,54,improve-copy-keep-indexable
https://www.glpzy.app/ur/compounded-glp-tracker-iphone.html,ur/compounded-glp-tracker-iphone.html,ur,commercial,200,https://www.glpzy.app/ur/compounded-glp-tracker-iphone.html,index,yes,مرکب — بے ترتیبی کے بغیر فوری لاگنگ۔ | OneGLP,مرکب: ایک نجی ایپ میں خوراک کی تاریخ، وزن، علامات، بھوک، تصاویر، یاددہانیوں اور برآمدات کے ساتھ اس معمول کو ٹریک کریں۔,مرکب,558,no,no,no,yes,1,no,no,no,54 alternates,56,index
https://www.glpzy.app/ur/custom-medication-tracker-iphone.html,ur/custom-medication-tracker-iphone.html,ur,commercial,200,https://www.glpzy.app/ur/custom-medication-tracker-iphone.html,index,yes,حسب ضرورت — بے ترتیبی کے بغیر فوری لاگنگ۔ | OneGLP,حسب ضرورت: ایک نجی ایپ میں خوراک کی تاریخ، وزن، علامات، بھوک، تصاویر، یاددہانیوں اور برآمدات کے ساتھ اس معمول کو ٹریک کریں۔,حسب ضرورت,575,no,no,no,yes,1,no,no,no,54 alternates,58,index
https://www.glpzy.app/ur/data-rights.html,ur/data-rights.html,ur,privacy,200,https://www.glpzy.app/ur/data-rights.html,index,yes,ایکسپورٹ کی تاریخ | OneGLP,OneGLP پہلے مقامی حفاظتی بیک اپ بنائے گا، پھر اس ڈیوائس پر مقامی ریکارڈز کو تبدیل کرے گا۔,ایکسپورٹ کی تاریخ,467,no,no,no,yes,1,no,no,no,54 alternates,77,index
https://www.glpzy.app/ur/foundayo-tracker-iphone.html,ur/foundayo-tracker-iphone.html,ur,commercial,200,https://www.glpzy.app/ur/foundayo-tracker-iphone.html,index,yes,Foundayo — بے ترتیبی کے بغیر فوری لاگنگ۔ | OneGLP,Foundayo: ایک نجی ایپ میں خوراک کی تاریخ، وزن، علامات، بھوک، تصاویر، یاددہانیوں اور برآمدات کے ساتھ اس معمول کو ٹریک کریں۔,Foundayo,548,no,no,no,yes,1,no,no,no,54 alternates,55,index
https://www.glpzy.app/ur/glp1-weight-dose-symptom-tracker.html,ur/glp1-weight-dose-symptom-tracker.html,ur,commercial,200,https://www.glpzy.app/ur/glp1-weight-dose-symptom-tracker.html,index,yes,آپ کا GLP-1 معمول، بے ترتیبی کے بغیر منظم۔ | OneGLP,ذاتی جائزے کے لیے ایک نجی ایپ میں خوراکیں، وزن، علامات، بھوک، تصاویر، یاددہانیاں اور Apple Health کا سیاق ریکارڈ کریں۔,آپ کا GLP-1 معمول، بے ترتیبی کے بغیر منظم۔,666,no,no,no,yes,1,no,no,no,54 alternates,54,index
https://www.glpzy.app/ur/glpzy-is-now-oneglp/,ur/glpzy-is-now-oneglp/index.html,ur,home,200,https://www.glpzy.app/ur/glpzy-is-now-oneglp/,index,yes,GLPzy کا نیا نام OneGLP ہے,GLPzy اب OneGLP ہے۔ ایپ اور ڈویلپر وہی ہیں۔ آپ کے موجودہ ریکارڈ اور Premium کی خریداریاں برقرار ہیں۔,GLPzyکا نیا نامOneGLPہے,221,no,no,no,yes,1,yes,yes,no,54 alternates,77,index
https://www.glpzy.app/ur/,ur/index.html,ur,home,200,https://www.glpzy.app/ur/,index,yes,آپ کا GLP-1 معمول، بے ترتیبی کے بغیر منظم۔ | OneGLP,ذاتی جائزے کے لیے ایک نجی ایپ میں خوراکیں، وزن، علامات، بھوک، تصاویر، یاددہانیاں اور Apple Health کا سیاق ریکارڈ کریں۔,آپ کا GLP-1 معمول، بے ترتیبی کے بغیر منظم۔,929,no,no,no,yes,1,yes,no,no,54 alternates,135,index
https://www.glpzy.app/ur/local-first-private-glp-tracker.html,ur/local-first-private-glp-tracker.html,ur,privacy,200,https://www.glpzy.app/ur/local-first-private-glp-tracker.html,index,yes,بطور ڈیفالٹ نجی۔ جب آپ چاہیں برآمد کے قابل۔ | OneGLP,خوراک، وزن، علامات، یاد دہانیوں، یا آرڈرز کو ٹریک کرنے کے لیے کسی اکاؤنٹ کی ضرورت نہیں ہے۔,بطور ڈیفالٹ نجی۔ جب آپ چاہیں برآمد کے قابل۔,574,no,no,no,yes,1,no,no,no,54 alternates,54,index
https://www.glpzy.app/ur/medical-safety.html,ur/medical-safety.html,ur,trust,200,https://www.glpzy.app/ur/medical-safety.html,index,yes,طبی حفاظت | OneGLP,OneGLP کیا ہوا اس کا واضح ریکارڈ رکھنے میں آپ کی مدد کرتا ہے۔ یہ آپ کی خوراک کی تشخیص، تجویز یا انتخاب نہیں کرتا ہے۔,طبی حفاظت,902,no,no,no,yes,1,no,no,no,54 alternates,78,index
https://www.glpzy.app/ur/methodology.html,ur/methodology.html,ur,trust,200,https://www.glpzy.app/ur/methodology.html,index,yes,طریقہ کار | OneGLP,تخمینہ شدہ ایکسپوژر ٹرینڈ لاگڈ ڈوز ٹائمنگ کے علاوہ صرف ذاتی ٹریکنگ کے لیے ایک آسان جذب اور خاتمے کا ماڈل استعمال کرتا ہے۔,طریقہ کار,938,no,no,no,yes,1,no,no,no,54 alternates,77,index
https://www.glpzy.app/ur/mounjaro-tracker-iphone.html,ur/mounjaro-tracker-iphone.html,ur,medicine,200,https://www.glpzy.app/ur/mounjaro-tracker-iphone.html,index,yes,Mounjaro — بے ترتیبی کے بغیر فوری لاگنگ۔ | OneGLP,Mounjaro: ایک نجی ایپ میں خوراک کی تاریخ، وزن، علامات، بھوک، تصاویر، یاددہانیوں اور برآمدات کے ساتھ اس معمول کو ٹریک کریں۔,Mounjaro,560,no,no,no,yes,1,no,no,no,54 alternates,57,improve-copy-keep-indexable
https://www.glpzy.app/ur/overview.html,ur/overview.html,ur,other,200,https://www.glpzy.app/ur/overview.html,index,yes,OneGLP — رازداری کی پالیسی · طبی حفاظت · حمایت,سپورٹ کے دائرہ کار، رازداری کے رابطوں، اور غیر ہنگامی رہنمائی کا جائزہ لیں۔,OneGLP,498,no,no,no,yes,1,no,no,no,54 alternates,54,index
https://www.glpzy.app/ur/ozempic-tracker-iphone.html,ur/ozempic-tracker-iphone.html,ur,commercial,200,https://www.glpzy.app/ur/ozempic-tracker-iphone.html,index,yes,Ozempic — بے ترتیبی کے بغیر فوری لاگنگ۔ | OneGLP,Ozempic: ایک نجی ایپ میں خوراک کی تاریخ، وزن، علامات، بھوک، تصاویر، یاددہانیوں اور برآمدات کے ساتھ اس معمول کو ٹریک کریں۔,Ozempic,554,no,no,no,yes,1,no,no,no,54 alternates,58,index
https://www.glpzy.app/ur/privacy.html,ur/privacy.html,ur,privacy,200,https://www.glpzy.app/ur/privacy.html,index,yes,بطور ڈیفالٹ نجی۔ جب آپ چاہیں برآمد کے قابل۔ | OneGLP,خوراک، وزن، علامات، یاد دہانیوں، یا آرڈرز کو ٹریک کرنے کے لیے کسی اکاؤنٹ کی ضرورت نہیں ہے۔,بطور ڈیفالٹ نجی۔ جب آپ چاہیں برآمد کے قابل۔,574,no,no,no,yes,1,no,no,no,54 alternates,116,index
https://www.glpzy.app/ur/rybelsus-tracker-iphone.html,ur/rybelsus-tracker-iphone.html,ur,commercial,200,https://www.glpzy.app/ur/rybelsus-tracker-iphone.html,index,yes,Rybelsus — بے ترتیبی کے بغیر فوری لاگنگ۔ | OneGLP,Rybelsus: ایک نجی ایپ میں خوراک کی تاریخ، وزن، علامات، بھوک، تصاویر، یاددہانیوں اور برآمدات کے ساتھ اس معمول کو ٹریک کریں۔,Rybelsus,548,no,no,no,yes,1,no,no,no,54 alternates,58,index
https://www.glpzy.app/ur/saxenda-tracker-iphone.html,ur/saxenda-tracker-iphone.html,ur,commercial,200,https://www.glpzy.app/ur/saxenda-tracker-iphone.html,index,yes,Saxenda — بے ترتیبی کے بغیر فوری لاگنگ۔ | OneGLP,Saxenda: ایک نجی ایپ میں خوراک کی تاریخ، وزن، علامات، بھوک، تصاویر، یاددہانیوں اور برآمدات کے ساتھ اس معمول کو ٹریک کریں۔,Saxenda,545,no,no,no,yes,1,no,no,no,54 alternates,56,index
https://www.glpzy.app/ur/semaglutide-tracker-iphone.html,ur/semaglutide-tracker-iphone.html,ur,ingredient,200,https://www.glpzy.app/ur/semaglutide-tracker-iphone.html,index,yes,Semaglutide — بے ترتیبی کے بغیر فوری لاگنگ۔ | OneGLP,Semaglutide: ایک نجی ایپ میں خوراک کی تاریخ، وزن، علامات، بھوک، تصاویر، یاددہانیوں اور برآمدات کے ساتھ اس معمول کو ٹریک کریں۔,Semaglutide,560,no,no,no,yes,1,no,no,no,54 alternates,60,improve-copy-keep-indexable
https://www.glpzy.app/ur/support.html,ur/support.html,ur,trust,200,https://www.glpzy.app/ur/support.html,index,yes,حمایت | OneGLP,سپورٹ کے دائرہ کار، رازداری کے رابطوں، اور غیر ہنگامی رہنمائی کا جائزہ لیں۔,حمایت,537,no,no,no,yes,1,no,no,no,54 alternates,103,index
https://www.glpzy.app/ur/terms.html,ur/terms.html,ur,trust,200,https://www.glpzy.app/ur/terms.html,index,yes,استعمال کی شرائط | OneGLP,قیمتوں کا تعین، بلنگ کی مدت، اور کسی بھی تعارفی پیشکش کی تفصیلات خریداری سے پہلے آپ کے App Store اکاؤنٹ سے دکھائی جاتی ہیں۔ App Store ترتیبات میں نظم کریں یا منسوخ کریں۔,استعمال کی شرائط,591,no,no,no,yes,1,no,no,no,54 alternates,77,index
https://www.glpzy.app/ur/tirzepatide-tracker-iphone.html,ur/tirzepatide-tracker-iphone.html,ur,ingredient,200,https://www.glpzy.app/ur/tirzepatide-tracker-iphone.html,index,yes,Tirzepatide — بے ترتیبی کے بغیر فوری لاگنگ۔ | OneGLP,Tirzepatide: ایک نجی ایپ میں خوراک کی تاریخ، وزن، علامات، بھوک، تصاویر، یاددہانیوں اور برآمدات کے ساتھ اس معمول کو ٹریک کریں۔,Tirzepatide,567,no,no,no,yes,1,no,no,no,54 alternates,59,improve-copy-keep-indexable
https://www.glpzy.app/ur/trulicity-tracker-iphone.html,ur/trulicity-tracker-iphone.html,ur,commercial,200,https://www.glpzy.app/ur/trulicity-tracker-iphone.html,index,yes,Trulicity — بے ترتیبی کے بغیر فوری لاگنگ۔ | OneGLP,Trulicity: ایک نجی ایپ میں خوراک کی تاریخ، وزن، علامات، بھوک، تصاویر، یاددہانیوں اور برآمدات کے ساتھ اس معمول کو ٹریک کریں۔,Trulicity,547,no,no,no,yes,1,no,no,no,54 alternates,55,index
https://www.glpzy.app/ur/victoza-tracker-iphone.html,ur/victoza-tracker-iphone.html,ur,commercial,200,https://www.glpzy.app/ur/victoza-tracker-iphone.html,index,yes,Victoza — بے ترتیبی کے بغیر فوری لاگنگ۔ | OneGLP,Victoza: ایک نجی ایپ میں خوراک کی تاریخ، وزن، علامات، بھوک، تصاویر، یاددہانیوں اور برآمدات کے ساتھ اس معمول کو ٹریک کریں۔,Victoza,545,no,no,no,yes,1,no,no,no,54 alternates,56,index
https://www.glpzy.app/ur/wegovy-tracker-iphone.html,ur/wegovy-tracker-iphone.html,ur,medicine,200,https://www.glpzy.app/ur/wegovy-tracker-iphone.html,index,yes,Wegovy — بے ترتیبی کے بغیر فوری لاگنگ۔ | OneGLP,Wegovy: ایک نجی ایپ میں خوراک کی تاریخ، وزن، علامات، بھوک، تصاویر، یاددہانیوں اور برآمدات کے ساتھ اس معمول کو ٹریک کریں۔,Wegovy,560,no,no,no,yes,1,no,no,no,54 alternates,58,improve-copy-keep-indexable
https://www.glpzy.app/ur/zepbound-tracker-iphone.html,ur/zepbound-tracker-iphone.html,ur,medicine,200,https://www.glpzy.app/ur/zepbound-tracker-iphone.html,index,yes,Zepbound — بے ترتیبی کے بغیر فوری لاگنگ۔ | OneGLP,Zepbound: ایک نجی ایپ میں خوراک کی تاریخ، وزن، علامات، بھوک، تصاویر، یاددہانیوں اور برآمدات کے ساتھ اس معمول کو ٹریک کریں۔,Zepbound,576,no,no,no,yes,1,no,no,no,54 alternates,57,improve-copy-keep-indexable
https://www.glpzy.app/vi/apple-health-glp-tracker.html,vi/apple-health-glp-tracker.html,vi,feature,200,https://www.glpzy.app/vi/apple-health-glp-tracker.html,index,yes,Ngữ cảnh chỉ đọc từ Apple Health | OneGLP,"Quyền truy cập Apple Health là tùy chọn và được giới hạn ở các quyền bạn cấp. OneGLP nhập lịch sử cân nặng và chiều cao cơ thể, sau đó đọc tóm tắt thành phần cơ thể, giấc ngủ, vận động, tập luyện, lượng calo, protein và nước ở chế độ chỉ đọc. Không có gì được viết lại.",Ngữ cảnh chỉ đọc từ Apple Health,603,no,no,no,yes,1,no,no,no,54 alternates,54,improve-copy-keep-indexable
https://www.glpzy.app/vi/compounded-glp-tracker-iphone.html,vi/compounded-glp-tracker-iphone.html,vi,commercial,200,https://www.glpzy.app/vi/compounded-glp-tracker-iphone.html,index,yes,"Pha chế — Ghi liều nhanh, gọn gàng | OneGLP","Pha chế: Theo dõi lịch trình này với lịch sử liều, cân nặng, triệu chứng, cảm giác thèm ăn, ảnh, lời nhắc và xuất dữ liệu trong một ứng dụng riêng tư.",Pha chế,631,no,no,no,yes,1,no,no,no,54 alternates,56,index
https://www.glpzy.app/vi/custom-medication-tracker-iphone.html,vi/custom-medication-tracker-iphone.html,vi,commercial,200,https://www.glpzy.app/vi/custom-medication-tracker-iphone.html,index,yes,"Tùy chỉnh — Ghi liều nhanh, gọn gàng | OneGLP","Tùy chỉnh: Theo dõi lịch trình này với lịch sử liều, cân nặng, triệu chứng, cảm giác thèm ăn, ảnh, lời nhắc và xuất dữ liệu trong một ứng dụng riêng tư.",Tùy chỉnh,643,no,no,no,yes,1,no,no,no,54 alternates,58,index
https://www.glpzy.app/vi/data-rights.html,vi/data-rights.html,vi,privacy,200,https://www.glpzy.app/vi/data-rights.html,index,yes,Xuất lịch sử | OneGLP,Xuất một bản sao dữ liệu của bạn. Việc xuất không thay thế dữ liệu trên thiết bị.,Xuất lịch sử,491,no,no,no,yes,1,no,no,no,54 alternates,77,index
https://www.glpzy.app/vi/foundayo-tracker-iphone.html,vi/foundayo-tracker-iphone.html,vi,commercial,200,https://www.glpzy.app/vi/foundayo-tracker-iphone.html,index,yes,"Foundayo — Ghi liều nhanh, gọn gàng | OneGLP","Foundayo: Theo dõi lịch trình này với lịch sử liều, cân nặng, triệu chứng, cảm giác thèm ăn, ảnh, lời nhắc và xuất dữ liệu trong một ứng dụng riêng tư.",Foundayo,616,no,no,no,yes,1,no,no,no,54 alternates,55,index
https://www.glpzy.app/vi/glp1-weight-dose-symptom-tracker.html,vi/glp1-weight-dose-symptom-tracker.html,vi,commercial,200,https://www.glpzy.app/vi/glp1-weight-dose-symptom-tracker.html,index,yes,"Lịch trình GLP-1 của bạn, được sắp xếp gọn gàng | OneGLP","Ghi lại liều, cân nặng, triệu chứng, cảm giác thèm ăn, ảnh, lời nhắc và ngữ cảnh Apple Health trong một ứng dụng riêng tư để tự xem lại.","Lịch trình GLP-1 của bạn, được sắp xếp gọn gàng.",722,no,no,no,yes,1,no,no,no,54 alternates,54,index
https://www.glpzy.app/vi/glpzy-is-now-oneglp/,vi/glpzy-is-now-oneglp/index.html,vi,home,200,https://www.glpzy.app/vi/glpzy-is-now-oneglp/,index,yes,GLPzy nay có tên là OneGLP,GLPzy nay là OneGLP. Ứng dụng và nhà phát triển không thay đổi. Dữ liệu và các giao dịch mua Premium của bạn được giữ nguyên.,GLPzy nay có tên là OneGLP,245,no,no,no,yes,1,yes,yes,no,54 alternates,77,index
https://www.glpzy.app/vi/,vi/index.html,vi,home,200,https://www.glpzy.app/vi/,index,yes,"Lịch trình GLP-1 của bạn, được sắp xếp gọn gàng | OneGLP","Ghi lại liều, cân nặng, triệu chứng, cảm giác thèm ăn, ảnh, lời nhắc và ngữ cảnh Apple Health trong một ứng dụng riêng tư để tự xem lại.","Lịch trình GLP-1 của bạn, được sắp xếp gọn gàng.",1035,no,no,no,yes,1,yes,no,no,54 alternates,135,index
https://www.glpzy.app/vi/local-first-private-glp-tracker.html,vi/local-first-private-glp-tracker.html,vi,privacy,200,https://www.glpzy.app/vi/local-first-private-glp-tracker.html,index,yes,Riêng tư theo mặc định. Có thể xuất khi bạn chọn | OneGLP,"Không cần tài khoản để theo dõi liều, cân nặng, triệu chứng, lời nhắc hoặc đơn hàng.",Riêng tư theo mặc định. Có thể xuất khi bạn chọn.,598,no,no,no,yes,1,no,no,no,54 alternates,54,index
https://www.glpzy.app/vi/medical-safety.html,vi/medical-safety.html,vi,trust,200,https://www.glpzy.app/vi/medical-safety.html,index,yes,An toàn y khoa | OneGLP,"OneGLP giúp bạn ghi lại rõ ràng hơn những gì đã xảy ra. Nó không chẩn đoán, kê đơn hoặc chọn liều lượng cho bạn.",An toàn y khoa,978,no,no,no,yes,1,no,no,no,54 alternates,78,index
https://www.glpzy.app/vi/methodology.html,vi/methodology.html,vi,trust,200,https://www.glpzy.app/vi/methodology.html,index,yes,Phương pháp | OneGLP,Xu hướng phơi nhiễm ước tính sử dụng thời gian đo liều đã ghi cộng với mô hình hấp thụ và loại bỏ đơn giản hóa chỉ để theo dõi cá nhân.,Phương pháp,1024,no,no,no,yes,1,no,no,no,54 alternates,77,index
https://www.glpzy.app/vi/mounjaro-tracker-iphone.html,vi/mounjaro-tracker-iphone.html,vi,medicine,200,https://www.glpzy.app/vi/mounjaro-tracker-iphone.html,index,yes,"Mounjaro — Ghi liều nhanh, gọn gàng | OneGLP","Mounjaro: Theo dõi lịch trình này với lịch sử liều, cân nặng, triệu chứng, cảm giác thèm ăn, ảnh, lời nhắc và xuất dữ liệu trong một ứng dụng riêng tư.",Mounjaro,630,no,no,no,yes,1,no,no,no,54 alternates,57,improve-copy-keep-indexable
https://www.glpzy.app/vi/overview.html,vi/overview.html,vi,other,200,https://www.glpzy.app/vi/overview.html,index,yes,OneGLP — Chính sách quyền riêng tư · An toàn y khoa · Hỗ trợ,"Xem phạm vi hỗ trợ, liên hệ về quyền riêng tư và hướng dẫn không khẩn cấp.",OneGLP,561,no,no,no,yes,1,no,no,no,54 alternates,54,index
https://www.glpzy.app/vi/ozempic-tracker-iphone.html,vi/ozempic-tracker-iphone.html,vi,commercial,200,https://www.glpzy.app/vi/ozempic-tracker-iphone.html,index,yes,"Ozempic — Ghi liều nhanh, gọn gàng | OneGLP","Ozempic: Theo dõi lịch trình này với lịch sử liều, cân nặng, triệu chứng, cảm giác thèm ăn, ảnh, lời nhắc và xuất dữ liệu trong một ứng dụng riêng tư.",Ozempic,625,no,no,no,yes,1,no,no,no,54 alternates,58,index
https://www.glpzy.app/vi/privacy.html,vi/privacy.html,vi,privacy,200,https://www.glpzy.app/vi/privacy.html,index,yes,Riêng tư theo mặc định. Có thể xuất khi bạn chọn | OneGLP,"Không cần tài khoản để theo dõi liều, cân nặng, triệu chứng, lời nhắc hoặc đơn hàng.",Riêng tư theo mặc định. Có thể xuất khi bạn chọn.,598,no,no,no,yes,1,no,no,no,54 alternates,116,index
https://www.glpzy.app/vi/rybelsus-tracker-iphone.html,vi/rybelsus-tracker-iphone.html,vi,commercial,200,https://www.glpzy.app/vi/rybelsus-tracker-iphone.html,index,yes,"Rybelsus — Ghi liều nhanh, gọn gàng | OneGLP","Rybelsus: Theo dõi lịch trình này với lịch sử liều, cân nặng, triệu chứng, cảm giác thèm ăn, ảnh, lời nhắc và xuất dữ liệu trong một ứng dụng riêng tư.",Rybelsus,617,no,no,no,yes,1,no,no,no,54 alternates,58,index
https://www.glpzy.app/vi/saxenda-tracker-iphone.html,vi/saxenda-tracker-iphone.html,vi,commercial,200,https://www.glpzy.app/vi/saxenda-tracker-iphone.html,index,yes,"Saxenda — Ghi liều nhanh, gọn gàng | OneGLP","Saxenda: Theo dõi lịch trình này với lịch sử liều, cân nặng, triệu chứng, cảm giác thèm ăn, ảnh, lời nhắc và xuất dữ liệu trong một ứng dụng riêng tư.",Saxenda,616,no,no,no,yes,1,no,no,no,54 alternates,56,index
https://www.glpzy.app/vi/semaglutide-tracker-iphone.html,vi/semaglutide-tracker-iphone.html,vi,ingredient,200,https://www.glpzy.app/vi/semaglutide-tracker-iphone.html,index,yes,"Semaglutide — Ghi liều nhanh, gọn gàng | OneGLP","Semaglutide: Theo dõi lịch trình này với lịch sử liều, cân nặng, triệu chứng, cảm giác thèm ăn, ảnh, lời nhắc và xuất dữ liệu trong một ứng dụng riêng tư.",Semaglutide,631,no,no,no,yes,1,no,no,no,54 alternates,60,improve-copy-keep-indexable
https://www.glpzy.app/vi/support.html,vi/support.html,vi,trust,200,https://www.glpzy.app/vi/support.html,index,yes,Hỗ trợ | OneGLP,"Xem phạm vi hỗ trợ, liên hệ về quyền riêng tư và hướng dẫn không khẩn cấp.",Hỗ trợ,596,no,no,no,yes,1,no,no,no,54 alternates,103,index
https://www.glpzy.app/vi/terms.html,vi/terms.html,vi,trust,200,https://www.glpzy.app/vi/terms.html,index,yes,Điều khoản sử dụng | OneGLP,"Giá cả, thời hạn thanh toán và mọi chi tiết ưu đãi giới thiệu đều được hiển thị từ tài khoản App Store của bạn trước khi mua hàng. Quản lý hoặc hủy trong cài đặt App Store.",Điều khoản sử dụng,648,no,no,no,yes,1,no,no,no,54 alternates,77,index
https://www.glpzy.app/vi/tirzepatide-tracker-iphone.html,vi/tirzepatide-tracker-iphone.html,vi,ingredient,200,https://www.glpzy.app/vi/tirzepatide-tracker-iphone.html,index,yes,"Tirzepatide — Ghi liều nhanh, gọn gàng | OneGLP","Tirzepatide: Theo dõi lịch trình này với lịch sử liều, cân nặng, triệu chứng, cảm giác thèm ăn, ảnh, lời nhắc và xuất dữ liệu trong một ứng dụng riêng tư.",Tirzepatide,636,no,no,no,yes,1,no,no,no,54 alternates,59,improve-copy-keep-indexable
https://www.glpzy.app/vi/trulicity-tracker-iphone.html,vi/trulicity-tracker-iphone.html,vi,commercial,200,https://www.glpzy.app/vi/trulicity-tracker-iphone.html,index,yes,"Trulicity — Ghi liều nhanh, gọn gàng | OneGLP","Trulicity: Theo dõi lịch trình này với lịch sử liều, cân nặng, triệu chứng, cảm giác thèm ăn, ảnh, lời nhắc và xuất dữ liệu trong một ứng dụng riêng tư.",Trulicity,617,no,no,no,yes,1,no,no,no,54 alternates,55,index
https://www.glpzy.app/vi/victoza-tracker-iphone.html,vi/victoza-tracker-iphone.html,vi,commercial,200,https://www.glpzy.app/vi/victoza-tracker-iphone.html,index,yes,"Victoza — Ghi liều nhanh, gọn gàng | OneGLP","Victoza: Theo dõi lịch trình này với lịch sử liều, cân nặng, triệu chứng, cảm giác thèm ăn, ảnh, lời nhắc và xuất dữ liệu trong một ứng dụng riêng tư.",Victoza,616,no,no,no,yes,1,no,no,no,54 alternates,56,index
https://www.glpzy.app/vi/wegovy-tracker-iphone.html,vi/wegovy-tracker-iphone.html,vi,medicine,200,https://www.glpzy.app/vi/wegovy-tracker-iphone.html,index,yes,"Wegovy — Ghi liều nhanh, gọn gàng | OneGLP","Wegovy: Theo dõi lịch trình này với lịch sử liều, cân nặng, triệu chứng, cảm giác thèm ăn, ảnh, lời nhắc và xuất dữ liệu trong một ứng dụng riêng tư.",Wegovy,631,no,no,no,yes,1,no,no,no,54 alternates,58,improve-copy-keep-indexable
https://www.glpzy.app/vi/zepbound-tracker-iphone.html,vi/zepbound-tracker-iphone.html,vi,medicine,200,https://www.glpzy.app/vi/zepbound-tracker-iphone.html,index,yes,"Zepbound — Ghi liều nhanh, gọn gàng | OneGLP","Zepbound: Theo dõi lịch trình này với lịch sử liều, cân nặng, triệu chứng, cảm giác thèm ăn, ảnh, lời nhắc và xuất dữ liệu trong một ứng dụng riêng tư.",Zepbound,645,no,no,no,yes,1,no,no,no,54 alternates,57,improve-copy-keep-indexable
https://www.glpzy.app/victoza-tracker-iphone.html,victoza-tracker-iphone.html,root,commercial,200,https://www.glpzy.app/victoza-tracker-iphone.html,index,yes,Victoza pen tracker for iPhone and iPad | OneGLP daily injection review,"Track Victoza pen injections on iPhone and iPad with daily reminders, symptom notes, Apple Health context, and local-first review in OneGLP.",Victoza tracking built around daily injection routines,557,no,no,yes,yes,1,no,yes,no,54 alternates,55,index
https://www.glpzy.app/wegovy-tracker-iphone.html,wegovy-tracker-iphone.html,root,medicine,200,https://www.glpzy.app/wegovy-tracker-iphone.html,index,yes,Wegovy tracker app for iPhone | OneGLP,"Track Wegovy doses, reminders, weight, symptoms, photos and optional read-only Apple Health context privately on iPhone.",Wegovy tracker app for iPhone,1076,yes,yes,yes,yes,4,yes,yes,yes,54 alternates,71,index
https://www.glpzy.app/weight-loss-injection-tracker.html,weight-loss-injection-tracker.html,root,commercial,200,https://www.glpzy.app/weight-loss-injection-tracker.html,index,yes,Weight loss injection tracker app for iPhone | OneGLP,"Track weight loss injection dates, dose notes, injection sites, reminders, weight, symptoms and progress photos privately on iPhone.","Track weight loss injections, weight and photos on iPhone",283,no,no,yes,yes,1,yes,yes,yes,2 alternates,6,index
https://www.glpzy.app/zepbound-tracker-iphone.html,zepbound-tracker-iphone.html,root,medicine,200,https://www.glpzy.app/zepbound-tracker-iphone.html,index,yes,Zepbound tracker app for iPhone | OneGLP,"Track Zepbound doses, reminders, injection sites, weight, symptoms, photos and optional read-only Apple Health context privately on iPhone.",Zepbound tracker app for iPhone,1115,yes,yes,yes,yes,5,yes,yes,yes,54 alternates,68,index
https://www.glpzy.app/zh-hans/apple-health-glp-tracker.html,zh-hans/apple-health-glp-tracker.html,zh-hans,feature,200,https://www.glpzy.app/zh-hans/apple-health-glp-tracker.html,index,yes,Apple Health 的只读上下文 | OneGLP,Apple Health 访问是可选的，并且仅限于您授予的权限。 OneGLP 导入体重历史记录和身高，然后以只读模式读取身体成分、运动、锻炼、卡路里、蛋白质和水分摘要。什么也没有写回来。,Apple Health 的只读上下文,313,no,no,no,yes,1,no,no,no,54 alternates,54,improve-copy-keep-indexable
https://www.glpzy.app/zh-hans/compounded-glp-tracker-iphone.html,zh-hans/compounded-glp-tracker-iphone.html,zh-hans,commercial,200,https://www.glpzy.app/zh-hans/compounded-glp-tracker-iphone.html,index,yes,复合型 — 快速记录，不混乱。 | OneGLP,复合型: 在一个私密应用中，用剂量历史、体重、症状、食欲、照片、提醒和导出功能跟踪这一流程。,复合型,305,no,no,no,yes,1,no,no,no,54 alternates,56,index
https://www.glpzy.app/zh-hans/custom-medication-tracker-iphone.html,zh-hans/custom-medication-tracker-iphone.html,zh-hans,commercial,200,https://www.glpzy.app/zh-hans/custom-medication-tracker-iphone.html,index,yes,定制 — 快速记录，不混乱。 | OneGLP,定制: 在一个私密应用中，用剂量历史、体重、症状、食欲、照片、提醒和导出功能跟踪这一流程。,定制,311,no,no,no,yes,1,no,no,no,54 alternates,58,index
https://www.glpzy.app/zh-hans/data-rights.html,zh-hans/data-rights.html,zh-hans,privacy,200,https://www.glpzy.app/zh-hans/data-rights.html,index,yes,导出历史记录 | OneGLP,OneGLP将首先创建本地安全备份，然后替换该设备上的本地记录。,导出历史记录,275,no,no,no,yes,1,no,no,no,54 alternates,77,index
https://www.glpzy.app/zh-hans/foundayo-tracker-iphone.html,zh-hans/foundayo-tracker-iphone.html,zh-hans,commercial,200,https://www.glpzy.app/zh-hans/foundayo-tracker-iphone.html,index,yes,Foundayo — 快速记录，不混乱。 | OneGLP,Foundayo: 在一个私密应用中，用剂量历史、体重、症状、食欲、照片、提醒和导出功能跟踪这一流程。,Foundayo,297,no,no,no,yes,1,no,no,no,54 alternates,55,index
https://www.glpzy.app/zh-hans/glp1-weight-dose-symptom-tracker.html,zh-hans/glp1-weight-dose-symptom-tracker.html,zh-hans,commercial,200,https://www.glpzy.app/zh-hans/glp1-weight-dose-symptom-tracker.html,index,yes,你的 GLP-1 记录流程，清晰整理不杂乱。 | OneGLP,在一个私密应用中记录剂量、体重、症状、食欲、照片、提醒和 Apple Health 背景信息，用于个人回顾。,你的 GLP-1 记录流程，清晰整理不杂乱。,324,no,no,no,yes,1,no,no,no,54 alternates,54,index
https://www.glpzy.app/zh-hans/glpzy-is-now-oneglp/,zh-hans/glpzy-is-now-oneglp/index.html,zh-hans,home,200,https://www.glpzy.app/zh-hans/glpzy-is-now-oneglp/,index,yes,GLPzy 现已更名为 OneGLP,GLPzy 现已更名为 OneGLP。应用和开发者不变，现有记录和已购买的 Premium 权益继续保留。了解此次更名。,GLPzy 现已更名为 OneGLP,152,no,no,no,yes,1,yes,yes,no,54 alternates,77,index
https://www.glpzy.app/zh-hans/,zh-hans/index.html,zh-hans,home,200,https://www.glpzy.app/zh-hans/,index,yes,你的 GLP-1 记录流程，清晰整理不杂乱。 | OneGLP,在一个私密应用中记录剂量、体重、症状、食欲、照片、提醒和 Apple Health 背景信息，用于个人回顾。,你的 GLP-1 记录流程，清晰整理不杂乱。,423,no,no,no,yes,1,yes,no,no,54 alternates,135,index
https://www.glpzy.app/zh-hans/local-first-private-glp-tracker.html,zh-hans/local-first-private-glp-tracker.html,zh-hans,privacy,200,https://www.glpzy.app/zh-hans/local-first-private-glp-tracker.html,index,yes,默认私密。由你选择何时导出。 | OneGLP,无需帐户即可跟踪剂量、体重、症状、提醒或提醒。,默认私密。由你选择何时导出。,292,no,no,no,yes,1,no,no,no,54 alternates,54,index
https://www.glpzy.app/zh-hans/medical-safety.html,zh-hans/medical-safety.html,zh-hans,trust,200,https://www.glpzy.app/zh-hans/medical-safety.html,index,yes,医疗安全 | OneGLP,OneGLP 帮助您更清晰地记录所发生的事情。它不会诊断、开处方或选择您的剂量。,医疗安全,373,no,no,no,yes,1,no,no,no,54 alternates,78,index
https://www.glpzy.app/zh-hans/methodology.html,zh-hans/methodology.html,zh-hans,trust,200,https://www.glpzy.app/zh-hans/methodology.html,index,yes,方法论 | OneGLP,估计暴露趋势使用记录的剂量时间加上简化的吸收和消除模型，仅用于个人跟踪。,方法论,374,no,no,no,yes,1,no,no,no,54 alternates,77,index
https://www.glpzy.app/zh-hans/mounjaro-tracker-iphone.html,zh-hans/mounjaro-tracker-iphone.html,zh-hans,medicine,200,https://www.glpzy.app/zh-hans/mounjaro-tracker-iphone.html,index,yes,Mounjaro — 快速记录，不混乱。 | OneGLP,Mounjaro: 在一个私密应用中，用剂量历史、体重、症状、食欲、照片、提醒和导出功能跟踪这一流程。,Mounjaro,304,no,no,no,yes,1,no,no,no,54 alternates,57,improve-copy-keep-indexable
https://www.glpzy.app/zh-hans/overview.html,zh-hans/overview.html,zh-hans,other,200,https://www.glpzy.app/zh-hans/overview.html,index,yes,OneGLP — 隐私政策 · 医疗安全 · 支持,查看支持范围、隐私联系人和非紧急指导。,OneGLP,273,no,no,no,yes,1,no,no,no,54 alternates,54,index
https://www.glpzy.app/zh-hans/ozempic-tracker-iphone.html,zh-hans/ozempic-tracker-iphone.html,zh-hans,commercial,200,https://www.glpzy.app/zh-hans/ozempic-tracker-iphone.html,index,yes,Ozempic — 快速记录，不混乱。 | OneGLP,Ozempic: 在一个私密应用中，用剂量历史、体重、症状、食欲、照片、提醒和导出功能跟踪这一流程。,Ozempic,302,no,no,no,yes,1,no,no,no,54 alternates,58,index
https://www.glpzy.app/zh-hans/privacy.html,zh-hans/privacy.html,zh-hans,privacy,200,https://www.glpzy.app/zh-hans/privacy.html,index,yes,默认私密。由你选择何时导出。 | OneGLP,无需帐户即可跟踪剂量、体重、症状、提醒或提醒。,默认私密。由你选择何时导出。,292,no,no,no,yes,1,no,no,no,54 alternates,116,index
https://www.glpzy.app/zh-hans/rybelsus-tracker-iphone.html,zh-hans/rybelsus-tracker-iphone.html,zh-hans,commercial,200,https://www.glpzy.app/zh-hans/rybelsus-tracker-iphone.html,index,yes,Rybelsus — 快速记录，不混乱。 | OneGLP,Rybelsus: 在一个私密应用中，用剂量历史、体重、症状、食欲、照片、提醒和导出功能跟踪这一流程。,Rybelsus,299,no,no,no,yes,1,no,no,no,54 alternates,58,index
https://www.glpzy.app/zh-hans/saxenda-tracker-iphone.html,zh-hans/saxenda-tracker-iphone.html,zh-hans,commercial,200,https://www.glpzy.app/zh-hans/saxenda-tracker-iphone.html,index,yes,Saxenda — 快速记录，不混乱。 | OneGLP,Saxenda: 在一个私密应用中，用剂量历史、体重、症状、食欲、照片、提醒和导出功能跟踪这一流程。,Saxenda,297,no,no,no,yes,1,no,no,no,54 alternates,56,index
https://www.glpzy.app/zh-hans/semaglutide-tracker-iphone.html,zh-hans/semaglutide-tracker-iphone.html,zh-hans,ingredient,200,https://www.glpzy.app/zh-hans/semaglutide-tracker-iphone.html,index,yes,Semaglutide — 快速记录，不混乱。 | OneGLP,Semaglutide: 在一个私密应用中，用剂量历史、体重、症状、食欲、照片、提醒和导出功能跟踪这一流程。,Semaglutide,305,no,no,no,yes,1,no,no,no,54 alternates,60,improve-copy-keep-indexable
https://www.glpzy.app/zh-hans/support.html,zh-hans/support.html,zh-hans,trust,200,https://www.glpzy.app/zh-hans/support.html,index,yes,支持 | OneGLP,查看支持范围、隐私联系人和非紧急指导。,支持,284,no,no,no,yes,1,no,no,no,54 alternates,103,index
https://www.glpzy.app/zh-hans/terms.html,zh-hans/terms.html,zh-hans,trust,200,https://www.glpzy.app/zh-hans/terms.html,index,yes,使用条款 | OneGLP,购买前，定价、计费周期和任何介绍性优惠详细信息都会显示在您的 App Store 帐户中。在 App Store 设置中管理或取消。,使用条款,302,no,no,no,yes,1,no,no,no,54 alternates,77,index
https://www.glpzy.app/zh-hans/tirzepatide-tracker-iphone.html,zh-hans/tirzepatide-tracker-iphone.html,zh-hans,ingredient,200,https://www.glpzy.app/zh-hans/tirzepatide-tracker-iphone.html,index,yes,Tirzepatide — 快速记录，不混乱。 | OneGLP,Tirzepatide: 在一个私密应用中，用剂量历史、体重、症状、食欲、照片、提醒和导出功能跟踪这一流程。,Tirzepatide,307,no,no,no,yes,1,no,no,no,54 alternates,59,improve-copy-keep-indexable
https://www.glpzy.app/zh-hans/trulicity-tracker-iphone.html,zh-hans/trulicity-tracker-iphone.html,zh-hans,commercial,200,https://www.glpzy.app/zh-hans/trulicity-tracker-iphone.html,index,yes,Trulicity — 快速记录，不混乱。 | OneGLP,Trulicity: 在一个私密应用中，用剂量历史、体重、症状、食欲、照片、提醒和导出功能跟踪这一流程。,Trulicity,297,no,no,no,yes,1,no,no,no,54 alternates,55,index
https://www.glpzy.app/zh-hans/victoza-tracker-iphone.html,zh-hans/victoza-tracker-iphone.html,zh-hans,commercial,200,https://www.glpzy.app/zh-hans/victoza-tracker-iphone.html,index,yes,Victoza — 快速记录，不混乱。 | OneGLP,Victoza: 在一个私密应用中，用剂量历史、体重、症状、食欲、照片、提醒和导出功能跟踪这一流程。,Victoza,297,no,no,no,yes,1,no,no,no,54 alternates,56,index
https://www.glpzy.app/zh-hans/wegovy-tracker-iphone.html,zh-hans/wegovy-tracker-iphone.html,zh-hans,medicine,200,https://www.glpzy.app/zh-hans/wegovy-tracker-iphone.html,index,yes,Wegovy — 快速记录，不混乱。 | OneGLP,Wegovy: 在一个私密应用中，用剂量历史、体重、症状、食欲、照片、提醒和导出功能跟踪这一流程。,Wegovy,305,no,no,no,yes,1,no,no,no,54 alternates,58,improve-copy-keep-indexable
https://www.glpzy.app/zh-hans/zepbound-tracker-iphone.html,zh-hans/zepbound-tracker-iphone.html,zh-hans,medicine,200,https://www.glpzy.app/zh-hans/zepbound-tracker-iphone.html,index,yes,Zepbound — 快速记录，不混乱。 | OneGLP,Zepbound: 在一个私密应用中，用剂量历史、体重、症状、食欲、照片、提醒和导出功能跟踪这一流程。,Zepbound,310,no,no,no,yes,1,no,no,no,54 alternates,57,improve-copy-keep-indexable
https://www.glpzy.app/zh-hant/apple-health-glp-tracker.html,zh-hant/apple-health-glp-tracker.html,zh-hant,feature,200,https://www.glpzy.app/zh-hant/apple-health-glp-tracker.html,index,yes,Apple Health 的唯讀上下文 | OneGLP,Apple Health 存取是可選的，並且僅限於您授予的權限。 OneGLP 匯入體重歷史記錄和身高，然後以唯讀模式讀取身體組成、運動、運動、卡路里、蛋白質和水分摘要。什麼也沒有寫回來。,Apple Health 的唯讀上下文,313,no,no,no,yes,1,no,no,no,54 alternates,54,improve-copy-keep-indexable
https://www.glpzy.app/zh-hant/compounded-glp-tracker-iphone.html,zh-hant/compounded-glp-tracker-iphone.html,zh-hant,commercial,200,https://www.glpzy.app/zh-hant/compounded-glp-tracker-iphone.html,index,yes,複合型 — 快速記錄，不混亂。 | OneGLP,複合型: 在一個私密 App 中，用劑量歷史、體重、症狀、食慾、照片、提醒和匯出功能追蹤這個流程。,複合型,309,no,no,no,yes,1,no,no,no,54 alternates,56,index
https://www.glpzy.app/zh-hant/custom-medication-tracker-iphone.html,zh-hant/custom-medication-tracker-iphone.html,zh-hant,commercial,200,https://www.glpzy.app/zh-hant/custom-medication-tracker-iphone.html,index,yes,客製化 — 快速記錄，不混亂。 | OneGLP,客製化: 在一個私密 App 中，用劑量歷史、體重、症狀、食慾、照片、提醒和匯出功能追蹤這個流程。,客製化,315,no,no,no,yes,1,no,no,no,54 alternates,58,index
https://www.glpzy.app/zh-hant/data-rights.html,zh-hant/data-rights.html,zh-hant,privacy,200,https://www.glpzy.app/zh-hant/data-rights.html,index,yes,匯出歷史記錄 | OneGLP,OneGLP將首先建立本機安全備份，然後取代該裝置上的本機記錄。,匯出歷史記錄,275,no,no,no,yes,1,no,no,no,54 alternates,77,index
https://www.glpzy.app/zh-hant/foundayo-tracker-iphone.html,zh-hant/foundayo-tracker-iphone.html,zh-hant,commercial,200,https://www.glpzy.app/zh-hant/foundayo-tracker-iphone.html,index,yes,Foundayo — 快速記錄，不混亂。 | OneGLP,Foundayo: 在一個私密 App 中，用劑量歷史、體重、症狀、食慾、照片、提醒和匯出功能追蹤這個流程。,Foundayo,301,no,no,no,yes,1,no,no,no,54 alternates,55,index
https://www.glpzy.app/zh-hant/glp1-weight-dose-symptom-tracker.html,zh-hant/glp1-weight-dose-symptom-tracker.html,zh-hant,commercial,200,https://www.glpzy.app/zh-hant/glp1-weight-dose-symptom-tracker.html,index,yes,你的 GLP-1 記錄流程，清楚整理不雜亂。 | OneGLP,在一個私密 App 中記錄劑量、體重、症狀、食慾、照片、提醒和 Apple Health 背景資訊，用於個人回顧。,你的 GLP-1 記錄流程，清楚整理不雜亂。,326,no,no,no,yes,1,no,no,no,54 alternates,54,index
https://www.glpzy.app/zh-hant/glpzy-is-now-oneglp/,zh-hant/glpzy-is-now-oneglp/index.html,zh-hant,home,200,https://www.glpzy.app/zh-hant/glpzy-is-now-oneglp/,index,yes,GLPzy 現已更名為 OneGLP,GLPzy 現已更名為 OneGLP。App 和開發者不變，現有紀錄及已購買的 Premium 權益繼續保留。了解這次更名。,GLPzy 現已更名為 OneGLP,163,no,no,no,yes,1,yes,yes,no,54 alternates,77,index
https://www.glpzy.app/zh-hant/,zh-hant/index.html,zh-hant,home,200,https://www.glpzy.app/zh-hant/,index,yes,你的 GLP-1 記錄流程，清楚整理不雜亂。 | OneGLP,在一個私密 App 中記錄劑量、體重、症狀、食慾、照片、提醒和 Apple Health 背景資訊，用於個人回顧。,你的 GLP-1 記錄流程，清楚整理不雜亂。,425,no,no,no,yes,1,yes,no,no,54 alternates,135,index
https://www.glpzy.app/zh-hant/local-first-private-glp-tracker.html,zh-hant/local-first-private-glp-tracker.html,zh-hant,privacy,200,https://www.glpzy.app/zh-hant/local-first-private-glp-tracker.html,index,yes,預設私密。由你選擇何時匯出。 | OneGLP,無需帳戶即可追蹤劑量、體重、症狀、提醒或提醒。,預設私密。由你選擇何時匯出。,292,no,no,no,yes,1,no,no,no,54 alternates,54,index
https://www.glpzy.app/zh-hant/medical-safety.html,zh-hant/medical-safety.html,zh-hant,trust,200,https://www.glpzy.app/zh-hant/medical-safety.html,index,yes,醫療安全 | OneGLP,OneGLP 幫助您更清晰地記錄所發生的事情。它不會診斷、開處方或選擇您的劑量。,醫療安全,373,no,no,no,yes,1,no,no,no,54 alternates,78,index
https://www.glpzy.app/zh-hant/methodology.html,zh-hant/methodology.html,zh-hant,trust,200,https://www.glpzy.app/zh-hant/methodology.html,index,yes,方法論 | OneGLP,估計暴露趨勢使用記錄的劑量時間加上簡化的吸收和消除模型，僅用於個人追蹤。,方法論,374,no,no,no,yes,1,no,no,no,54 alternates,77,index
https://www.glpzy.app/zh-hant/mounjaro-tracker-iphone.html,zh-hant/mounjaro-tracker-iphone.html,zh-hant,medicine,200,https://www.glpzy.app/zh-hant/mounjaro-tracker-iphone.html,index,yes,Mounjaro — 快速記錄，不混亂。 | OneGLP,Mounjaro: 在一個私密 App 中，用劑量歷史、體重、症狀、食慾、照片、提醒和匯出功能追蹤這個流程。,Mounjaro,308,no,no,no,yes,1,no,no,no,54 alternates,57,improve-copy-keep-indexable
https://www.glpzy.app/zh-hant/overview.html,zh-hant/overview.html,zh-hant,other,200,https://www.glpzy.app/zh-hant/overview.html,index,yes,OneGLP — 隱私權政策 · 醫療安全 · 支援,查看支援範圍、隱私聯絡人和非緊急指導。,OneGLP,273,no,no,no,yes,1,no,no,no,54 alternates,54,index
https://www.glpzy.app/zh-hant/ozempic-tracker-iphone.html,zh-hant/ozempic-tracker-iphone.html,zh-hant,commercial,200,https://www.glpzy.app/zh-hant/ozempic-tracker-iphone.html,index,yes,Ozempic — 快速記錄，不混亂。 | OneGLP,Ozempic: 在一個私密 App 中，用劑量歷史、體重、症狀、食慾、照片、提醒和匯出功能追蹤這個流程。,Ozempic,306,no,no,no,yes,1,no,no,no,54 alternates,58,index
https://www.glpzy.app/zh-hant/privacy.html,zh-hant/privacy.html,zh-hant,privacy,200,https://www.glpzy.app/zh-hant/privacy.html,index,yes,預設私密。由你選擇何時匯出。 | OneGLP,無需帳戶即可追蹤劑量、體重、症狀、提醒或提醒。,預設私密。由你選擇何時匯出。,292,no,no,no,yes,1,no,no,no,54 alternates,116,index
https://www.glpzy.app/zh-hant/rybelsus-tracker-iphone.html,zh-hant/rybelsus-tracker-iphone.html,zh-hant,commercial,200,https://www.glpzy.app/zh-hant/rybelsus-tracker-iphone.html,index,yes,Rybelsus — 快速記錄，不混亂。 | OneGLP,Rybelsus: 在一個私密 App 中，用劑量歷史、體重、症狀、食慾、照片、提醒和匯出功能追蹤這個流程。,Rybelsus,303,no,no,no,yes,1,no,no,no,54 alternates,58,index
https://www.glpzy.app/zh-hant/saxenda-tracker-iphone.html,zh-hant/saxenda-tracker-iphone.html,zh-hant,commercial,200,https://www.glpzy.app/zh-hant/saxenda-tracker-iphone.html,index,yes,Saxenda — 快速記錄，不混亂。 | OneGLP,Saxenda: 在一個私密 App 中，用劑量歷史、體重、症狀、食慾、照片、提醒和匯出功能追蹤這個流程。,Saxenda,301,no,no,no,yes,1,no,no,no,54 alternates,56,index
https://www.glpzy.app/zh-hant/semaglutide-tracker-iphone.html,zh-hant/semaglutide-tracker-iphone.html,zh-hant,ingredient,200,https://www.glpzy.app/zh-hant/semaglutide-tracker-iphone.html,index,yes,Semaglutide — 快速記錄，不混亂。 | OneGLP,Semaglutide: 在一個私密 App 中，用劑量歷史、體重、症狀、食慾、照片、提醒和匯出功能追蹤這個流程。,Semaglutide,309,no,no,no,yes,1,no,no,no,54 alternates,60,improve-copy-keep-indexable
https://www.glpzy.app/zh-hant/support.html,zh-hant/support.html,zh-hant,trust,200,https://www.glpzy.app/zh-hant/support.html,index,yes,支援 | OneGLP,查看支援範圍、隱私聯絡人和非緊急指導。,支援,284,no,no,no,yes,1,no,no,no,54 alternates,103,index
https://www.glpzy.app/zh-hant/terms.html,zh-hant/terms.html,zh-hant,trust,200,https://www.glpzy.app/zh-hant/terms.html,index,yes,使用條款 | OneGLP,購買前，定價、計費週期和任何介紹性優惠詳細資訊都會顯示在您的 App Store 帳戶中。在 App Store 設定中管理或取消。,使用條款,302,no,no,no,yes,1,no,no,no,54 alternates,77,index
https://www.glpzy.app/zh-hant/tirzepatide-tracker-iphone.html,zh-hant/tirzepatide-tracker-iphone.html,zh-hant,ingredient,200,https://www.glpzy.app/zh-hant/tirzepatide-tracker-iphone.html,index,yes,Tirzepatide — 快速記錄，不混亂。 | OneGLP,Tirzepatide: 在一個私密 App 中，用劑量歷史、體重、症狀、食慾、照片、提醒和匯出功能追蹤這個流程。,Tirzepatide,311,no,no,no,yes,1,no,no,no,54 alternates,59,improve-copy-keep-indexable
https://www.glpzy.app/zh-hant/trulicity-tracker-iphone.html,zh-hant/trulicity-tracker-iphone.html,zh-hant,commercial,200,https://www.glpzy.app/zh-hant/trulicity-tracker-iphone.html,index,yes,Trulicity — 快速記錄，不混亂。 | OneGLP,Trulicity: 在一個私密 App 中，用劑量歷史、體重、症狀、食慾、照片、提醒和匯出功能追蹤這個流程。,Trulicity,301,no,no,no,yes,1,no,no,no,54 alternates,55,index
https://www.glpzy.app/zh-hant/victoza-tracker-iphone.html,zh-hant/victoza-tracker-iphone.html,zh-hant,commercial,200,https://www.glpzy.app/zh-hant/victoza-tracker-iphone.html,index,yes,Victoza — 快速記錄，不混亂。 | OneGLP,Victoza: 在一個私密 App 中，用劑量歷史、體重、症狀、食慾、照片、提醒和匯出功能追蹤這個流程。,Victoza,301,no,no,no,yes,1,no,no,no,54 alternates,56,index
https://www.glpzy.app/zh-hant/wegovy-tracker-iphone.html,zh-hant/wegovy-tracker-iphone.html,zh-hant,medicine,200,https://www.glpzy.app/zh-hant/wegovy-tracker-iphone.html,index,yes,Wegovy — 快速記錄，不混亂。 | OneGLP,Wegovy: 在一個私密 App 中，用劑量歷史、體重、症狀、食慾、照片、提醒和匯出功能追蹤這個流程。,Wegovy,309,no,no,no,yes,1,no,no,no,54 alternates,58,improve-copy-keep-indexable
https://www.glpzy.app/zh-hant/zepbound-tracker-iphone.html,zh-hant/zepbound-tracker-iphone.html,zh-hant,medicine,200,https://www.glpzy.app/zh-hant/zepbound-tracker-iphone.html,index,yes,Zepbound — 快速記錄，不混亂。 | OneGLP,Zepbound: 在一個私密 App 中，用劑量歷史、體重、症狀、食慾、照片、提醒和匯出功能追蹤這個流程。,Zepbound,314,no,no,no,yes,1,no,no,no,54 alternates,57,improve-copy-keep-indexable
